# Exported from Blender by blender_stonefish_plugin
# Vertices: 2632, Faces: 2625

v -1.436675 0.015319 -1.538734
v -1.432092 0.039161 -1.359455
v 1.425218 0.034325 -1.528744
v -1.428272 0.038785 -1.359455
v -1.510119 0.034325 -1.528744
v -1.435912 0.038785 -1.359455
v -1.439664 0.015025 -1.538734
v -1.432092 0.039161 -0.747172
v -1.432092 0.039161 -0.134890
v -1.510119 0.033666 -1.522047
v -1.436675 0.015319 0.003134
v -1.428272 0.038785 -0.747172
v -1.433687 0.015025 -1.538734
v -1.435912 0.038785 -0.747172
v -1.435912 0.038785 -0.134890
v 0.002701 0.034325 -1.542759
v -1.439732 0.038409 -0.747172
v -1.430813 0.014153 -1.538734
v -1.439732 0.038409 -1.359455
v 1.425218 0.033666 -1.522047
v -1.468665 0.034325 -1.528744
v -1.439732 0.038409 -0.134890
v -1.433686 0.015025 0.003134
v -1.443405 0.037295 -0.747172
v 1.602616 0.034325 -1.528744
v -1.443405 0.037295 -0.134890
v -1.443405 0.037295 -1.359455
v -1.430812 0.014153 0.003134
v -1.447079 0.036180 -0.747172
v -1.510119 0.033666 -1.535441
v -1.428164 0.012737 0.003134
v -1.447079 0.036180 -1.359455
v -1.447079 0.036180 -0.134890
v -1.425843 0.010832 0.003134
v -1.450464 0.034371 -0.747172
v -1.510119 0.031712 -1.541880
v -1.450464 0.034371 -0.134890
v -1.428164 0.012737 -1.538734
v 0.009397 0.033666 -1.542759
v -1.450464 0.034371 -1.359455
v -1.332720 0.034325 -1.528744
v -1.453849 0.032562 -0.747172
v -1.453849 0.032562 -1.359455
v -1.468665 0.033666 -1.535441
v 1.425218 0.033666 -1.535440
v -1.453849 0.032562 -0.134890
v -1.456816 0.030126 -0.747172
v -1.468665 0.031712 -1.541880
v -1.456816 0.030126 -0.134890
v -1.423938 0.008511 0.003134
v -1.456816 0.030126 -1.359455
v 1.607952 0.015319 -1.528744
v -1.422522 0.005862 0.003134
v -1.459783 0.027691 -0.747172
v -1.459783 0.027691 -1.359455
v -1.421650 0.002989 0.003134
v -1.468665 0.028540 -1.547814
v -1.459783 0.027691 -0.134890
v -1.421356 0.000000 0.003134
v -1.462219 0.024724 -0.747172
v 1.425218 0.031712 -1.541879
v -1.462218 0.024724 -0.134890
v -1.462219 0.024724 -1.359455
v -1.468665 0.024271 -1.553016
v -1.464654 0.021757 -0.747172
v 0.002701 0.034325 -0.900473
v -1.464654 0.021757 -1.359455
v -1.510119 0.028540 -1.547814
v -1.464654 0.021757 -0.134890
v -1.510119 0.024271 -1.553016
v 1.524589 0.039161 -1.359454
v -1.466463 0.018372 -0.747172
v -1.466463 0.018372 -0.134890
v -1.421650 -0.002989 0.003134
v -1.466463 0.018372 -1.359455
v -1.510119 0.019070 -1.557284
v -1.468273 0.014986 -0.747172
v -1.422522 -0.005862 0.003134
v -1.468273 0.014986 -1.359455
v -1.423938 -0.008511 0.003134
v -1.468273 0.014986 -0.134890
v -1.332720 0.033666 -1.535441
v -1.469387 0.011313 -0.747172
v -1.510119 0.013136 -1.560457
v -1.425843 -0.010832 0.003134
v -1.469387 0.011313 -0.134890
v -1.469387 0.011313 -1.359455
v -0.003996 0.033666 -1.542759
v -1.332720 0.031712 -1.541880
v -1.470501 0.007640 -0.747172
v -1.470501 0.007640 -1.359455
v -1.468665 0.019070 -1.557284
v -1.428164 -0.012738 -1.538734
v -1.470501 0.007640 -0.134890
v -1.470877 0.003820 -0.747172
v -1.430813 -0.014153 -1.538734
v -1.470877 0.003820 -0.134890
v -1.468665 0.013136 -1.560457
v -1.332720 0.028540 -1.547814
v -1.470877 0.003820 -1.359455
v -1.471254 0.000000 -0.747172
v -1.428164 -0.012738 0.003134
v -1.468665 0.006696 -1.562410
v -1.471254 0.000000 -1.359455
v -1.430812 -0.014153 0.003134
v -1.471254 0.000000 -0.134890
v 1.602616 0.033666 -1.522047
v -1.470877 -0.003820 -0.747172
v -1.470877 -0.003820 -0.134890
v -1.433686 -0.015025 0.003134
v -1.470877 -0.003820 -1.359455
v -1.332720 0.024271 -1.553016
v -1.436675 -0.015319 0.003134
v -1.470501 -0.007640 -0.747172
v -1.468665 0.000000 -1.563069
v -1.470501 -0.007640 -1.359455
v -1.470501 -0.007640 -0.134890
v -1.433687 -0.015025 -1.538734
v -1.469387 -0.011313 -0.747172
v -1.436675 -0.015319 -1.538734
v -1.469387 -0.011313 -0.134890
v -0.010435 0.031712 -1.542759
v -1.469387 -0.011313 -1.359455
v -1.439664 -0.015025 -1.538734
v -1.468273 -0.014987 -0.747172
v -1.510119 0.006696 -1.562410
v -1.468273 -0.014987 -1.359455
v 1.607952 0.015025 -1.525755
v -1.442538 -0.014153 -1.538734
v -1.468273 -0.014987 -0.134890
v -1.466463 -0.018372 -0.747172
v -1.439664 -0.015025 0.003134
v -1.510119 0.000000 -1.563069
v -1.466463 -0.018372 -0.134890
v -1.510119 -0.006697 -1.562410
v -1.466463 -0.018372 -1.359455
v -1.464654 -0.021757 -0.747172
v -1.442537 -0.014153 0.003134
v -1.464654 -0.021757 -1.359455
v 1.425218 0.028540 -1.547814
v -1.464654 -0.021757 -0.134890
v -1.445186 -0.012738 0.003134
v -1.510119 -0.013136 -1.560457
v -1.462219 -0.024724 -0.747172
v -1.447507 -0.010832 0.003134
v -1.462218 -0.024724 -0.134890
v -1.462219 -0.024724 -1.359455
v 1.425218 0.024271 -1.553015
v -1.459783 -0.027692 -0.747172
v -1.445186 -0.012738 -1.538734
v -1.459783 -0.027692 -1.359455
v -0.003996 0.033666 -0.900473
v -1.468665 -0.006697 -1.562410
v -1.459783 -0.027692 -0.134890
v -1.468665 -0.013136 -1.560457
v -1.456816 -0.030127 -0.747172
v -1.449413 -0.008511 0.003134
v -1.456816 -0.030127 -0.134890
v -1.456816 -0.030127 -1.359455
v 1.561162 0.034325 -1.528744
v -1.453849 -0.032562 -0.747172
v 1.425218 0.019070 -1.557284
v -1.453849 -0.032562 -1.359455
v -1.450828 -0.005862 0.003134
v -1.451700 -0.002989 0.003134
v -1.453849 -0.032562 -0.134890
v -1.468665 -0.019070 -1.557284
v -1.450464 -0.034371 -0.747172
v -1.450464 -0.034371 -0.134890
v -1.451994 0.000000 0.003134
v 1.602616 0.033666 -1.535440
v -1.450464 -0.034371 -1.359455
v -1.468665 -0.024272 -1.553016
v -1.447079 -0.036181 -0.747172
v -1.510119 -0.019070 -1.557284
v -1.447079 -0.036181 -1.359455
v 1.425218 0.013136 -1.560456
v -1.447079 -0.036181 -0.134890
v -1.510119 -0.024272 -1.553016
v -1.443405 -0.037295 -0.747172
v -1.443405 -0.037295 -0.134890
v -0.010435 0.031712 -0.900473
v -1.443405 -0.037295 -1.359455
v -1.451700 0.002989 0.003134
v -1.439732 -0.038409 -0.747172
v -1.510119 -0.028541 -1.547814
v -1.450828 0.005862 0.003134
v -1.439732 -0.038409 -1.359455
v -1.449413 0.008511 0.003134
v -1.439732 -0.038409 -0.134890
v -1.332720 0.019070 -1.557284
v -1.435912 -0.038785 -0.747172
v -1.510119 -0.031713 -1.541880
v -1.435912 -0.038785 -0.134890
v -1.435912 -0.038785 -1.359455
v -1.447507 0.010832 0.003134
v -1.432092 -0.039162 -0.747172
v 1.529173 0.015319 -1.538734
v -1.332720 0.013136 -1.560456
v -1.432092 -0.039162 -1.359455
v -1.445186 0.012737 -1.538734
v -1.432092 -0.039162 -0.134890
v -1.468665 -0.028541 -1.547814
v -1.428272 -0.038785 -0.747172
v -0.016369 0.028540 -0.900473
v -1.428272 -0.038785 -0.134890
v -1.442538 0.014153 -1.538734
v -1.428272 -0.038785 -1.359455
v -1.468665 -0.031713 -1.541880
v -1.424452 -0.038409 -0.747172
v -1.445186 0.012737 0.003134
v -1.424452 -0.038409 -1.359455
v -1.442537 0.014153 0.003134
v -1.424452 -0.038409 -0.134890
v -1.468665 -0.033666 -1.535441
v -1.420779 -0.037295 -0.747172
v -1.420779 -0.037295 -0.134890
v -1.439664 0.015025 0.003134
v -1.332720 0.006696 -1.562410
v -1.420779 -0.037295 -1.359455
v -1.417105 -0.036181 -0.747172
v -1.468665 -0.034325 -1.528744
v -0.021571 0.024271 -0.900473
v -1.417105 -0.036181 -1.359455
v -1.417105 -0.036181 -0.134890
v -1.332720 0.000000 -1.563069
v -1.413720 -0.034371 -0.747172
v -1.510119 -0.033666 -1.535441
v -1.413720 -0.034371 -0.134890
v -1.510119 -0.034325 -1.528744
v -1.413720 -0.034371 -1.359455
v 1.602616 0.031712 -1.541880
v -1.410335 -0.032562 -0.747172
v 1.425218 0.006696 -1.562410
v -1.410335 -0.032562 -1.359455
v -1.510119 -0.033666 -1.522047
v -1.410335 -0.032562 -0.134890
v -1.510119 -0.031713 -1.515608
v -1.407368 -0.030127 -0.747172
v -1.515455 0.015319 -1.528744
v -1.407368 -0.030127 -0.134890
v 1.425218 0.000000 -1.563069
v -1.468665 -0.033666 -1.522047
v -1.407368 -0.030127 -1.359455
v 1.425218 -0.006697 -1.562410
v -1.404401 -0.027692 -0.747172
v -1.404401 -0.027692 -1.359455
v -1.468665 -0.031713 -1.515608
v -1.404401 -0.027692 -0.134890
v -1.468665 -0.028541 -1.509674
v -1.401965 -0.024724 -0.747172
v 1.561162 0.033666 -1.535440
v -1.401965 -0.024724 -0.134890
v -1.468665 -0.024272 -1.504472
v 1.425218 -0.013136 -1.560456
v -1.401965 -0.024724 -1.359455
v -1.332720 -0.006697 -1.562410
v -1.399530 -0.021757 -0.747172
v -1.399530 -0.021757 -1.359455
v -1.510119 -0.028541 -1.509674
v -1.510119 -0.024272 -1.504472
v -1.399530 -0.021757 -0.134890
v -1.332720 -0.013136 -1.560456
v -1.397721 -0.018372 -0.747172
v -1.510119 -0.019070 -1.500204
v -1.397721 -0.018372 -0.134890
v -1.397721 -0.018372 -1.359455
v 1.524589 0.039161 -0.134889
v -1.332720 -0.019070 -1.557284
v -1.395912 -0.014987 -0.747172
v -1.395912 -0.014987 -1.359455
v -1.510119 -0.013136 -1.497032
v -1.332720 -0.024272 -1.553016
v -1.395911 -0.014987 -0.134890
v -1.468665 -0.019070 -1.500204
v -1.394797 -0.011313 -0.747172
v -1.394797 -0.011313 -0.134890
v 1.561162 0.031712 -1.541880
v -1.394797 -0.011313 -1.359455
v -1.468665 -0.013136 -1.497032
v -1.393683 -0.007640 -0.747172
v -1.468665 -0.006697 -1.495078
v 1.425218 -0.019070 -1.557284
v -1.393683 -0.007640 -1.359455
v -1.468665 0.000000 -1.494419
v -1.393683 -0.007640 -0.134890
v 1.425218 -0.024272 -1.553015
v -1.393307 -0.003820 -0.747172
v -0.025840 0.019070 -0.900473
v -1.393307 -0.003820 -0.134890
v -1.510119 -0.006697 -1.495078
v -1.393307 -0.003820 -1.359455
v -1.392930 0.000000 -0.747172
v -1.510119 0.000000 -1.494419
v -1.392930 0.000000 -1.359455
v 1.425218 -0.028541 -1.547814
v -1.510119 0.006696 -1.495078
v -1.392930 0.000000 -0.134890
v -1.393307 0.003820 -0.747172
v 1.607952 0.015025 -1.531732
v -1.393307 0.003820 -0.134890
v 1.425218 -0.031713 -1.541879
v -1.393307 0.003820 -1.359455
v -1.510119 0.013136 -1.497032
v -1.393683 0.007640 -0.747172
v -1.468665 0.006696 -1.495078
v -0.029012 0.013136 -0.900473
v -1.393683 0.007640 -1.359455
v 1.532162 0.015025 -1.538734
v -1.393683 0.007640 -0.134890
v -1.468665 0.013136 -1.497032
v -1.394797 0.011313 -0.747172
v -1.394797 0.011313 -0.134890
v -1.332720 -0.028541 -1.547814
v -1.468665 0.019070 -1.500204
v -1.394797 0.011313 -1.359455
v -1.395912 0.014986 -0.747172
v -0.030965 0.006696 -0.900473
v -1.468665 0.024271 -1.504472
v -1.395912 0.014986 -1.359455
v -1.332720 -0.031713 -1.541880
v -1.395911 0.014986 -0.134890
v -1.510119 0.019070 -1.500204
v -1.397721 0.018372 -0.747172
v -1.397721 0.018372 -0.134890
v 1.561162 0.028540 -1.547814
v -1.397721 0.018372 -1.359455
v -1.510119 0.024271 -1.504472
v -1.399530 0.021757 -0.747172
v -1.510119 0.028540 -1.509674
v -1.399530 0.021757 -1.359455
v -1.332720 -0.033666 -1.535441
v -1.399530 0.021757 -0.134890
v -1.510119 0.031712 -1.515608
v -0.031625 0.000000 -0.900473
v -1.401965 0.024724 -0.747172
v -1.468665 0.028540 -1.509674
v -1.401965 0.024724 -0.134890
v -1.401965 0.024724 -1.359455
v -1.332720 -0.034325 -1.528744
v -1.468665 0.031712 -1.515608
v -1.404401 0.027691 -0.747172
v 1.425218 -0.033666 -1.535440
v -1.404401 0.027691 -1.359455
v -1.404401 0.027691 -0.134890
v 1.561162 0.024271 -1.553015
v -1.468665 0.033666 -1.522047
v -1.407368 0.030126 -0.747172
v -1.407368 0.030126 -0.134890
v 1.529173 0.015319 0.003134
v -1.407368 0.030126 -1.359455
v 1.425218 -0.034325 -1.528744
v -1.410335 0.032562 -0.747172
v 1.425218 -0.033666 -1.522047
v -1.410335 0.032562 -1.359455
v 1.607952 0.014153 -1.534606
v -1.410335 0.032562 -0.134890
v 1.425218 -0.031713 -1.515608
v -1.413720 0.034371 -0.747172
v -1.332720 -0.033666 -1.522047
v -1.332720 -0.031713 -1.515608
v -1.413720 0.034371 -0.134890
v 1.602616 0.028540 -1.547814
v -1.413720 0.034371 -1.359455
v -1.417105 0.036180 -0.747172
v 1.532229 0.038409 -1.359454
v -1.332720 -0.028541 -1.509674
v -1.417105 0.036180 -1.359455
v -1.417105 0.036180 -0.134890
v -1.332720 -0.024272 -1.504472
v 1.425218 -0.028541 -1.509674
v -1.420779 0.037295 -0.747172
v -0.030965 -0.006697 -0.900473
v -1.420779 0.037295 -0.134890
v 1.602616 0.024271 -1.553015
v -1.420779 0.037295 -1.359455
v 1.425218 -0.024272 -1.504472
v -1.424452 0.038409 -0.747172
v 1.425218 -0.019070 -1.500203
v -1.424452 0.038409 -1.359455
v -0.029012 -0.013136 -0.900473
v -1.424452 0.038409 -0.134890
v 1.425218 -0.013136 -1.497031
v -1.428272 0.038785 -0.134890
v 1.602616 0.019070 -1.557284
v -1.332720 -0.019070 -1.500203
v -1.515455 0.015025 -1.531733
v -1.332720 -0.013136 -1.497031
v -0.025840 -0.019070 -0.900473
v -0.021571 -0.024272 -0.900473
v -1.332720 -0.006697 -1.495078
v 1.532229 0.038409 -0.134889
v -1.332720 0.000000 -1.494419
v 1.425218 -0.006697 -1.495078
v 1.602616 0.013136 -1.560456
v 1.425218 0.000000 -1.494419
v -1.515455 0.014153 -1.534606
v 1.425218 0.006696 -1.495078
v 1.425218 0.013136 -1.497031
v -1.332720 0.006696 -1.495078
v -1.332720 0.013136 -1.497031
v 1.561162 0.019070 -1.557284
v -1.332720 0.019070 -1.500203
v 1.526184 0.015025 -1.538734
v -1.332720 0.024271 -1.504472
v -0.010435 -0.031713 -1.542759
v 1.425218 0.019070 -1.500203
v 1.561162 0.013136 -1.560456
v 1.425218 0.024271 -1.504472
v -0.016369 -0.028541 -0.900473
v -1.515455 0.012737 -1.537255
v 1.425218 0.028540 -1.509674
v 1.425218 0.031712 -1.515608
v -0.010435 -0.031713 -0.900473
v 1.561162 0.006696 -1.562410
v -1.332720 0.028540 -1.509674
v -1.332720 0.031712 -1.515608
v -0.003996 -0.033666 -0.900473
v 1.523311 0.014153 -1.538734
v -1.332720 0.033666 -1.522047
v 0.002701 -0.034325 -0.900473
v -0.003996 -0.033666 -1.542759
v 1.561162 0.000000 -1.563069
v 0.002701 -0.034325 -1.542759
v 1.602616 0.006696 -1.562410
v 0.009397 -0.033666 -1.542759
v -1.515455 0.010832 -1.539576
v 0.015836 -0.031713 -1.542759
v 1.539576 0.036180 -1.359454
v 0.009397 -0.033666 -0.900473
v 1.602616 0.000000 -1.563069
v 1.602616 -0.006697 -1.562410
v 0.015836 -0.031713 -0.900473
v 0.021771 -0.028541 -0.900473
v 1.607952 0.012737 -1.537255
v 1.602616 -0.013136 -1.560456
v 0.026972 -0.024272 -0.900473
v 1.607952 0.010832 -1.539576
v 1.539575 0.036180 -0.134889
v 1.561162 -0.006697 -1.562410
v 1.561162 -0.013136 -1.560456
v 0.031241 -0.019070 -0.900473
v 1.607952 0.008511 -1.541481
v 0.034413 -0.013136 -0.900473
v 1.561162 -0.019070 -1.557284
v 1.526184 0.015025 0.003134
v 0.036366 -0.006697 -0.900473
v 0.037026 0.000000 -0.900473
v 1.561162 -0.024272 -1.553015
v 1.523310 0.014153 0.003134
v 1.607952 0.005862 -1.542897
v 1.602616 -0.019070 -1.557284
v 1.602616 -0.024272 -1.553015
v -1.515455 0.008511 -1.541481
v 0.036366 0.006696 -0.900473
v 1.546346 0.032562 -1.359454
v 0.034413 0.013136 -0.900473
v 0.031241 0.019070 -0.900473
v 1.602616 -0.028541 -1.547814
v 1.602616 -0.031713 -1.541880
v 0.026972 0.024271 -0.900473
v -1.515455 0.005862 -1.542897
v 1.546346 0.032562 -0.134889
v 1.561162 -0.028541 -1.547814
v 0.015836 0.031712 -1.542759
v 1.561162 -0.031713 -1.541880
v 0.021771 0.028540 -0.900473
v 1.520662 0.012737 0.003134
v -1.515455 0.002988 -1.543769
v 0.015836 0.031712 -0.900473
v 1.561162 -0.033666 -1.535440
v 0.009397 0.033666 -0.900473
v 1.561162 -0.034325 -1.528744
v 1.518340 0.010832 0.003134
v 1.602616 -0.033666 -1.535440
v -1.515455 0.000000 -1.544063
v 1.552280 0.027691 -1.359454
v 1.602616 -0.034325 -1.528744
v 1.607952 0.002988 -1.543769
v 1.602616 -0.033666 -1.522047
v 1.520662 0.012737 -1.538734
v 1.602616 -0.031713 -1.515608
v 1.607952 0.000000 -1.544063
v 1.561162 -0.033666 -1.522047
v 1.552280 0.027691 -0.134889
v 1.561162 -0.031713 -1.515608
v 1.607952 -0.002989 -1.543769
v 1.561162 -0.028541 -1.509674
v 1.561162 -0.024272 -1.504472
v 1.607952 -0.005863 -1.542897
v 1.557151 0.021757 -1.359454
v 1.602616 -0.028541 -1.509674
v 1.602616 -0.024272 -1.504472
v -1.515455 -0.002989 -1.543769
v 1.557151 0.021757 -0.134889
v 1.602616 -0.019070 -1.500203
v 1.602616 -0.013136 -1.497031
v -1.515455 -0.005863 -1.542897
v -1.515455 -0.008511 -1.541481
v 1.561162 -0.019070 -1.500203
v 1.561162 -0.013136 -1.497031
v -1.515455 -0.010833 -1.539576
v 1.561162 -0.006697 -1.495078
v 1.560770 0.014986 -1.359454
v 1.607952 -0.008511 -1.541481
v 1.561162 0.000000 -1.494419
v 1.607952 -0.010833 -1.539576
v 1.602616 -0.006697 -1.495078
v 1.602616 0.000000 -1.494419
v 1.560770 0.014986 -0.134889
v 1.602616 0.006696 -1.495078
v 1.607952 -0.012738 -1.537255
v 1.516435 0.008511 0.003134
v 1.602616 0.013136 -1.497031
v 1.562998 0.007640 -1.359454
v 1.561162 0.006696 -1.495078
v 1.607952 -0.014153 -1.534606
v 1.561162 0.013136 -1.497031
v -1.515455 -0.012738 -1.537255
v 1.561162 0.019070 -1.500203
v 1.561162 0.024271 -1.504472
v 1.515020 0.005862 0.003134
v 1.602616 0.019070 -1.500203
v 1.514148 0.002989 0.003134
v -1.515455 -0.014153 -1.534606
v 1.602616 0.024271 -1.504472
v -1.515455 -0.015025 -1.531733
v 1.602616 0.028540 -1.509674
v 1.602616 0.031712 -1.515608
v 1.562998 0.007640 -0.134889
v -1.515455 -0.015319 -1.528744
v 1.561162 0.028540 -1.509674
v 1.513854 0.000000 0.003134
v 1.561162 0.031712 -1.515608
v 1.563751 0.000000 -1.359454
v 1.561162 0.033666 -1.522047
v 1.607952 -0.015025 -1.531732
v 1.607952 -0.015319 -1.528744
v 1.563751 0.000000 -0.134889
v 1.607952 -0.015025 -1.525755
v 1.607952 -0.014153 -1.522881
v 1.562998 -0.007640 -1.359454
v -1.515455 -0.015025 -1.525755
v -1.515455 -0.014153 -1.522882
v 1.562998 -0.007640 -0.134889
v -1.515455 -0.012738 -1.520233
v -1.515455 -0.010833 -1.517912
v 1.560770 -0.014987 -1.359454
v 1.607952 -0.012738 -1.520233
v 1.607952 -0.010833 -1.517911
v 1.560770 -0.014987 -0.134889
v 1.514148 -0.002989 0.003134
v 1.607952 -0.008511 -1.516006
v 1.557151 -0.021757 -1.359454
v 1.607952 -0.005863 -1.514591
v 1.515020 -0.005862 0.003134
v -1.515455 -0.008511 -1.516007
v 1.557151 -0.021757 -0.134889
v -1.515455 -0.005863 -1.514591
v -1.515455 -0.002989 -1.513719
v 1.516435 -0.008511 0.003134
v 1.552280 -0.027692 -1.359454
v -1.515455 0.000000 -1.513425
v 1.518340 -0.010832 0.003134
v 1.607952 -0.002989 -1.513719
v 1.607952 0.000000 -1.513424
v 1.552280 -0.027692 -0.134889
v 1.607952 0.002988 -1.513719
v 1.607952 0.005862 -1.514591
v 1.546346 -0.032562 -1.359454
v -1.515455 0.002988 -1.513719
v 1.520662 -0.012738 -1.538734
v -1.515455 0.005862 -1.514591
v 1.546346 -0.032562 -0.134889
v -1.515455 0.008511 -1.516007
v -1.515455 0.010832 -1.517912
v 1.523311 -0.014153 -1.538734
v 1.539576 -0.036181 -1.359454
v 1.607952 0.008511 -1.516006
v 1.607952 0.010832 -1.517911
v 1.539575 -0.036181 -0.134889
v 1.520662 -0.012738 0.003134
v 1.607952 0.012737 -1.520233
v 1.532229 -0.038409 -1.359454
v 1.607952 0.014153 -1.522881
v -1.515455 0.012737 -1.520233
v 1.523310 -0.014153 0.003134
v 1.526184 -0.015025 0.003134
v -1.515455 0.014153 -1.522882
v 1.532229 -0.038409 -0.134889
v -1.515455 0.015025 -1.525755
v 1.529173 -0.015319 0.003134
v 1.524589 -0.039162 -1.359454
v 1.524589 -0.039162 -0.134889
v 1.526184 -0.015025 -1.538734
v 1.516949 -0.038409 -1.359454
v 1.529173 -0.015319 -1.538734
v 1.516949 -0.038409 -0.134889
v 1.532162 -0.015025 -1.538734
v 1.509603 -0.036181 -1.359454
v 1.535035 -0.014153 -1.538734
v 1.532161 -0.015025 0.003134
v 1.509602 -0.036181 -0.134889
v 1.535035 -0.014153 0.003134
v 1.502832 -0.032562 -1.359454
v 1.537684 -0.012738 0.003134
v 1.502832 -0.032562 -0.134889
v 1.496898 -0.027692 -1.359454
v 1.540005 -0.010832 0.003134
v 1.496898 -0.027692 -0.134889
v 1.537684 -0.012738 -1.538734
v 1.492028 -0.021757 -1.359454
v 1.492027 -0.021757 -0.134889
v 1.488409 -0.014987 -1.359454
v 1.541910 -0.008511 0.003134
v 1.488408 -0.014987 -0.134889
v 1.486180 -0.007640 -1.359454
v 1.543326 -0.005862 0.003134
v 1.486180 -0.007640 -0.134889
v 1.544198 -0.002989 0.003134
v 1.485428 0.000000 -1.359454
v 1.544492 0.000000 0.003134
v 1.485427 0.000000 -0.134889
v 1.486180 0.007640 -1.359454
v 1.486180 0.007640 -0.134889
v 1.488409 0.014986 -1.359454
v 1.488408 0.014986 -0.134889
v 1.544198 0.002989 0.003134
v 1.492028 0.021757 -1.359454
v 1.543326 0.005862 0.003134
v 1.492027 0.021757 -0.134889
v 1.541910 0.008511 0.003134
v 1.540005 0.010832 0.003134
v 1.496898 0.027691 -1.359454
v 1.496898 0.027691 -0.134889
v 1.502832 0.032562 -1.359454
v 1.502832 0.032562 -0.134889
v 1.537684 0.012737 -1.538734
v 1.535035 0.014153 -1.538734
v 1.509603 0.036180 -1.359454
v 1.537684 0.012737 0.003134
v 1.509602 0.036180 -0.134889
v 1.535035 0.014153 0.003134
v 1.516949 0.038409 -1.359454
v 1.532161 0.015025 0.003134
v 1.516949 0.038409 -0.134889
v 1.528409 0.038785 -1.359454
v 1.528409 0.038785 -0.134889
v 1.524589 0.039161 -0.747172
v 1.532229 0.038409 -0.747172
v 1.535903 0.037295 -1.359454
v 1.535902 0.037295 -0.134889
v 1.539576 0.036180 -0.747172
v 1.542961 0.034371 -1.359454
v 1.542961 0.034371 -0.134889
v 1.546346 0.032562 -0.747172
v 1.549314 0.030126 -1.359454
v 1.549313 0.030126 -0.134889
v 1.552280 0.027691 -0.747172
v 1.554716 0.024724 -1.359454
v 1.554716 0.024724 -0.134889
v 1.557151 0.021757 -0.747172
v 1.558960 0.018372 -1.359454
v 1.558960 0.018372 -0.134889
v 1.560770 0.014986 -0.747172
v 1.561884 0.011313 -1.359454
v 1.561884 0.011313 -0.134889
v 1.562998 0.007640 -0.747172
v 1.563375 0.003820 -1.359454
v 1.563374 0.003820 -0.134889
v 1.563751 0.000000 -0.747172
v 1.563375 -0.003820 -1.359454
v 1.563374 -0.003820 -0.134889
v 1.562998 -0.007640 -0.747172
v 1.561884 -0.011313 -1.359454
v 1.561884 -0.011313 -0.134889
v 1.560770 -0.014987 -0.747172
v 1.558960 -0.018372 -1.359454
v 1.558960 -0.018372 -0.134889
v 1.557151 -0.021757 -0.747172
v 1.554716 -0.024724 -1.359454
v 1.554716 -0.024724 -0.134889
v 1.552280 -0.027692 -0.747172
v 1.549314 -0.030127 -1.359454
v 1.549313 -0.030127 -0.134889
v 1.546346 -0.032562 -0.747172
v 1.542961 -0.034371 -1.359454
v 1.542961 -0.034371 -0.134889
v 1.539576 -0.036181 -0.747172
v 1.535903 -0.037295 -1.359454
v 1.535902 -0.037295 -0.134889
v 1.532229 -0.038409 -0.747172
v 1.528409 -0.038785 -1.359454
v 1.528409 -0.038785 -0.134889
v 1.524589 -0.039162 -0.747172
v 1.520769 -0.038785 -1.359454
v 1.520769 -0.038785 -0.134889
v 1.516949 -0.038409 -0.747172
v 1.513276 -0.037295 -1.359454
v 1.513276 -0.037295 -0.134889
v 1.509603 -0.036181 -0.747172
v 1.506217 -0.034371 -1.359454
v 1.506217 -0.034371 -0.134889
v 1.502832 -0.032562 -0.747172
v 1.499865 -0.030127 -1.359454
v 1.499865 -0.030127 -0.134889
v 1.496898 -0.027692 -0.747172
v 1.494462 -0.024724 -1.359454
v 1.494462 -0.024724 -0.134889
v 1.492028 -0.021757 -0.747172
v 1.490218 -0.018372 -1.359454
v 1.490218 -0.018372 -0.134889
v 1.488409 -0.014987 -0.747172
v 1.487294 -0.011313 -1.359454
v 1.487294 -0.011313 -0.134889
v 1.486180 -0.007640 -0.747172
v 1.485804 -0.003820 -1.359454
v 1.485804 -0.003820 -0.134889
v 1.485427 0.000000 -0.747172
v 1.485804 0.003820 -1.359454
v 1.485804 0.003820 -0.134889
v 1.486180 0.007640 -0.747172
v 1.487294 0.011313 -1.359454
v 1.487294 0.011313 -0.134889
v 1.488409 0.014986 -0.747172
v 1.490218 0.018372 -1.359454
v 1.490218 0.018372 -0.134889
v 1.492028 0.021757 -0.747172
v 1.494462 0.024724 -1.359454
v 1.494462 0.024724 -0.134889
v 1.496898 0.027691 -0.747172
v 1.499865 0.030126 -1.359454
v 1.499865 0.030126 -0.134889
v 1.502832 0.032562 -0.747172
v 1.506217 0.034371 -1.359454
v 1.506217 0.034371 -0.134889
v 1.509603 0.036180 -0.747172
v 1.513276 0.037295 -1.359454
v 1.513276 0.037295 -0.134889
v 1.516949 0.038409 -0.747172
v 1.520769 0.038785 -1.359454
v 1.520769 0.038785 -0.134889
v 1.520769 0.038785 -0.747172
v 1.513276 0.037295 -0.747172
v 1.506217 0.034371 -0.747172
v 1.499865 0.030126 -0.747172
v 1.494462 0.024724 -0.747172
v 1.490218 0.018372 -0.747172
v 1.487294 0.011313 -0.747172
v 1.485804 0.003820 -0.747172
v 1.485804 -0.003820 -0.747172
v 1.487294 -0.011313 -0.747172
v 1.490218 -0.018372 -0.747172
v 1.494462 -0.024724 -0.747172
v 1.499865 -0.030127 -0.747172
v 1.506217 -0.034371 -0.747172
v 1.513276 -0.037295 -0.747172
v 1.520769 -0.038785 -0.747172
v 1.528409 -0.038785 -0.747172
v 1.535902 -0.037295 -0.747172
v 1.542961 -0.034371 -0.747172
v 1.549313 -0.030127 -0.747172
v 1.554716 -0.024724 -0.747172
v 1.558960 -0.018372 -0.747172
v 1.561884 -0.011313 -0.747172
v 1.563375 -0.003820 -0.747172
v 1.563375 0.003820 -0.747172
v 1.561884 0.011313 -0.747172
v 1.558960 0.018372 -0.747172
v 1.554716 0.024724 -0.747172
v 1.549313 0.030126 -0.747172
v 1.542961 0.034371 -0.747172
v 1.535902 0.037295 -0.747172
v 1.528409 0.038785 -0.747172
v 1.529173 0.015319 -0.134889
v 1.529173 0.015319 -1.359454
v 1.532161 0.015025 -0.134889
v 1.532162 0.015025 -1.359454
v 1.526184 0.015025 -0.134889
v 1.526184 0.015025 -1.359454
v 1.523310 0.014153 -0.134889
v 1.523311 0.014153 -1.359454
v 1.520662 0.012737 -0.134889
v 1.520662 0.012737 -1.359454
v 1.518340 0.010832 -0.134889
v 1.518341 0.010832 -1.359454
v 1.516435 0.008511 -0.134889
v 1.516436 0.008511 -1.359454
v 1.515020 0.005862 -0.134889
v 1.515020 0.005862 -1.359454
v 1.514148 0.002989 -0.134889
v 1.514148 0.002989 -1.359454
v 1.513854 0.000000 -0.134889
v 1.513854 0.000000 -1.359454
v 1.514148 -0.002989 -0.134889
v 1.514148 -0.002989 -1.359454
v 1.515020 -0.005862 -0.134889
v 1.515020 -0.005862 -1.359454
v 1.516435 -0.008511 -0.134889
v 1.516436 -0.008511 -1.359454
v 1.518340 -0.010832 -0.134889
v 1.518341 -0.010832 -1.359454
v 1.520662 -0.012738 -0.134889
v 1.520662 -0.012738 -1.359454
v 1.523310 -0.014153 -0.134889
v 1.523311 -0.014153 -1.359454
v 1.526184 -0.015025 -0.134889
v 1.526184 -0.015025 -1.359454
v 1.529173 -0.015319 -0.134889
v 1.529173 -0.015319 -1.359454
v 1.532161 -0.015025 -0.134889
v 1.532162 -0.015025 -1.359454
v 1.535035 -0.014153 -0.134889
v 1.535035 -0.014153 -1.359454
v 1.537684 -0.012738 -0.134889
v 1.537684 -0.012738 -1.359454
v 1.540005 -0.010832 -0.134889
v 1.540005 -0.010832 -1.359454
v 1.541910 -0.008511 -0.134889
v 1.541911 -0.008511 -1.359454
v 1.543326 -0.005862 -0.134889
v 1.543326 -0.005862 -1.359454
v 1.543404 -0.005605 -0.134889
v 1.544198 -0.002989 -0.134889
v 1.544198 -0.002989 -1.359454
v 1.544492 0.000000 -0.134889
v 1.544492 0.000000 -1.359454
v 1.544198 0.002989 -0.134889
v 1.544232 0.002641 -1.359454
v 1.544198 0.002989 -1.359454
v 1.543326 0.005862 -0.134889
v 1.543326 0.005862 -1.359454
v 1.541910 0.008511 -0.134889
v 1.541911 0.008511 -1.359454
v 1.540005 0.010832 -0.134889
v 1.540005 0.010832 -1.359454
v 1.537684 0.012737 -0.134889
v 1.537684 0.012737 -1.359454
v 1.535035 0.014153 -0.134889
v 1.535035 0.014153 -1.359454
v 1.519183 -0.011524 -1.538734
v 1.519183 0.011523 -1.538734
v 1.539163 0.011523 -1.538734
v 1.539163 -0.011524 -1.538734
v 1.529173 0.015319 -1.528744
v 1.526184 0.015025 -1.531732
v 1.523311 0.014153 -1.522882
v 1.526184 0.015025 -1.525756
v 1.523311 0.014153 -1.534606
v 1.518341 0.010832 -1.517911
v 1.520662 0.012737 -1.520233
v 1.520662 0.012737 -1.537255
v 1.516436 0.008511 -1.516006
v 1.515020 0.005862 -1.514591
v 1.514148 0.002988 -1.513719
v 1.513854 0.000000 -1.513424
v 1.514148 -0.002989 -1.513719
v 1.515020 -0.005863 -1.514591
v 1.516436 -0.008511 -1.516006
v 1.518341 -0.010832 -1.517911
v 1.520662 -0.012738 -1.520233
v 1.520662 -0.012738 -1.537255
v 1.523311 -0.014153 -1.534606
v 1.523311 -0.014153 -1.522881
v 1.526185 -0.015025 -1.525755
v 1.526185 -0.015025 -1.531733
v 1.529173 -0.015319 -1.528744
v 1.532161 -0.015025 -1.525755
v 1.532161 -0.015025 -1.531733
v 1.535035 -0.014153 -1.522881
v 1.535035 -0.014153 -1.534606
v 1.537684 -0.012738 -1.520233
v 1.537684 -0.012738 -1.537255
v 1.540005 -0.010832 -1.517911
v 1.541910 -0.008511 -1.516006
v 1.543326 -0.005863 -1.514591
v 1.544198 -0.002989 -1.513719
v 1.544492 0.000000 -1.513424
v 1.544198 0.002988 -1.513719
v 1.543326 0.005862 -1.514591
v 1.541911 0.008511 -1.516006
v 1.540005 0.010832 -1.517911
v 1.537684 0.012737 -1.537255
v 1.537684 0.012737 -1.520233
v 1.535036 0.014153 -1.522882
v 1.535036 0.014153 -1.534606
v 1.532162 0.015025 -1.531732
v 1.532162 0.015025 -1.525756
v 1.561162 0.015025 -1.525755
v 1.602616 0.015025 -1.525755
v 1.602616 0.015319 -1.528744
v 1.561162 0.015319 -1.528744
v 1.561162 0.015025 -1.531732
v 1.602616 0.015025 -1.531732
v 1.561162 0.014153 -1.534606
v 1.602616 0.014153 -1.534606
v 1.602616 0.014045 -1.534807
v 1.561162 0.013210 -1.536370
v 1.561162 0.012737 -1.537255
v 1.602616 0.012737 -1.537255
v 1.602616 0.010832 -1.539576
v 1.561162 0.010832 -1.539576
v 1.602616 0.008511 -1.541481
v 1.561162 0.008511 -1.541481
v 1.602616 0.005862 -1.542897
v 1.561162 0.005862 -1.542897
v 1.602616 0.002988 -1.543769
v 1.561162 0.002988 -1.543769
v 1.602616 0.000000 -1.544063
v 1.561162 0.000000 -1.544063
v 1.602616 -0.002989 -1.543769
v 1.561162 -0.002989 -1.543769
v 1.602616 -0.005863 -1.542897
v 1.561162 -0.005863 -1.542897
v 1.602616 -0.008511 -1.541481
v 1.561162 -0.008511 -1.541481
v 1.602616 -0.010833 -1.539576
v 1.561162 -0.010833 -1.539576
v 1.602616 -0.012738 -1.537255
v 1.561162 -0.012738 -1.537255
v 1.602616 -0.014153 -1.534606
v 1.561162 -0.014153 -1.534606
v 1.602616 -0.015025 -1.531732
v 1.561162 -0.015025 -1.531732
v 1.602616 -0.015319 -1.528744
v 1.561162 -0.015319 -1.528744
v 1.602616 -0.015025 -1.525755
v 1.561162 -0.015025 -1.525755
v 1.602616 -0.014153 -1.522881
v 1.561162 -0.014153 -1.522881
v 1.602616 -0.012841 -1.520427
v 1.602616 -0.012738 -1.520233
v 1.561162 -0.013646 -1.521932
v 1.561162 -0.012738 -1.520233
v 1.602616 -0.010977 -1.518088
v 1.602616 -0.010833 -1.517911
v 1.561162 -0.012101 -1.519457
v 1.561162 -0.010832 -1.517911
v 1.561162 -0.008511 -1.516006
v 1.602616 -0.008511 -1.516006
v 1.602616 -0.005863 -1.514591
v 1.561162 -0.005863 -1.514591
v 1.561162 -0.002989 -1.513719
v 1.602616 -0.002989 -1.513719
v 1.602616 0.000000 -1.513424
v 1.561162 0.000000 -1.513424
v 1.602616 0.002988 -1.513719
v 1.561162 0.002988 -1.513719
v 1.602616 0.005862 -1.514591
v 1.561162 0.005862 -1.514591
v 1.602616 0.008511 -1.516006
v 1.561162 0.008511 -1.516006
v 1.561162 0.010832 -1.517911
v 1.602616 0.010832 -1.517911
v 1.602616 0.012588 -1.520051
v 1.561162 0.011425 -1.518634
v 1.602616 0.012737 -1.520233
v 1.561162 0.012737 -1.520233
v 1.602616 0.014045 -1.522680
v 1.561162 0.013210 -1.521118
v 1.602616 0.014153 -1.522881
v 1.561162 0.014153 -1.522881
v 1.425218 0.015025 -1.525755
v 1.425218 0.015319 -1.528744
v -1.332720 0.015319 -1.528744
v -1.332720 0.015025 -1.525755
v 1.425218 0.015025 -1.531732
v -1.332720 0.015025 -1.531733
v 1.425218 0.014153 -1.534606
v -1.332720 0.014153 -1.534606
v 1.425218 0.012828 -1.537085
v 1.425218 0.012737 -1.537255
v -1.332720 0.012737 -1.537255
v -1.332720 0.010832 -1.539576
v 1.425218 0.010832 -1.539576
v -1.332720 0.008511 -1.541481
v 1.425218 0.008511 -1.541481
v 1.425218 0.005862 -1.542897
v -1.332720 0.005862 -1.542897
v 1.425218 0.002988 -1.543769
v -1.332720 0.002988 -1.543769
v 1.425218 0.000000 -1.544063
v -1.332720 0.000000 -1.544063
v 1.425218 -0.002989 -1.543769
v -1.332720 -0.002989 -1.543769
v 1.425218 -0.005863 -1.542897
v -1.332720 -0.005863 -1.542897
v 1.425218 -0.008511 -1.541481
v -1.332720 -0.008511 -1.541481
v -1.332720 -0.010833 -1.539576
v 1.425218 -0.010833 -1.539576
v -1.332720 -0.012738 -1.537255
v -1.332720 -0.011067 -1.539291
v 1.425218 -0.012738 -1.537255
v -1.332720 -0.014153 -1.534606
v 1.425218 -0.014153 -1.534606
v -1.332720 -0.015025 -1.531733
v 1.425218 -0.015025 -1.531732
v -1.332720 -0.015319 -1.528744
v 1.425218 -0.015319 -1.528744
v -1.332720 -0.015025 -1.525755
v 1.425218 -0.015025 -1.525755
v -1.332720 -0.014153 -1.522882
v 1.425218 -0.014153 -1.522881
v -1.332720 -0.012738 -1.520233
v -1.332720 -0.010833 -1.517912
v 1.425218 -0.012738 -1.520233
v 1.425218 -0.010832 -1.517911
v -1.332720 -0.008511 -1.516007
v 1.425218 -0.008511 -1.516006
v -1.332720 -0.005863 -1.514591
v 1.425218 -0.005863 -1.514591
v -1.332720 -0.002989 -1.513719
v -1.332720 -0.005682 -1.514536
v 1.425218 -0.002989 -1.513719
v -1.332720 0.000000 -1.513425
v 1.425218 0.000000 -1.513424
v -1.332720 0.002988 -1.513719
v -1.332720 0.002620 -1.513683
v 1.425218 0.002988 -1.513719
v -1.332720 0.005862 -1.514591
v 1.425218 0.005862 -1.514591
v 1.425218 0.008511 -1.516006
v -1.332720 0.008511 -1.516007
v -1.332720 0.010832 -1.517912
v 1.425218 0.008654 -1.516124
v -1.332720 0.012737 -1.520233
v 1.425218 0.010832 -1.517911
v 1.425218 0.012737 -1.520233
v 1.425218 0.014153 -1.522881
v -1.332720 0.014153 -1.522882
v 0.016716 -0.031243 -1.542759
v -0.011314 -0.031243 -1.542759
v -0.011314 0.031242 -1.542759
v 0.016716 0.031242 -1.542759
v 0.002701 0.034325 -1.528744
v -0.003996 0.033666 -1.522048
v -0.003996 0.033666 -1.535440
v -0.010435 0.031712 -1.515608
v -0.010435 0.031712 -1.541880
v -0.021571 0.024271 -1.504472
v -0.016369 0.028540 -1.509674
v -0.025840 0.019070 -1.500203
v -0.029012 0.013136 -1.497031
v -0.030965 0.006696 -1.495078
v -0.031625 0.000000 -1.494419
v -0.030965 -0.006697 -1.495078
v -0.029012 -0.013136 -1.497031
v -0.025840 -0.019070 -1.500203
v -0.021571 -0.024272 -1.504472
v -0.016369 -0.028541 -1.509674
v -0.010435 -0.031713 -1.515608
v -0.010435 -0.031713 -1.541880
v 0.002701 -0.034325 -1.528744
v -0.003996 -0.033666 -1.522047
v -0.003996 -0.033666 -1.535441
v 0.009397 -0.033666 -1.522047
v 0.009397 -0.033666 -1.535441
v 0.015836 -0.031713 -1.515608
v 0.015836 -0.031713 -1.541880
v 0.021771 -0.028541 -1.509674
v 0.026972 -0.024272 -1.504472
v 0.031241 -0.019070 -1.500203
v 0.034413 -0.013136 -1.497031
v 0.036366 -0.006697 -1.495078
v 0.037026 0.000000 -1.494419
v 0.036366 0.006696 -1.495078
v 0.034413 0.013136 -1.497031
v 0.031241 0.019070 -1.500203
v 0.026972 0.024271 -1.504472
v 0.021771 0.028540 -1.509674
v 0.015836 0.031712 -1.515608
v 0.015836 0.031712 -1.541880
v 0.009397 0.033666 -1.522048
v 0.009397 0.033666 -1.535440
v -1.468665 0.015025 -1.525755
v -1.510119 0.015025 -1.525755
v -1.510119 0.015319 -1.528744
v -1.468665 0.015319 -1.528744
v -1.510119 0.015025 -1.531733
v -1.468665 0.015025 -1.531733
v -1.510119 0.014153 -1.534606
v -1.468665 0.014153 -1.534606
v -1.510119 0.012737 -1.537255
v -1.468665 0.012737 -1.537255
v -1.510119 0.010832 -1.539576
v -1.468665 0.010832 -1.539576
v -1.468665 0.008511 -1.541481
v -1.510119 0.008511 -1.541481
v -1.510119 0.005862 -1.542897
v -1.468665 0.005862 -1.542897
v -1.468665 0.002988 -1.543769
v -1.510119 0.002988 -1.543769
v -1.468665 0.000000 -1.544063
v -1.510119 0.000000 -1.544063
v -1.468665 -0.002989 -1.543769
v -1.510119 -0.002989 -1.543769
v -1.468665 -0.005863 -1.542897
v -1.510119 -0.005863 -1.542897
v -1.468665 -0.008511 -1.541481
v -1.510119 -0.008511 -1.541481
v -1.510119 -0.010833 -1.539576
v -1.468665 -0.010833 -1.539576
v -1.468665 -0.012738 -1.537255
v -1.510119 -0.012738 -1.537255
v -1.468665 -0.014153 -1.534606
v -1.510119 -0.014153 -1.534606
v -1.468665 -0.015025 -1.531733
v -1.510119 -0.015025 -1.531733
v -1.468665 -0.015319 -1.528744
v -1.510119 -0.015319 -1.528744
v -1.468665 -0.015025 -1.525755
v -1.510119 -0.015025 -1.525755
v -1.510119 -0.014153 -1.522882
v -1.468665 -0.014153 -1.522882
v -1.510119 -0.012738 -1.520233
v -1.468665 -0.012738 -1.520233
v -1.510119 -0.010833 -1.517912
v -1.468665 -0.010833 -1.517912
v -1.510119 -0.008511 -1.516007
v -1.468665 -0.008511 -1.516007
v -1.468665 -0.005863 -1.514591
v -1.510119 -0.005863 -1.514591
v -1.468665 -0.002989 -1.513719
v -1.510119 -0.002989 -1.513719
v -1.510119 0.000000 -1.513425
v -1.468665 0.000000 -1.513425
v -1.510119 0.002983 -1.513718
v -1.468665 0.002926 -1.513713
v -1.468665 0.005862 -1.514591
v -1.510119 0.005862 -1.514591
v -1.468665 0.008511 -1.516007
v -1.510119 0.008511 -1.516007
v -1.510119 0.010832 -1.517912
v -1.468665 0.010832 -1.517912
v -1.468665 0.012737 -1.520233
v -1.510119 0.012737 -1.520233
v -1.468665 0.014153 -1.522882
v -1.510119 0.014153 -1.522882
v -1.436675 0.015319 -1.528744
v -1.433687 0.015025 -1.525756
v -1.439664 0.015025 -1.525756
v -1.433687 0.015025 -1.531732
v -1.439664 0.015025 -1.531732
v -1.430813 0.014153 -1.534606
v -1.442538 0.014153 -1.534606
v -1.428164 0.012737 -1.537255
v -1.445186 0.012737 -1.537255
v -1.426685 0.011523 -1.538734
v -1.446665 0.011523 -1.538734
v -1.428165 -0.012738 -1.537255
v -1.445186 -0.012738 -1.537255
v -1.426685 -0.011524 -1.538734
v -1.446665 -0.011524 -1.538734
v -1.442538 -0.014153 -1.534606
v -1.430813 -0.014153 -1.534606
v -1.439664 -0.015025 -1.531733
v -1.433688 -0.015025 -1.531733
v -1.433688 -0.015025 -1.525755
v -1.439664 -0.015025 -1.525755
v -1.436675 -0.015319 -1.528744
v -1.430813 -0.014153 -1.522882
v -1.442538 -0.014153 -1.522882
v -1.428165 -0.012738 -1.520233
v -1.445186 -0.012738 -1.520233
v -1.423938 -0.008511 -1.516007
v -1.425843 -0.010832 -1.517911
v -1.447507 -0.010832 -1.517911
v -1.450829 -0.005863 -1.514591
v -1.449413 -0.008511 -1.516007
v -1.422522 -0.005863 -1.514591
v -1.421651 -0.002989 -1.513719
v -1.451700 -0.002989 -1.513719
v -1.451994 0.000000 -1.513425
v -1.421358 0.000016 -1.513426
v -1.451962 0.000322 -1.513456
v -1.421446 0.000910 -1.513514
v -1.421638 0.002861 -1.513707
v -1.451702 0.002973 -1.513718
v -1.421651 0.002988 -1.513719
v -1.422522 0.005862 -1.514591
v -1.450829 0.005862 -1.514591
v -1.423938 0.008511 -1.516007
v -1.449413 0.008511 -1.516007
v -1.425843 0.010832 -1.517912
v -1.447508 0.010832 -1.517912
v -1.428164 0.012737 -1.520233
v -1.430813 0.014153 -1.522882
v -1.442538 0.014153 -1.522882
v -1.445186 0.012737 -1.520233
v -1.439664 0.015025 -0.134890
v -1.439664 0.015025 -1.359455
v -1.436675 0.015319 -0.134890
v -1.436675 0.015319 -1.359455
v -1.433686 0.015025 -0.134890
v -1.433687 0.015025 -1.359455
v -1.430812 0.014153 -0.134890
v -1.430813 0.014153 -1.359455
v -1.428164 0.012737 -0.134890
v -1.428164 0.012737 -1.359455
v -1.425843 0.010832 -0.134890
v -1.425843 0.010832 -1.359455
v -1.423938 0.008511 -0.134890
v -1.423938 0.008511 -1.359455
v -1.422522 0.005862 -1.359455
v -1.422522 0.005862 -0.134890
v -1.421650 0.002989 -0.134890
v -1.421651 0.002989 -1.359455
v -1.421356 0.000000 -0.134890
v -1.421356 0.000000 -1.359455
v -1.421650 -0.002989 -0.134890
v -1.421651 -0.002989 -1.359455
v -1.422443 -0.005601 -0.134890
v -1.422522 -0.005863 -1.359455
v -1.421739 -0.003281 -1.359455
v -1.422522 -0.005863 -0.134890
v -1.423938 -0.008511 -0.134890
v -1.423938 -0.008511 -1.359455
v -1.425843 -0.010832 -0.134890
v -1.425843 -0.010832 -1.359455
v -1.428164 -0.012738 -0.134890
v -1.427954 -0.012565 -0.134890
v -1.428164 -0.012738 -1.359455
v -1.426085 -0.011031 -1.359455
v -1.430812 -0.014153 -0.134890
v -1.430813 -0.014153 -1.359455
v -1.428444 -0.012887 -1.359455
v -1.430572 -0.014025 -0.134890
v -1.433686 -0.015025 -0.134890
v -1.433687 -0.015025 -1.359455
v -1.436675 -0.015319 -0.134890
v -1.436675 -0.015319 -1.359455
v -1.439664 -0.015025 -0.134890
v -1.439664 -0.015025 -1.359455
v -1.442537 -0.014153 -0.134890
v -1.442538 -0.014153 -1.359455
v -1.444906 -0.012887 -1.359455
v -1.442777 -0.014025 -0.134890
v -1.445186 -0.012738 -0.134890
v -1.445186 -0.012738 -1.359455
v -1.445397 -0.012565 -0.134890
v -1.447507 -0.010832 -0.134890
v -1.447266 -0.011031 -1.359455
v -1.447508 -0.010832 -1.359455
v -1.447680 -0.010621 -0.134890
v -1.449413 -0.008511 -0.134890
v -1.449216 -0.008750 -1.359455
v -1.449413 -0.008511 -1.359455
v -1.449541 -0.008270 -0.134890
v -1.450828 -0.005862 -0.134890
v -1.450684 -0.006133 -1.359455
v -1.450829 -0.005862 -1.359455
v -1.450907 -0.005601 -0.134890
v -1.451611 -0.003281 -1.359455
v -1.451700 -0.002989 -0.134890
v -1.451700 -0.002989 -1.359455
v -1.451727 -0.002717 -0.134890
v -1.451994 0.000000 -0.134890
v -1.451964 -0.000304 -1.359455
v -1.451994 0.000000 -1.359455
v -1.451700 0.002989 -0.134890
v -1.451700 0.002989 -1.359455
v -1.450918 0.005569 -1.359455
v -1.451621 0.003250 -0.134890
v -1.450828 0.005862 -0.134890
v -1.450829 0.005862 -1.359455
v -1.449559 0.008238 -1.359455
v -1.450699 0.006103 -0.134890
v -1.449413 0.008511 -0.134890
v -1.449413 0.008511 -1.359455
v -1.447706 0.010590 -1.359455
v -1.449240 0.008721 -0.134890
v -1.447507 0.010832 -0.134890
v -1.447508 0.010832 -1.359455
v -1.445186 0.012737 -0.134890
v -1.445186 0.012737 -1.359455
v -1.442537 0.014153 -0.134890
v -1.442538 0.014153 -1.359455
v 1.519183 0.011523 -1.538734
v 1.539163 0.011523 -1.538734
v 1.520662 0.012737 -1.538734
v 1.523311 0.014153 -1.538734
v 1.526184 0.015025 -1.538734
v 1.529173 0.015319 -1.538734
v 1.532162 0.015025 -1.538734
v 1.535035 0.014153 -1.538734
v 1.537684 0.012737 -1.538734
v 1.519183 -0.011524 -1.538734
v 1.539163 -0.011524 -1.538734
v 1.537684 -0.012738 -1.538734
v 1.535035 -0.014153 -1.538734
v 1.532162 -0.015025 -1.538734
v 1.529173 -0.015319 -1.538734
v 1.526184 -0.015025 -1.538734
v 1.523311 -0.014153 -1.538734
v 1.520662 -0.012738 -1.538734
v 1.529173 0.015319 0.003134
v 1.532161 0.015025 0.003134
v 1.529173 0.015319 -0.134889
v 1.532161 0.015025 -0.134889
v 1.529173 0.015319 -1.359454
v 1.532162 0.015025 -1.359454
v 1.526184 0.015025 0.003134
v 1.526184 0.015025 -0.134889
v 1.526184 0.015025 -1.359454
v 1.523310 0.014153 0.003134
v 1.523310 0.014153 -0.134889
v 1.523311 0.014153 -1.359454
v 1.535035 0.014153 0.003134
v 1.520662 0.012737 0.003134
v 1.518340 0.010832 0.003134
v 1.516435 0.008511 0.003134
v 1.515020 0.005862 0.003134
v 1.514148 0.002989 0.003134
v 1.514148 0.002989 0.003134
v 1.513854 0.000000 0.003134
v 1.513854 0.000000 0.003134
v 1.514148 -0.002989 0.003134
v 1.514148 -0.002989 0.003134
v 1.515020 -0.005862 0.003134
v 1.516435 -0.008511 0.003134
v 1.518340 -0.010832 0.003134
v 1.520662 -0.012738 0.003134
v 1.523310 -0.014153 0.003134
v 1.526184 -0.015025 0.003134
v 1.529173 -0.015319 0.003134
v 1.532161 -0.015025 0.003134
v 1.535035 -0.014153 0.003134
v 1.537684 -0.012738 0.003134
v 1.540005 -0.010832 0.003134
v 1.541910 -0.008511 0.003134
v 1.543326 -0.005862 0.003134
v 1.544198 -0.002989 0.003134
v 1.544198 -0.002989 0.003134
v 1.544492 0.000000 0.003134
v 1.544492 0.000000 0.003134
v 1.544198 0.002989 0.003134
v 1.544198 0.002989 0.003134
v 1.543326 0.005862 0.003134
v 1.541910 0.008511 0.003134
v 1.540005 0.010832 0.003134
v 1.537684 0.012737 0.003134
v 1.520662 0.012737 -0.134889
v 1.520662 0.012737 -1.359454
v 1.518340 0.010832 -0.134889
v 1.518341 0.010832 -1.359454
v 1.516435 0.008511 -0.134889
v 1.516436 0.008511 -1.359454
v 1.515020 0.005862 -0.134889
v 1.515020 0.005862 -1.359454
v 1.514148 0.002989 -0.134889
v 1.514148 0.002989 -0.134889
v 1.514148 0.002989 -1.359454
v 1.514148 0.002989 -1.359454
v 1.514148 0.002988 -1.513719
v 1.514148 0.002988 -1.513719
v 1.514148 0.002988 -1.513719
v 1.513854 0.000000 -0.134889
v 1.513854 0.000000 -0.134889
v 1.513854 0.000000 -1.359454
v 1.513854 0.000000 -1.359454
v 1.514148 -0.002989 -0.134889
v 1.514148 -0.002989 -0.134889
v 1.513854 0.000000 -1.513424
v 1.513854 0.000000 -1.513424
v 1.513854 0.000000 -1.513424
v 1.514148 -0.002989 -1.513719
v 1.514148 -0.002989 -1.513719
v 1.514148 -0.002989 -1.513719
v 1.514148 -0.002989 -1.359454
v 1.514148 -0.002989 -1.359454
v 1.515020 -0.005862 -0.134889
v 1.515020 -0.005862 -1.359454
v 1.516435 -0.008511 -0.134889
v 1.516436 -0.008511 -1.359454
v 1.518340 -0.010832 -0.134889
v 1.518341 -0.010832 -1.359454
v 1.520662 -0.012738 -0.134889
v 1.520662 -0.012738 -1.359454
v 1.523310 -0.014153 -0.134889
v 1.523311 -0.014153 -1.359454
v 1.526184 -0.015025 -0.134889
v 1.526184 -0.015025 -1.359454
v 1.529173 -0.015319 -0.134889
v 1.529173 -0.015319 -1.359454
v 1.532161 -0.015025 -0.134889
v 1.532162 -0.015025 -1.359454
v 1.535035 -0.014153 -0.134889
v 1.535035 -0.014153 -1.359454
v 1.537684 -0.012738 -0.134889
v 1.537684 -0.012738 -1.359454
v 1.540005 -0.010832 -0.134889
v 1.540005 -0.010832 -1.359454
v 1.541910 -0.008511 -0.134889
v 1.541911 -0.008511 -1.359454
v 1.543326 -0.005862 -0.134889
v 1.543326 -0.005862 -1.359454
v 1.543404 -0.005605 -0.134889
v 1.544198 -0.002989 -0.134889
v 1.544198 -0.002989 -0.134889
v 1.544198 -0.002989 -1.359454
v 1.544198 -0.002989 -1.359454
v 1.544198 -0.002989 -1.513719
v 1.544198 -0.002989 -1.513719
v 1.544198 -0.002989 -1.513719
v 1.544492 0.000000 -0.134889
v 1.544492 0.000000 -0.134889
v 1.544492 0.000000 -1.513424
v 1.544492 0.000000 -1.513424
v 1.544492 0.000000 -1.513424
v 1.544492 0.000000 -1.359454
v 1.544492 0.000000 -1.359454
v 1.544198 0.002989 -0.134889
v 1.544198 0.002989 -0.134889
v 1.544198 0.002989 -1.359454
v 1.544198 0.002989 -1.359454
v 1.544198 0.002988 -1.513719
v 1.544198 0.002988 -1.513719
v 1.544198 0.002988 -1.513719
v 1.544232 0.002641 -1.359454
v 1.543326 0.005862 -0.134889
v 1.543326 0.005862 -1.359454
v 1.541910 0.008511 -0.134889
v 1.541911 0.008511 -1.359454
v 1.540005 0.010832 -0.134889
v 1.540005 0.010832 -1.359454
v 1.537684 0.012737 -0.134889
v 1.537684 0.012737 -1.359454
v 1.535035 0.014153 -0.134889
v 1.535035 0.014153 -1.359454
v 1.532229 0.038409 -0.134889
v 1.528409 0.038785 -0.134889
v 1.539575 0.036180 -0.134889
v 1.535902 0.037295 -0.134889
v 1.546346 0.032562 -0.134889
v 1.542961 0.034371 -0.134889
v 1.552280 0.027691 -0.134889
v 1.549313 0.030126 -0.134889
v 1.557151 0.021757 -0.134889
v 1.554716 0.024724 -0.134889
v 1.560770 0.014986 -0.134889
v 1.558960 0.018372 -0.134889
v 1.562998 0.007640 -0.134889
v 1.562998 0.007640 -0.134889
v 1.561884 0.011313 -0.134889
v 1.562998 0.007640 -0.747172
v 1.563751 0.000000 -0.134889
v 1.563751 0.000000 -0.134889
v 1.563374 0.003820 -0.134889
v 1.563751 0.000000 -0.747172
v 1.562998 -0.007640 -0.134889
v 1.562998 -0.007640 -0.134889
v 1.563374 -0.003820 -0.134889
v 1.562998 -0.007640 -0.747172
v 1.560770 -0.014987 -0.134889
v 1.561884 -0.011313 -0.134889
v 1.557151 -0.021757 -0.134889
v 1.558960 -0.018372 -0.134889
v 1.552280 -0.027692 -0.134889
v 1.554716 -0.024724 -0.134889
v 1.546346 -0.032562 -0.134889
v 1.549313 -0.030127 -0.134889
v 1.539575 -0.036181 -0.134889
v 1.542961 -0.034371 -0.134889
v 1.532229 -0.038409 -0.134889
v 1.535902 -0.037295 -0.134889
v 1.524589 -0.039162 -0.134889
v 1.528409 -0.038785 -0.134889
v 1.516949 -0.038409 -0.134889
v 1.520769 -0.038785 -0.134889
v 1.509602 -0.036181 -0.134889
v 1.513276 -0.037295 -0.134889
v 1.502832 -0.032562 -0.134889
v 1.506217 -0.034371 -0.134889
v 1.496898 -0.027692 -0.134889
v 1.499865 -0.030127 -0.134889
v 1.492027 -0.021757 -0.134889
v 1.494462 -0.024724 -0.134889
v 1.488408 -0.014987 -0.134889
v 1.490218 -0.018372 -0.134889
v 1.486180 -0.007640 -0.134889
v 1.486180 -0.007640 -0.134889
v 1.487294 -0.011313 -0.134889
v 1.486180 -0.007640 -0.747172
v 1.485427 0.000000 -0.134889
v 1.485427 0.000000 -0.134889
v 1.485804 -0.003820 -0.134889
v 1.485427 0.000000 -0.747172
v 1.486180 0.007640 -0.134889
v 1.486180 0.007640 -0.134889
v 1.485804 0.003820 -0.134889
v 1.486180 0.007640 -0.747172
v 1.488408 0.014986 -0.134889
v 1.487294 0.011313 -0.134889
v 1.492027 0.021757 -0.134889
v 1.490218 0.018372 -0.134889
v 1.496898 0.027691 -0.134889
v 1.494462 0.024724 -0.134889
v 1.502832 0.032562 -0.134889
v 1.499865 0.030126 -0.134889
v 1.509602 0.036180 -0.134889
v 1.506217 0.034371 -0.134889
v 1.524589 0.039161 -0.134889
v 1.520769 0.038785 -0.134889
v 1.516949 0.038409 -0.134889
v 1.513276 0.037295 -0.134889
v 1.516949 0.038409 -1.359454
v 1.520769 0.038785 -1.359454
v 1.524589 0.039161 -1.359454
v 1.528409 0.038785 -1.359454
v 1.532229 0.038409 -1.359454
v 1.535903 0.037295 -1.359454
v 1.539576 0.036180 -1.359454
v 1.542961 0.034371 -1.359454
v 1.546346 0.032562 -1.359454
v 1.549314 0.030126 -1.359454
v 1.552280 0.027691 -1.359454
v 1.554716 0.024724 -1.359454
v 1.557151 0.021757 -1.359454
v 1.558960 0.018372 -1.359454
v 1.560770 0.014986 -1.359454
v 1.561884 0.011313 -1.359454
v 1.562998 0.007640 -1.359454
v 1.562998 0.007640 -1.359454
v 1.563375 0.003820 -1.359454
v 1.524589 -0.039162 -1.359454
v 1.528409 -0.038785 -1.359454
v 1.520769 -0.038785 -1.359454
v 1.516949 -0.038409 -1.359454
v 1.513276 -0.037295 -1.359454
v 1.509603 -0.036181 -1.359454
v 1.506217 -0.034371 -1.359454
v 1.502832 -0.032562 -1.359454
v 1.499865 -0.030127 -1.359454
v 1.496898 -0.027692 -1.359454
v 1.494462 -0.024724 -1.359454
v 1.492028 -0.021757 -1.359454
v 1.490218 -0.018372 -1.359454
v 1.488409 -0.014987 -1.359454
v 1.487294 -0.011313 -1.359454
v 1.486180 -0.007640 -1.359454
v 1.486180 -0.007640 -1.359454
v 1.485804 -0.003820 -1.359454
v 1.485428 0.000000 -1.359454
v 1.485428 0.000000 -1.359454
v 1.485804 0.003820 -1.359454
v 1.486180 0.007640 -1.359454
v 1.486180 0.007640 -1.359454
v 1.487294 0.011313 -1.359454
v 1.488409 0.014986 -1.359454
v 1.490218 0.018372 -1.359454
v 1.492028 0.021757 -1.359454
v 1.494462 0.024724 -1.359454
v 1.496898 0.027691 -1.359454
v 1.499865 0.030126 -1.359454
v 1.502832 0.032562 -1.359454
v 1.506217 0.034371 -1.359454
v 1.509603 0.036180 -1.359454
v 1.513276 0.037295 -1.359454
v 1.563751 0.000000 -1.359454
v 1.563751 0.000000 -1.359454
v 1.563375 -0.003820 -1.359454
v 1.562998 -0.007640 -1.359454
v 1.562998 -0.007640 -1.359454
v 1.561884 -0.011313 -1.359454
v 1.560770 -0.014987 -1.359454
v 1.558960 -0.018372 -1.359454
v 1.557151 -0.021757 -1.359454
v 1.554716 -0.024724 -1.359454
v 1.552280 -0.027692 -1.359454
v 1.549314 -0.030127 -1.359454
v 1.546346 -0.032562 -1.359454
v 1.542961 -0.034371 -1.359454
v 1.539576 -0.036181 -1.359454
v 1.535903 -0.037295 -1.359454
v 1.532229 -0.038409 -1.359454
v 1.607952 0.012737 -1.537255
v 1.607952 0.010832 -1.539576
v 1.607952 0.014153 -1.534606
v 1.607952 0.015025 -1.531732
v 1.607952 0.015319 -1.528744
v 1.607952 0.015025 -1.525755
v 1.607952 0.014153 -1.522881
v 1.607952 0.014153 -1.522881
v 1.607952 0.010832 -1.517911
v 1.607952 0.012737 -1.520233
v 1.607952 0.008511 -1.516006
v 1.607952 0.005862 -1.514591
v 1.607952 0.002988 -1.513719
v 1.607952 0.002988 -1.513719
v 1.607952 0.000000 -1.513424
v 1.607952 0.000000 -1.513424
v 1.607952 -0.002989 -1.513719
v 1.607952 -0.002989 -1.513719
v 1.607952 -0.005863 -1.514591
v 1.607952 -0.008511 -1.516006
v 1.607952 -0.010833 -1.517911
v 1.607952 -0.012738 -1.520233
v 1.607952 -0.014153 -1.522881
v 1.607952 -0.015025 -1.525755
v 1.607952 -0.015319 -1.528744
v 1.607952 -0.015025 -1.531732
v 1.607952 -0.014153 -1.534606
v 1.607952 -0.012738 -1.537255
v 1.607952 -0.010833 -1.539576
v 1.607952 -0.008511 -1.541481
v 1.607952 -0.005863 -1.542897
v 1.607952 -0.002989 -1.543769
v 1.607952 -0.002989 -1.543769
v 1.607952 0.000000 -1.544063
v 1.607952 0.000000 -1.544063
v 1.607952 0.002988 -1.543769
v 1.607952 0.002988 -1.543769
v 1.607952 0.005862 -1.542897
v 1.607952 0.008511 -1.541481
v 1.425218 0.015025 -1.525755
v 1.425218 0.015319 -1.528744
v -1.332720 0.015319 -1.528744
v -1.332720 0.015025 -1.525755
v -1.468665 0.015025 -1.525755
v -1.468665 0.015319 -1.528744
v -1.515455 0.015319 -1.528744
v -1.515455 0.015025 -1.525755
v -1.510119 0.015025 -1.525755
v -1.510119 0.015319 -1.528744
v 1.602616 0.015025 -1.525755
v 1.602616 0.015319 -1.528744
v 1.561162 0.015025 -1.525755
v 1.561162 0.015319 -1.528744
v 1.425218 0.015025 -1.531732
v -1.468665 0.015025 -1.531733
v -1.332720 0.015025 -1.531733
v -1.515455 0.015025 -1.531733
v -1.510119 0.015025 -1.531733
v 1.602616 0.015025 -1.531732
v 1.561162 0.015025 -1.531732
v 1.425218 0.014153 -1.534606
v -1.468665 0.014153 -1.534606
v -1.332720 0.014153 -1.534606
v -1.515455 0.014153 -1.534606
v -1.510119 0.014153 -1.534606
v 1.602616 0.014153 -1.534606
v 1.561162 0.014153 -1.534606
v -1.515455 0.012737 -1.520233
v -1.515455 0.014153 -1.522882
v -1.515455 0.012737 -1.537255
v -1.515455 0.010832 -1.539576
v -1.515455 0.008511 -1.541481
v -1.515455 0.005862 -1.542897
v -1.515455 0.002988 -1.543769
v -1.515455 0.002988 -1.543769
v -1.515455 0.000000 -1.544063
v -1.515455 0.000000 -1.544063
v -1.515455 -0.002989 -1.543769
v -1.515455 -0.002989 -1.543769
v -1.515455 -0.005863 -1.542897
v -1.515455 -0.008511 -1.541481
v -1.515455 -0.010833 -1.539576
v -1.515455 -0.012738 -1.537255
v -1.515455 -0.014153 -1.534606
v -1.515455 -0.015025 -1.531733
v -1.515455 -0.015319 -1.528744
v -1.515455 -0.015025 -1.525755
v -1.515455 -0.014153 -1.522882
v -1.515455 -0.012738 -1.520233
v -1.515455 -0.010833 -1.517912
v -1.515455 -0.008511 -1.516007
v -1.515455 -0.005863 -1.514591
v -1.515455 -0.002989 -1.513719
v -1.515455 -0.002989 -1.513719
v -1.515455 0.000000 -1.513425
v -1.515455 0.000000 -1.513425
v -1.515455 0.002988 -1.513719
v -1.515455 0.002988 -1.513719
v -1.515455 0.005862 -1.514591
v -1.515455 0.008511 -1.516007
v -1.515455 0.010832 -1.517912
v 1.425218 0.012828 -1.537085
v -1.468665 0.012737 -1.537255
v -1.332720 0.012737 -1.537255
v -1.510119 0.012737 -1.537255
v 1.602616 0.014045 -1.534807
v 1.602616 0.012737 -1.537255
v 1.561162 0.013210 -1.536370
v 1.602616 0.010832 -1.539576
v -1.426685 0.011523 -1.538734
v -1.446665 0.011523 -1.538734
v -1.332720 0.010832 -1.539576
v -1.468665 0.010832 -1.539576
v -1.510119 0.010832 -1.539576
v 1.425218 0.012737 -1.537255
v 1.425218 0.010832 -1.539576
v 1.561162 0.012737 -1.537255
v 1.561162 0.010832 -1.539576
v -1.332720 0.008511 -1.541481
v -1.468665 0.008511 -1.541481
v -1.510119 0.008511 -1.541481
v 1.561162 0.008511 -1.541481
v 1.425218 0.008511 -1.541481
v 1.602616 0.008511 -1.541481
v 1.561162 0.005862 -1.542897
v 1.425218 0.005862 -1.542897
v -1.332720 0.005862 -1.542897
v -1.468665 0.005862 -1.542897
v -1.510119 0.005862 -1.542897
v 1.602616 0.005862 -1.542897
v 1.561162 0.002988 -1.543769
v 1.561162 0.002988 -1.543769
v 1.425218 0.002988 -1.543769
v 1.425218 0.002988 -1.543769
v -1.332720 0.002988 -1.543769
v -1.332720 0.002988 -1.543769
v -1.468665 0.002988 -1.543769
v -1.468665 0.002988 -1.543769
v -1.510119 0.002988 -1.543769
v -1.510119 0.002988 -1.543769
v 1.602616 0.002988 -1.543769
v 1.602616 0.002988 -1.543769
v 1.561162 0.000000 -1.544063
v 1.561162 0.000000 -1.544063
v 1.425218 0.000000 -1.544063
v 1.425218 0.000000 -1.544063
v -1.332720 0.000000 -1.544063
v -1.332720 0.000000 -1.544063
v -1.468665 0.000000 -1.544063
v -1.468665 0.000000 -1.544063
v -1.510119 0.000000 -1.544063
v -1.510119 0.000000 -1.544063
v 1.602616 0.000000 -1.544063
v 1.602616 0.000000 -1.544063
v 1.561162 -0.002989 -1.543769
v 1.561162 -0.002989 -1.543769
v 1.425218 -0.002989 -1.543769
v 1.425218 -0.002989 -1.543769
v -1.332720 -0.002989 -1.543769
v -1.332720 -0.002989 -1.543769
v -1.468665 -0.002989 -1.543769
v -1.468665 -0.002989 -1.543769
v -1.510119 -0.002989 -1.543769
v -1.510119 -0.002989 -1.543769
v 1.602616 -0.002989 -1.543769
v 1.602616 -0.002989 -1.543769
v 1.561162 -0.005863 -1.542897
v 1.425218 -0.005863 -1.542897
v -1.332720 -0.005863 -1.542897
v -1.468665 -0.005863 -1.542897
v -1.510119 -0.005863 -1.542897
v 1.602616 -0.005863 -1.542897
v 1.561162 -0.008511 -1.541481
v 1.425218 -0.008511 -1.541481
v -1.332720 -0.008511 -1.541481
v -1.468665 -0.008511 -1.541481
v -1.510119 -0.008511 -1.541481
v 1.602616 -0.008511 -1.541481
v -1.332720 -0.010833 -1.539576
v -1.468665 -0.010833 -1.539576
v -1.510119 -0.010833 -1.539576
v 1.561162 -0.010833 -1.539576
v 1.425218 -0.010833 -1.539576
v 1.602616 -0.010833 -1.539576
v -1.468665 -0.012738 -1.537255
v -1.428165 -0.012738 -1.537255
v -1.428165 -0.012738 -1.537255
v -1.426685 -0.011524 -1.538734
v -1.426685 -0.011524 -1.538734
v -1.426685 -0.011524 -1.538734
v -1.446665 -0.011524 -1.538734
v -1.446665 -0.011524 -1.538734
v -1.446665 -0.011524 -1.538734
v -1.445186 -0.012738 -1.537255
v -1.445186 -0.012738 -1.537255
v -1.510119 -0.012738 -1.537255
v 1.425218 -0.012738 -1.537255
v 1.561162 -0.012738 -1.537255
v -1.332720 -0.012738 -1.537255
v -1.332720 -0.014153 -1.534606
v -1.468665 -0.014153 -1.534606
v -1.510119 -0.014153 -1.534606
v -1.468665 -0.015025 -1.531733
v -1.332720 -0.015025 -1.531733
v -1.510119 -0.015025 -1.531733
v 1.425218 -0.014153 -1.534606
v 1.425218 -0.015025 -1.531732
v 1.602616 -0.015025 -1.531732
v 1.602616 -0.015319 -1.528744
v -1.332720 -0.015319 -1.528744
v -1.468665 -0.015319 -1.528744
v -1.510119 -0.015319 -1.528744
v 1.425218 -0.015319 -1.528744
v 1.561162 -0.015025 -1.531732
v 1.561162 -0.015319 -1.528744
v -1.468665 -0.015025 -1.525755
v -1.332720 -0.015025 -1.525755
v -1.510119 -0.015025 -1.525755
v 1.561162 -0.015025 -1.525755
v 1.425218 -0.015025 -1.525755
v 1.602616 -0.015025 -1.525755
v -1.332720 -0.014153 -1.522882
v -1.468665 -0.014153 -1.522882
v -1.510119 -0.014153 -1.522882
v 1.425218 -0.014153 -1.522881
v 1.602616 -0.014153 -1.522881
v 1.561162 -0.014153 -1.522881
v -1.332720 -0.012738 -1.520233
v -1.468665 -0.012738 -1.520233
v -1.510119 -0.012738 -1.520233
v 1.602616 -0.012841 -1.520427
v 1.602616 -0.012738 -1.520233
v 1.561162 -0.013646 -1.521932
v 1.561162 -0.012738 -1.520233
v -1.332720 -0.010833 -1.517912
v -1.468665 -0.010833 -1.517912
v -1.510119 -0.010833 -1.517912
v 1.425218 -0.012738 -1.520233
v 1.425218 -0.010832 -1.517911
v 1.602616 -0.010977 -1.518088
v 1.602616 -0.010833 -1.517911
v 1.561162 -0.012101 -1.519457
v 1.561162 -0.010832 -1.517911
v -1.332720 -0.008511 -1.516007
v -1.468665 -0.008511 -1.516007
v -1.510119 -0.008511 -1.516007
v -1.332720 -0.005863 -1.514591
v -1.468665 -0.005863 -1.514591
v -1.510119 -0.005863 -1.514591
v -1.332720 -0.005682 -1.514536
v -1.332720 -0.002989 -1.513719
v -1.332720 -0.002989 -1.513719
v -1.421651 -0.002989 -1.513719
v -1.421651 -0.002989 -1.513719
v -1.421651 -0.002989 -1.513719
v -1.468665 -0.002989 -1.513719
v -1.468665 -0.002989 -1.513719
v -1.451700 -0.002989 -1.513719
v -1.451700 -0.002989 -1.513719
v -1.451700 -0.002989 -1.513719
v -1.510119 -0.002989 -1.513719
v -1.510119 -0.002989 -1.513719
v 1.602616 -0.002989 -1.513719
v 1.602616 -0.002989 -1.513719
v 1.602616 -0.005863 -1.514591
v 1.561162 -0.005863 -1.514591
v 1.561162 -0.002989 -1.513719
v 1.561162 -0.002989 -1.513719
v -1.332720 0.000000 -1.513425
v -1.332720 0.000000 -1.513425
v -1.468665 0.000000 -1.513425
v -1.468665 0.000000 -1.513425
v -1.451994 0.000000 -1.513425
v -1.451994 0.000000 -1.513425
v -1.451994 0.000000 -1.513425
v -1.510119 0.000000 -1.513425
v -1.510119 0.000000 -1.513425
v 1.425218 0.000000 -1.513424
v 1.425218 0.000000 -1.513424
v 1.425218 -0.002989 -1.513719
v 1.425218 -0.002989 -1.513719
v 1.561162 0.000000 -1.513424
v 1.561162 0.000000 -1.513424
v 1.602616 0.000000 -1.513424
v 1.602616 0.000000 -1.513424
v -1.421358 0.000016 -1.513426
v -1.421358 0.000016 -1.513426
v -1.421358 0.000016 -1.513426
v -1.332720 0.002988 -1.513719
v -1.332720 0.002988 -1.513719
v -1.332720 0.002620 -1.513683
v -1.510119 0.002983 -1.513718
v -1.510119 0.002983 -1.513718
v 1.602616 0.002988 -1.513719
v 1.602616 0.002988 -1.513719
v -1.332720 0.005862 -1.514591
v 1.425218 0.005862 -1.514591
v 1.425218 0.008511 -1.516006
v -1.468665 0.005862 -1.514591
v -1.468665 0.008511 -1.516007
v -1.332720 0.008511 -1.516007
v -1.510119 0.005862 -1.514591
v -1.510119 0.008511 -1.516007
v 1.561162 0.005862 -1.514591
v 1.561162 0.008511 -1.516006
v -1.332720 0.010832 -1.517912
v -1.468665 0.010832 -1.517912
v -1.510119 0.010832 -1.517912
v 1.561162 0.010832 -1.517911
v 1.602616 0.008511 -1.516006
v 1.602616 0.010832 -1.517911
v -1.332720 0.012737 -1.520233
v -1.468665 0.012737 -1.520233
v -1.510119 0.012737 -1.520233
v 1.425218 0.010832 -1.517911
v 1.425218 0.012737 -1.520233
v 1.602616 0.012588 -1.520051
v 1.602616 0.012737 -1.520233
v 1.602616 0.012737 -1.520233
v -1.332720 0.014153 -1.522882
v -1.468665 0.014153 -1.522882
v -1.510119 0.014153 -1.522882
v 1.561162 0.013210 -1.521118
v 1.561162 0.014153 -1.522881
v 1.425218 0.014153 -1.522881
v 1.602616 0.014153 -1.522881
v 1.602616 0.000000 -1.494419
v 1.602616 0.000000 -1.494419
v 1.602616 0.006696 -1.495078
v 1.602616 0.006696 -1.495078
v 1.602616 -0.006697 -1.495078
v 1.602616 -0.006697 -1.495078
v 1.602616 -0.013136 -1.497031
v 1.602616 -0.019070 -1.500203
v 1.602616 -0.024272 -1.504472
v 1.602616 -0.028541 -1.509674
v 1.602616 -0.031713 -1.515608
v 1.602616 -0.033666 -1.522047
v 1.602616 -0.034325 -1.528744
v 1.602616 -0.033666 -1.535440
v 1.602616 -0.031713 -1.541880
v 1.602616 -0.028541 -1.547814
v 1.602616 -0.024272 -1.553015
v 1.602616 -0.019070 -1.557284
v 1.602616 -0.013136 -1.560456
v 1.602616 -0.006697 -1.562410
v 1.602616 -0.006697 -1.562410
v 1.602616 0.000000 -1.563069
v 1.602616 0.000000 -1.563069
v 1.602616 0.006696 -1.562410
v 1.602616 0.006696 -1.562410
v 1.602616 0.013136 -1.560456
v 1.602616 0.019070 -1.557284
v 1.602616 0.024271 -1.553015
v 1.602616 0.028540 -1.547814
v 1.602616 0.031712 -1.541880
v 1.602616 0.033666 -1.535440
v 1.602616 0.034325 -1.528744
v 1.602616 0.033666 -1.522047
v 1.602616 0.031712 -1.515608
v 1.602616 0.028540 -1.509674
v 1.602616 0.024271 -1.504472
v 1.602616 0.019070 -1.500203
v 1.602616 0.013136 -1.497031
v 1.602616 -0.012738 -1.537255
v 1.561162 0.034325 -1.528744
v 1.561162 0.033666 -1.522047
v 1.561162 0.033666 -1.535440
v 1.561162 0.031712 -1.541880
v 1.561162 0.031712 -1.515608
v 1.561162 0.028540 -1.547814
v 1.561162 0.024271 -1.553015
v 1.561162 0.019070 -1.557284
v 1.561162 0.013136 -1.560456
v 1.561162 0.006696 -1.562410
v 1.561162 0.006696 -1.562410
v 1.561162 0.000000 -1.563069
v 1.561162 0.000000 -1.563069
v 1.561162 -0.006697 -1.562410
v 1.561162 -0.006697 -1.562410
v 1.561162 -0.013136 -1.560456
v 1.561162 -0.019070 -1.557284
v 1.561162 -0.024272 -1.553015
v 1.561162 -0.028541 -1.547814
v 1.561162 -0.031713 -1.541880
v 1.561162 -0.033666 -1.535440
v 1.561162 -0.034325 -1.528744
v 1.561162 -0.033666 -1.522047
v 1.561162 -0.031713 -1.515608
v 1.561162 -0.028541 -1.509674
v 1.561162 -0.024272 -1.504472
v 1.561162 -0.019070 -1.500203
v 1.561162 -0.013136 -1.497031
v 1.561162 -0.006697 -1.495078
v 1.561162 -0.006697 -1.495078
v 1.561162 0.000000 -1.494419
v 1.561162 0.000000 -1.494419
v 1.561162 0.006696 -1.495078
v 1.561162 0.006696 -1.495078
v 1.561162 0.013136 -1.497031
v 1.561162 0.019070 -1.500203
v 1.561162 0.024271 -1.504472
v 1.561162 0.028540 -1.509674
v 1.561162 0.011425 -1.518634
v 1.561162 0.012737 -1.520233
v 0.002701 -0.034325 -1.542759
v 0.009397 -0.033666 -1.542759
v -0.003996 -0.033666 -1.542759
v -0.010435 -0.031713 -1.542759
v -0.011314 -0.031243 -1.542759
v 0.016716 -0.031243 -1.542759
v 0.015836 -0.031713 -1.542759
v -0.010435 0.031712 -1.542759
v -0.011314 0.031242 -1.542759
v -0.011314 0.031242 -1.542759
v -0.011314 0.031242 -1.542759
v -0.003996 0.033666 -1.542759
v 0.002701 0.034325 -1.542759
v 0.009397 0.033666 -1.542759
v 0.015836 0.031712 -1.542759
v 0.016716 0.031242 -1.542759
v 0.016716 0.031242 -1.542759
v 0.016716 0.031242 -1.542759
v 0.002701 0.034325 -0.900473
v 0.009397 0.033666 -0.900473
v -0.003996 0.033666 -0.900473
v -0.010435 0.031712 -0.900473
v 0.021771 0.028540 -0.900473
v 0.015836 0.031712 -0.900473
v -0.016369 0.028540 -0.900473
v -0.021571 0.024271 -0.900473
v -0.025840 0.019070 -0.900473
v -0.029012 0.013136 -0.900473
v -0.030965 0.006696 -0.900473
v -0.030965 0.006696 -0.900473
v -0.031625 0.000000 -0.900473
v -0.031625 0.000000 -0.900473
v -0.030965 -0.006697 -0.900473
v -0.030965 -0.006697 -0.900473
v -0.029012 -0.013136 -0.900473
v -0.025840 -0.019070 -0.900473
v -0.021571 -0.024272 -0.900473
v -0.016369 -0.028541 -0.900473
v -0.010435 -0.031713 -0.900473
v -0.003996 -0.033666 -0.900473
v 0.002701 -0.034325 -0.900473
v 0.009397 -0.033666 -0.900473
v 0.015836 -0.031713 -0.900473
v 0.021771 -0.028541 -0.900473
v 0.026972 -0.024272 -0.900473
v 0.031241 -0.019070 -0.900473
v 0.034413 -0.013136 -0.900473
v 0.036366 -0.006697 -0.900473
v 0.036366 -0.006697 -0.900473
v 0.037026 0.000000 -0.900473
v 0.037026 0.000000 -0.900473
v 0.036366 0.006696 -0.900473
v 0.036366 0.006696 -0.900473
v 0.034413 0.013136 -0.900473
v 0.031241 0.019070 -0.900473
v 0.026972 0.024271 -0.900473
v -0.021571 0.024271 -1.504472
v -0.021571 0.024271 -1.504472
v -0.016369 0.028540 -1.509674
v -0.016369 0.028540 -1.509674
v 0.015836 -0.031713 -1.515608
v 0.015836 -0.031713 -1.515608
v 0.021771 -0.028541 -1.509674
v 0.021771 -0.028541 -1.509674
v 0.034413 -0.013136 -1.497031
v 0.034413 -0.013136 -1.497031
v 0.036366 -0.006697 -1.495078
v 0.036366 -0.006697 -1.495078
v 0.036366 -0.006697 -1.495078
v 0.036366 -0.006697 -1.495078
v 0.036366 -0.006697 -1.495078
v 0.015836 0.031712 -1.541880
v 0.015836 0.031712 -1.541880
v 0.009397 0.033666 -1.535440
v 0.009397 0.033666 -1.535440
v 0.015836 0.031712 -1.515608
v 0.015836 0.031712 -1.515608
v 0.009397 0.033666 -1.522048
v 0.009397 0.033666 -1.522048
v 1.425218 0.034325 -1.528744
v 1.425218 0.033666 -1.535440
v 1.425218 0.033666 -1.522047
v 1.425218 0.031712 -1.515608
v 1.425218 0.028540 -1.509674
v 1.425218 0.024271 -1.504472
v 1.425218 0.019070 -1.500203
v 1.425218 0.013136 -1.497031
v 1.425218 0.006696 -1.495078
v 1.425218 0.006696 -1.495078
v 1.425218 0.000000 -1.494419
v 1.425218 0.000000 -1.494419
v 1.425218 -0.006697 -1.495078
v 1.425218 -0.006697 -1.495078
v 1.425218 -0.013136 -1.497031
v 1.425218 -0.019070 -1.500203
v 1.425218 -0.024272 -1.504472
v 1.425218 -0.028541 -1.509674
v 1.425218 -0.031713 -1.515608
v 1.425218 -0.033666 -1.522047
v 1.425218 -0.034325 -1.528744
v 1.425218 -0.033666 -1.535440
v 1.425218 -0.031713 -1.541879
v 1.425218 -0.028541 -1.547814
v 1.425218 -0.024272 -1.553015
v 1.425218 -0.019070 -1.557284
v 1.425218 -0.013136 -1.560456
v 1.425218 -0.006697 -1.562410
v 1.425218 -0.006697 -1.562410
v 1.425218 0.013136 -1.560456
v 1.425218 0.006696 -1.562410
v 1.425218 0.006696 -1.562410
v 1.425218 0.019070 -1.557284
v 1.425218 0.024271 -1.553015
v 1.425218 0.028540 -1.547814
v 1.425218 0.031712 -1.541879
v 1.425218 0.000000 -1.563069
v 1.425218 0.000000 -1.563069
v -1.332720 0.034325 -1.528744
v -1.332720 0.033666 -1.522047
v -1.332720 0.033666 -1.535441
v -1.332720 0.031712 -1.541880
v -1.332720 -0.013136 -1.497031
v -1.332720 -0.006697 -1.495078
v -1.332720 -0.006697 -1.495078
v -1.332720 0.000000 -1.494419
v -1.332720 0.000000 -1.494419
v -1.332720 0.006696 -1.495078
v -1.332720 0.006696 -1.495078
v -1.332720 0.013136 -1.497031
v -1.332720 0.019070 -1.500203
v -1.332720 0.024271 -1.504472
v -1.332720 0.028540 -1.509674
v -1.332720 0.031712 -1.515608
v -1.332720 0.028540 -1.547814
v -1.332720 0.024271 -1.553016
v -1.332720 0.019070 -1.557284
v -1.332720 0.013136 -1.560456
v -1.332720 -0.011067 -1.539291
v -1.332720 0.006696 -1.562410
v -1.332720 0.006696 -1.562410
v -1.332720 0.000000 -1.563069
v -1.332720 0.000000 -1.563069
v -1.332720 -0.006697 -1.562410
v -1.332720 -0.006697 -1.562410
v -1.332720 -0.013136 -1.560456
v -1.332720 -0.019070 -1.557284
v -1.332720 -0.024272 -1.553016
v -1.332720 -0.028541 -1.547814
v -1.332720 -0.031713 -1.541880
v -1.332720 -0.033666 -1.535441
v -1.332720 -0.034325 -1.528744
v -1.332720 -0.033666 -1.522047
v -1.332720 -0.031713 -1.515608
v -1.332720 -0.028541 -1.509674
v -1.332720 -0.024272 -1.504472
v -1.332720 -0.019070 -1.500203
v -0.030965 -0.006697 -1.495078
v -0.030965 -0.006697 -1.495078
v -0.030965 -0.006697 -1.495078
v -0.030965 -0.006697 -1.495078
v -0.030965 -0.006697 -1.495078
v -0.031625 0.000000 -1.494419
v -0.031625 0.000000 -1.494419
v -0.031625 0.000000 -1.494419
v -0.031625 0.000000 -1.494419
v -0.031625 0.000000 -1.494419
v 0.037026 0.000000 -1.494419
v 0.037026 0.000000 -1.494419
v 0.037026 0.000000 -1.494419
v 0.037026 0.000000 -1.494419
v 0.037026 0.000000 -1.494419
v -0.030965 0.006696 -1.495078
v -0.030965 0.006696 -1.495078
v -0.030965 0.006696 -1.495078
v -0.030965 0.006696 -1.495078
v -0.030965 0.006696 -1.495078
v 0.036366 0.006696 -1.495078
v 0.036366 0.006696 -1.495078
v 0.036366 0.006696 -1.495078
v 0.036366 0.006696 -1.495078
v 0.036366 0.006696 -1.495078
v 0.034413 0.013136 -1.497031
v 0.034413 0.013136 -1.497031
v 0.031241 0.019070 -1.500203
v 0.031241 0.019070 -1.500203
v 0.026972 0.024271 -1.504472
v 0.026972 0.024271 -1.504472
v -1.510119 0.024271 -1.504472
v -1.510119 0.028540 -1.509674
v -1.510119 0.031712 -1.515608
v -1.510119 0.033666 -1.522047
v -1.510119 -0.006697 -1.495078
v -1.510119 -0.006697 -1.495078
v -1.510119 0.000000 -1.494419
v -1.510119 0.000000 -1.494419
v -1.510119 0.006696 -1.495078
v -1.510119 0.006696 -1.495078
v -1.510119 0.013136 -1.497032
v -1.510119 0.019070 -1.500204
v -1.510119 0.034325 -1.528744
v -1.510119 0.033666 -1.535441
v -1.510119 0.031712 -1.541880
v -1.510119 0.028540 -1.547814
v -1.510119 0.024271 -1.553016
v -1.510119 0.019070 -1.557284
v -1.510119 0.013136 -1.560457
v -1.510119 0.006696 -1.562410
v -1.510119 0.006696 -1.562410
v -1.510119 0.000000 -1.563069
v -1.510119 0.000000 -1.563069
v -1.510119 -0.006697 -1.562410
v -1.510119 -0.006697 -1.562410
v -1.510119 -0.013136 -1.560457
v -1.510119 -0.019070 -1.557284
v -1.510119 -0.024272 -1.553016
v -1.510119 -0.028541 -1.547814
v -1.510119 -0.031713 -1.541880
v -1.510119 -0.033666 -1.535441
v -1.510119 -0.034325 -1.528744
v -1.510119 -0.033666 -1.522047
v -1.510119 -0.031713 -1.515608
v -1.510119 -0.028541 -1.509674
v -1.510119 -0.024272 -1.504472
v -1.510119 -0.019070 -1.500204
v -1.510119 -0.013136 -1.497032
v -1.468665 0.034325 -1.528744
v -1.468665 0.033666 -1.522047
v -1.468665 0.033666 -1.535441
v -1.468665 0.031712 -1.541880
v -1.468665 0.031712 -1.515608
v -1.468665 0.028540 -1.509674
v -1.468665 0.024271 -1.504472
v -1.468665 0.019070 -1.500204
v -1.468665 0.013136 -1.497032
v -1.468665 0.006696 -1.495078
v -1.468665 0.006696 -1.495078
v -1.468665 0.000000 -1.494419
v -1.468665 0.000000 -1.494419
v -1.468665 -0.024272 -1.504472
v -1.468665 -0.019070 -1.500204
v -1.468665 -0.028541 -1.509674
v -1.468665 -0.031713 -1.515608
v -1.468665 -0.033666 -1.522047
v -1.468665 -0.034325 -1.528744
v -1.468665 -0.033666 -1.535441
v -1.468665 -0.031713 -1.541880
v -1.468665 -0.028541 -1.547814
v -1.468665 -0.024272 -1.553016
v -1.468665 -0.019070 -1.557284
v -1.468665 -0.013136 -1.560457
v -1.468665 -0.006697 -1.562410
v -1.468665 -0.006697 -1.562410
v -1.468665 0.000000 -1.563069
v -1.468665 0.000000 -1.563069
v -1.468665 0.006696 -1.562410
v -1.468665 0.006696 -1.562410
v -1.468665 0.013136 -1.560457
v -1.468665 0.019070 -1.557284
v -1.468665 0.024271 -1.553016
v -1.468665 0.028540 -1.547814
v -1.468665 -0.006697 -1.495078
v -1.468665 -0.006697 -1.495078
v -1.468665 -0.013136 -1.497032
v -1.445186 0.012737 -1.538734
v -1.442538 0.014153 -1.538734
v -1.439664 0.015025 -1.538734
v -1.436675 0.015319 -1.538734
v -1.433687 0.015025 -1.538734
v -1.430813 0.014153 -1.538734
v -1.428164 0.012737 -1.538734
v -1.445186 -0.012738 -1.538734
v -1.428164 -0.012738 -1.538734
v -1.430813 -0.014153 -1.538734
v -1.433687 -0.015025 -1.538734
v -1.436675 -0.015319 -1.538734
v -1.439664 -0.015025 -1.538734
v -1.442538 -0.014153 -1.538734
v -1.439664 0.015025 -1.359455
v -1.436675 0.015319 -1.359455
v -1.436675 0.015319 0.003134
v -1.439664 0.015025 0.003134
v -1.439664 0.015025 -0.134890
v -1.436675 0.015319 -0.134890
v -1.433687 0.015025 -1.359455
v -1.433686 0.015025 0.003134
v -1.433686 0.015025 -0.134890
v -1.430812 0.014153 0.003134
v -1.433686 -0.015025 0.003134
v -1.436675 -0.015319 0.003134
v -1.430812 -0.014153 0.003134
v -1.428164 -0.012738 0.003134
v -1.425843 -0.010832 0.003134
v -1.423938 -0.008511 0.003134
v -1.422522 -0.005862 0.003134
v -1.421650 -0.002989 0.003134
v -1.421650 -0.002989 0.003134
v -1.421356 0.000000 0.003134
v -1.421356 0.000000 0.003134
v -1.421650 0.002989 0.003134
v -1.421650 0.002989 0.003134
v -1.422522 0.005862 0.003134
v -1.423938 0.008511 0.003134
v -1.425843 0.010832 0.003134
v -1.428164 0.012737 0.003134
v -1.442537 0.014153 0.003134
v -1.445186 0.012737 0.003134
v -1.447507 0.010832 0.003134
v -1.449413 0.008511 0.003134
v -1.450828 0.005862 0.003134
v -1.451700 0.002989 0.003134
v -1.451700 0.002989 0.003134
v -1.451994 0.000000 0.003134
v -1.451994 0.000000 0.003134
v -1.451700 -0.002989 0.003134
v -1.451700 -0.002989 0.003134
v -1.450828 -0.005862 0.003134
v -1.449413 -0.008511 0.003134
v -1.447507 -0.010832 0.003134
v -1.445186 -0.012738 0.003134
v -1.442537 -0.014153 0.003134
v -1.439664 -0.015025 0.003134
v -1.430813 0.014153 -1.359455
v -1.428164 0.012737 -1.359455
v -1.430812 0.014153 -0.134890
v -1.428164 0.012737 -0.134890
v -1.425843 0.010832 -0.134890
v -1.423938 0.008511 -0.134890
v -1.423938 0.008511 -1.359455
v -1.422522 0.005862 -1.359455
v -1.421650 0.002989 -0.134890
v -1.421650 0.002989 -0.134890
v -1.422522 0.005862 -0.134890
v -1.421356 0.000000 -0.134890
v -1.421356 0.000000 -0.134890
v -1.421356 0.000000 -1.359455
v -1.421356 0.000000 -1.359455
v -1.421651 -0.002989 -1.359455
v -1.421651 -0.002989 -1.359455
v -1.421650 -0.002989 -0.134890
v -1.421650 -0.002989 -0.134890
v -1.422522 -0.005863 -1.359455
v -1.421739 -0.003281 -1.359455
v -1.422522 -0.005863 -0.134890
v -1.423938 -0.008511 -0.134890
v -1.423938 -0.008511 -1.359455
v -1.425843 -0.010832 -1.359455
v -1.425843 -0.010832 -0.134890
v -1.428164 -0.012738 -1.359455
v -1.426085 -0.011031 -1.359455
v -1.428164 -0.012738 -0.134890
v -1.427954 -0.012565 -0.134890
v -1.430813 -0.014153 -1.359455
v -1.428444 -0.012887 -1.359455
v -1.430572 -0.014025 -0.134890
v -1.433687 -0.015025 -1.359455
v -1.430812 -0.014153 -0.134890
v -1.433686 -0.015025 -0.134890
v -1.436675 -0.015319 -1.359455
v -1.436675 -0.015319 -0.134890
v -1.439664 -0.015025 -1.359455
v -1.439664 -0.015025 -0.134890
v -1.442538 -0.014153 -1.359455
v -1.442537 -0.014153 -0.134890
v -1.444906 -0.012887 -1.359455
v -1.442777 -0.014025 -0.134890
v -1.445186 -0.012738 -0.134890
v -1.447266 -0.011031 -1.359455
v -1.447508 -0.010832 -1.359455
v -1.445397 -0.012565 -0.134890
v -1.449216 -0.008750 -1.359455
v -1.449413 -0.008511 -1.359455
v -1.447680 -0.010621 -0.134890
v -1.449413 -0.008511 -0.134890
v -1.450684 -0.006133 -1.359455
v -1.450829 -0.005862 -1.359455
v -1.449541 -0.008270 -0.134890
v -1.450828 -0.005862 -0.134890
v -1.451611 -0.003281 -1.359455
v -1.450907 -0.005601 -0.134890
v -1.451700 -0.002989 -0.134890
v -1.451700 -0.002989 -0.134890
v -1.451964 -0.000304 -1.359455
v -1.451994 0.000000 -1.359455
v -1.451994 0.000000 -1.359455
v -1.451994 0.000000 -0.134890
v -1.451994 0.000000 -0.134890
v -1.451727 -0.002717 -0.134890
v -1.451700 0.002989 -1.359455
v -1.451700 0.002989 -1.359455
v -1.451700 0.002989 -0.134890
v -1.451700 0.002989 -0.134890
v -1.450918 0.005569 -1.359455
v -1.451621 0.003250 -0.134890
v -1.450829 0.005862 -1.359455
v -1.449559 0.008238 -1.359455
v -1.450699 0.006103 -0.134890
v -1.449413 0.008511 -0.134890
v -1.449413 0.008511 -1.359455
v -1.447706 0.010590 -1.359455
v -1.449240 0.008721 -0.134890
v -1.445186 0.012737 -0.134890
v -1.442537 0.014153 -0.134890
v -1.442538 0.014153 -1.359455
v -1.432092 0.039161 -1.359455
v -1.428272 0.038785 -1.359455
v -1.471254 0.000000 -1.359455
v -1.471254 0.000000 -1.359455
v -1.470877 -0.003820 -1.359455
v -1.470877 0.003820 -1.359455
v -1.470501 0.007640 -1.359455
v -1.470501 0.007640 -1.359455
v -1.469387 0.011313 -1.359455
v -1.468273 0.014986 -1.359455
v -1.466463 0.018372 -1.359455
v -1.464654 0.021757 -1.359455
v -1.462219 0.024724 -1.359455
v -1.459783 0.027691 -1.359455
v -1.456816 0.030126 -1.359455
v -1.453849 0.032562 -1.359455
v -1.450464 0.034371 -1.359455
v -1.447079 0.036180 -1.359455
v -1.443405 0.037295 -1.359455
v -1.439732 0.038409 -1.359455
v -1.435912 0.038785 -1.359455
v -1.424452 0.038409 -1.359455
v -1.420779 0.037295 -1.359455
v -1.417105 0.036180 -1.359455
v -1.413720 0.034371 -1.359455
v -1.410335 0.032562 -1.359455
v -1.407368 0.030126 -1.359455
v -1.404401 0.027691 -1.359455
v -1.401965 0.024724 -1.359455
v -1.399530 0.021757 -1.359455
v -1.397721 0.018372 -1.359455
v -1.395912 0.014986 -1.359455
v -1.394797 0.011313 -1.359455
v -1.393683 0.007640 -1.359455
v -1.393683 0.007640 -1.359455
v -1.393307 0.003820 -1.359455
v -1.392930 0.000000 -1.359455
v -1.392930 0.000000 -1.359455
v -1.393307 -0.003820 -1.359455
v -1.393683 -0.007640 -1.359455
v -1.393683 -0.007640 -1.359455
v -1.394797 -0.011313 -1.359455
v -1.395912 -0.014987 -1.359455
v -1.397721 -0.018372 -1.359455
v -1.399530 -0.021757 -1.359455
v -1.401965 -0.024724 -1.359455
v -1.404401 -0.027692 -1.359455
v -1.407368 -0.030127 -1.359455
v -1.410335 -0.032562 -1.359455
v -1.413720 -0.034371 -1.359455
v -1.417105 -0.036181 -1.359455
v -1.420779 -0.037295 -1.359455
v -1.424452 -0.038409 -1.359455
v -1.428272 -0.038785 -1.359455
v -1.432092 -0.039162 -1.359455
v -1.435912 -0.038785 -1.359455
v -1.439732 -0.038409 -1.359455
v -1.443405 -0.037295 -1.359455
v -1.447079 -0.036181 -1.359455
v -1.450464 -0.034371 -1.359455
v -1.453849 -0.032562 -1.359455
v -1.456816 -0.030127 -1.359455
v -1.459783 -0.027692 -1.359455
v -1.462219 -0.024724 -1.359455
v -1.464654 -0.021757 -1.359455
v -1.466463 -0.018372 -1.359455
v -1.468273 -0.014987 -1.359455
v -1.469387 -0.011313 -1.359455
v -1.470501 -0.007640 -1.359455
v -1.470501 -0.007640 -1.359455
v -1.432092 0.039161 -0.134890
v -1.435912 0.038785 -0.134890
v -1.428272 0.038785 -0.134890
v -1.439732 0.038409 -0.134890
v -1.443405 0.037295 -0.134890
v -1.447079 0.036180 -0.134890
v -1.450464 0.034371 -0.134890
v -1.453849 0.032562 -0.134890
v -1.456816 0.030126 -0.134890
v -1.459783 0.027691 -0.134890
v -1.462218 0.024724 -0.134890
v -1.464654 0.021757 -0.134890
v -1.466463 0.018372 -0.134890
v -1.468273 0.014986 -0.134890
v -1.469387 0.011313 -0.134890
v -1.470501 0.007640 -0.747172
v -1.470501 0.007640 -0.134890
v -1.470501 0.007640 -0.134890
v -1.470877 0.003820 -0.134890
v -1.471254 0.000000 -0.747172
v -1.471254 0.000000 -0.134890
v -1.471254 0.000000 -0.134890
v -1.470877 -0.003820 -0.134890
v -1.470501 -0.007640 -0.747172
v -1.470501 -0.007640 -0.134890
v -1.470501 -0.007640 -0.134890
v -1.469387 -0.011313 -0.134890
v -1.468273 -0.014987 -0.134890
v -1.466463 -0.018372 -0.134890
v -1.464654 -0.021757 -0.134890
v -1.462218 -0.024724 -0.134890
v -1.459783 -0.027692 -0.134890
v -1.456816 -0.030127 -0.134890
v -1.453849 -0.032562 -0.134890
v -1.450464 -0.034371 -0.134890
v -1.447079 -0.036181 -0.134890
v -1.443405 -0.037295 -0.134890
v -1.439732 -0.038409 -0.134890
v -1.435912 -0.038785 -0.134890
v -1.432092 -0.039162 -0.134890
v -1.428272 -0.038785 -0.134890
v -1.424452 -0.038409 -0.134890
v -1.420779 -0.037295 -0.134890
v -1.417105 -0.036181 -0.134890
v -1.413720 -0.034371 -0.134890
v -1.410335 -0.032562 -0.134890
v -1.407368 -0.030127 -0.134890
v -1.404401 -0.027692 -0.134890
v -1.401965 -0.024724 -0.134890
v -1.399530 -0.021757 -0.134890
v -1.397721 -0.018372 -0.134890
v -1.395911 -0.014987 -0.134890
v -1.394797 -0.011313 -0.134890
v -1.393683 -0.007640 -0.747172
v -1.393683 -0.007640 -0.134890
v -1.393683 -0.007640 -0.134890
v -1.393307 -0.003820 -0.134890
v -1.392930 0.000000 -0.747172
v -1.392930 0.000000 -0.134890
v -1.392930 0.000000 -0.134890
v -1.393307 0.003820 -0.134890
v -1.393683 0.007640 -0.747172
v -1.393683 0.007640 -0.134890
v -1.393683 0.007640 -0.134890
v -1.394797 0.011313 -0.134890
v -1.395911 0.014986 -0.134890
v -1.397721 0.018372 -0.134890
v -1.399530 0.021757 -0.134890
v -1.401965 0.024724 -0.134890
v -1.404401 0.027691 -0.134890
v -1.407368 0.030126 -0.134890
v -1.410335 0.032562 -0.134890
v -1.413720 0.034371 -0.134890
v -1.417105 0.036180 -0.134890
v -1.420779 0.037295 -0.134890
v -1.424452 0.038409 -0.134890
v -1.430813 -0.014153 -1.534606
v -1.430813 -0.014153 -1.534606
v -1.442538 -0.014153 -1.534606
v -1.442538 -0.014153 -1.534606
v 1.602616 -0.014153 -1.534606
v 1.561162 -0.014153 -1.534606
v -1.439664 -0.015025 -1.531733
v -1.439664 -0.015025 -1.531733
v -1.433688 -0.015025 -1.531733
v -1.433688 -0.015025 -1.531733
v -1.436675 -0.015319 -1.528744
v -1.436675 -0.015319 -1.528744
v -1.436675 -0.015319 -1.528744
v 1.425218 -0.008511 -1.516006
v 1.602616 -0.008511 -1.516006
v 1.561162 -0.008511 -1.516006
v 1.425218 -0.005863 -1.514591
v -1.468665 0.002926 -1.513713
v -1.468665 0.002926 -1.513713
v -1.451702 0.002973 -1.513718
v -1.451702 0.002973 -1.513718
v -1.451702 0.002973 -1.513718
v -1.451962 0.000322 -1.513456
v -1.421446 0.000910 -1.513514
v -1.421638 0.002861 -1.513707
v 1.425218 0.002988 -1.513719
v 1.425218 0.002988 -1.513719
v 1.561162 0.002988 -1.513719
v 1.561162 0.002988 -1.513719
v -1.421651 0.002988 -1.513719
v -1.421651 0.002988 -1.513719
v 1.602616 0.005862 -1.514591
v 1.425218 0.008654 -1.516124
v 1.602616 0.014045 -1.522680
v 0.002701 0.034325 -1.528744
v 0.002701 0.034325 -1.528744
v 0.002701 0.034325 -1.528744
v 0.002701 0.034325 -1.528744
v 0.002701 0.034325 -1.528744
v -0.003996 0.033666 -1.535440
v -0.003996 0.033666 -1.535440
v -0.003996 0.033666 -1.522048
v -0.003996 0.033666 -1.522048
v -0.010435 0.031712 -1.541880
v -0.010435 0.031712 -1.541880
v -0.010435 0.031712 -1.515608
v -0.010435 0.031712 -1.515608
v -0.025840 0.019070 -1.500203
v -0.025840 0.019070 -1.500203
v -0.029012 0.013136 -1.497031
v -0.029012 0.013136 -1.497031
v -0.029012 -0.013136 -1.497031
v -0.029012 -0.013136 -1.497031
v -0.025840 -0.019070 -1.500203
v -0.025840 -0.019070 -1.500203
v -0.021571 -0.024272 -1.504472
v -0.021571 -0.024272 -1.504472
v -0.016369 -0.028541 -1.509674
v -0.016369 -0.028541 -1.509674
v -0.010435 -0.031713 -1.515608
v -0.010435 -0.031713 -1.515608
v -0.003996 -0.033666 -1.522047
v -0.003996 -0.033666 -1.522047
v 0.002701 -0.034325 -1.528744
v 0.002701 -0.034325 -1.528744
v 0.002701 -0.034325 -1.528744
v 0.009397 -0.033666 -1.522047
v 0.009397 -0.033666 -1.522047
v 0.026972 -0.024272 -1.504472
v 0.026972 -0.024272 -1.504472
v 0.031241 -0.019070 -1.500203
v 0.031241 -0.019070 -1.500203
v 0.021771 0.028540 -1.509674
v 0.021771 0.028540 -1.509674
v -1.425843 0.010832 -1.359455
v -1.421651 0.002989 -1.359455
v -1.421651 0.002989 -1.359455
v -1.422443 -0.005601 -0.134890
v -1.445186 -0.012738 -1.359455
v -1.447507 -0.010832 -0.134890
v -1.451700 -0.002989 -1.359455
v -1.451700 -0.002989 -1.359455
v -1.450828 0.005862 -0.134890
v -1.447508 0.010832 -1.359455
v -1.447507 0.010832 -0.134890
v -1.445186 0.012737 -1.359455
v -0.685776 0.001865 -1.503736
v -0.685776 0.001865 -1.199736
v -0.989776 0.001865 -1.503736
v -0.989776 0.001865 -1.199736
v 0.903096 0.001865 -1.506523
v 0.599096 0.001865 -1.506523
v 0.903096 0.001865 -1.202524
v 0.599096 0.001865 -1.202524
v -0.685776 0.014580 -1.199736
v -0.685776 0.014580 -1.503736
v -0.989776 0.014580 -1.503736
v -0.989776 0.014580 -1.199736
v 0.903096 0.014580 -1.202524
v 0.903096 0.014580 -1.506523
v 0.599096 0.014580 -1.506523
v 0.599096 0.014580 -1.202524

vt 0.871411 0.216039
vt 0.886781 0.234767
vt 0.866753 0.168743
vt 0.980936 0.157497
vt 0.965566 0.138768
vt 0.985594 0.204793
vt 0.639381 0.375362
vt 0.639381 0.367277
vt 0.650961 0.367277
vt 0.521598 0.367277
vt 0.536639 0.367277
vt 0.522436 0.367280
vt 0.639381 0.617919
vt 0.650961 0.617919
vt 0.650961 0.626004
vt 0.639381 0.609834
vt 0.650961 0.609834
vt 0.650961 0.617919
vt 0.536639 0.617919
vt 0.522687 0.617918
vt 0.522928 0.609834
vt 0.521944 0.609834
vt 0.522185 0.617919
vt 0.521598 0.617919
vt 0.382245 0.795207
vt 0.340850 0.872653
vt 0.304799 0.753812
vt 0.639381 0.601749
vt 0.650961 0.601749
vt 0.650961 0.609834
vt 0.536639 0.609834
vt 0.522928 0.609833
vt 0.523150 0.601749
vt 0.521722 0.601749
vt 0.521944 0.609834
vt 0.521598 0.609834
vt 0.639381 0.593663
vt 0.650961 0.593663
vt 0.650961 0.601749
vt 0.536639 0.601749
vt 0.523150 0.601749
vt 0.523345 0.593663
vt 0.521598 0.596597
vt 0.521722 0.601749
vt 0.521598 0.601749
vt 0.639381 0.593663
vt 0.639381 0.585578
vt 0.650961 0.585578
vt 0.536639 0.593663
vt 0.523345 0.593663
vt 0.523505 0.585578
vt 0.639381 0.585578
vt 0.639381 0.577493
vt 0.650961 0.577493
vt 0.536639 0.585578
vt 0.523505 0.585578
vt 0.523623 0.577493
vt 0.639381 0.577493
vt 0.639381 0.569408
vt 0.650961 0.569408
vt 0.536639 0.577493
vt 0.523623 0.577493
vt 0.523696 0.569408
vt 0.639381 0.569408
vt 0.639381 0.561323
vt 0.650961 0.561323
vt 0.536639 0.569408
vt 0.523696 0.569408
vt 0.523721 0.561323
vt 0.639381 0.553237
vt 0.650961 0.553237
vt 0.650961 0.561323
vt 0.536639 0.553237
vt 0.536639 0.561323
vt 0.523721 0.561323
vt 0.639381 0.553237
vt 0.639381 0.545152
vt 0.650961 0.545152
vt 0.536639 0.545152
vt 0.536639 0.553237
vt 0.523696 0.553237
vt 0.639381 0.545152
vt 0.639381 0.537067
vt 0.650961 0.537067
vt 0.536639 0.537067
vt 0.536639 0.545152
vt 0.523623 0.545152
vt 0.639381 0.537067
vt 0.639381 0.528982
vt 0.650961 0.528982
vt 0.536639 0.528982
vt 0.536639 0.537067
vt 0.523504 0.537067
vt 0.639381 0.520896
vt 0.650961 0.520896
vt 0.650961 0.528982
vt 0.521598 0.520896
vt 0.521722 0.520896
vt 0.521598 0.526048
vt 0.536639 0.520896
vt 0.536639 0.528982
vt 0.523345 0.528982
vt 0.639381 0.512811
vt 0.650961 0.512811
vt 0.650961 0.520896
vt 0.521598 0.512811
vt 0.521944 0.512811
vt 0.521722 0.520896
vt 0.536639 0.512811
vt 0.536639 0.520896
vt 0.523150 0.520896
vt 0.639381 0.512811
vt 0.639381 0.504726
vt 0.650961 0.504726
vt 0.521598 0.504726
vt 0.522185 0.504726
vt 0.521944 0.512811
vt 0.536639 0.504726
vt 0.536639 0.512811
vt 0.522928 0.512810
vt 0.639381 0.496641
vt 0.650961 0.496641
vt 0.650961 0.504726
vt 0.521598 0.496641
vt 0.522436 0.496641
vt 0.522185 0.504726
vt 0.536639 0.496641
vt 0.536639 0.504726
vt 0.522687 0.504723
vt 0.639381 0.496641
vt 0.639381 0.488555
vt 0.650961 0.488555
vt 0.521598 0.496641
vt 0.521598 0.488555
vt 0.522185 0.488559
vt 0.536639 0.496641
vt 0.522436 0.496641
vt 0.522687 0.488555
vt 0.639381 0.480470
vt 0.650961 0.480470
vt 0.650961 0.488555
vt 0.521598 0.488555
vt 0.521598 0.480470
vt 0.521944 0.480471
vt 0.536639 0.488555
vt 0.522687 0.488555
vt 0.522928 0.480470
vt 0.639381 0.472385
vt 0.650961 0.472385
vt 0.650961 0.480470
vt 0.521598 0.480470
vt 0.521598 0.472385
vt 0.521722 0.472385
vt 0.536639 0.480470
vt 0.522928 0.480470
vt 0.523150 0.472385
vt 0.639381 0.464300
vt 0.650961 0.464300
vt 0.650961 0.472385
vt 0.521598 0.472385
vt 0.521598 0.467234
vt 0.521722 0.472385
vt 0.536639 0.472385
vt 0.523150 0.472385
vt 0.523345 0.464300
vt 0.639381 0.456214
vt 0.650961 0.456214
vt 0.650961 0.464300
vt 0.536639 0.464300
vt 0.523345 0.464300
vt 0.523504 0.456214
vt 0.639381 0.448129
vt 0.650961 0.448129
vt 0.650961 0.456214
vt 0.536639 0.456214
vt 0.523504 0.456214
vt 0.523623 0.448129
vt 0.650961 0.440044
vt 0.639381 0.448129
vt 0.639381 0.447405
vt 0.536639 0.448129
vt 0.523623 0.448129
vt 0.523696 0.440044
vt 0.639381 0.431959
vt 0.650961 0.431959
vt 0.650961 0.440044
vt 0.536639 0.440044
vt 0.523696 0.440044
vt 0.523721 0.431959
vt 0.639381 0.423874
vt 0.650961 0.423874
vt 0.650961 0.431959
vt 0.523721 0.431959
vt 0.523696 0.423874
vt 0.536639 0.424814
vt 0.639381 0.415788
vt 0.650961 0.415788
vt 0.650961 0.423874
vt 0.523696 0.423874
vt 0.523623 0.415788
vt 0.536639 0.415788
vt 0.639381 0.407703
vt 0.650961 0.407703
vt 0.650961 0.415788
vt 0.523623 0.415788
vt 0.523505 0.407703
vt 0.536639 0.407703
vt 0.639381 0.399618
vt 0.650961 0.399618
vt 0.650961 0.407703
vt 0.523505 0.407703
vt 0.523345 0.399618
vt 0.536639 0.399618
vt 0.639381 0.391533
vt 0.650961 0.391533
vt 0.650961 0.399618
vt 0.523345 0.399618
vt 0.523150 0.391533
vt 0.536639 0.391533
vt 0.521598 0.396685
vt 0.521598 0.391533
vt 0.521722 0.391533
vt 0.639381 0.383447
vt 0.650961 0.383447
vt 0.650961 0.391533
vt 0.523150 0.391533
vt 0.522928 0.383447
vt 0.536639 0.383447
vt 0.521598 0.383447
vt 0.521944 0.383447
vt 0.521722 0.391533
vt 0.639381 0.375362
vt 0.650961 0.375362
vt 0.650961 0.383447
vt 0.522928 0.383447
vt 0.522686 0.375362
vt 0.536639 0.375362
vt 0.521598 0.375362
vt 0.522185 0.375363
vt 0.521944 0.383447
vt 0.065142 0.375362
vt 0.065142 0.371319
vt 0.129824 0.371319
vt 0.065142 0.383447
vt 0.065142 0.379405
vt 0.129824 0.379405
vt 0.129824 0.391533
vt 0.065142 0.391533
vt 0.065142 0.387490
vt 0.065142 0.399618
vt 0.065142 0.395575
vt 0.129824 0.395575
vt 0.065142 0.407703
vt 0.065142 0.403660
vt 0.129824 0.403660
vt 0.065142 0.415788
vt 0.065142 0.411746
vt 0.129824 0.411746
vt 0.065142 0.423874
vt 0.065142 0.419831
vt 0.129824 0.419831
vt 0.065142 0.431959
vt 0.065142 0.427916
vt 0.129824 0.427916
vt 0.065142 0.440044
vt 0.065142 0.436001
vt 0.129824 0.436001
vt 0.065142 0.448129
vt 0.065142 0.444087
vt 0.129824 0.444087
vt 0.065142 0.456214
vt 0.065142 0.452172
vt 0.129824 0.452172
vt 0.065142 0.464300
vt 0.065142 0.460257
vt 0.129824 0.460257
vt 0.065142 0.472385
vt 0.065142 0.468342
vt 0.129824 0.468342
vt 0.065142 0.480470
vt 0.065142 0.476428
vt 0.129824 0.476428
vt 0.065142 0.488555
vt 0.065142 0.484513
vt 0.129824 0.484513
vt 0.065142 0.496641
vt 0.065142 0.492598
vt 0.129824 0.492598
vt 0.065142 0.504726
vt 0.065142 0.500683
vt 0.129824 0.500683
vt 0.065142 0.512811
vt 0.065142 0.508768
vt 0.129824 0.508768
vt 0.065142 0.520896
vt 0.065142 0.516854
vt 0.129824 0.516854
vt 0.065142 0.528982
vt 0.065142 0.524939
vt 0.129824 0.524939
vt 0.065142 0.537067
vt 0.065142 0.533024
vt 0.129824 0.533024
vt 0.065142 0.545152
vt 0.065142 0.541109
vt 0.129824 0.541109
vt 0.065142 0.553237
vt 0.065142 0.549195
vt 0.129824 0.549195
vt 0.065142 0.561323
vt 0.065142 0.557280
vt 0.129824 0.557280
vt 0.065142 0.569408
vt 0.065142 0.565365
vt 0.129824 0.565365
vt 0.065142 0.577493
vt 0.065142 0.573450
vt 0.129824 0.573450
vt 0.065142 0.585578
vt 0.065142 0.581536
vt 0.129824 0.581536
vt 0.065142 0.593663
vt 0.065142 0.589621
vt 0.129824 0.589621
vt 0.065142 0.601749
vt 0.065142 0.597706
vt 0.129824 0.597706
vt 0.065142 0.609834
vt 0.065142 0.605791
vt 0.129824 0.605791
vt 0.311281 0.674024
vt 0.308636 0.677983
vt 0.310769 0.628112
vt 0.351480 0.700883
vt 0.383433 0.700776
vt 0.348834 0.704842
vt 0.065142 0.617919
vt 0.065142 0.613877
vt 0.129824 0.613877
vt 0.065142 0.626004
vt 0.065142 0.621962
vt 0.129824 0.621962
vt 0.801560 0.808738
vt 0.804205 0.804778
vt 0.760264 0.825288
vt 0.881480 0.801177
vt 0.841758 0.835598
vt 0.832927 0.873841
vt 0.000460 0.626004
vt 0.000460 0.621962
vt 0.065142 0.621962
vt 0.000460 0.621962
vt 0.000460 0.617919
vt 0.065142 0.617919
vt 0.065142 0.621962
vt 0.065142 0.617919
vt 0.129824 0.617919
vt 0.000460 0.617919
vt 0.000460 0.613877
vt 0.065142 0.613877
vt 0.000460 0.613877
vt 0.000460 0.609834
vt 0.065142 0.609834
vt 0.065142 0.613877
vt 0.065142 0.609834
vt 0.129824 0.609834
vt 0.000460 0.609834
vt 0.000460 0.605791
vt 0.065142 0.605791
vt 0.000460 0.605791
vt 0.000460 0.601749
vt 0.065142 0.601749
vt 0.065142 0.605791
vt 0.065142 0.601749
vt 0.129824 0.601749
vt 0.000460 0.601749
vt 0.000460 0.597706
vt 0.065142 0.597706
vt 0.000460 0.597706
vt 0.000460 0.593663
vt 0.065142 0.593663
vt 0.065142 0.597706
vt 0.065142 0.593663
vt 0.129824 0.593663
vt 0.000460 0.593663
vt 0.000460 0.589621
vt 0.065142 0.589621
vt 0.000460 0.589621
vt 0.000460 0.585578
vt 0.065142 0.585578
vt 0.065142 0.589621
vt 0.065142 0.585578
vt 0.129824 0.585578
vt 0.065142 0.585578
vt 0.000460 0.585578
vt 0.000460 0.581536
vt 0.000460 0.581536
vt 0.000460 0.577493
vt 0.065142 0.577493
vt 0.129824 0.581536
vt 0.065142 0.581536
vt 0.065142 0.577493
vt 0.000460 0.577493
vt 0.000460 0.573450
vt 0.065142 0.573450
vt 0.000460 0.573450
vt 0.000460 0.569408
vt 0.065142 0.569408
vt 0.065142 0.573450
vt 0.065142 0.569408
vt 0.129824 0.569408
vt 0.000460 0.569408
vt 0.000460 0.565365
vt 0.065142 0.565365
vt 0.065142 0.565365
vt 0.000460 0.565365
vt 0.000460 0.561323
vt 0.065142 0.565365
vt 0.065142 0.561323
vt 0.129824 0.561323
vt 0.000460 0.561323
vt 0.000460 0.557280
vt 0.065142 0.557280
vt 0.000460 0.557280
vt 0.000460 0.553237
vt 0.065142 0.553237
vt 0.065142 0.557280
vt 0.065142 0.553237
vt 0.129824 0.553237
vt 0.000460 0.553237
vt 0.000460 0.549195
vt 0.065142 0.549195
vt 0.000460 0.549195
vt 0.000460 0.545152
vt 0.065142 0.545152
vt 0.065142 0.549195
vt 0.065142 0.545152
vt 0.129824 0.545152
vt 0.000460 0.545152
vt 0.000460 0.541109
vt 0.065142 0.541109
vt 0.065142 0.541109
vt 0.000460 0.541109
vt 0.000460 0.537067
vt 0.065142 0.541109
vt 0.065142 0.537067
vt 0.129824 0.537067
vt 0.000460 0.537067
vt 0.000460 0.533024
vt 0.065142 0.533024
vt 0.000460 0.533024
vt 0.000460 0.528982
vt 0.065142 0.528982
vt 0.065142 0.533024
vt 0.065142 0.528982
vt 0.129824 0.528982
vt 0.000460 0.528982
vt 0.000460 0.524939
vt 0.065142 0.524939
vt 0.000460 0.524939
vt 0.000460 0.520896
vt 0.065142 0.520896
vt 0.065142 0.524939
vt 0.065142 0.520896
vt 0.129824 0.520896
vt 0.000460 0.520896
vt 0.000460 0.516854
vt 0.065142 0.516854
vt 0.000460 0.516854
vt 0.000460 0.512811
vt 0.065142 0.512811
vt 0.065142 0.516854
vt 0.065142 0.512811
vt 0.129824 0.512811
vt 0.000460 0.512811
vt 0.000460 0.508768
vt 0.065142 0.508768
vt 0.000460 0.508768
vt 0.000460 0.504726
vt 0.065142 0.504726
vt 0.065142 0.508768
vt 0.065142 0.504726
vt 0.129824 0.504726
vt 0.000460 0.504726
vt 0.000460 0.500683
vt 0.065142 0.500683
vt 0.000460 0.500683
vt 0.000460 0.496641
vt 0.065142 0.496641
vt 0.065142 0.500683
vt 0.065142 0.496641
vt 0.129824 0.496641
vt 0.000460 0.496641
vt 0.000460 0.492598
vt 0.065142 0.492598
vt 0.000460 0.492598
vt 0.000460 0.488555
vt 0.065142 0.488555
vt 0.065142 0.492598
vt 0.065142 0.488555
vt 0.129824 0.488555
vt 0.000460 0.488555
vt 0.000460 0.484513
vt 0.065142 0.484513
vt 0.000460 0.484513
vt 0.000460 0.480470
vt 0.065142 0.480470
vt 0.065142 0.484513
vt 0.065142 0.480470
vt 0.129824 0.480470
vt 0.000460 0.480470
vt 0.000460 0.476428
vt 0.065142 0.476428
vt 0.000460 0.476428
vt 0.000460 0.472385
vt 0.065142 0.472385
vt 0.065142 0.476428
vt 0.065142 0.472385
vt 0.129824 0.472385
vt 0.000460 0.472385
vt 0.000460 0.468342
vt 0.065142 0.468342
vt 0.000460 0.468342
vt 0.000460 0.464300
vt 0.065142 0.464300
vt 0.065142 0.468342
vt 0.065142 0.464300
vt 0.129824 0.464300
vt 0.000460 0.464300
vt 0.000460 0.460257
vt 0.065142 0.460257
vt 0.000460 0.460257
vt 0.000460 0.456214
vt 0.065142 0.456214
vt 0.065142 0.460257
vt 0.065142 0.456214
vt 0.129824 0.456214
vt 0.000460 0.456214
vt 0.000460 0.452172
vt 0.065142 0.452172
vt 0.000460 0.452172
vt 0.000460 0.448129
vt 0.065142 0.448129
vt 0.065142 0.452172
vt 0.065142 0.448129
vt 0.129824 0.448129
vt 0.000460 0.448129
vt 0.000460 0.444087
vt 0.065142 0.444087
vt 0.000460 0.444087
vt 0.000460 0.440044
vt 0.065142 0.440044
vt 0.065142 0.444087
vt 0.065142 0.440044
vt 0.129824 0.440044
vt 0.000460 0.440044
vt 0.000460 0.436001
vt 0.065142 0.436001
vt 0.000460 0.436001
vt 0.000460 0.431959
vt 0.065142 0.431959
vt 0.065142 0.436001
vt 0.065142 0.431959
vt 0.129824 0.431959
vt 0.000460 0.431959
vt 0.000460 0.427916
vt 0.065142 0.427916
vt 0.000460 0.427916
vt 0.000460 0.423874
vt 0.065142 0.423874
vt 0.065142 0.427916
vt 0.065142 0.423874
vt 0.129824 0.423874
vt 0.000460 0.423874
vt 0.000460 0.419831
vt 0.065142 0.419831
vt 0.000460 0.419831
vt 0.000460 0.415788
vt 0.065142 0.415788
vt 0.065142 0.419831
vt 0.065142 0.415788
vt 0.129824 0.415788
vt 0.000460 0.415788
vt 0.000460 0.411746
vt 0.065142 0.411746
vt 0.000460 0.411746
vt 0.000460 0.407703
vt 0.065142 0.407703
vt 0.065142 0.411746
vt 0.065142 0.407703
vt 0.129824 0.407703
vt 0.000460 0.407703
vt 0.000460 0.403660
vt 0.065142 0.403660
vt 0.000460 0.403660
vt 0.000460 0.399618
vt 0.065142 0.399618
vt 0.065142 0.403660
vt 0.065142 0.399618
vt 0.129824 0.399618
vt 0.000460 0.399618
vt 0.000460 0.395575
vt 0.065142 0.395575
vt 0.000460 0.395575
vt 0.000460 0.391533
vt 0.065142 0.391533
vt 0.065142 0.395575
vt 0.065142 0.391533
vt 0.129824 0.391533
vt 0.000460 0.391533
vt 0.000460 0.387490
vt 0.065142 0.387490
vt 0.000460 0.387490
vt 0.000460 0.383447
vt 0.065142 0.383447
vt 0.065142 0.387490
vt 0.065142 0.383447
vt 0.129824 0.383447
vt 0.000460 0.383447
vt 0.000460 0.379405
vt 0.065142 0.379405
vt 0.000460 0.379405
vt 0.000460 0.375362
vt 0.065142 0.375362
vt 0.065142 0.379405
vt 0.065142 0.375362
vt 0.129824 0.375362
vt 0.000460 0.375362
vt 0.000460 0.371320
vt 0.065142 0.371319
vt 0.000460 0.371320
vt 0.000460 0.367277
vt 0.065142 0.367277
vt 0.065142 0.371319
vt 0.065142 0.367277
vt 0.129824 0.367277
vt 0.955445 0.007493
vt 0.871411 0.032985
vt 0.980936 0.091527
vt 0.398882 0.367277
vt 0.398882 0.375362
vt 0.394700 0.375362
vt 0.513109 0.367277
vt 0.517414 0.367277
vt 0.517290 0.375362
vt 0.518739 0.367277
vt 0.518739 0.375362
vt 0.517538 0.375359
vt 0.520456 0.367277
vt 0.520677 0.367277
vt 0.520677 0.375362
vt 0.391534 0.375362
vt 0.391313 0.375362
vt 0.391313 0.367277
vt 0.393251 0.367277
vt 0.394576 0.367277
vt 0.394452 0.375362
vt 0.398882 0.626004
vt 0.394576 0.626004
vt 0.394700 0.617919
vt 0.518739 0.626004
vt 0.517414 0.626004
vt 0.517538 0.617919
vt 0.513109 0.626004
vt 0.513109 0.617919
vt 0.517291 0.617922
vt 0.520456 0.617919
vt 0.520677 0.617919
vt 0.520677 0.626004
vt 0.391534 0.626004
vt 0.391313 0.626004
vt 0.391313 0.617919
vt 0.393251 0.626004
vt 0.393251 0.617919
vt 0.394452 0.617919
vt 0.398882 0.617919
vt 0.394700 0.617919
vt 0.394819 0.609834
vt 0.518739 0.617919
vt 0.517538 0.617919
vt 0.517657 0.609834
vt 0.513109 0.617919
vt 0.513109 0.609834
vt 0.517172 0.609835
vt 0.520456 0.609834
vt 0.520677 0.609834
vt 0.520677 0.617919
vt 0.391534 0.617919
vt 0.391313 0.617919
vt 0.391313 0.609834
vt 0.393251 0.617919
vt 0.393251 0.609834
vt 0.394333 0.609834
vt 0.751123 0.659449
vt 0.725631 0.743483
vt 0.667089 0.633958
vt 0.398882 0.602268
vt 0.394819 0.609834
vt 0.398882 0.601749
vt 0.518739 0.609834
vt 0.517657 0.609834
vt 0.517767 0.601749
vt 0.513109 0.609834
vt 0.513109 0.601749
vt 0.517062 0.601749
vt 0.520456 0.601749
vt 0.520677 0.601749
vt 0.520677 0.609834
vt 0.391313 0.601749
vt 0.391534 0.601749
vt 0.391534 0.609834
vt 0.394224 0.601749
vt 0.393251 0.609834
vt 0.393251 0.604450
vt 0.391534 0.601749
vt 0.391313 0.601749
vt 0.391313 0.593663
vt 0.518739 0.593663
vt 0.517828 0.596597
vt 0.517000 0.596597
vt 0.520456 0.593663
vt 0.520677 0.593663
vt 0.520677 0.601749
vt 0.393251 0.593663
vt 0.398882 0.593663
vt 0.394162 0.596597
vt 0.518739 0.593663
vt 0.513109 0.593663
vt 0.513109 0.585578
vt 0.520456 0.593663
vt 0.520456 0.585578
vt 0.520677 0.585578
vt 0.398882 0.593663
vt 0.393251 0.593663
vt 0.393251 0.585578
vt 0.391534 0.593663
vt 0.391313 0.593663
vt 0.391313 0.585578
vt 0.398882 0.585578
vt 0.393251 0.585578
vt 0.393251 0.577493
vt 0.518739 0.585578
vt 0.513109 0.585578
vt 0.513109 0.577493
vt 0.520456 0.577493
vt 0.520677 0.577493
vt 0.520677 0.585578
vt 0.391534 0.585578
vt 0.391313 0.585578
vt 0.391313 0.577493
vt 0.398882 0.577493
vt 0.393251 0.577493
vt 0.393251 0.569408
vt 0.518739 0.577493
vt 0.513109 0.577493
vt 0.513109 0.569408
vt 0.520456 0.577493
vt 0.520456 0.569408
vt 0.520677 0.569408
vt 0.391534 0.577493
vt 0.391313 0.577493
vt 0.391313 0.569408
vt 0.398882 0.569408
vt 0.393251 0.569408
vt 0.393251 0.561322
vt 0.518739 0.569408
vt 0.513109 0.569408
vt 0.513109 0.561323
vt 0.520456 0.569408
vt 0.520456 0.561323
vt 0.520677 0.561323
vt 0.391534 0.569408
vt 0.391313 0.569408
vt 0.391313 0.561323
vt 0.398882 0.561322
vt 0.393251 0.561322
vt 0.393251 0.553237
vt 0.518739 0.561323
vt 0.513109 0.561323
vt 0.513109 0.553237
vt 0.520456 0.561323
vt 0.520456 0.553237
vt 0.520677 0.553237
vt 0.391534 0.561323
vt 0.391313 0.561323
vt 0.391313 0.553237
vt 0.398882 0.553237
vt 0.393251 0.553237
vt 0.393251 0.545152
vt 0.518739 0.553237
vt 0.513109 0.553237
vt 0.513109 0.545152
vt 0.520456 0.553237
vt 0.520456 0.545152
vt 0.520677 0.545152
vt 0.391534 0.553237
vt 0.391313 0.553237
vt 0.391313 0.545152
vt 0.398882 0.545152
vt 0.393251 0.545152
vt 0.393251 0.537067
vt 0.518739 0.545152
vt 0.513109 0.545152
vt 0.513109 0.537067
vt 0.520456 0.545152
vt 0.520456 0.537067
vt 0.520677 0.537067
vt 0.391534 0.545152
vt 0.391313 0.545152
vt 0.391313 0.537067
vt 0.518739 0.537067
vt 0.513109 0.537067
vt 0.513109 0.528982
vt 0.520456 0.528982
vt 0.520677 0.528982
vt 0.520677 0.537067
vt 0.398882 0.537067
vt 0.393251 0.537067
vt 0.393251 0.528982
vt 0.391534 0.537067
vt 0.391313 0.537067
vt 0.391313 0.528982
vt 0.513109 0.527988
vt 0.517828 0.526047
vt 0.518739 0.528982
vt 0.517828 0.526047
vt 0.517000 0.526047
vt 0.517062 0.520896
vt 0.520456 0.528982
vt 0.520456 0.520896
vt 0.520677 0.520896
vt 0.398882 0.528982
vt 0.393251 0.528982
vt 0.394990 0.526048
vt 0.391313 0.520896
vt 0.391534 0.520896
vt 0.391534 0.528982
vt 0.513109 0.512811
vt 0.517172 0.512812
vt 0.517062 0.520896
vt 0.517767 0.520896
vt 0.517657 0.512811
vt 0.518739 0.512811
vt 0.517172 0.512811
vt 0.517657 0.512812
vt 0.517767 0.520896
vt 0.520456 0.520896
vt 0.520456 0.512811
vt 0.520677 0.512811
vt 0.394929 0.520896
vt 0.394819 0.512811
vt 0.398882 0.512811
vt 0.391313 0.512811
vt 0.391534 0.512811
vt 0.391534 0.520896
vt 0.393251 0.512811
vt 0.394333 0.512811
vt 0.394224 0.520896
vt 0.517657 0.512811
vt 0.517538 0.504726
vt 0.518739 0.504726
vt 0.513109 0.504726
vt 0.517290 0.504727
vt 0.517172 0.512811
vt 0.517290 0.504726
vt 0.517538 0.504727
vt 0.517657 0.512811
vt 0.520456 0.504726
vt 0.520677 0.504726
vt 0.520677 0.512811
vt 0.398882 0.504726
vt 0.398882 0.512811
vt 0.394819 0.512811
vt 0.391534 0.512811
vt 0.391313 0.512811
vt 0.391313 0.504726
vt 0.394333 0.512811
vt 0.393251 0.512811
vt 0.393251 0.504726
vt 0.391534 0.504726
vt 0.391313 0.504726
vt 0.391313 0.496641
vt 0.518739 0.496641
vt 0.517414 0.496644
vt 0.513109 0.496641
vt 0.517538 0.504726
vt 0.517290 0.504726
vt 0.517414 0.496644
vt 0.520456 0.504726
vt 0.520456 0.496641
vt 0.520677 0.496641
vt 0.394576 0.496641
vt 0.393251 0.496641
vt 0.398882 0.496641
vt 0.513109 0.496641
vt 0.517414 0.496637
vt 0.518739 0.496641
vt 0.520456 0.496641
vt 0.520456 0.488555
vt 0.520677 0.488555
vt 0.394576 0.496641
vt 0.398882 0.488555
vt 0.393251 0.488555
vt 0.391534 0.496641
vt 0.391313 0.496641
vt 0.391313 0.488555
vt 0.517172 0.480470
vt 0.517291 0.488555
vt 0.513109 0.488555
vt 0.518739 0.488555
vt 0.517538 0.488555
vt 0.517657 0.480470
vt 0.520456 0.480470
vt 0.520677 0.480470
vt 0.520677 0.488555
vt 0.394819 0.480470
vt 0.398882 0.480470
vt 0.398882 0.488555
vt 0.391534 0.488555
vt 0.391313 0.488555
vt 0.391313 0.480470
vt 0.394333 0.480470
vt 0.394452 0.488555
vt 0.393251 0.488555
vt 0.517062 0.472385
vt 0.517172 0.480470
vt 0.513109 0.480470
vt 0.518739 0.480470
vt 0.517657 0.480470
vt 0.517767 0.472385
vt 0.520456 0.472385
vt 0.520677 0.472385
vt 0.520677 0.480470
vt 0.398882 0.480470
vt 0.394819 0.480470
vt 0.394929 0.472385
vt 0.391313 0.480470
vt 0.391534 0.472385
vt 0.391534 0.472977
vt 0.394224 0.472385
vt 0.393251 0.480470
vt 0.393251 0.477573
vt 0.516966 0.464300
vt 0.517062 0.472385
vt 0.513109 0.472385
vt 0.518739 0.472385
vt 0.517767 0.472385
vt 0.517863 0.464300
vt 0.520456 0.464300
vt 0.520677 0.464300
vt 0.520677 0.472385
vt 0.398882 0.472385
vt 0.394929 0.472385
vt 0.395025 0.464300
vt 0.391313 0.472385
vt 0.391534 0.464300
vt 0.391534 0.464914
vt 0.394128 0.464300
vt 0.393251 0.472385
vt 0.393251 0.469683
vt 0.516887 0.456214
vt 0.516966 0.464300
vt 0.513109 0.464300
vt 0.518739 0.464300
vt 0.517863 0.464300
vt 0.517942 0.456214
vt 0.520456 0.456214
vt 0.520677 0.456214
vt 0.520677 0.464300
vt 0.398882 0.464300
vt 0.395025 0.464300
vt 0.395104 0.456214
vt 0.391313 0.456214
vt 0.391534 0.456214
vt 0.391534 0.464300
vt 0.393251 0.464299
vt 0.393251 0.456214
vt 0.394049 0.456214
vt 0.516828 0.448129
vt 0.516887 0.456214
vt 0.513109 0.456214
vt 0.518739 0.456214
vt 0.517942 0.456214
vt 0.518000 0.448129
vt 0.520456 0.456214
vt 0.520456 0.448129
vt 0.520677 0.448129
vt 0.398882 0.456214
vt 0.395104 0.456214
vt 0.395162 0.448129
vt 0.391534 0.448129
vt 0.391534 0.456214
vt 0.391313 0.456214
vt 0.393251 0.456214
vt 0.393251 0.448129
vt 0.393990 0.448129
vt 0.513109 0.447621
vt 0.516792 0.440044
vt 0.513109 0.448129
vt 0.518739 0.448129
vt 0.518000 0.448129
vt 0.518037 0.440044
vt 0.520456 0.448129
vt 0.520456 0.440044
vt 0.520677 0.440044
vt 0.398882 0.448129
vt 0.395162 0.448129
vt 0.395198 0.440044
vt 0.391534 0.440044
vt 0.391534 0.448129
vt 0.391313 0.448129
vt 0.393251 0.448129
vt 0.393251 0.440044
vt 0.393954 0.440044
vt 0.513109 0.440044
vt 0.513109 0.431959
vt 0.516780 0.431959
vt 0.518739 0.440044
vt 0.518037 0.440044
vt 0.518049 0.431959
vt 0.520456 0.431959
vt 0.520677 0.431959
vt 0.520677 0.440044
vt 0.398882 0.440044
vt 0.395198 0.440044
vt 0.395211 0.431959
vt 0.393251 0.440044
vt 0.393251 0.431959
vt 0.393942 0.431959
vt 0.391534 0.440044
vt 0.391313 0.440044
vt 0.391313 0.431959
vt 0.518047 0.431088
vt 0.518037 0.423998
vt 0.518739 0.424129
vt 0.516780 0.431959
vt 0.513109 0.431959
vt 0.513109 0.424869
vt 0.516791 0.424218
vt 0.516783 0.429496
vt 0.513109 0.424869
vt 0.518047 0.431088
vt 0.518739 0.431959
vt 0.518049 0.431959
vt 0.520677 0.431959
vt 0.520456 0.431959
vt 0.520456 0.423874
vt 0.398882 0.423874
vt 0.398882 0.431959
vt 0.395211 0.431959
vt 0.391534 0.423873
vt 0.391534 0.431959
vt 0.391313 0.431959
vt 0.393251 0.423874
vt 0.393954 0.423874
vt 0.393942 0.431959
vt 0.518739 0.415788
vt 0.518739 0.423874
vt 0.518037 0.423874
vt 0.513109 0.415788
vt 0.516828 0.415788
vt 0.516792 0.423874
vt 0.520677 0.423874
vt 0.520456 0.423874
vt 0.520456 0.415788
vt 0.398882 0.415788
vt 0.398882 0.423874
vt 0.395198 0.423874
vt 0.391534 0.415788
vt 0.391534 0.423873
vt 0.391313 0.423874
vt 0.393251 0.415788
vt 0.393990 0.415788
vt 0.393954 0.423874
vt 0.398882 0.407703
vt 0.398882 0.415788
vt 0.395162 0.415788
vt 0.518739 0.407703
vt 0.518739 0.415788
vt 0.518000 0.415788
vt 0.513109 0.407703
vt 0.516887 0.407703
vt 0.516828 0.415788
vt 0.520456 0.415788
vt 0.520456 0.407703
vt 0.520677 0.407703
vt 0.391534 0.407703
vt 0.391534 0.415788
vt 0.391313 0.415788
vt 0.393251 0.407703
vt 0.394049 0.407703
vt 0.393990 0.415788
vt 0.513109 0.399618
vt 0.516966 0.399618
vt 0.516887 0.407703
vt 0.518739 0.399618
vt 0.518739 0.407703
vt 0.517942 0.407703
vt 0.520456 0.399618
vt 0.520677 0.399618
vt 0.520677 0.407703
vt 0.398882 0.407205
vt 0.395104 0.407703
vt 0.398882 0.399618
vt 0.393251 0.399618
vt 0.394128 0.399618
vt 0.394049 0.407703
vt 0.391534 0.407703
vt 0.391313 0.407703
vt 0.391313 0.399618
vt 0.513109 0.391533
vt 0.517062 0.391533
vt 0.516966 0.399618
vt 0.518739 0.391533
vt 0.518739 0.399618
vt 0.517863 0.399618
vt 0.520456 0.399618
vt 0.520456 0.391533
vt 0.520677 0.391533
vt 0.398882 0.391533
vt 0.398882 0.399618
vt 0.395025 0.399618
vt 0.391313 0.399618
vt 0.391534 0.391533
vt 0.391534 0.392168
vt 0.393251 0.397100
vt 0.394224 0.391533
vt 0.393251 0.399618
vt 0.398882 0.383447
vt 0.398882 0.391533
vt 0.394929 0.391533
vt 0.513109 0.383447
vt 0.517171 0.383447
vt 0.517062 0.391533
vt 0.518739 0.383447
vt 0.518739 0.391533
vt 0.517767 0.391532
vt 0.520456 0.391533
vt 0.520456 0.383447
vt 0.520677 0.383447
vt 0.391534 0.391533
vt 0.391313 0.383447
vt 0.391534 0.384061
vt 0.393251 0.388830
vt 0.394333 0.383447
vt 0.393251 0.391533
vt 0.398882 0.375362
vt 0.398882 0.383447
vt 0.394819 0.383447
vt 0.513109 0.375362
vt 0.517290 0.375362
vt 0.517171 0.383447
vt 0.518739 0.375362
vt 0.518739 0.383447
vt 0.517657 0.383446
vt 0.520456 0.375362
vt 0.520677 0.375362
vt 0.520677 0.383447
vt 0.391534 0.375362
vt 0.391534 0.383447
vt 0.391313 0.383447
vt 0.393251 0.375362
vt 0.394452 0.375362
vt 0.394333 0.383447
vt 0.596289 0.950808
vt 0.593271 0.955325
vt 0.611241 0.985744
vt 0.547408 0.924681
vt 0.550426 0.920164
vt 0.510053 0.943830
vt 0.000460 0.635010
vt 0.000460 0.626925
vt 0.129824 0.626925
vt 0.000460 0.885653
vt 0.000460 0.877567
vt 0.129824 0.877567
vt 0.000460 0.877567
vt 0.000460 0.869482
vt 0.129824 0.869482
vt 0.669841 0.805188
vt 0.678335 0.753812
vt 0.671920 0.800169
vt 0.717782 0.830813
vt 0.755781 0.795207
vt 0.713941 0.834655
vt 0.000460 0.869482
vt 0.000460 0.861397
vt 0.129824 0.861397
vt 0.000460 0.861397
vt 0.000460 0.853312
vt 0.129824 0.853312
vt 0.000460 0.853312
vt 0.000460 0.845226
vt 0.129824 0.845226
vt 0.000460 0.845226
vt 0.000460 0.837141
vt 0.129824 0.837141
vt 0.000460 0.837141
vt 0.000460 0.829056
vt 0.129824 0.829056
vt 0.000460 0.829056
vt 0.000460 0.820971
vt 0.129824 0.820971
vt 0.000460 0.820971
vt 0.000460 0.812885
vt 0.129824 0.812885
vt 0.000460 0.812885
vt 0.000460 0.804800
vt 0.129824 0.804800
vt 0.000460 0.804800
vt 0.000460 0.796715
vt 0.129824 0.796715
vt 0.000460 0.796715
vt 0.000460 0.788630
vt 0.129824 0.788630
vt 0.000460 0.788630
vt 0.000460 0.780544
vt 0.129824 0.780544
vt 0.000460 0.780544
vt 0.000460 0.772459
vt 0.129824 0.772459
vt 0.000460 0.772459
vt 0.000460 0.764374
vt 0.129824 0.764374
vt 0.000460 0.764374
vt 0.000460 0.756289
vt 0.129824 0.756289
vt 0.000460 0.756289
vt 0.000460 0.748204
vt 0.129824 0.748204
vt 0.000460 0.748204
vt 0.000460 0.740118
vt 0.129824 0.740118
vt 0.000460 0.740118
vt 0.000460 0.732033
vt 0.129824 0.732033
vt 0.000460 0.732033
vt 0.000460 0.723948
vt 0.129824 0.723948
vt 0.000460 0.723948
vt 0.000460 0.715863
vt 0.129824 0.715863
vt 0.000460 0.715863
vt 0.000460 0.707777
vt 0.129824 0.707777
vt 0.000460 0.707777
vt 0.000460 0.699692
vt 0.129824 0.699692
vt 0.000460 0.699692
vt 0.000460 0.691607
vt 0.129824 0.691607
vt 0.000460 0.691607
vt 0.000460 0.683522
vt 0.129824 0.683522
vt 0.000460 0.683522
vt 0.000460 0.675436
vt 0.129824 0.675436
vt 0.000460 0.675436
vt 0.000460 0.667351
vt 0.129824 0.667351
vt 0.000460 0.667351
vt 0.000460 0.659266
vt 0.129824 0.659266
vt 0.000460 0.659266
vt 0.000460 0.651181
vt 0.129824 0.651181
vt 0.000460 0.651181
vt 0.000460 0.643095
vt 0.129824 0.643095
vt 0.000460 0.643095
vt 0.000460 0.635010
vt 0.129824 0.635010
vt 0.494061 0.897076
vt 0.509132 0.943830
vt 0.502099 0.908473
vt 0.392574 0.967015
vt 0.400612 0.978412
vt 0.385541 0.943830
vt 0.863457 0.000460
vt 0.736916 0.000460
vt 0.734093 0.000460
vt 0.734093 0.259188
vt 0.736916 0.259188
vt 0.863457 0.259188
vt 0.734271 0.243017
vt 0.735568 0.251103
vt 0.734093 0.251103
vt 0.863457 0.251103
vt 0.738265 0.251103
vt 0.739562 0.243017
vt 0.626611 0.783961
vt 0.601119 0.867995
vt 0.542577 0.758470
vt 0.734093 0.241819
vt 0.734271 0.243017
vt 0.734093 0.243017
vt 0.863457 0.243017
vt 0.739562 0.243017
vt 0.740757 0.234932
vt 0.863457 0.234932
vt 0.740757 0.234932
vt 0.741805 0.226847
vt 0.863457 0.226847
vt 0.741805 0.226847
vt 0.742665 0.218762
vt 0.863457 0.218762
vt 0.742665 0.218762
vt 0.743304 0.210676
vt 0.863457 0.210676
vt 0.743304 0.210676
vt 0.743697 0.202591
vt 0.863457 0.202591
vt 0.743697 0.202591
vt 0.743830 0.194506
vt 0.863457 0.186421
vt 0.863457 0.194506
vt 0.743830 0.194506
vt 0.863457 0.178335
vt 0.863457 0.186421
vt 0.743697 0.186421
vt 0.863457 0.170250
vt 0.863457 0.178335
vt 0.743304 0.178335
vt 0.863457 0.162165
vt 0.863457 0.170250
vt 0.742665 0.170250
vt 0.863457 0.154080
vt 0.863457 0.162165
vt 0.741805 0.162165
vt 0.734271 0.145995
vt 0.734093 0.147193
vt 0.734093 0.145995
vt 0.863457 0.145995
vt 0.863457 0.154080
vt 0.740757 0.154080
vt 0.734093 0.137909
vt 0.735568 0.137909
vt 0.734271 0.145995
vt 0.863457 0.137909
vt 0.863457 0.145995
vt 0.739562 0.145995
vt 0.734093 0.129824
vt 0.736916 0.129824
vt 0.735568 0.137909
vt 0.863457 0.129824
vt 0.863457 0.137909
vt 0.738265 0.137909
vt 0.734093 0.129824
vt 0.734093 0.121739
vt 0.735568 0.121739
vt 0.863457 0.129824
vt 0.736916 0.129824
vt 0.738265 0.121739
vt 0.734093 0.121739
vt 0.734093 0.113654
vt 0.734271 0.113654
vt 0.863457 0.121739
vt 0.738265 0.121739
vt 0.739562 0.113654
vt 0.734093 0.113654
vt 0.734093 0.112455
vt 0.734271 0.113654
vt 0.863457 0.113654
vt 0.739562 0.113654
vt 0.740757 0.105568
vt 0.863457 0.105568
vt 0.740757 0.105568
vt 0.741805 0.097483
vt 0.863457 0.097483
vt 0.741805 0.097483
vt 0.742665 0.089398
vt 0.863457 0.089398
vt 0.742665 0.089398
vt 0.743304 0.081313
vt 0.863457 0.081313
vt 0.743304 0.081313
vt 0.743697 0.073227
vt 0.863457 0.073227
vt 0.743697 0.073227
vt 0.743830 0.065142
vt 0.743830 0.065142
vt 0.743697 0.057057
vt 0.863457 0.057057
vt 0.743697 0.057057
vt 0.743304 0.048972
vt 0.863457 0.048972
vt 0.743304 0.048972
vt 0.742665 0.040886
vt 0.863457 0.040886
vt 0.742665 0.040886
vt 0.741805 0.032801
vt 0.863457 0.032801
vt 0.741805 0.032801
vt 0.740757 0.024716
vt 0.863457 0.024716
vt 0.734093 0.016631
vt 0.734271 0.016631
vt 0.734093 0.017829
vt 0.740757 0.024716
vt 0.739562 0.016631
vt 0.863457 0.016631
vt 0.734093 0.008546
vt 0.735568 0.008546
vt 0.734271 0.016631
vt 0.739562 0.016631
vt 0.738265 0.008546
vt 0.863457 0.008546
vt 0.868402 0.566648
vt 0.865384 0.571165
vt 0.850048 0.615380
vt 0.822540 0.536004
vt 0.825937 0.494164
vt 0.819522 0.540521
vt 0.327439 0.375362
vt 0.261029 0.375362
vt 0.261029 0.367277
vt 0.390393 0.367277
vt 0.390393 0.375362
vt 0.328068 0.375362
vt 0.328068 0.375362
vt 0.327754 0.367277
vt 0.327439 0.375362
vt 0.261029 0.626004
vt 0.261029 0.617919
vt 0.327439 0.617919
vt 0.390393 0.626004
vt 0.327754 0.626004
vt 0.328068 0.617919
vt 0.327754 0.626004
vt 0.327439 0.617919
vt 0.328068 0.617919
vt 0.261029 0.617919
vt 0.261029 0.609834
vt 0.327137 0.609834
vt 0.390393 0.617919
vt 0.328068 0.617919
vt 0.328370 0.609834
vt 0.327137 0.609834
vt 0.328370 0.609834
vt 0.328068 0.617919
vt 0.584912 0.713161
vt 0.589429 0.710143
vt 0.553823 0.748141
vt 0.569132 0.661141
vt 0.563804 0.662201
vt 0.553823 0.629300
vt 0.390393 0.601749
vt 0.328411 0.608636
vt 0.327096 0.608636
vt 0.327137 0.609834
vt 0.327096 0.608636
vt 0.328411 0.608636
vt 0.261029 0.601749
vt 0.261029 0.593663
vt 0.390393 0.593663
vt 0.261029 0.593663
vt 0.261029 0.585578
vt 0.390393 0.585578
vt 0.261029 0.585578
vt 0.261029 0.577493
vt 0.390393 0.577493
vt 0.261029 0.577493
vt 0.261029 0.569408
vt 0.390393 0.569408
vt 0.261029 0.569408
vt 0.261029 0.561323
vt 0.390393 0.561323
vt 0.261029 0.561323
vt 0.261029 0.553237
vt 0.390393 0.553237
vt 0.261029 0.553237
vt 0.261029 0.545152
vt 0.390393 0.545152
vt 0.261029 0.545152
vt 0.261029 0.537067
vt 0.390393 0.537067
vt 0.261029 0.537067
vt 0.261029 0.528982
vt 0.390393 0.528982
vt 0.261029 0.528982
vt 0.261029 0.520896
vt 0.390393 0.520896
vt 0.327096 0.514009
vt 0.328411 0.514009
vt 0.261029 0.520896
vt 0.328370 0.512811
vt 0.328068 0.504726
vt 0.390393 0.504726
vt 0.261029 0.504726
vt 0.327439 0.504726
vt 0.327137 0.512811
vt 0.390393 0.496641
vt 0.327754 0.496641
vt 0.261029 0.496641
vt 0.261029 0.496641
vt 0.327754 0.496641
vt 0.390393 0.496641
vt 0.327754 0.496641
vt 0.328068 0.488555
vt 0.327439 0.488555
vt 0.327137 0.480470
vt 0.327439 0.488555
vt 0.261029 0.488555
vt 0.390393 0.488555
vt 0.328068 0.488555
vt 0.328370 0.480470
vt 0.328068 0.488555
vt 0.328370 0.480470
vt 0.327137 0.480470
vt 0.390393 0.480470
vt 0.328370 0.480470
vt 0.328648 0.472385
vt 0.326859 0.472385
vt 0.327137 0.480470
vt 0.261029 0.480470
vt 0.328648 0.472385
vt 0.326859 0.472385
vt 0.327137 0.480470
vt 0.390393 0.472385
vt 0.328648 0.472385
vt 0.328892 0.464300
vt 0.326615 0.464300
vt 0.326859 0.472385
vt 0.261029 0.472385
vt 0.328648 0.472385
vt 0.328892 0.464300
vt 0.326615 0.464300
vt 0.390393 0.464300
vt 0.328892 0.464300
vt 0.329092 0.456214
vt 0.326415 0.456214
vt 0.326615 0.464300
vt 0.261029 0.464300
vt 0.326415 0.456214
vt 0.326615 0.464300
vt 0.328892 0.464300
vt 0.390393 0.456214
vt 0.329092 0.456214
vt 0.329241 0.448129
vt 0.326266 0.448129
vt 0.326415 0.456214
vt 0.261029 0.456214
vt 0.326415 0.456214
vt 0.329092 0.456214
vt 0.329241 0.448129
vt 0.390393 0.448129
vt 0.329241 0.448129
vt 0.329333 0.440044
vt 0.326174 0.440044
vt 0.326266 0.448129
vt 0.261029 0.448129
vt 0.326174 0.440044
vt 0.326266 0.448129
vt 0.329241 0.448129
vt 0.390393 0.440044
vt 0.329333 0.440044
vt 0.329364 0.431959
vt 0.326144 0.431959
vt 0.326174 0.440044
vt 0.261029 0.440044
vt 0.326144 0.431959
vt 0.326174 0.440044
vt 0.329333 0.440044
vt 0.390393 0.423874
vt 0.390393 0.431959
vt 0.329364 0.431959
vt 0.261029 0.423874
vt 0.326174 0.423874
vt 0.326144 0.431959
vt 0.329333 0.423874
vt 0.326174 0.423874
vt 0.326144 0.431959
vt 0.326174 0.423874
vt 0.261029 0.423874
vt 0.261029 0.415788
vt 0.390393 0.415788
vt 0.390393 0.423874
vt 0.329333 0.423874
vt 0.326174 0.423874
vt 0.329333 0.423874
vt 0.329241 0.415788
vt 0.261029 0.407703
vt 0.326415 0.407703
vt 0.326266 0.415788
vt 0.390393 0.407703
vt 0.390393 0.415788
vt 0.329241 0.415788
vt 0.329092 0.407703
vt 0.326415 0.407703
vt 0.326266 0.415788
vt 0.261029 0.399618
vt 0.326615 0.399618
vt 0.326415 0.407703
vt 0.390393 0.399618
vt 0.390393 0.407703
vt 0.329092 0.407703
vt 0.326415 0.407703
vt 0.329092 0.407703
vt 0.328892 0.399618
vt 0.261029 0.391533
vt 0.326859 0.391533
vt 0.326615 0.399618
vt 0.390393 0.391533
vt 0.390393 0.399618
vt 0.328892 0.399618
vt 0.328648 0.391533
vt 0.326859 0.391533
vt 0.326615 0.399618
vt 0.326859 0.391533
vt 0.261029 0.391533
vt 0.261029 0.383447
vt 0.390393 0.383447
vt 0.390393 0.391533
vt 0.328648 0.391533
vt 0.326859 0.391533
vt 0.328648 0.391533
vt 0.328370 0.383447
vt 0.327137 0.383447
vt 0.261029 0.383447
vt 0.261029 0.375362
vt 0.390393 0.375362
vt 0.390393 0.383447
vt 0.328370 0.383447
vt 0.327439 0.375362
vt 0.327137 0.383447
vt 0.328370 0.383447
vt 0.688316 0.964263
vt 0.678335 0.997165
vt 0.683297 0.962185
vt 0.704405 0.911225
vt 0.699076 0.910165
vt 0.751123 0.908473
vt 0.260108 0.626925
vt 0.130745 0.626925
vt 0.130745 0.635010
vt 0.260108 0.877567
vt 0.130745 0.877567
vt 0.130745 0.885653
vt 0.260108 0.869482
vt 0.130745 0.869482
vt 0.130745 0.877567
vt 0.838453 0.710143
vt 0.833935 0.713161
vt 0.880293 0.706746
vt 0.807808 0.664280
vt 0.812828 0.662201
vt 0.761451 0.670695
vt 0.260108 0.861397
vt 0.130745 0.861397
vt 0.130745 0.869482
vt 0.260108 0.853312
vt 0.130745 0.853312
vt 0.130745 0.861397
vt 0.260108 0.845226
vt 0.130745 0.845226
vt 0.130745 0.853312
vt 0.260108 0.837141
vt 0.130745 0.837141
vt 0.130745 0.845226
vt 0.260108 0.829056
vt 0.130745 0.829056
vt 0.130745 0.837141
vt 0.260108 0.820971
vt 0.130745 0.820971
vt 0.130745 0.829056
vt 0.260108 0.812885
vt 0.130745 0.812885
vt 0.130745 0.820971
vt 0.260108 0.804800
vt 0.130745 0.804800
vt 0.130745 0.812885
vt 0.260108 0.796715
vt 0.130745 0.796715
vt 0.130745 0.804800
vt 0.260108 0.788630
vt 0.130745 0.788630
vt 0.130745 0.796715
vt 0.260108 0.780544
vt 0.130745 0.780544
vt 0.130745 0.788630
vt 0.260108 0.772459
vt 0.130745 0.772459
vt 0.130745 0.780544
vt 0.260108 0.764374
vt 0.130745 0.764374
vt 0.130745 0.772459
vt 0.260108 0.756289
vt 0.130745 0.756289
vt 0.130745 0.764374
vt 0.260108 0.748204
vt 0.130745 0.748204
vt 0.130745 0.756289
vt 0.260108 0.740118
vt 0.130745 0.740118
vt 0.130745 0.748204
vt 0.260108 0.732033
vt 0.130745 0.732033
vt 0.130745 0.740118
vt 0.260108 0.723948
vt 0.130745 0.723948
vt 0.130745 0.732033
vt 0.260108 0.715863
vt 0.130745 0.715863
vt 0.130745 0.723948
vt 0.260108 0.707777
vt 0.130745 0.707777
vt 0.130745 0.715863
vt 0.260108 0.699692
vt 0.130745 0.699692
vt 0.130745 0.707777
vt 0.260108 0.691607
vt 0.130745 0.691607
vt 0.130745 0.699692
vt 0.260108 0.683522
vt 0.130745 0.683522
vt 0.130745 0.691607
vt 0.260108 0.675436
vt 0.130745 0.675436
vt 0.130745 0.683522
vt 0.260108 0.667351
vt 0.130745 0.667351
vt 0.130745 0.675436
vt 0.260108 0.659266
vt 0.130745 0.659266
vt 0.130745 0.667351
vt 0.260108 0.651181
vt 0.130745 0.651181
vt 0.130745 0.659266
vt 0.260108 0.643095
vt 0.130745 0.643095
vt 0.130745 0.651181
vt 0.260108 0.635010
vt 0.130745 0.635010
vt 0.130745 0.643095
vt 0.261029 0.943830
vt 0.263404 0.919719
vt 0.283432 0.985744
vt 0.382245 0.919719
vt 0.384620 0.943830
vt 0.355769 0.885436
vt 0.652720 0.367277
vt 0.666924 0.367277
vt 0.651882 0.367277
vt 0.769666 0.375362
vt 0.781246 0.375362
vt 0.781246 0.367277
vt 0.769666 0.626004
vt 0.781246 0.626004
vt 0.781246 0.617919
vt 0.651882 0.617919
vt 0.652470 0.617919
vt 0.652228 0.609834
vt 0.666924 0.617919
vt 0.666924 0.609834
vt 0.653212 0.609834
vt 0.769666 0.609834
vt 0.769666 0.617919
vt 0.781246 0.617919
vt 0.509132 0.819319
vt 0.453423 0.751437
vt 0.441250 0.875028
vt 0.651882 0.609834
vt 0.652228 0.609834
vt 0.652006 0.601749
vt 0.666924 0.609834
vt 0.666924 0.601749
vt 0.653434 0.601749
vt 0.769666 0.601749
vt 0.769666 0.609834
vt 0.781246 0.609834
vt 0.651882 0.601749
vt 0.652006 0.601749
vt 0.651882 0.596597
vt 0.666924 0.601749
vt 0.666924 0.593663
vt 0.653629 0.593663
vt 0.769666 0.601749
vt 0.781246 0.601749
vt 0.781246 0.593663
vt 0.666924 0.593663
vt 0.666924 0.585578
vt 0.653789 0.585578
vt 0.769666 0.585578
vt 0.769666 0.593663
vt 0.781246 0.593663
vt 0.666924 0.585578
vt 0.666924 0.577493
vt 0.653908 0.577493
vt 0.769666 0.577493
vt 0.769666 0.585578
vt 0.781246 0.585578
vt 0.666924 0.577493
vt 0.666924 0.569408
vt 0.653981 0.569408
vt 0.769666 0.577493
vt 0.781246 0.577493
vt 0.781246 0.569408
vt 0.653981 0.569408
vt 0.666924 0.569408
vt 0.653998 0.563785
vt 0.769666 0.569408
vt 0.781246 0.569408
vt 0.781246 0.561323
vt 0.666924 0.553237
vt 0.653981 0.553237
vt 0.654006 0.561323
vt 0.769666 0.561323
vt 0.781246 0.561323
vt 0.781246 0.553237
vt 0.666924 0.552415
vt 0.653908 0.545152
vt 0.666924 0.553237
vt 0.769666 0.545888
vt 0.769666 0.553237
vt 0.781246 0.545152
vt 0.666924 0.537067
vt 0.653789 0.537067
vt 0.653908 0.545152
vt 0.769666 0.537067
vt 0.769666 0.545152
vt 0.781246 0.545152
vt 0.666924 0.528982
vt 0.653629 0.528982
vt 0.653789 0.537067
vt 0.769666 0.537067
vt 0.781246 0.537067
vt 0.781246 0.528982
vt 0.666924 0.528982
vt 0.666924 0.528139
vt 0.653434 0.520896
vt 0.769666 0.520896
vt 0.769666 0.521630
vt 0.781246 0.528982
vt 0.651882 0.520896
vt 0.651882 0.526047
vt 0.652006 0.520896
vt 0.666924 0.520896
vt 0.666924 0.520043
vt 0.653212 0.512811
vt 0.769666 0.512811
vt 0.769666 0.513544
vt 0.781246 0.520896
vt 0.651882 0.512811
vt 0.651882 0.520896
vt 0.652006 0.520896
vt 0.653212 0.512811
vt 0.666924 0.512811
vt 0.666924 0.504726
vt 0.769666 0.504726
vt 0.769666 0.512811
vt 0.781246 0.512811
vt 0.651882 0.504726
vt 0.651882 0.512811
vt 0.652228 0.512811
vt 0.652971 0.504726
vt 0.666924 0.504726
vt 0.666924 0.496641
vt 0.769666 0.496641
vt 0.769666 0.504726
vt 0.781246 0.504726
vt 0.651882 0.496641
vt 0.651882 0.504726
vt 0.652470 0.504726
vt 0.666924 0.496641
vt 0.666924 0.488555
vt 0.652971 0.488555
vt 0.769666 0.488555
vt 0.769666 0.496641
vt 0.781246 0.496641
vt 0.651882 0.496641
vt 0.652720 0.496641
vt 0.652470 0.488555
vt 0.666924 0.488555
vt 0.666924 0.480470
vt 0.653212 0.480470
vt 0.769666 0.480470
vt 0.769666 0.488555
vt 0.781246 0.488555
vt 0.651882 0.488555
vt 0.652470 0.488555
vt 0.652228 0.480470
vt 0.666924 0.480470
vt 0.666924 0.473238
vt 0.653434 0.472385
vt 0.769666 0.472385
vt 0.769666 0.479738
vt 0.781246 0.480470
vt 0.651882 0.480470
vt 0.652228 0.480470
vt 0.652006 0.472385
vt 0.666924 0.472385
vt 0.666924 0.465142
vt 0.653629 0.464300
vt 0.769666 0.464300
vt 0.769666 0.471651
vt 0.781246 0.472385
vt 0.651882 0.472385
vt 0.652006 0.472385
vt 0.651882 0.467234
vt 0.666924 0.464300
vt 0.666924 0.457048
vt 0.653789 0.456214
vt 0.769666 0.456214
vt 0.769666 0.463565
vt 0.781246 0.464300
vt 0.666924 0.456214
vt 0.666924 0.448956
vt 0.653908 0.448129
vt 0.769666 0.448129
vt 0.769666 0.455479
vt 0.781246 0.456214
vt 0.666924 0.448129
vt 0.666924 0.440866
vt 0.653981 0.440044
vt 0.769666 0.440044
vt 0.769666 0.447393
vt 0.781246 0.448129
vt 0.666924 0.440044
vt 0.666924 0.432780
vt 0.654006 0.431959
vt 0.769666 0.439308
vt 0.769666 0.440044
vt 0.781246 0.431959
vt 0.666924 0.431959
vt 0.666924 0.423874
vt 0.654003 0.431088
vt 0.769666 0.423873
vt 0.769666 0.431959
vt 0.781246 0.431959
vt 0.666924 0.423874
vt 0.666924 0.416615
vt 0.653908 0.415788
vt 0.769666 0.415788
vt 0.769666 0.423138
vt 0.781246 0.423873
vt 0.666924 0.415788
vt 0.666924 0.408536
vt 0.653789 0.407703
vt 0.769666 0.407703
vt 0.769666 0.415054
vt 0.781246 0.415788
vt 0.666924 0.407703
vt 0.666924 0.400460
vt 0.653629 0.399618
vt 0.769666 0.399618
vt 0.769666 0.406970
vt 0.781246 0.407703
vt 0.651882 0.396684
vt 0.652006 0.391533
vt 0.651882 0.391533
vt 0.666924 0.391533
vt 0.653434 0.391533
vt 0.653629 0.399618
vt 0.769666 0.399618
vt 0.781246 0.399618
vt 0.781246 0.391533
vt 0.652006 0.391533
vt 0.652228 0.383447
vt 0.651882 0.383447
vt 0.666924 0.383447
vt 0.653212 0.383447
vt 0.653434 0.391533
vt 0.769666 0.391533
vt 0.781246 0.391533
vt 0.781246 0.383447
vt 0.652228 0.383447
vt 0.652470 0.375362
vt 0.651882 0.375362
vt 0.666924 0.375362
vt 0.652971 0.375362
vt 0.653212 0.383447
vt 0.769666 0.383447
vt 0.781246 0.383447
vt 0.781246 0.375362
vt 0.195427 0.621962
vt 0.130745 0.621962
vt 0.130745 0.626004
vt 0.834621 0.457449
vt 0.839021 0.459271
vt 0.867610 0.486164
vt 0.861481 0.417250
vt 0.857934 0.414881
vt 0.901054 0.405424
vt 0.195427 0.367277
vt 0.130745 0.367277
vt 0.130745 0.371319
vt 0.260108 0.367277
vt 0.195427 0.367277
vt 0.195427 0.371319
vt 0.260108 0.626004
vt 0.260108 0.621962
vt 0.195427 0.621962
vt 0.260108 0.371319
vt 0.195427 0.371319
vt 0.195427 0.375362
vt 0.195427 0.371319
vt 0.130745 0.371319
vt 0.130745 0.375362
vt 0.195427 0.375362
vt 0.130745 0.375362
vt 0.130745 0.379405
vt 0.260108 0.375362
vt 0.195427 0.375362
vt 0.195427 0.379405
vt 0.260108 0.379405
vt 0.195427 0.379405
vt 0.195427 0.383447
vt 0.195427 0.379405
vt 0.130745 0.379405
vt 0.130745 0.383447
vt 0.195427 0.383447
vt 0.130745 0.383447
vt 0.130745 0.387490
vt 0.260108 0.383447
vt 0.195427 0.383447
vt 0.195427 0.387490
vt 0.260108 0.387490
vt 0.195427 0.387490
vt 0.195427 0.391533
vt 0.195427 0.387490
vt 0.130745 0.387490
vt 0.130745 0.391533
vt 0.195427 0.395575
vt 0.195427 0.391533
vt 0.130745 0.391533
vt 0.260108 0.391533
vt 0.195427 0.391533
vt 0.195427 0.395575
vt 0.260108 0.395575
vt 0.195427 0.395575
vt 0.195427 0.399618
vt 0.195427 0.395575
vt 0.130745 0.395575
vt 0.130745 0.399618
vt 0.195427 0.399618
vt 0.130745 0.399618
vt 0.130745 0.403660
vt 0.260108 0.399618
vt 0.195427 0.399618
vt 0.195427 0.403660
vt 0.260108 0.403660
vt 0.195427 0.403660
vt 0.195427 0.407703
vt 0.195427 0.403660
vt 0.130745 0.403660
vt 0.130745 0.407703
vt 0.195427 0.407703
vt 0.130745 0.407703
vt 0.130745 0.411746
vt 0.260108 0.407703
vt 0.195427 0.407703
vt 0.195427 0.411746
vt 0.260108 0.411746
vt 0.195427 0.411746
vt 0.195427 0.415788
vt 0.195427 0.411746
vt 0.130745 0.411746
vt 0.130745 0.415788
vt 0.195427 0.415788
vt 0.130745 0.415788
vt 0.130745 0.419831
vt 0.260108 0.415788
vt 0.195427 0.415788
vt 0.195427 0.419831
vt 0.260108 0.419831
vt 0.195427 0.419831
vt 0.195427 0.423874
vt 0.195427 0.419831
vt 0.130745 0.419831
vt 0.130745 0.423874
vt 0.195427 0.423874
vt 0.130745 0.423874
vt 0.130745 0.427916
vt 0.260108 0.423874
vt 0.195427 0.423874
vt 0.195427 0.427916
vt 0.260108 0.427916
vt 0.195427 0.427916
vt 0.195427 0.431959
vt 0.195427 0.427916
vt 0.130745 0.427916
vt 0.130745 0.431959
vt 0.195427 0.431959
vt 0.130745 0.431959
vt 0.130745 0.436001
vt 0.260108 0.431959
vt 0.195427 0.431959
vt 0.195427 0.436001
vt 0.260108 0.436001
vt 0.195427 0.436001
vt 0.195427 0.440044
vt 0.195427 0.436001
vt 0.130745 0.436001
vt 0.130745 0.440044
vt 0.195427 0.440044
vt 0.130745 0.440044
vt 0.130745 0.444087
vt 0.260108 0.440044
vt 0.195427 0.440044
vt 0.195427 0.444087
vt 0.260108 0.444087
vt 0.195427 0.444087
vt 0.195427 0.448129
vt 0.195427 0.444087
vt 0.130745 0.444087
vt 0.130745 0.448129
vt 0.195427 0.448129
vt 0.130745 0.448129
vt 0.130745 0.452172
vt 0.260108 0.448129
vt 0.195427 0.448129
vt 0.195427 0.452172
vt 0.260108 0.452172
vt 0.195427 0.452172
vt 0.195427 0.456214
vt 0.195427 0.452172
vt 0.130745 0.452172
vt 0.130745 0.456214
vt 0.195427 0.456214
vt 0.130745 0.456214
vt 0.130745 0.460257
vt 0.260108 0.456214
vt 0.195427 0.456214
vt 0.195427 0.460257
vt 0.260108 0.460257
vt 0.195427 0.460257
vt 0.195427 0.464300
vt 0.195427 0.460257
vt 0.130745 0.460257
vt 0.130745 0.464300
vt 0.195427 0.464300
vt 0.130745 0.464300
vt 0.130745 0.468342
vt 0.260108 0.464300
vt 0.195427 0.464300
vt 0.195427 0.468342
vt 0.260108 0.468342
vt 0.195427 0.468342
vt 0.195427 0.472385
vt 0.195427 0.468342
vt 0.130745 0.468342
vt 0.130745 0.472385
vt 0.195427 0.472385
vt 0.130745 0.472385
vt 0.130745 0.476428
vt 0.260108 0.472385
vt 0.195427 0.472385
vt 0.195427 0.476428
vt 0.260108 0.476428
vt 0.195427 0.476428
vt 0.195427 0.480470
vt 0.195427 0.476428
vt 0.130745 0.476428
vt 0.130745 0.480470
vt 0.195427 0.480470
vt 0.130745 0.480470
vt 0.130745 0.484513
vt 0.260108 0.480470
vt 0.195427 0.480470
vt 0.195427 0.484513
vt 0.260108 0.484513
vt 0.195427 0.484513
vt 0.195427 0.488555
vt 0.195427 0.484513
vt 0.130745 0.484513
vt 0.130745 0.488555
vt 0.195427 0.488555
vt 0.130745 0.488555
vt 0.130745 0.492598
vt 0.260108 0.488555
vt 0.195427 0.488555
vt 0.195427 0.492598
vt 0.260108 0.492598
vt 0.195427 0.492598
vt 0.195427 0.496641
vt 0.195427 0.492598
vt 0.130745 0.492598
vt 0.130745 0.496641
vt 0.195427 0.496641
vt 0.130745 0.496641
vt 0.130745 0.500683
vt 0.260108 0.500683
vt 0.260108 0.496641
vt 0.195427 0.496641
vt 0.260108 0.500683
vt 0.195427 0.500683
vt 0.195427 0.504726
vt 0.195427 0.500683
vt 0.130745 0.500683
vt 0.130745 0.504726
vt 0.195427 0.504726
vt 0.130745 0.504726
vt 0.130745 0.508768
vt 0.260108 0.504726
vt 0.195427 0.504726
vt 0.195427 0.508768
vt 0.260108 0.508768
vt 0.195427 0.508768
vt 0.195427 0.512811
vt 0.195427 0.508768
vt 0.130745 0.508768
vt 0.130745 0.512811
vt 0.195427 0.512811
vt 0.130745 0.512811
vt 0.130745 0.516854
vt 0.260108 0.512811
vt 0.195427 0.512811
vt 0.195427 0.516854
vt 0.260108 0.516854
vt 0.195427 0.516854
vt 0.195427 0.520896
vt 0.195427 0.516854
vt 0.130745 0.516854
vt 0.130745 0.520896
vt 0.195427 0.520896
vt 0.130745 0.520896
vt 0.130745 0.524939
vt 0.260108 0.520896
vt 0.195427 0.520896
vt 0.195427 0.524939
vt 0.260108 0.524939
vt 0.195427 0.524939
vt 0.195427 0.528982
vt 0.195427 0.524939
vt 0.130745 0.524939
vt 0.130745 0.528982
vt 0.195427 0.528982
vt 0.130745 0.528982
vt 0.130745 0.533024
vt 0.260108 0.528982
vt 0.195427 0.528982
vt 0.195427 0.533024
vt 0.260108 0.533024
vt 0.195427 0.533024
vt 0.195427 0.537067
vt 0.195427 0.533024
vt 0.130745 0.533024
vt 0.130745 0.537067
vt 0.195427 0.537067
vt 0.130745 0.537067
vt 0.130745 0.541109
vt 0.260108 0.537067
vt 0.195427 0.537067
vt 0.195427 0.541109
vt 0.260108 0.541109
vt 0.195427 0.541109
vt 0.195427 0.545152
vt 0.195427 0.541109
vt 0.130745 0.541109
vt 0.130745 0.545152
vt 0.195427 0.545152
vt 0.130745 0.545152
vt 0.130745 0.549195
vt 0.260108 0.545152
vt 0.195427 0.545152
vt 0.195427 0.549195
vt 0.260108 0.553237
vt 0.260108 0.549195
vt 0.195427 0.549195
vt 0.195427 0.549195
vt 0.130745 0.549195
vt 0.130745 0.553237
vt 0.195427 0.553237
vt 0.130745 0.553237
vt 0.130745 0.557280
vt 0.260108 0.553237
vt 0.195427 0.553237
vt 0.195427 0.557280
vt 0.260108 0.557280
vt 0.195427 0.557280
vt 0.195427 0.561323
vt 0.195427 0.557280
vt 0.130745 0.557280
vt 0.130745 0.561323
vt 0.195427 0.561323
vt 0.130745 0.561323
vt 0.130745 0.565365
vt 0.260108 0.561323
vt 0.195427 0.561323
vt 0.195427 0.565365
vt 0.260108 0.565365
vt 0.195427 0.565365
vt 0.195427 0.569408
vt 0.195427 0.565365
vt 0.130745 0.565365
vt 0.130745 0.569408
vt 0.195427 0.569408
vt 0.130745 0.569408
vt 0.130745 0.573450
vt 0.260108 0.573450
vt 0.260108 0.569408
vt 0.195427 0.569408
vt 0.260108 0.573450
vt 0.195427 0.573450
vt 0.195427 0.577493
vt 0.195427 0.573450
vt 0.130745 0.573450
vt 0.130745 0.577493
vt 0.195427 0.577493
vt 0.130745 0.577493
vt 0.130745 0.581536
vt 0.260108 0.577493
vt 0.195427 0.577493
vt 0.195427 0.581536
vt 0.260108 0.581536
vt 0.195427 0.581536
vt 0.195427 0.585578
vt 0.195427 0.581536
vt 0.130745 0.581536
vt 0.130745 0.585578
vt 0.195427 0.585578
vt 0.130745 0.585578
vt 0.130745 0.589621
vt 0.260108 0.585578
vt 0.195427 0.585578
vt 0.195427 0.589621
vt 0.260108 0.589621
vt 0.195427 0.589621
vt 0.195427 0.593663
vt 0.195427 0.589621
vt 0.130745 0.589621
vt 0.130745 0.593663
vt 0.195427 0.593663
vt 0.130745 0.593663
vt 0.130745 0.597706
vt 0.260108 0.593663
vt 0.195427 0.593663
vt 0.195427 0.597706
vt 0.260108 0.597706
vt 0.195427 0.597706
vt 0.195427 0.601749
vt 0.195427 0.597706
vt 0.130745 0.597706
vt 0.130745 0.601749
vt 0.195427 0.601749
vt 0.130745 0.601749
vt 0.130745 0.605791
vt 0.260108 0.601749
vt 0.195427 0.601749
vt 0.195427 0.605791
vt 0.260108 0.605791
vt 0.195427 0.605791
vt 0.195427 0.609834
vt 0.195427 0.605791
vt 0.130745 0.605791
vt 0.130745 0.609834
vt 0.195427 0.609834
vt 0.130745 0.609834
vt 0.130745 0.613877
vt 0.260108 0.609834
vt 0.195427 0.609834
vt 0.195427 0.613877
vt 0.260108 0.613877
vt 0.195427 0.613877
vt 0.195427 0.617919
vt 0.195427 0.613877
vt 0.130745 0.613877
vt 0.130745 0.617919
vt 0.195427 0.617919
vt 0.130745 0.617919
vt 0.130745 0.621962
vt 0.260108 0.617919
vt 0.195427 0.617919
vt 0.195427 0.621962
vt 0.475990 0.700883
vt 0.473345 0.704842
vt 0.447336 0.750516
vt 0.439159 0.670656
vt 0.443118 0.668011
vt 0.447336 0.626925
vt 0.367277 0.366356
vt 0.733173 0.366356
vt 0.733173 0.000460
vt 0.000460 0.366356
vt 0.366356 0.366356
vt 0.366356 0.000460
vt 0.733173 0.000460
vt 0.733173 0.366356
vt 0.367277 0.366356
vt 0.366356 0.000460
vt 0.366356 0.366356
vt 0.000460 0.366356
vt 0.733173 0.366356
vt 0.733173 0.366356
vt 0.367277 0.366356
vt 0.000460 0.366356
vt 0.000460 0.366356
vt 0.000460 0.000460
vt 0.366356 0.000460
vt 0.366356 0.000460
vt 0.366356 0.366356
vt 0.367277 0.366356
vt 0.367277 0.366356
vt 0.367277 0.000460
vt 0.733173 0.000460
vt 0.733173 0.000460
vt 0.733173 0.366356
vt 0.000460 0.000460
vt 0.000460 0.000460
vt 0.366356 0.000460
vt 0.366356 0.366356
vt 0.366356 0.366356
vt 0.000460 0.366356
vt 0.367277 0.000460
vt 0.367277 0.000460
vt 0.733173 0.000460
vt 0.869721 0.161576
vt 0.866753 0.168743
vt 0.893231 0.239077
vt 0.864378 0.180681
vt 0.864378 0.192854
vt 0.866753 0.168743
vt 0.866753 0.204793
vt 0.871411 0.216039
vt 0.864378 0.192854
vt 0.878174 0.226160
vt 0.886781 0.234767
vt 0.871411 0.216039
vt 0.893231 0.239077
vt 0.866753 0.168743
vt 0.886781 0.234767
vt 0.864378 0.192854
vt 0.871411 0.216039
vt 0.866753 0.168743
vt 0.982626 0.211958
vt 0.985594 0.204793
vt 0.959117 0.134459
vt 0.987969 0.192854
vt 0.987969 0.180681
vt 0.985594 0.204793
vt 0.985594 0.168743
vt 0.980936 0.157497
vt 0.987969 0.180681
vt 0.974173 0.147375
vt 0.965566 0.138768
vt 0.980936 0.157497
vt 0.959117 0.134459
vt 0.985594 0.204793
vt 0.965566 0.138768
vt 0.987969 0.180681
vt 0.980936 0.157497
vt 0.985594 0.204793
vt 0.650961 0.375362
vt 0.639381 0.375362
vt 0.650961 0.367277
vt 0.522185 0.375362
vt 0.521598 0.375362
vt 0.522436 0.367280
vt 0.536639 0.375362
vt 0.522686 0.375362
vt 0.536639 0.367277
vt 0.521598 0.375362
vt 0.521598 0.367277
vt 0.522436 0.367280
vt 0.522686 0.375362
vt 0.522436 0.367280
vt 0.536639 0.367277
vt 0.639381 0.626004
vt 0.639381 0.617919
vt 0.650961 0.626004
vt 0.522686 0.617919
vt 0.536639 0.617919
vt 0.522436 0.626001
vt 0.521598 0.617919
vt 0.522185 0.617919
vt 0.521598 0.626004
vt 0.536639 0.617919
vt 0.536639 0.626004
vt 0.522436 0.626001
vt 0.522185 0.617919
vt 0.522436 0.626001
vt 0.521598 0.626004
vt 0.639381 0.617919
vt 0.639381 0.609834
vt 0.650961 0.617919
vt 0.536639 0.609834
vt 0.536639 0.617919
vt 0.522928 0.609834
vt 0.521598 0.609834
vt 0.521944 0.609834
vt 0.521598 0.617919
vt 0.328911 0.875028
vt 0.316738 0.875028
vt 0.340850 0.872653
vt 0.304799 0.872653
vt 0.293553 0.867995
vt 0.316738 0.875028
vt 0.283432 0.861232
vt 0.274825 0.852625
vt 0.293553 0.867995
vt 0.268062 0.842504
vt 0.263404 0.831258
vt 0.274825 0.852625
vt 0.261029 0.819319
vt 0.261029 0.807146
vt 0.263404 0.831258
vt 0.263404 0.795207
vt 0.268062 0.783961
vt 0.261029 0.807146
vt 0.274825 0.773840
vt 0.283432 0.765233
vt 0.268062 0.783961
vt 0.293553 0.758470
vt 0.304799 0.753812
vt 0.283432 0.765233
vt 0.316738 0.751437
vt 0.328911 0.751437
vt 0.304799 0.753812
vt 0.340850 0.753812
vt 0.352096 0.758470
vt 0.328911 0.751437
vt 0.362217 0.765233
vt 0.370824 0.773840
vt 0.352096 0.758470
vt 0.377587 0.783961
vt 0.382245 0.795207
vt 0.370824 0.773840
vt 0.384620 0.807146
vt 0.384620 0.819319
vt 0.382245 0.795207
vt 0.382245 0.831258
vt 0.377587 0.842504
vt 0.384620 0.819319
vt 0.370824 0.852625
vt 0.362217 0.861232
vt 0.377587 0.842504
vt 0.352096 0.867995
vt 0.340850 0.872653
vt 0.362217 0.861232
vt 0.316738 0.875028
vt 0.293553 0.867995
vt 0.340850 0.872653
vt 0.274825 0.852625
vt 0.263404 0.831258
vt 0.293553 0.867995
vt 0.261029 0.807146
vt 0.268062 0.783961
vt 0.263404 0.831258
vt 0.283432 0.765233
vt 0.304799 0.753812
vt 0.268062 0.783961
vt 0.328911 0.751437
vt 0.352096 0.758470
vt 0.304799 0.753812
vt 0.370824 0.773840
vt 0.382245 0.795207
vt 0.352096 0.758470
vt 0.384620 0.819319
vt 0.377587 0.842504
vt 0.382245 0.795207
vt 0.362217 0.861232
vt 0.340850 0.872653
vt 0.377587 0.842504
vt 0.293553 0.867995
vt 0.263404 0.831258
vt 0.340850 0.872653
vt 0.268062 0.783961
vt 0.304799 0.753812
vt 0.263404 0.831258
vt 0.352096 0.758470
vt 0.382245 0.795207
vt 0.304799 0.753812
vt 0.377587 0.842504
vt 0.340850 0.872653
vt 0.382245 0.795207
vt 0.263404 0.831258
vt 0.304799 0.753812
vt 0.340850 0.872653
vt 0.639381 0.609834
vt 0.639381 0.601749
vt 0.650961 0.609834
vt 0.536639 0.601749
vt 0.536639 0.609834
vt 0.523150 0.601749
vt 0.521598 0.601749
vt 0.521722 0.601749
vt 0.521598 0.609834
vt 0.639381 0.601749
vt 0.639381 0.593663
vt 0.650961 0.601749
vt 0.536639 0.593663
vt 0.536639 0.601749
vt 0.523345 0.593663
vt 0.650961 0.593663
vt 0.639381 0.593663
vt 0.650961 0.585578
vt 0.536639 0.585578
vt 0.536639 0.593663
vt 0.523505 0.585578
vt 0.650961 0.585578
vt 0.639381 0.585578
vt 0.650961 0.577493
vt 0.536639 0.577493
vt 0.536639 0.585578
vt 0.523623 0.577493
vt 0.650961 0.577493
vt 0.639381 0.577493
vt 0.650961 0.569408
vt 0.536639 0.569408
vt 0.536639 0.577493
vt 0.523696 0.569408
vt 0.650961 0.569408
vt 0.639381 0.569408
vt 0.650961 0.561323
vt 0.536639 0.561323
vt 0.536639 0.569408
vt 0.523721 0.561323
vt 0.639381 0.561323
vt 0.639381 0.553237
vt 0.650961 0.561323
vt 0.523696 0.553237
vt 0.536639 0.553237
vt 0.523721 0.561323
vt 0.650961 0.553237
vt 0.639381 0.553237
vt 0.650961 0.545152
vt 0.523623 0.545152
vt 0.536639 0.545152
vt 0.523696 0.553237
vt 0.650961 0.545152
vt 0.639381 0.545152
vt 0.650961 0.537067
vt 0.523504 0.537067
vt 0.536639 0.537067
vt 0.523623 0.545152
vt 0.650961 0.537067
vt 0.639381 0.537067
vt 0.650961 0.528982
vt 0.523345 0.528982
vt 0.536639 0.528982
vt 0.523504 0.537067
vt 0.639381 0.528982
vt 0.639381 0.520896
vt 0.650961 0.528982
vt 0.523150 0.520896
vt 0.536639 0.520896
vt 0.523345 0.528982
vt 0.639381 0.520896
vt 0.639381 0.512811
vt 0.650961 0.520896
vt 0.521598 0.520896
vt 0.521598 0.512811
vt 0.521722 0.520896
vt 0.522928 0.512811
vt 0.536639 0.512811
vt 0.523150 0.520896
vt 0.650961 0.512811
vt 0.639381 0.512811
vt 0.650961 0.504726
vt 0.521598 0.512811
vt 0.521598 0.504726
vt 0.521944 0.512811
vt 0.522687 0.504726
vt 0.536639 0.504726
vt 0.522928 0.512810
vt 0.639381 0.504726
vt 0.639381 0.496641
vt 0.650961 0.504726
vt 0.521598 0.504726
vt 0.521598 0.496641
vt 0.522185 0.504726
vt 0.522436 0.496641
vt 0.536639 0.496641
vt 0.522687 0.504723
vt 0.650961 0.496641
vt 0.639381 0.496641
vt 0.650961 0.488555
vt 0.522436 0.496641
vt 0.521598 0.496641
vt 0.522185 0.488559
vt 0.536639 0.488555
vt 0.536639 0.496641
vt 0.522687 0.488555
vt 0.639381 0.488555
vt 0.639381 0.480470
vt 0.650961 0.488555
vt 0.522185 0.488555
vt 0.521598 0.488555
vt 0.521944 0.480471
vt 0.536639 0.480470
vt 0.536639 0.488555
vt 0.522928 0.480470
vt 0.639381 0.480470
vt 0.639381 0.472385
vt 0.650961 0.480470
vt 0.521944 0.480470
vt 0.521598 0.480470
vt 0.521722 0.472385
vt 0.536639 0.472385
vt 0.536639 0.480470
vt 0.523150 0.472385
vt 0.639381 0.472385
vt 0.639381 0.464300
vt 0.650961 0.472385
vt 0.536639 0.464300
vt 0.536639 0.472385
vt 0.523345 0.464300
vt 0.639381 0.464300
vt 0.639381 0.456214
vt 0.650961 0.464300
vt 0.536639 0.456214
vt 0.536639 0.464300
vt 0.523504 0.456214
vt 0.639381 0.456214
vt 0.639381 0.448129
vt 0.650961 0.456214
vt 0.536639 0.448129
vt 0.536639 0.456214
vt 0.523623 0.448129
vt 0.639381 0.440044
vt 0.650961 0.440044
vt 0.639381 0.447405
vt 0.650961 0.448129
vt 0.639381 0.448129
vt 0.650961 0.440044
vt 0.536639 0.440044
vt 0.536639 0.448129
vt 0.523696 0.440044
vt 0.639381 0.440044
vt 0.639381 0.431959
vt 0.650961 0.440044
vt 0.536639 0.431959
vt 0.536639 0.440044
vt 0.523721 0.431959
vt 0.639381 0.431959
vt 0.639381 0.423874
vt 0.650961 0.431959
vt 0.536639 0.423874
vt 0.536639 0.424814
vt 0.523696 0.423874
vt 0.536639 0.431959
vt 0.523721 0.431959
vt 0.536639 0.424814
vt 0.639381 0.423874
vt 0.639381 0.415788
vt 0.650961 0.423874
vt 0.536639 0.423874
vt 0.523696 0.423874
vt 0.536639 0.415788
vt 0.639381 0.415788
vt 0.639381 0.407703
vt 0.650961 0.415788
vt 0.536639 0.415788
vt 0.523623 0.415788
vt 0.536639 0.407703
vt 0.639381 0.407703
vt 0.639381 0.399618
vt 0.650961 0.407703
vt 0.536639 0.407703
vt 0.523505 0.407703
vt 0.536639 0.399618
vt 0.639381 0.399618
vt 0.639381 0.391533
vt 0.650961 0.399618
vt 0.536639 0.399618
vt 0.523345 0.399618
vt 0.536639 0.391533
vt 0.639381 0.391533
vt 0.639381 0.383447
vt 0.650961 0.391533
vt 0.536639 0.391533
vt 0.523150 0.391533
vt 0.536639 0.383447
vt 0.521598 0.391533
vt 0.521598 0.383447
vt 0.521722 0.391533
vt 0.639381 0.383447
vt 0.639381 0.375362
vt 0.650961 0.383447
vt 0.536639 0.383447
vt 0.522928 0.383447
vt 0.536639 0.375362
vt 0.521598 0.383447
vt 0.521598 0.375362
vt 0.521944 0.383447
vt 0.129824 0.375362
vt 0.065142 0.375362
vt 0.129824 0.371319
vt 0.129824 0.383447
vt 0.065142 0.383447
vt 0.129824 0.379405
vt 0.129824 0.387490
vt 0.129824 0.391533
vt 0.065142 0.387490
vt 0.129824 0.399618
vt 0.065142 0.399618
vt 0.129824 0.395575
vt 0.129824 0.407703
vt 0.065142 0.407703
vt 0.129824 0.403660
vt 0.129824 0.415788
vt 0.065142 0.415788
vt 0.129824 0.411746
vt 0.129824 0.423874
vt 0.065142 0.423874
vt 0.129824 0.419831
vt 0.129824 0.431959
vt 0.065142 0.431959
vt 0.129824 0.427916
vt 0.129824 0.440044
vt 0.065142 0.440044
vt 0.129824 0.436001
vt 0.129824 0.448129
vt 0.065142 0.448129
vt 0.129824 0.444087
vt 0.129824 0.456214
vt 0.065142 0.456214
vt 0.129824 0.452172
vt 0.129824 0.464300
vt 0.065142 0.464300
vt 0.129824 0.460257
vt 0.129824 0.472385
vt 0.065142 0.472385
vt 0.129824 0.468342
vt 0.129824 0.480470
vt 0.065142 0.480470
vt 0.129824 0.476428
vt 0.129824 0.488555
vt 0.065142 0.488555
vt 0.129824 0.484513
vt 0.129824 0.496641
vt 0.065142 0.496641
vt 0.129824 0.492598
vt 0.129824 0.504726
vt 0.065142 0.504726
vt 0.129824 0.500683
vt 0.129824 0.512811
vt 0.065142 0.512811
vt 0.129824 0.508768
vt 0.129824 0.520896
vt 0.065142 0.520896
vt 0.129824 0.516854
vt 0.129824 0.528982
vt 0.065142 0.528982
vt 0.129824 0.524939
vt 0.129824 0.537067
vt 0.065142 0.537067
vt 0.129824 0.533024
vt 0.129824 0.545152
vt 0.065142 0.545152
vt 0.129824 0.541109
vt 0.129824 0.553237
vt 0.065142 0.553237
vt 0.129824 0.549195
vt 0.129824 0.561323
vt 0.065142 0.561323
vt 0.129824 0.557280
vt 0.129824 0.569408
vt 0.065142 0.569408
vt 0.129824 0.565365
vt 0.129824 0.577493
vt 0.065142 0.577493
vt 0.129824 0.573450
vt 0.129824 0.585578
vt 0.065142 0.585578
vt 0.129824 0.581536
vt 0.129824 0.593663
vt 0.065142 0.593663
vt 0.129824 0.589621
vt 0.129824 0.601749
vt 0.065142 0.601749
vt 0.129824 0.597706
vt 0.129824 0.609834
vt 0.065142 0.609834
vt 0.129824 0.605791
vt 0.332439 0.713606
vt 0.334880 0.749329
vt 0.327677 0.713606
vt 0.328911 0.750516
vt 0.322825 0.750516
vt 0.334880 0.749329
vt 0.316738 0.750516
vt 0.310769 0.749329
vt 0.322825 0.750516
vt 0.304799 0.748141
vt 0.299176 0.745812
vt 0.310769 0.749329
vt 0.293553 0.743483
vt 0.288493 0.740102
vt 0.299176 0.745812
vt 0.283432 0.736720
vt 0.279128 0.732417
vt 0.288493 0.740102
vt 0.274825 0.728113
vt 0.271443 0.723052
vt 0.279128 0.732417
vt 0.268062 0.717992
vt 0.265733 0.712369
vt 0.271443 0.723052
vt 0.263404 0.706746
vt 0.262216 0.700776
vt 0.265733 0.712369
vt 0.261029 0.694807
vt 0.261029 0.688721
vt 0.262216 0.700776
vt 0.261029 0.682634
vt 0.262216 0.676665
vt 0.261029 0.688721
vt 0.263404 0.670695
vt 0.265733 0.665072
vt 0.262216 0.676665
vt 0.268062 0.659449
vt 0.271443 0.654389
vt 0.265733 0.665072
vt 0.274825 0.649328
vt 0.279129 0.645024
vt 0.271443 0.654389
vt 0.283432 0.640721
vt 0.288493 0.637339
vt 0.279129 0.645024
vt 0.293553 0.633958
vt 0.299176 0.631629
vt 0.288493 0.637339
vt 0.304799 0.629300
vt 0.310769 0.628112
vt 0.299176 0.631629
vt 0.316738 0.626925
vt 0.322825 0.626925
vt 0.310769 0.628112
vt 0.328911 0.626925
vt 0.334880 0.628112
vt 0.322825 0.626925
vt 0.340850 0.629300
vt 0.346473 0.631629
vt 0.334880 0.628112
vt 0.352096 0.633958
vt 0.357156 0.637339
vt 0.346473 0.631629
vt 0.362217 0.640721
vt 0.366521 0.645024
vt 0.357156 0.637339
vt 0.370824 0.649328
vt 0.374206 0.654389
vt 0.366521 0.645024
vt 0.377587 0.659449
vt 0.379916 0.665072
vt 0.374206 0.654389
vt 0.382245 0.670695
vt 0.383433 0.676665
vt 0.379916 0.665072
vt 0.353385 0.682800
vt 0.353302 0.682382
vt 0.383433 0.676665
vt 0.353302 0.682382
vt 0.351480 0.677983
vt 0.383433 0.676665
vt 0.379916 0.665072
vt 0.383433 0.676665
vt 0.374206 0.654389
vt 0.366521 0.645024
vt 0.374206 0.654389
vt 0.357156 0.637339
vt 0.346473 0.631629
vt 0.357156 0.637339
vt 0.334880 0.628112
vt 0.322825 0.626925
vt 0.334880 0.628112
vt 0.310769 0.628112
vt 0.299176 0.631629
vt 0.310769 0.628112
vt 0.288493 0.637339
vt 0.279129 0.645024
vt 0.288493 0.637339
vt 0.271443 0.654389
vt 0.265733 0.665072
vt 0.271443 0.654389
vt 0.262216 0.676665
vt 0.261029 0.688721
vt 0.262216 0.676665
vt 0.262216 0.700776
vt 0.265733 0.712369
vt 0.262216 0.700776
vt 0.271443 0.723052
vt 0.279128 0.732417
vt 0.271443 0.723052
vt 0.288493 0.740102
vt 0.299176 0.745812
vt 0.288493 0.740102
vt 0.310769 0.749329
vt 0.322825 0.750516
vt 0.310769 0.749329
vt 0.334880 0.749329
vt 0.327677 0.713606
vt 0.334880 0.749329
vt 0.323007 0.712677
vt 0.323007 0.712677
vt 0.334880 0.749329
vt 0.318608 0.710855
vt 0.310769 0.749329
vt 0.288493 0.740102
vt 0.334880 0.749329
vt 0.271443 0.723052
vt 0.262216 0.700776
vt 0.288493 0.740102
vt 0.262216 0.676665
vt 0.271443 0.654389
vt 0.262216 0.700776
vt 0.288493 0.637339
vt 0.310769 0.628112
vt 0.271443 0.654389
vt 0.334880 0.628112
vt 0.357156 0.637339
vt 0.310769 0.628112
vt 0.374206 0.654389
vt 0.383433 0.676665
vt 0.357156 0.637339
vt 0.351480 0.677983
vt 0.348834 0.674024
vt 0.383433 0.676665
vt 0.348834 0.674024
vt 0.345467 0.670656
vt 0.383433 0.676665
vt 0.357156 0.637339
vt 0.383433 0.676665
vt 0.310769 0.628112
vt 0.271443 0.654389
vt 0.310769 0.628112
vt 0.262216 0.700776
vt 0.288493 0.740102
vt 0.262216 0.700776
vt 0.334880 0.749329
vt 0.318608 0.710855
vt 0.334880 0.749329
vt 0.314648 0.708209
vt 0.314648 0.708209
vt 0.334880 0.749329
vt 0.311281 0.704843
vt 0.383433 0.676665
vt 0.345467 0.670656
vt 0.310769 0.628112
vt 0.345467 0.670656
vt 0.341508 0.668011
vt 0.310769 0.628112
vt 0.334880 0.749329
vt 0.262216 0.700776
vt 0.311281 0.704843
vt 0.311281 0.704843
vt 0.262216 0.700776
vt 0.308636 0.700883
vt 0.341508 0.668011
vt 0.337109 0.666189
vt 0.310769 0.628112
vt 0.337109 0.666189
vt 0.332439 0.665260
vt 0.310769 0.628112
vt 0.308636 0.700883
vt 0.262216 0.700776
vt 0.306813 0.696484
vt 0.306813 0.696484
vt 0.262216 0.700776
vt 0.305885 0.691814
vt 0.332439 0.665260
vt 0.327677 0.665260
vt 0.310769 0.628112
vt 0.327677 0.665260
vt 0.323007 0.666189
vt 0.310769 0.628112
vt 0.305885 0.691814
vt 0.262216 0.700776
vt 0.305885 0.687052
vt 0.305885 0.687052
vt 0.262216 0.700776
vt 0.306814 0.682382
vt 0.323007 0.666189
vt 0.318607 0.668011
vt 0.310769 0.628112
vt 0.318607 0.668011
vt 0.314648 0.670657
vt 0.310769 0.628112
vt 0.262216 0.700776
vt 0.310769 0.628112
vt 0.306814 0.682382
vt 0.306814 0.682382
vt 0.310769 0.628112
vt 0.308636 0.677983
vt 0.314648 0.670657
vt 0.311281 0.674024
vt 0.310769 0.628112
vt 0.370824 0.728113
vt 0.366521 0.732417
vt 0.374206 0.723052
vt 0.362217 0.736720
vt 0.357156 0.740102
vt 0.366521 0.732417
vt 0.352096 0.743483
vt 0.346473 0.745812
vt 0.357156 0.740102
vt 0.340850 0.748141
vt 0.334880 0.749329
vt 0.346473 0.745812
vt 0.332439 0.713606
vt 0.337109 0.712677
vt 0.334880 0.749329
vt 0.337109 0.712677
vt 0.341508 0.710855
vt 0.334880 0.749329
vt 0.346473 0.745812
vt 0.334880 0.749329
vt 0.357156 0.740102
vt 0.366521 0.732417
vt 0.357156 0.740102
vt 0.374206 0.723052
vt 0.377587 0.717992
vt 0.374206 0.723052
vt 0.379916 0.712369
vt 0.382245 0.706746
vt 0.379916 0.712369
vt 0.383433 0.700776
vt 0.384620 0.694807
vt 0.383433 0.700776
vt 0.384620 0.688721
vt 0.384620 0.682634
vt 0.384620 0.688721
vt 0.383433 0.676665
vt 0.353385 0.682800
vt 0.383433 0.676665
vt 0.354231 0.687052
vt 0.354231 0.687052
vt 0.383433 0.676665
vt 0.354231 0.691814
vt 0.384620 0.688721
vt 0.383433 0.700776
vt 0.383433 0.676665
vt 0.379916 0.712369
vt 0.374206 0.723052
vt 0.383433 0.700776
vt 0.357156 0.740102
vt 0.334880 0.749329
vt 0.374206 0.723052
vt 0.341508 0.710855
vt 0.345467 0.708210
vt 0.334880 0.749329
vt 0.345467 0.708210
vt 0.348834 0.704842
vt 0.334880 0.749329
vt 0.374206 0.723052
vt 0.334880 0.749329
vt 0.383433 0.700776
vt 0.383433 0.676665
vt 0.383433 0.700776
vt 0.354231 0.691814
vt 0.354231 0.691814
vt 0.383433 0.700776
vt 0.353302 0.696484
vt 0.334880 0.749329
vt 0.348834 0.704842
vt 0.383433 0.700776
vt 0.353302 0.696484
vt 0.383433 0.700776
vt 0.351480 0.700883
vt 0.129824 0.617919
vt 0.065142 0.617919
vt 0.129824 0.613877
vt 0.129824 0.626004
vt 0.065142 0.626004
vt 0.129824 0.621962
vt 0.761451 0.831258
vt 0.763780 0.836881
vt 0.760264 0.825288
vt 0.766109 0.842504
vt 0.769491 0.847564
vt 0.763780 0.836881
vt 0.772872 0.852625
vt 0.777176 0.856929
vt 0.769491 0.847564
vt 0.781479 0.861232
vt 0.786540 0.864614
vt 0.777176 0.856929
vt 0.791601 0.867995
vt 0.797224 0.870324
vt 0.786540 0.864614
vt 0.802847 0.872653
vt 0.808816 0.873841
vt 0.797224 0.870324
vt 0.814785 0.875028
vt 0.820872 0.875028
vt 0.808816 0.873841
vt 0.826958 0.875028
vt 0.832927 0.873841
vt 0.820872 0.875028
vt 0.825905 0.844253
vt 0.825363 0.844361
vt 0.832927 0.873841
vt 0.825363 0.844361
vt 0.820601 0.844361
vt 0.832927 0.873841
vt 0.820872 0.875028
vt 0.832927 0.873841
vt 0.808816 0.873841
vt 0.797224 0.870324
vt 0.808816 0.873841
vt 0.786540 0.864614
vt 0.777176 0.856929
vt 0.786540 0.864614
vt 0.769491 0.847564
vt 0.763780 0.836881
vt 0.769491 0.847564
vt 0.760264 0.825288
vt 0.759076 0.819319
vt 0.760264 0.825288
vt 0.759076 0.813232
vt 0.759076 0.807146
vt 0.759076 0.813232
vt 0.760264 0.801177
vt 0.761451 0.795207
vt 0.760264 0.801177
vt 0.763780 0.789584
vt 0.766109 0.783961
vt 0.763780 0.789584
vt 0.769491 0.778901
vt 0.772872 0.773840
vt 0.769491 0.778901
vt 0.777176 0.769536
vt 0.781479 0.765233
vt 0.777176 0.769536
vt 0.786540 0.761851
vt 0.791601 0.758470
vt 0.786540 0.761851
vt 0.797224 0.756141
vt 0.802847 0.753812
vt 0.797224 0.756141
vt 0.808816 0.752624
vt 0.814785 0.751437
vt 0.808816 0.752624
vt 0.820872 0.751437
vt 0.826958 0.751437
vt 0.820872 0.751437
vt 0.832927 0.752624
vt 0.838897 0.753812
vt 0.832927 0.752624
vt 0.844520 0.756141
vt 0.850143 0.758470
vt 0.844520 0.756141
vt 0.855204 0.761851
vt 0.860264 0.765233
vt 0.855204 0.761851
vt 0.864568 0.769536
vt 0.868872 0.773840
vt 0.864568 0.769536
vt 0.872253 0.778901
vt 0.875634 0.783961
vt 0.872253 0.778901
vt 0.877963 0.789584
vt 0.880293 0.795207
vt 0.877963 0.789584
vt 0.881480 0.801177
vt 0.846226 0.813137
vt 0.881480 0.801177
vt 0.844403 0.808737
vt 0.844403 0.808737
vt 0.881480 0.801177
vt 0.841758 0.804778
vt 0.877963 0.789584
vt 0.872253 0.778901
vt 0.881480 0.801177
vt 0.864568 0.769536
vt 0.855204 0.761851
vt 0.872253 0.778901
vt 0.844520 0.756141
vt 0.832927 0.752624
vt 0.855204 0.761851
vt 0.820872 0.751437
vt 0.808816 0.752624
vt 0.832927 0.752624
vt 0.797224 0.756141
vt 0.786540 0.761851
vt 0.808816 0.752624
vt 0.777176 0.769536
vt 0.769491 0.778901
vt 0.786540 0.761851
vt 0.763780 0.789584
vt 0.760264 0.801177
vt 0.769491 0.778901
vt 0.759076 0.813232
vt 0.760264 0.825288
vt 0.760264 0.801177
vt 0.769491 0.847564
vt 0.786540 0.864614
vt 0.760264 0.825288
vt 0.808816 0.873841
vt 0.832927 0.873841
vt 0.786540 0.864614
vt 0.820601 0.844361
vt 0.815930 0.843432
vt 0.832927 0.873841
vt 0.815930 0.843432
vt 0.811531 0.841610
vt 0.832927 0.873841
vt 0.786540 0.864614
vt 0.832927 0.873841
vt 0.760264 0.825288
vt 0.760264 0.801177
vt 0.760264 0.825288
vt 0.769491 0.778901
vt 0.786540 0.761851
vt 0.769491 0.778901
vt 0.808816 0.752624
vt 0.832927 0.752624
vt 0.808816 0.752624
vt 0.855204 0.761851
vt 0.872253 0.778901
vt 0.855204 0.761851
vt 0.881480 0.801177
vt 0.841758 0.804778
vt 0.881480 0.801177
vt 0.838391 0.801411
vt 0.838391 0.801411
vt 0.881480 0.801177
vt 0.834432 0.798766
vt 0.855204 0.761851
vt 0.808816 0.752624
vt 0.881480 0.801177
vt 0.769491 0.778901
vt 0.760264 0.825288
vt 0.808816 0.752624
vt 0.832927 0.873841
vt 0.811531 0.841610
vt 0.760264 0.825288
vt 0.811531 0.841610
vt 0.807572 0.838964
vt 0.760264 0.825288
vt 0.881480 0.801177
vt 0.808816 0.752624
vt 0.834432 0.798766
vt 0.834432 0.798766
vt 0.808816 0.752624
vt 0.830033 0.796944
vt 0.807572 0.838964
vt 0.804205 0.835597
vt 0.760264 0.825288
vt 0.804205 0.835597
vt 0.801559 0.831638
vt 0.760264 0.825288
vt 0.830033 0.796944
vt 0.808816 0.752624
vt 0.825362 0.796015
vt 0.825362 0.796015
vt 0.808816 0.752624
vt 0.820601 0.796015
vt 0.801559 0.831638
vt 0.799737 0.827239
vt 0.760264 0.825288
vt 0.799737 0.827239
vt 0.798808 0.822568
vt 0.760264 0.825288
vt 0.820601 0.796015
vt 0.808816 0.752624
vt 0.815930 0.796944
vt 0.815930 0.796944
vt 0.808816 0.752624
vt 0.811531 0.798766
vt 0.798808 0.822568
vt 0.798808 0.817807
vt 0.760264 0.825288
vt 0.798808 0.817807
vt 0.799737 0.813137
vt 0.760264 0.825288
vt 0.808816 0.752624
vt 0.760264 0.825288
vt 0.811531 0.798766
vt 0.811531 0.798766
vt 0.760264 0.825288
vt 0.807572 0.801411
vt 0.799737 0.813137
vt 0.801560 0.808738
vt 0.760264 0.825288
vt 0.807572 0.801411
vt 0.760264 0.825288
vt 0.804205 0.804778
vt 0.825905 0.844253
vt 0.832927 0.873841
vt 0.830033 0.843432
vt 0.838897 0.872653
vt 0.844520 0.870324
vt 0.832927 0.873841
vt 0.850143 0.867995
vt 0.855204 0.864614
vt 0.844520 0.870324
vt 0.860264 0.861232
vt 0.864568 0.856929
vt 0.855204 0.864614
vt 0.868872 0.852625
vt 0.872253 0.847564
vt 0.864568 0.856929
vt 0.875634 0.842504
vt 0.877963 0.836881
vt 0.872253 0.847564
vt 0.880293 0.831258
vt 0.881480 0.825288
vt 0.877963 0.836881
vt 0.882667 0.819319
vt 0.882667 0.813232
vt 0.881480 0.825288
vt 0.882667 0.807146
vt 0.881480 0.801177
vt 0.882667 0.813232
vt 0.846226 0.813137
vt 0.847155 0.817807
vt 0.881480 0.801177
vt 0.847155 0.817807
vt 0.847155 0.822569
vt 0.881480 0.801177
vt 0.882667 0.813232
vt 0.881480 0.801177
vt 0.881480 0.825288
vt 0.877963 0.836881
vt 0.881480 0.825288
vt 0.872253 0.847564
vt 0.864568 0.856929
vt 0.872253 0.847564
vt 0.855204 0.864614
vt 0.844520 0.870324
vt 0.855204 0.864614
vt 0.832927 0.873841
vt 0.830033 0.843432
vt 0.832927 0.873841
vt 0.834432 0.841610
vt 0.834432 0.841610
vt 0.832927 0.873841
vt 0.838391 0.838964
vt 0.855204 0.864614
vt 0.872253 0.847564
vt 0.832927 0.873841
vt 0.881480 0.825288
vt 0.881480 0.801177
vt 0.872253 0.847564
vt 0.847155 0.822569
vt 0.846226 0.827239
vt 0.881480 0.801177
vt 0.846226 0.827239
vt 0.844404 0.831638
vt 0.881480 0.801177
vt 0.872253 0.847564
vt 0.881480 0.801177
vt 0.832927 0.873841
vt 0.838391 0.838964
vt 0.832927 0.873841
vt 0.841758 0.835598
vt 0.844404 0.831638
vt 0.841758 0.835598
vt 0.881480 0.801177
vt 0.065142 0.626004
vt 0.000460 0.626004
vt 0.065142 0.621962
vt 0.065142 0.621962
vt 0.000460 0.621962
vt 0.065142 0.617919
vt 0.129824 0.621962
vt 0.065142 0.621962
vt 0.129824 0.617919
vt 0.065142 0.617919
vt 0.000460 0.617919
vt 0.065142 0.613877
vt 0.065142 0.613877
vt 0.000460 0.613877
vt 0.065142 0.609834
vt 0.129824 0.613877
vt 0.065142 0.613877
vt 0.129824 0.609834
vt 0.065142 0.609834
vt 0.000460 0.609834
vt 0.065142 0.605791
vt 0.065142 0.605791
vt 0.000460 0.605791
vt 0.065142 0.601749
vt 0.129824 0.605791
vt 0.065142 0.605791
vt 0.129824 0.601749
vt 0.065142 0.601749
vt 0.000460 0.601749
vt 0.065142 0.597706
vt 0.065142 0.597706
vt 0.000460 0.597706
vt 0.065142 0.593663
vt 0.129824 0.597706
vt 0.065142 0.597706
vt 0.129824 0.593663
vt 0.065142 0.593663
vt 0.000460 0.593663
vt 0.065142 0.589621
vt 0.065142 0.589621
vt 0.000460 0.589621
vt 0.065142 0.585578
vt 0.129824 0.589621
vt 0.065142 0.589621
vt 0.129824 0.585578
vt 0.065142 0.581536
vt 0.065142 0.585578
vt 0.000460 0.581536
vt 0.065142 0.581536
vt 0.000460 0.581536
vt 0.065142 0.577493
vt 0.129824 0.577493
vt 0.129824 0.581536
vt 0.065142 0.577493
vt 0.065142 0.577493
vt 0.000460 0.577493
vt 0.065142 0.573450
vt 0.065142 0.573450
vt 0.000460 0.573450
vt 0.065142 0.569408
vt 0.129824 0.573450
vt 0.065142 0.573450
vt 0.129824 0.569408
vt 0.065142 0.569408
vt 0.000460 0.569408
vt 0.065142 0.565365
vt 0.065142 0.561323
vt 0.065142 0.565365
vt 0.000460 0.561323
vt 0.129824 0.565365
vt 0.065142 0.565365
vt 0.129824 0.561323
vt 0.065142 0.561323
vt 0.000460 0.561323
vt 0.065142 0.557280
vt 0.065142 0.557280
vt 0.000460 0.557280
vt 0.065142 0.553237
vt 0.129824 0.557280
vt 0.065142 0.557280
vt 0.129824 0.553237
vt 0.065142 0.553237
vt 0.000460 0.553237
vt 0.065142 0.549195
vt 0.065142 0.549195
vt 0.000460 0.549195
vt 0.065142 0.545152
vt 0.129824 0.549195
vt 0.065142 0.549195
vt 0.129824 0.545152
vt 0.065142 0.545152
vt 0.000460 0.545152
vt 0.065142 0.541109
vt 0.065142 0.537067
vt 0.065142 0.541109
vt 0.000460 0.537067
vt 0.129824 0.541109
vt 0.065142 0.541109
vt 0.129824 0.537067
vt 0.065142 0.537067
vt 0.000460 0.537067
vt 0.065142 0.533024
vt 0.065142 0.533024
vt 0.000460 0.533024
vt 0.065142 0.528982
vt 0.129824 0.533024
vt 0.065142 0.533024
vt 0.129824 0.528982
vt 0.065142 0.528982
vt 0.000460 0.528982
vt 0.065142 0.524939
vt 0.065142 0.524939
vt 0.000460 0.524939
vt 0.065142 0.520896
vt 0.129824 0.524939
vt 0.065142 0.524939
vt 0.129824 0.520896
vt 0.065142 0.520896
vt 0.000460 0.520896
vt 0.065142 0.516854
vt 0.065142 0.516854
vt 0.000460 0.516854
vt 0.065142 0.512811
vt 0.129824 0.516854
vt 0.065142 0.516854
vt 0.129824 0.512811
vt 0.065142 0.512811
vt 0.000460 0.512811
vt 0.065142 0.508768
vt 0.065142 0.508768
vt 0.000460 0.508768
vt 0.065142 0.504726
vt 0.129824 0.508768
vt 0.065142 0.508768
vt 0.129824 0.504726
vt 0.065142 0.504726
vt 0.000460 0.504726
vt 0.065142 0.500683
vt 0.065142 0.500683
vt 0.000460 0.500683
vt 0.065142 0.496641
vt 0.129824 0.500683
vt 0.065142 0.500683
vt 0.129824 0.496641
vt 0.065142 0.496641
vt 0.000460 0.496641
vt 0.065142 0.492598
vt 0.065142 0.492598
vt 0.000460 0.492598
vt 0.065142 0.488555
vt 0.129824 0.492598
vt 0.065142 0.492598
vt 0.129824 0.488555
vt 0.065142 0.488555
vt 0.000460 0.488555
vt 0.065142 0.484513
vt 0.065142 0.484513
vt 0.000460 0.484513
vt 0.065142 0.480470
vt 0.129824 0.484513
vt 0.065142 0.484513
vt 0.129824 0.480470
vt 0.065142 0.480470
vt 0.000460 0.480470
vt 0.065142 0.476428
vt 0.065142 0.476428
vt 0.000460 0.476428
vt 0.065142 0.472385
vt 0.129824 0.476428
vt 0.065142 0.476428
vt 0.129824 0.472385
vt 0.065142 0.472385
vt 0.000460 0.472385
vt 0.065142 0.468342
vt 0.065142 0.468342
vt 0.000460 0.468342
vt 0.065142 0.464300
vt 0.129824 0.468342
vt 0.065142 0.468342
vt 0.129824 0.464300
vt 0.065142 0.464300
vt 0.000460 0.464300
vt 0.065142 0.460257
vt 0.065142 0.460257
vt 0.000460 0.460257
vt 0.065142 0.456214
vt 0.129824 0.460257
vt 0.065142 0.460257
vt 0.129824 0.456214
vt 0.065142 0.456214
vt 0.000460 0.456214
vt 0.065142 0.452172
vt 0.065142 0.452172
vt 0.000460 0.452172
vt 0.065142 0.448129
vt 0.129824 0.452172
vt 0.065142 0.452172
vt 0.129824 0.448129
vt 0.065142 0.448129
vt 0.000460 0.448129
vt 0.065142 0.444087
vt 0.065142 0.444087
vt 0.000460 0.444087
vt 0.065142 0.440044
vt 0.129824 0.444087
vt 0.065142 0.444087
vt 0.129824 0.440044
vt 0.065142 0.440044
vt 0.000460 0.440044
vt 0.065142 0.436001
vt 0.065142 0.436001
vt 0.000460 0.436001
vt 0.065142 0.431959
vt 0.129824 0.436001
vt 0.065142 0.436001
vt 0.129824 0.431959
vt 0.065142 0.431959
vt 0.000460 0.431959
vt 0.065142 0.427916
vt 0.065142 0.427916
vt 0.000460 0.427916
vt 0.065142 0.423874
vt 0.129824 0.427916
vt 0.065142 0.427916
vt 0.129824 0.423874
vt 0.065142 0.423874
vt 0.000460 0.423874
vt 0.065142 0.419831
vt 0.065142 0.419831
vt 0.000460 0.419831
vt 0.065142 0.415788
vt 0.129824 0.419831
vt 0.065142 0.419831
vt 0.129824 0.415788
vt 0.065142 0.415788
vt 0.000460 0.415788
vt 0.065142 0.411746
vt 0.065142 0.411746
vt 0.000460 0.411746
vt 0.065142 0.407703
vt 0.129824 0.411746
vt 0.065142 0.411746
vt 0.129824 0.407703
vt 0.065142 0.407703
vt 0.000460 0.407703
vt 0.065142 0.403660
vt 0.065142 0.403660
vt 0.000460 0.403660
vt 0.065142 0.399618
vt 0.129824 0.403660
vt 0.065142 0.403660
vt 0.129824 0.399618
vt 0.065142 0.399618
vt 0.000460 0.399618
vt 0.065142 0.395575
vt 0.065142 0.395575
vt 0.000460 0.395575
vt 0.065142 0.391533
vt 0.129824 0.395575
vt 0.065142 0.395575
vt 0.129824 0.391533
vt 0.065142 0.391533
vt 0.000460 0.391533
vt 0.065142 0.387490
vt 0.065142 0.387490
vt 0.000460 0.387490
vt 0.065142 0.383447
vt 0.129824 0.387490
vt 0.065142 0.387490
vt 0.129824 0.383447
vt 0.065142 0.383447
vt 0.000460 0.383447
vt 0.065142 0.379405
vt 0.065142 0.379405
vt 0.000460 0.379405
vt 0.065142 0.375362
vt 0.129824 0.379405
vt 0.065142 0.379405
vt 0.129824 0.375362
vt 0.065142 0.375362
vt 0.000460 0.375362
vt 0.065142 0.371319
vt 0.065142 0.371319
vt 0.000460 0.371320
vt 0.065142 0.367277
vt 0.129824 0.371319
vt 0.065142 0.371319
vt 0.129824 0.367277
vt 0.866753 0.044231
vt 0.864378 0.056170
vt 0.871411 0.032985
vt 0.864378 0.068342
vt 0.866753 0.080281
vt 0.864378 0.056170
vt 0.871411 0.091527
vt 0.878174 0.101648
vt 0.866753 0.080281
vt 0.886781 0.110256
vt 0.896902 0.117018
vt 0.878174 0.101648
vt 0.908148 0.121677
vt 0.920087 0.124051
vt 0.896902 0.117018
vt 0.932260 0.124051
vt 0.944199 0.121677
vt 0.920087 0.124051
vt 0.955445 0.117018
vt 0.965566 0.110256
vt 0.944199 0.121677
vt 0.974173 0.101648
vt 0.980936 0.091527
vt 0.965566 0.110256
vt 0.985594 0.080281
vt 0.987969 0.068342
vt 0.980936 0.091527
vt 0.987969 0.056170
vt 0.985594 0.044231
vt 0.987969 0.068342
vt 0.980936 0.032985
vt 0.974173 0.022863
vt 0.985594 0.044231
vt 0.965566 0.014256
vt 0.955445 0.007493
vt 0.974173 0.022863
vt 0.944199 0.002835
vt 0.932260 0.000460
vt 0.955445 0.007493
vt 0.920087 0.000460
vt 0.908148 0.002835
vt 0.932260 0.000460
vt 0.896902 0.007493
vt 0.886781 0.014256
vt 0.908148 0.002835
vt 0.878174 0.022863
vt 0.871411 0.032985
vt 0.886781 0.014256
vt 0.864378 0.056170
vt 0.866753 0.080281
vt 0.871411 0.032985
vt 0.878174 0.101648
vt 0.896902 0.117018
vt 0.866753 0.080281
vt 0.920087 0.124051
vt 0.944199 0.121677
vt 0.896902 0.117018
vt 0.965566 0.110256
vt 0.980936 0.091527
vt 0.944199 0.121677
vt 0.987969 0.068342
vt 0.985594 0.044231
vt 0.980936 0.091527
vt 0.974173 0.022863
vt 0.955445 0.007493
vt 0.985594 0.044231
vt 0.932260 0.000460
vt 0.908148 0.002835
vt 0.955445 0.007493
vt 0.886781 0.014256
vt 0.871411 0.032985
vt 0.908148 0.002835
vt 0.866753 0.080281
vt 0.896902 0.117018
vt 0.871411 0.032985
vt 0.944199 0.121677
vt 0.980936 0.091527
vt 0.896902 0.117018
vt 0.985594 0.044231
vt 0.955445 0.007493
vt 0.980936 0.091527
vt 0.908148 0.002835
vt 0.871411 0.032985
vt 0.955445 0.007493
vt 0.896902 0.117018
vt 0.980936 0.091527
vt 0.871411 0.032985
vt 0.394576 0.367277
vt 0.398882 0.367277
vt 0.394700 0.375362
vt 0.513109 0.375362
vt 0.513109 0.367277
vt 0.517290 0.375362
vt 0.517414 0.367277
vt 0.518739 0.367277
vt 0.517538 0.375359
vt 0.520456 0.375362
vt 0.520456 0.367277
vt 0.520677 0.375362
vt 0.391534 0.367277
vt 0.391534 0.375362
vt 0.391313 0.367277
vt 0.393251 0.375362
vt 0.393251 0.367277
vt 0.394452 0.375362
vt 0.398882 0.617919
vt 0.398882 0.626004
vt 0.394700 0.617919
vt 0.518739 0.617919
vt 0.518739 0.626004
vt 0.517538 0.617919
vt 0.517414 0.626004
vt 0.513109 0.626004
vt 0.517291 0.617922
vt 0.520456 0.626004
vt 0.520456 0.617919
vt 0.520677 0.626004
vt 0.391534 0.617919
vt 0.391534 0.626004
vt 0.391313 0.617919
vt 0.394576 0.626004
vt 0.393251 0.626004
vt 0.394452 0.617919
vt 0.398882 0.609834
vt 0.398882 0.617919
vt 0.394819 0.609834
vt 0.518739 0.609834
vt 0.518739 0.617919
vt 0.517657 0.609834
vt 0.517290 0.617919
vt 0.513109 0.617919
vt 0.517172 0.609835
vt 0.520456 0.617919
vt 0.520456 0.609834
vt 0.520677 0.617919
vt 0.391534 0.609834
vt 0.391534 0.617919
vt 0.391313 0.609834
vt 0.394452 0.617919
vt 0.393251 0.617919
vt 0.394333 0.609834
vt 0.714385 0.748141
vt 0.702446 0.750516
vt 0.725631 0.743483
vt 0.690274 0.750516
vt 0.678335 0.748141
vt 0.702446 0.750516
vt 0.667089 0.743483
vt 0.656968 0.736720
vt 0.678335 0.748141
vt 0.648360 0.728113
vt 0.641597 0.717992
vt 0.656968 0.736720
vt 0.636939 0.706746
vt 0.634564 0.694807
vt 0.641597 0.717992
vt 0.634564 0.682634
vt 0.636939 0.670695
vt 0.634564 0.694807
vt 0.641597 0.659449
vt 0.648360 0.649328
vt 0.636939 0.670695
vt 0.656968 0.640721
vt 0.667089 0.633958
vt 0.648360 0.649328
vt 0.678335 0.629300
vt 0.690274 0.626925
vt 0.667089 0.633958
vt 0.702446 0.626925
vt 0.714385 0.629300
vt 0.690274 0.626925
vt 0.725631 0.633958
vt 0.735752 0.640721
vt 0.714385 0.629300
vt 0.744360 0.649328
vt 0.751123 0.659449
vt 0.735752 0.640721
vt 0.755781 0.670695
vt 0.758156 0.682634
vt 0.751123 0.659449
vt 0.758156 0.694807
vt 0.755781 0.706746
vt 0.758156 0.682634
vt 0.751122 0.717992
vt 0.744360 0.728113
vt 0.755781 0.706746
vt 0.735752 0.736720
vt 0.725631 0.743483
vt 0.744360 0.728113
vt 0.702446 0.750516
vt 0.678335 0.748141
vt 0.725631 0.743483
vt 0.656968 0.736720
vt 0.641597 0.717992
vt 0.678335 0.748141
vt 0.634564 0.694807
vt 0.636939 0.670695
vt 0.641597 0.717992
vt 0.648360 0.649328
vt 0.667089 0.633958
vt 0.636939 0.670695
vt 0.690274 0.626925
vt 0.714385 0.629300
vt 0.667089 0.633958
vt 0.735752 0.640721
vt 0.751123 0.659449
vt 0.714385 0.629300
vt 0.758156 0.682634
vt 0.755781 0.706746
vt 0.751123 0.659449
vt 0.744360 0.728113
vt 0.725631 0.743483
vt 0.755781 0.706746
vt 0.678335 0.748141
vt 0.641597 0.717992
vt 0.725631 0.743483
vt 0.636939 0.670695
vt 0.667089 0.633958
vt 0.641597 0.717992
vt 0.714385 0.629300
vt 0.751123 0.659449
vt 0.667089 0.633958
vt 0.755781 0.706746
vt 0.725631 0.743483
vt 0.751123 0.659449
vt 0.641597 0.717992
vt 0.667089 0.633958
vt 0.725631 0.743483
vt 0.394929 0.601749
vt 0.398882 0.601749
vt 0.394819 0.609834
vt 0.398882 0.609834
vt 0.394819 0.609834
vt 0.398882 0.602268
vt 0.518739 0.601749
vt 0.518739 0.609834
vt 0.517767 0.601749
vt 0.517171 0.609834
vt 0.513109 0.609834
vt 0.517062 0.601749
vt 0.520456 0.609834
vt 0.520456 0.601749
vt 0.520677 0.609834
vt 0.391534 0.609220
vt 0.391534 0.609834
vt 0.391534 0.601749
vt 0.391313 0.609834
vt 0.391313 0.601749
vt 0.391534 0.609834
vt 0.393251 0.601749
vt 0.394224 0.601749
vt 0.393251 0.604450
vt 0.394333 0.609834
vt 0.393251 0.609834
vt 0.394224 0.601749
vt 0.391534 0.593663
vt 0.391534 0.601749
vt 0.391313 0.593663
vt 0.517062 0.601749
vt 0.513109 0.601749
vt 0.517000 0.596597
vt 0.513109 0.593663
vt 0.518739 0.593663
vt 0.513109 0.601749
vt 0.518739 0.601749
vt 0.517767 0.601749
vt 0.518739 0.593663
vt 0.517767 0.601749
vt 0.517828 0.596597
vt 0.518739 0.593663
vt 0.513109 0.601749
vt 0.518739 0.593663
vt 0.517000 0.596597
vt 0.520456 0.601749
vt 0.520456 0.593663
vt 0.520677 0.601749
vt 0.398882 0.601749
vt 0.394929 0.601749
vt 0.398882 0.593663
vt 0.394929 0.601749
vt 0.394990 0.596597
vt 0.398882 0.593663
vt 0.393251 0.601749
vt 0.393251 0.593663
vt 0.394224 0.601749
vt 0.394990 0.596597
vt 0.394162 0.596597
vt 0.398882 0.593663
vt 0.394224 0.601749
vt 0.393251 0.593663
vt 0.394162 0.596597
vt 0.518739 0.585578
vt 0.518739 0.593663
vt 0.513109 0.585578
vt 0.520677 0.593663
vt 0.520456 0.593663
vt 0.520677 0.585578
vt 0.398882 0.585578
vt 0.398882 0.593663
vt 0.393251 0.585578
vt 0.391534 0.585578
vt 0.391534 0.593663
vt 0.391313 0.585578
vt 0.398882 0.577493
vt 0.398882 0.585578
vt 0.393251 0.577493
vt 0.518739 0.577493
vt 0.518739 0.585578
vt 0.513109 0.577493
vt 0.520456 0.585578
vt 0.520456 0.577493
vt 0.520677 0.585578
vt 0.391534 0.577493
vt 0.391534 0.585578
vt 0.391313 0.577493
vt 0.398882 0.569408
vt 0.398882 0.577493
vt 0.393251 0.569408
vt 0.518739 0.569408
vt 0.518739 0.577493
vt 0.513109 0.569408
vt 0.520677 0.577493
vt 0.520456 0.577493
vt 0.520677 0.569408
vt 0.391534 0.569408
vt 0.391534 0.577493
vt 0.391313 0.569408
vt 0.398882 0.561322
vt 0.398882 0.569408
vt 0.393251 0.561322
vt 0.518739 0.561323
vt 0.518739 0.569408
vt 0.513109 0.561323
vt 0.520677 0.569408
vt 0.520456 0.569408
vt 0.520677 0.561323
vt 0.391534 0.561323
vt 0.391534 0.569408
vt 0.391313 0.561323
vt 0.398882 0.553237
vt 0.398882 0.561322
vt 0.393251 0.553237
vt 0.518739 0.553237
vt 0.518739 0.561323
vt 0.513109 0.553237
vt 0.520677 0.561323
vt 0.520456 0.561323
vt 0.520677 0.553237
vt 0.391534 0.553237
vt 0.391534 0.561323
vt 0.391313 0.553237
vt 0.398882 0.545152
vt 0.398882 0.553237
vt 0.393251 0.545152
vt 0.518739 0.545152
vt 0.518739 0.553237
vt 0.513109 0.545152
vt 0.520677 0.553237
vt 0.520456 0.553237
vt 0.520677 0.545152
vt 0.391534 0.545152
vt 0.391534 0.553237
vt 0.391313 0.545152
vt 0.398882 0.537067
vt 0.398882 0.545152
vt 0.393251 0.537067
vt 0.518739 0.537067
vt 0.518739 0.545152
vt 0.513109 0.537067
vt 0.520677 0.545152
vt 0.520456 0.545152
vt 0.520677 0.537067
vt 0.391534 0.537067
vt 0.391534 0.545152
vt 0.391313 0.537067
vt 0.518739 0.528982
vt 0.518739 0.537067
vt 0.513109 0.528982
vt 0.520456 0.537067
vt 0.520456 0.528982
vt 0.520677 0.537067
vt 0.398882 0.528982
vt 0.398882 0.537067
vt 0.393251 0.528982
vt 0.391534 0.528982
vt 0.391534 0.537067
vt 0.391313 0.528982
vt 0.518739 0.520896
vt 0.518739 0.528982
vt 0.517767 0.520896
vt 0.513109 0.528982
vt 0.513109 0.527988
vt 0.518739 0.528982
vt 0.513109 0.520896
vt 0.517062 0.520896
vt 0.513109 0.527988
vt 0.517062 0.520896
vt 0.517000 0.526047
vt 0.513109 0.527988
vt 0.517767 0.520896
vt 0.518739 0.528982
vt 0.517828 0.526047
vt 0.517000 0.526047
vt 0.517828 0.526047
vt 0.513109 0.527988
vt 0.517767 0.520896
vt 0.517828 0.526047
vt 0.517062 0.520896
vt 0.520677 0.528982
vt 0.520456 0.528982
vt 0.520677 0.520896
vt 0.394224 0.520896
vt 0.394162 0.526048
vt 0.393251 0.520896
vt 0.394929 0.520896
vt 0.398882 0.520896
vt 0.394990 0.526048
vt 0.393251 0.520896
vt 0.394162 0.526048
vt 0.393251 0.528982
vt 0.398882 0.520896
vt 0.398882 0.528982
vt 0.394990 0.526048
vt 0.394162 0.526048
vt 0.394990 0.526048
vt 0.393251 0.528982
vt 0.391313 0.528982
vt 0.391313 0.520896
vt 0.391534 0.528982
vt 0.513109 0.520896
vt 0.513109 0.512811
vt 0.517062 0.520896
vt 0.518739 0.520896
vt 0.517767 0.520896
vt 0.518739 0.512811
vt 0.517062 0.520896
vt 0.517172 0.512811
vt 0.517767 0.520896
vt 0.520677 0.520896
vt 0.520456 0.520896
vt 0.520677 0.512811
vt 0.398882 0.520896
vt 0.394929 0.520896
vt 0.398882 0.512811
vt 0.391313 0.520896
vt 0.391313 0.512811
vt 0.391534 0.520896
vt 0.393251 0.520896
vt 0.393251 0.512811
vt 0.394224 0.520896
vt 0.518739 0.512811
vt 0.517657 0.512811
vt 0.518739 0.504726
vt 0.513109 0.512811
vt 0.513109 0.504726
vt 0.517172 0.512811
vt 0.517172 0.512811
vt 0.517290 0.504726
vt 0.517657 0.512811
vt 0.520456 0.512811
vt 0.520456 0.504726
vt 0.520677 0.512811
vt 0.394700 0.504726
vt 0.398882 0.504726
vt 0.394819 0.512811
vt 0.391534 0.504726
vt 0.391534 0.512811
vt 0.391313 0.504726
vt 0.394452 0.504726
vt 0.394333 0.512811
vt 0.393251 0.504726
vt 0.391534 0.496641
vt 0.391534 0.504726
vt 0.391313 0.496641
vt 0.513109 0.504726
vt 0.513109 0.496641
vt 0.517290 0.504726
vt 0.518739 0.504726
vt 0.517538 0.504726
vt 0.518739 0.496641
vt 0.517290 0.504726
vt 0.513109 0.496641
vt 0.517414 0.496644
vt 0.517538 0.504726
vt 0.517414 0.496644
vt 0.518739 0.496641
vt 0.520677 0.504726
vt 0.520456 0.504726
vt 0.520677 0.496641
vt 0.398882 0.504726
vt 0.394700 0.504726
vt 0.398882 0.496641
vt 0.394452 0.504726
vt 0.393251 0.504726
vt 0.394576 0.496641
vt 0.394700 0.504726
vt 0.394576 0.496641
vt 0.398882 0.496641
vt 0.393251 0.504726
vt 0.393251 0.496641
vt 0.394576 0.496641
vt 0.518739 0.488555
vt 0.518739 0.496641
vt 0.517538 0.488555
vt 0.513109 0.488555
vt 0.517291 0.488555
vt 0.513109 0.496641
vt 0.517538 0.488555
vt 0.518739 0.496641
vt 0.517414 0.496637
vt 0.517291 0.488555
vt 0.517414 0.496637
vt 0.513109 0.496641
vt 0.520677 0.496641
vt 0.520456 0.496641
vt 0.520677 0.488555
vt 0.393251 0.496641
vt 0.393251 0.488555
vt 0.398882 0.496641
vt 0.394452 0.488555
vt 0.394576 0.496641
vt 0.393251 0.488555
vt 0.394700 0.488555
vt 0.398882 0.488555
vt 0.394576 0.496641
vt 0.398882 0.496641
vt 0.393251 0.488555
vt 0.398882 0.488555
vt 0.391534 0.488555
vt 0.391534 0.496641
vt 0.391313 0.488555
vt 0.513109 0.480470
vt 0.517172 0.480470
vt 0.513109 0.488555
vt 0.518739 0.480470
vt 0.518739 0.488555
vt 0.517657 0.480470
vt 0.520456 0.488555
vt 0.520456 0.480470
vt 0.520677 0.488555
vt 0.394700 0.488555
vt 0.394819 0.480470
vt 0.398882 0.488555
vt 0.391534 0.480470
vt 0.391534 0.488555
vt 0.391313 0.480470
vt 0.393251 0.480470
vt 0.394333 0.480470
vt 0.393251 0.488555
vt 0.513109 0.472385
vt 0.517062 0.472385
vt 0.513109 0.480470
vt 0.518739 0.472385
vt 0.518739 0.480470
vt 0.517767 0.472385
vt 0.520456 0.480470
vt 0.520456 0.472385
vt 0.520677 0.480470
vt 0.398882 0.472385
vt 0.398882 0.480470
vt 0.394929 0.472385
vt 0.391534 0.480470
vt 0.391313 0.480470
vt 0.391534 0.472977
vt 0.391313 0.472385
vt 0.391534 0.472385
vt 0.391313 0.480470
vt 0.393251 0.472385
vt 0.394224 0.472385
vt 0.393251 0.477573
vt 0.394333 0.480470
vt 0.393251 0.480470
vt 0.394224 0.472385
vt 0.513109 0.464300
vt 0.516966 0.464300
vt 0.513109 0.472385
vt 0.518739 0.464300
vt 0.518739 0.472385
vt 0.517863 0.464300
vt 0.520456 0.472385
vt 0.520456 0.464300
vt 0.520677 0.472385
vt 0.398882 0.464300
vt 0.398882 0.472385
vt 0.395025 0.464300
vt 0.391534 0.472385
vt 0.391313 0.472385
vt 0.391534 0.464914
vt 0.391313 0.464300
vt 0.391534 0.464300
vt 0.391313 0.472385
vt 0.393251 0.464300
vt 0.394128 0.464300
vt 0.393251 0.469683
vt 0.394224 0.472385
vt 0.393251 0.472385
vt 0.394128 0.464300
vt 0.513109 0.456214
vt 0.516887 0.456214
vt 0.513109 0.464300
vt 0.518739 0.456214
vt 0.518739 0.464300
vt 0.517942 0.456214
vt 0.520456 0.464300
vt 0.520456 0.456214
vt 0.520677 0.464300
vt 0.398882 0.456214
vt 0.398882 0.464300
vt 0.395104 0.456214
vt 0.391313 0.464300
vt 0.391313 0.456214
vt 0.391534 0.464300
vt 0.394128 0.464300
vt 0.393251 0.464299
vt 0.394049 0.456214
vt 0.513109 0.448129
vt 0.516828 0.448129
vt 0.513109 0.456214
vt 0.518739 0.448129
vt 0.518739 0.456214
vt 0.518000 0.448129
vt 0.520677 0.456214
vt 0.520456 0.456214
vt 0.520677 0.448129
vt 0.398882 0.448129
vt 0.398882 0.456214
vt 0.395162 0.448129
vt 0.391313 0.448129
vt 0.391534 0.448129
vt 0.391313 0.456214
vt 0.394049 0.456214
vt 0.393251 0.456214
vt 0.393990 0.448129
vt 0.516828 0.448129
vt 0.513109 0.448129
vt 0.516792 0.440044
vt 0.513109 0.440044
vt 0.516792 0.440044
vt 0.513109 0.447621
vt 0.518739 0.440044
vt 0.518739 0.448129
vt 0.518037 0.440044
vt 0.520677 0.448129
vt 0.520456 0.448129
vt 0.520677 0.440044
vt 0.398882 0.440044
vt 0.398882 0.448129
vt 0.395198 0.440044
vt 0.391313 0.440044
vt 0.391534 0.440044
vt 0.391313 0.448129
vt 0.393990 0.448129
vt 0.393251 0.448129
vt 0.393954 0.440044
vt 0.516792 0.440044
vt 0.513109 0.440044
vt 0.516780 0.431959
vt 0.518739 0.431959
vt 0.518739 0.440044
vt 0.518049 0.431959
vt 0.520456 0.440044
vt 0.520456 0.431959
vt 0.520677 0.440044
vt 0.398882 0.431959
vt 0.398882 0.440044
vt 0.395211 0.431959
vt 0.393954 0.440044
vt 0.393251 0.440044
vt 0.393942 0.431959
vt 0.391534 0.431959
vt 0.391534 0.440044
vt 0.391313 0.431959
vt 0.518739 0.431959
vt 0.518047 0.431088
vt 0.518739 0.424129
vt 0.516780 0.431826
vt 0.513109 0.424869
vt 0.516783 0.429496
vt 0.513109 0.423874
vt 0.516791 0.424218
vt 0.513109 0.424869
vt 0.520677 0.423874
vt 0.520677 0.431959
vt 0.520456 0.423874
vt 0.395198 0.423874
vt 0.398882 0.423874
vt 0.395211 0.431959
vt 0.391313 0.423874
vt 0.391534 0.423873
vt 0.391313 0.431959
vt 0.393251 0.431959
vt 0.393251 0.423874
vt 0.393942 0.431959
vt 0.518000 0.415788
vt 0.518739 0.415788
vt 0.518037 0.423874
vt 0.513109 0.423874
vt 0.513109 0.415788
vt 0.516792 0.423874
vt 0.520677 0.415788
vt 0.520677 0.423874
vt 0.520456 0.415788
vt 0.395162 0.415788
vt 0.398882 0.415788
vt 0.395198 0.423874
vt 0.391313 0.415788
vt 0.391534 0.415788
vt 0.391313 0.423874
vt 0.393251 0.423873
vt 0.393251 0.415788
vt 0.393954 0.423874
vt 0.395104 0.407703
vt 0.398882 0.407703
vt 0.395162 0.415788
vt 0.517942 0.407703
vt 0.518739 0.407703
vt 0.518000 0.415788
vt 0.513109 0.415788
vt 0.513109 0.407703
vt 0.516828 0.415788
vt 0.520677 0.415788
vt 0.520456 0.415788
vt 0.520677 0.407703
vt 0.391313 0.407703
vt 0.391534 0.407703
vt 0.391313 0.415788
vt 0.393251 0.415788
vt 0.393251 0.407703
vt 0.393990 0.415788
vt 0.513109 0.407703
vt 0.513109 0.399618
vt 0.516887 0.407703
vt 0.517863 0.399618
vt 0.518739 0.399618
vt 0.517942 0.407703
vt 0.520456 0.407703
vt 0.520456 0.399618
vt 0.520677 0.407703
vt 0.395025 0.399618
vt 0.398882 0.399618
vt 0.395104 0.407703
vt 0.398882 0.407703
vt 0.395104 0.407703
vt 0.398882 0.407205
vt 0.393251 0.407703
vt 0.393251 0.399618
vt 0.394049 0.407703
vt 0.391534 0.399618
vt 0.391534 0.407703
vt 0.391313 0.399618
vt 0.513109 0.399618
vt 0.513109 0.391533
vt 0.516966 0.399618
vt 0.517767 0.391533
vt 0.518739 0.391533
vt 0.517863 0.399618
vt 0.520677 0.399618
vt 0.520456 0.399618
vt 0.520677 0.391533
vt 0.394929 0.391533
vt 0.398882 0.391533
vt 0.395025 0.399618
vt 0.391534 0.399618
vt 0.391313 0.399618
vt 0.391534 0.392168
vt 0.391313 0.391533
vt 0.391534 0.391533
vt 0.391313 0.399618
vt 0.394128 0.399618
vt 0.393251 0.399618
vt 0.394224 0.391533
vt 0.393251 0.391533
vt 0.394224 0.391533
vt 0.393251 0.397100
vt 0.394819 0.383447
vt 0.398882 0.383447
vt 0.394929 0.391533
vt 0.513109 0.391533
vt 0.513109 0.383447
vt 0.517062 0.391533
vt 0.517657 0.383447
vt 0.518739 0.383447
vt 0.517767 0.391532
vt 0.520677 0.391533
vt 0.520456 0.391533
vt 0.520677 0.383447
vt 0.394224 0.391533
vt 0.393251 0.391533
vt 0.394333 0.383447
vt 0.393251 0.383447
vt 0.394333 0.383447
vt 0.393251 0.388830
vt 0.394700 0.375362
vt 0.398882 0.375362
vt 0.394819 0.383447
vt 0.513109 0.383447
vt 0.513109 0.375362
vt 0.517171 0.383447
vt 0.517538 0.375362
vt 0.518739 0.375362
vt 0.517657 0.383446
vt 0.520456 0.383447
vt 0.520456 0.375362
vt 0.520677 0.383447
vt 0.391313 0.375362
vt 0.391534 0.375362
vt 0.391313 0.383447
vt 0.393251 0.383447
vt 0.393251 0.375362
vt 0.394333 0.383447
vt 0.577935 0.999540
vt 0.589873 0.997165
vt 0.574565 0.965324
vt 0.601119 0.992507
vt 0.611241 0.985744
vt 0.589873 0.997165
vt 0.619848 0.977137
vt 0.626611 0.967015
vt 0.611241 0.985744
vt 0.631269 0.955769
vt 0.633644 0.943830
vt 0.626611 0.967015
vt 0.633644 0.931658
vt 0.599427 0.935028
vt 0.633644 0.943830
vt 0.598445 0.945399
vt 0.598368 0.945789
vt 0.599427 0.940461
vt 0.599427 0.935028
vt 0.599427 0.940461
vt 0.633644 0.943830
vt 0.626611 0.967015
vt 0.633644 0.943830
vt 0.611241 0.985744
vt 0.589873 0.997165
vt 0.611241 0.985744
vt 0.574565 0.965324
vt 0.574565 0.965324
vt 0.611241 0.985744
vt 0.579893 0.964264
vt 0.633644 0.943830
vt 0.599427 0.940461
vt 0.611241 0.985744
vt 0.596446 0.950427
vt 0.596289 0.950808
vt 0.598368 0.945789
vt 0.599427 0.940461
vt 0.598368 0.945789
vt 0.611241 0.985744
vt 0.579893 0.964264
vt 0.611241 0.985744
vt 0.584912 0.962185
vt 0.584912 0.962185
vt 0.611241 0.985744
vt 0.589429 0.959167
vt 0.598368 0.945789
vt 0.596289 0.950808
vt 0.611241 0.985744
vt 0.589429 0.959167
vt 0.611241 0.985744
vt 0.593271 0.955325
vt 0.599427 0.935028
vt 0.633644 0.931658
vt 0.598368 0.929700
vt 0.631269 0.919719
vt 0.626611 0.908473
vt 0.633644 0.931658
vt 0.619848 0.898352
vt 0.611241 0.889744
vt 0.626611 0.908473
vt 0.601119 0.882982
vt 0.589873 0.878323
vt 0.611241 0.889744
vt 0.577935 0.875949
vt 0.565762 0.875949
vt 0.589873 0.878323
vt 0.553823 0.878323
vt 0.542577 0.882982
vt 0.565762 0.875949
vt 0.532456 0.889744
vt 0.523848 0.898352
vt 0.542577 0.882982
vt 0.517086 0.908473
vt 0.512427 0.919719
vt 0.523848 0.898352
vt 0.510053 0.931658
vt 0.510053 0.943830
vt 0.512427 0.919719
vt 0.512427 0.955769
vt 0.517086 0.967015
vt 0.510053 0.943830
vt 0.523848 0.977137
vt 0.532456 0.985744
vt 0.517086 0.967015
vt 0.542577 0.992507
vt 0.553823 0.997165
vt 0.532456 0.985744
vt 0.565762 0.999540
vt 0.577935 0.999540
vt 0.553823 0.997165
vt 0.574565 0.965324
vt 0.569132 0.965324
vt 0.577935 0.999540
vt 0.569132 0.965324
vt 0.563804 0.964264
vt 0.577935 0.999540
vt 0.553823 0.997165
vt 0.577935 0.999540
vt 0.532456 0.985744
vt 0.517086 0.967015
vt 0.532456 0.985744
vt 0.510053 0.943830
vt 0.512427 0.919719
vt 0.510053 0.943830
vt 0.523848 0.898352
vt 0.542577 0.882982
vt 0.523848 0.898352
vt 0.565762 0.875949
vt 0.589873 0.878323
vt 0.565762 0.875949
vt 0.611241 0.889744
vt 0.626611 0.908473
vt 0.611241 0.889744
vt 0.633644 0.931658
vt 0.598368 0.929700
vt 0.633644 0.931658
vt 0.596288 0.924681
vt 0.596288 0.924681
vt 0.633644 0.931658
vt 0.593270 0.920164
vt 0.611241 0.889744
vt 0.565762 0.875949
vt 0.633644 0.931658
vt 0.523848 0.898352
vt 0.510053 0.943830
vt 0.565762 0.875949
vt 0.532456 0.985744
vt 0.577935 0.999540
vt 0.510053 0.943830
vt 0.563804 0.964264
vt 0.558785 0.962185
vt 0.577935 0.999540
vt 0.554622 0.959404
vt 0.554268 0.959166
vt 0.558785 0.962185
vt 0.558785 0.962185
vt 0.554268 0.959166
vt 0.577935 0.999540
vt 0.633644 0.931658
vt 0.565762 0.875949
vt 0.593270 0.920164
vt 0.593270 0.920164
vt 0.565762 0.875949
vt 0.589429 0.916322
vt 0.577935 0.999540
vt 0.554268 0.959166
vt 0.510053 0.943830
vt 0.554268 0.959166
vt 0.550718 0.955617
vt 0.510053 0.943830
vt 0.589429 0.916322
vt 0.565762 0.875949
vt 0.584912 0.913304
vt 0.584912 0.913304
vt 0.565762 0.875949
vt 0.579893 0.911225
vt 0.550718 0.955617
vt 0.550426 0.955325
vt 0.510053 0.943830
vt 0.550426 0.955325
vt 0.547408 0.950808
vt 0.510053 0.943830
vt 0.579893 0.911225
vt 0.565762 0.875949
vt 0.574565 0.910166
vt 0.574565 0.910166
vt 0.565762 0.875949
vt 0.569132 0.910165
vt 0.547408 0.950808
vt 0.545329 0.945789
vt 0.510053 0.943830
vt 0.545329 0.945789
vt 0.544269 0.940461
vt 0.510053 0.943830
vt 0.569132 0.910165
vt 0.565762 0.875949
vt 0.563804 0.911225
vt 0.563804 0.911225
vt 0.565762 0.875949
vt 0.558785 0.913304
vt 0.544269 0.940461
vt 0.544269 0.935028
vt 0.510053 0.943830
vt 0.544350 0.934623
vt 0.545329 0.929700
vt 0.544269 0.935028
vt 0.544269 0.935028
vt 0.545329 0.929700
vt 0.510053 0.943830
vt 0.565762 0.875949
vt 0.510053 0.943830
vt 0.558785 0.913304
vt 0.558785 0.913304
vt 0.510053 0.943830
vt 0.554268 0.916322
vt 0.545329 0.929700
vt 0.547408 0.924681
vt 0.510053 0.943830
vt 0.554268 0.916322
vt 0.510053 0.943830
vt 0.550426 0.920164
vt 0.129824 0.635010
vt 0.000460 0.635010
vt 0.129824 0.626925
vt 0.129824 0.885653
vt 0.000460 0.885653
vt 0.129824 0.877567
vt 0.129824 0.877567
vt 0.000460 0.877567
vt 0.129824 0.869482
vt 0.715224 0.793094
vt 0.713941 0.791810
vt 0.717782 0.795652
vt 0.722879 0.805188
vt 0.720800 0.800169
vt 0.755781 0.795207
vt 0.751123 0.783961
vt 0.755781 0.795207
vt 0.744360 0.773840
vt 0.735752 0.765233
vt 0.744360 0.773840
vt 0.725631 0.758470
vt 0.714385 0.753812
vt 0.725631 0.758470
vt 0.702446 0.751437
vt 0.690274 0.751437
vt 0.702446 0.751437
vt 0.678335 0.753812
vt 0.667089 0.758470
vt 0.678335 0.753812
vt 0.656968 0.765233
vt 0.648360 0.773840
vt 0.656968 0.765233
vt 0.641597 0.783961
vt 0.636939 0.795207
vt 0.641597 0.783961
vt 0.634564 0.807146
vt 0.634564 0.819319
vt 0.634564 0.807146
vt 0.636939 0.831258
vt 0.641597 0.842504
vt 0.636939 0.831258
vt 0.648360 0.852625
vt 0.656968 0.861232
vt 0.648360 0.852625
vt 0.667089 0.867995
vt 0.678335 0.872653
vt 0.667089 0.867995
vt 0.690274 0.875028
vt 0.702446 0.875028
vt 0.690274 0.875028
vt 0.714385 0.872653
vt 0.704405 0.839752
vt 0.714385 0.872653
vt 0.699077 0.840812
vt 0.699077 0.840812
vt 0.714385 0.872653
vt 0.693644 0.840811
vt 0.690274 0.875028
vt 0.667089 0.867995
vt 0.714385 0.872653
vt 0.648360 0.852625
vt 0.636939 0.831258
vt 0.667089 0.867995
vt 0.634564 0.807146
vt 0.641597 0.783961
vt 0.636939 0.831258
vt 0.656968 0.765233
vt 0.678335 0.753812
vt 0.641597 0.783961
vt 0.702446 0.751437
vt 0.725631 0.758470
vt 0.678335 0.753812
vt 0.744360 0.773840
vt 0.755781 0.795207
vt 0.725631 0.758470
vt 0.720800 0.800169
vt 0.717782 0.795652
vt 0.755781 0.795207
vt 0.717782 0.795652
vt 0.713941 0.791810
vt 0.755781 0.795207
vt 0.725631 0.758470
vt 0.755781 0.795207
vt 0.678335 0.753812
vt 0.641597 0.783961
vt 0.678335 0.753812
vt 0.636939 0.831258
vt 0.667089 0.867995
vt 0.636939 0.831258
vt 0.714385 0.872653
vt 0.693644 0.840811
vt 0.714385 0.872653
vt 0.688316 0.839752
vt 0.680289 0.835663
vt 0.683297 0.837673
vt 0.678779 0.834654
vt 0.688316 0.839752
vt 0.714385 0.872653
vt 0.683297 0.837673
vt 0.755781 0.795207
vt 0.713941 0.791810
vt 0.678335 0.753812
vt 0.713941 0.791810
vt 0.711042 0.789874
vt 0.678335 0.753812
vt 0.714385 0.872653
vt 0.636939 0.831258
vt 0.683297 0.837673
vt 0.683297 0.837673
vt 0.636939 0.831258
vt 0.678779 0.834654
vt 0.711042 0.789874
vt 0.709424 0.788792
vt 0.678335 0.753812
vt 0.709424 0.788792
vt 0.704405 0.786713
vt 0.678335 0.753812
vt 0.678779 0.834654
vt 0.636939 0.831258
vt 0.674938 0.830813
vt 0.674938 0.830813
vt 0.636939 0.831258
vt 0.671920 0.826296
vt 0.704405 0.786713
vt 0.699076 0.785653
vt 0.678335 0.753812
vt 0.699076 0.785653
vt 0.693644 0.785653
vt 0.678335 0.753812
vt 0.671920 0.826296
vt 0.636939 0.831258
vt 0.669841 0.821277
vt 0.669841 0.821277
vt 0.636939 0.831258
vt 0.668781 0.815949
vt 0.693644 0.785653
vt 0.688315 0.786713
vt 0.678335 0.753812
vt 0.688315 0.786713
vt 0.683296 0.788792
vt 0.678335 0.753812
vt 0.668781 0.815949
vt 0.636939 0.831258
vt 0.668781 0.810516
vt 0.668781 0.810516
vt 0.636939 0.831258
vt 0.669841 0.805188
vt 0.683296 0.788792
vt 0.678780 0.791810
vt 0.678335 0.753812
vt 0.678780 0.791810
vt 0.674938 0.795652
vt 0.678335 0.753812
vt 0.636939 0.831258
vt 0.678335 0.753812
vt 0.669841 0.805188
vt 0.674938 0.795652
vt 0.671920 0.800169
vt 0.678335 0.753812
vt 0.712534 0.835594
vt 0.713941 0.834655
vt 0.709424 0.837673
vt 0.704405 0.839752
vt 0.707747 0.838367
vt 0.714385 0.872653
vt 0.725631 0.867995
vt 0.714385 0.872653
vt 0.735752 0.861232
vt 0.744360 0.852625
vt 0.735752 0.861232
vt 0.751122 0.842504
vt 0.755781 0.831258
vt 0.751122 0.842504
vt 0.758156 0.819319
vt 0.758156 0.807146
vt 0.758156 0.819319
vt 0.755781 0.795207
vt 0.722879 0.805188
vt 0.755781 0.795207
vt 0.723939 0.810516
vt 0.723939 0.810516
vt 0.755781 0.795207
vt 0.723939 0.815949
vt 0.758156 0.819319
vt 0.751122 0.842504
vt 0.755781 0.795207
vt 0.735752 0.861232
vt 0.714385 0.872653
vt 0.751122 0.842504
vt 0.707747 0.838367
vt 0.709424 0.837673
vt 0.714385 0.872653
vt 0.709424 0.837673
vt 0.713941 0.834655
vt 0.714385 0.872653
vt 0.751122 0.842504
vt 0.714385 0.872653
vt 0.755781 0.795207
vt 0.723939 0.815949
vt 0.755781 0.795207
vt 0.722879 0.821277
vt 0.722879 0.821277
vt 0.755781 0.795207
vt 0.720801 0.826296
vt 0.714385 0.872653
vt 0.713941 0.834655
vt 0.755781 0.795207
vt 0.720801 0.826296
vt 0.755781 0.795207
vt 0.717782 0.830813
vt 0.129824 0.869482
vt 0.000460 0.869482
vt 0.129824 0.861397
vt 0.129824 0.861397
vt 0.000460 0.861397
vt 0.129824 0.853312
vt 0.129824 0.853312
vt 0.000460 0.853312
vt 0.129824 0.845226
vt 0.129824 0.845226
vt 0.000460 0.845226
vt 0.129824 0.837141
vt 0.129824 0.837141
vt 0.000460 0.837141
vt 0.129824 0.829056
vt 0.129824 0.829056
vt 0.000460 0.829056
vt 0.129824 0.820971
vt 0.129824 0.820971
vt 0.000460 0.820971
vt 0.129824 0.812885
vt 0.129824 0.812885
vt 0.000460 0.812885
vt 0.129824 0.804800
vt 0.129824 0.804800
vt 0.000460 0.804800
vt 0.129824 0.796715
vt 0.129824 0.796715
vt 0.000460 0.796715
vt 0.129824 0.788630
vt 0.129824 0.788630
vt 0.000460 0.788630
vt 0.129824 0.780544
vt 0.129824 0.780544
vt 0.000460 0.780544
vt 0.129824 0.772459
vt 0.129824 0.772459
vt 0.000460 0.772459
vt 0.129824 0.764374
vt 0.129824 0.764374
vt 0.000460 0.764374
vt 0.129824 0.756289
vt 0.129824 0.756289
vt 0.000460 0.756289
vt 0.129824 0.748204
vt 0.129824 0.748204
vt 0.000460 0.748204
vt 0.129824 0.740118
vt 0.129824 0.740118
vt 0.000460 0.740118
vt 0.129824 0.732033
vt 0.129824 0.732033
vt 0.000460 0.732033
vt 0.129824 0.723948
vt 0.129824 0.723948
vt 0.000460 0.723948
vt 0.129824 0.715863
vt 0.129824 0.715863
vt 0.000460 0.715863
vt 0.129824 0.707777
vt 0.129824 0.707777
vt 0.000460 0.707777
vt 0.129824 0.699692
vt 0.129824 0.699692
vt 0.000460 0.699692
vt 0.129824 0.691607
vt 0.129824 0.691607
vt 0.000460 0.691607
vt 0.129824 0.683522
vt 0.129824 0.683522
vt 0.000460 0.683522
vt 0.129824 0.675436
vt 0.129824 0.675436
vt 0.000460 0.675436
vt 0.129824 0.667351
vt 0.129824 0.667351
vt 0.000460 0.667351
vt 0.129824 0.659266
vt 0.129824 0.659266
vt 0.000460 0.659266
vt 0.129824 0.651181
vt 0.129824 0.651181
vt 0.000460 0.651181
vt 0.129824 0.643095
vt 0.129824 0.643095
vt 0.000460 0.643095
vt 0.129824 0.635010
vt 0.506757 0.919719
vt 0.502099 0.908473
vt 0.509132 0.931658
vt 0.495336 0.898352
vt 0.494061 0.897076
vt 0.502099 0.908473
vt 0.508780 0.945600
vt 0.509132 0.943830
vt 0.494061 0.897076
vt 0.509132 0.931658
vt 0.502099 0.908473
vt 0.509132 0.943830
vt 0.385541 0.931658
vt 0.385541 0.943830
vt 0.385893 0.929888
vt 0.387916 0.955769
vt 0.392574 0.967015
vt 0.385541 0.943830
vt 0.399337 0.977137
vt 0.400612 0.978412
vt 0.392574 0.967015
vt 0.385893 0.929888
vt 0.385541 0.943830
vt 0.400612 0.978412
vt 0.734093 0.008546
vt 0.734093 0.000460
vt 0.735568 0.008546
vt 0.863457 0.008546
vt 0.738265 0.008546
vt 0.863457 0.000460
vt 0.735568 0.008546
vt 0.734093 0.000460
vt 0.736916 0.000460
vt 0.738265 0.008546
vt 0.736916 0.000460
vt 0.863457 0.000460
vt 0.863457 0.251103
vt 0.863457 0.259188
vt 0.738265 0.251103
vt 0.734093 0.251103
vt 0.735568 0.251103
vt 0.734093 0.259188
vt 0.738265 0.251103
vt 0.863457 0.259188
vt 0.736916 0.259188
vt 0.735568 0.251103
vt 0.736916 0.259188
vt 0.734093 0.259188
vt 0.734093 0.243017
vt 0.734271 0.243017
vt 0.734093 0.251103
vt 0.863457 0.243017
vt 0.863457 0.251103
vt 0.739562 0.243017
vt 0.589873 0.872653
vt 0.577935 0.875028
vt 0.601119 0.867995
vt 0.565762 0.875028
vt 0.553823 0.872653
vt 0.577935 0.875028
vt 0.542577 0.867995
vt 0.532456 0.861232
vt 0.553823 0.872653
vt 0.523848 0.852625
vt 0.517086 0.842504
vt 0.532456 0.861232
vt 0.512427 0.831258
vt 0.510053 0.819319
vt 0.517086 0.842504
vt 0.510053 0.807146
vt 0.512427 0.795207
vt 0.510053 0.819319
vt 0.517086 0.783961
vt 0.523848 0.773840
vt 0.512427 0.795207
vt 0.532456 0.765233
vt 0.542577 0.758470
vt 0.523848 0.773840
vt 0.553823 0.753812
vt 0.565762 0.751437
vt 0.542577 0.758470
vt 0.577935 0.751437
vt 0.589873 0.753812
vt 0.565762 0.751437
vt 0.601119 0.758470
vt 0.611241 0.765233
vt 0.589873 0.753812
vt 0.619848 0.773840
vt 0.626611 0.783961
vt 0.611241 0.765233
vt 0.631269 0.795207
vt 0.633644 0.807146
vt 0.626611 0.783961
vt 0.633644 0.819319
vt 0.631269 0.831258
vt 0.633644 0.807146
vt 0.626611 0.842504
vt 0.619848 0.852625
vt 0.631269 0.831258
vt 0.611241 0.861232
vt 0.601119 0.867995
vt 0.619848 0.852625
vt 0.577935 0.875028
vt 0.553823 0.872653
vt 0.601119 0.867995
vt 0.532456 0.861232
vt 0.517086 0.842504
vt 0.553823 0.872653
vt 0.510053 0.819319
vt 0.512427 0.795207
vt 0.517086 0.842504
vt 0.523848 0.773840
vt 0.542577 0.758470
vt 0.512427 0.795207
vt 0.565762 0.751437
vt 0.589873 0.753812
vt 0.542577 0.758470
vt 0.611241 0.765233
vt 0.626611 0.783961
vt 0.589873 0.753812
vt 0.633644 0.807146
vt 0.631269 0.831258
vt 0.626611 0.783961
vt 0.619848 0.852625
vt 0.601119 0.867995
vt 0.631269 0.831258
vt 0.553823 0.872653
vt 0.517086 0.842504
vt 0.601119 0.867995
vt 0.512427 0.795207
vt 0.542577 0.758470
vt 0.517086 0.842504
vt 0.589873 0.753812
vt 0.626611 0.783961
vt 0.542577 0.758470
vt 0.631269 0.831258
vt 0.601119 0.867995
vt 0.626611 0.783961
vt 0.517086 0.842504
vt 0.542577 0.758470
vt 0.601119 0.867995
vt 0.863457 0.234932
vt 0.863457 0.243017
vt 0.740757 0.234932
vt 0.863457 0.226847
vt 0.863457 0.234932
vt 0.741805 0.226847
vt 0.863457 0.218762
vt 0.863457 0.226847
vt 0.742665 0.218762
vt 0.863457 0.210676
vt 0.863457 0.218762
vt 0.743304 0.210676
vt 0.863457 0.202591
vt 0.863457 0.210676
vt 0.743697 0.202591
vt 0.863457 0.194506
vt 0.863457 0.202591
vt 0.743830 0.194506
vt 0.743697 0.186421
vt 0.863457 0.186421
vt 0.743830 0.194506
vt 0.743304 0.178335
vt 0.863457 0.178335
vt 0.743697 0.186421
vt 0.742665 0.170250
vt 0.863457 0.170250
vt 0.743304 0.178335
vt 0.741805 0.162165
vt 0.863457 0.162165
vt 0.742665 0.170250
vt 0.740757 0.154080
vt 0.863457 0.154080
vt 0.741805 0.162165
vt 0.739562 0.145995
vt 0.863457 0.145995
vt 0.740757 0.154080
vt 0.734093 0.145995
vt 0.734093 0.137909
vt 0.734271 0.145995
vt 0.738265 0.137909
vt 0.863457 0.137909
vt 0.739562 0.145995
vt 0.734093 0.137909
vt 0.734093 0.129824
vt 0.735568 0.137909
vt 0.736916 0.129824
vt 0.863457 0.129824
vt 0.738265 0.137909
vt 0.736916 0.129824
vt 0.734093 0.129824
vt 0.735568 0.121739
vt 0.863457 0.121739
vt 0.863457 0.129824
vt 0.738265 0.121739
vt 0.735568 0.121739
vt 0.734093 0.121739
vt 0.734271 0.113654
vt 0.863457 0.113654
vt 0.863457 0.121739
vt 0.739562 0.113654
vt 0.863457 0.105568
vt 0.863457 0.113654
vt 0.740757 0.105568
vt 0.863457 0.097483
vt 0.863457 0.105568
vt 0.741805 0.097483
vt 0.863457 0.089398
vt 0.863457 0.097483
vt 0.742665 0.089398
vt 0.863457 0.081313
vt 0.863457 0.089398
vt 0.743304 0.081313
vt 0.863457 0.073227
vt 0.863457 0.081313
vt 0.743697 0.073227
vt 0.863457 0.065142
vt 0.863457 0.073227
vt 0.743830 0.065142
vt 0.863457 0.065142
vt 0.743830 0.065142
vt 0.863457 0.057057
vt 0.863457 0.057057
vt 0.743697 0.057057
vt 0.863457 0.048972
vt 0.863457 0.048972
vt 0.743304 0.048972
vt 0.863457 0.040886
vt 0.863457 0.040886
vt 0.742665 0.040886
vt 0.863457 0.032801
vt 0.863457 0.032801
vt 0.741805 0.032801
vt 0.863457 0.024716
vt 0.863457 0.024716
vt 0.740757 0.024716
vt 0.863457 0.016631
vt 0.734093 0.016631
vt 0.734093 0.008546
vt 0.734271 0.016631
vt 0.863457 0.016631
vt 0.739562 0.016631
vt 0.863457 0.008546
vt 0.816383 0.556301
vt 0.782166 0.559671
vt 0.817443 0.561629
vt 0.784541 0.571609
vt 0.789200 0.582856
vt 0.782166 0.559671
vt 0.795962 0.592977
vt 0.804570 0.601584
vt 0.789200 0.582856
vt 0.814691 0.608347
vt 0.825937 0.613005
vt 0.804570 0.601584
vt 0.837876 0.615380
vt 0.850048 0.615380
vt 0.825937 0.613005
vt 0.861987 0.613005
vt 0.873233 0.608347
vt 0.850048 0.615380
vt 0.883354 0.601584
vt 0.891962 0.592977
vt 0.873233 0.608347
vt 0.898725 0.582856
vt 0.903383 0.571609
vt 0.891962 0.592977
vt 0.905758 0.559671
vt 0.905758 0.547498
vt 0.903383 0.571609
vt 0.903383 0.535559
vt 0.898725 0.524313
vt 0.905758 0.547498
vt 0.891962 0.514192
vt 0.883354 0.505585
vt 0.898725 0.524313
vt 0.873233 0.498822
vt 0.861987 0.494164
vt 0.883354 0.505585
vt 0.850048 0.491789
vt 0.837876 0.491789
vt 0.861987 0.494164
vt 0.841246 0.526005
vt 0.846678 0.526005
vt 0.837876 0.491789
vt 0.846678 0.526005
vt 0.852007 0.527065
vt 0.837876 0.491789
vt 0.861987 0.494164
vt 0.837876 0.491789
vt 0.883354 0.505585
vt 0.898725 0.524313
vt 0.883354 0.505585
vt 0.905758 0.547498
vt 0.903383 0.571609
vt 0.905758 0.547498
vt 0.891962 0.592977
vt 0.873233 0.608347
vt 0.891962 0.592977
vt 0.850048 0.615380
vt 0.825937 0.613005
vt 0.850048 0.615380
vt 0.804570 0.601584
vt 0.789200 0.582856
vt 0.804570 0.601584
vt 0.782166 0.559671
vt 0.817443 0.561629
vt 0.782166 0.559671
vt 0.819522 0.566648
vt 0.819522 0.566648
vt 0.782166 0.559671
vt 0.822540 0.571165
vt 0.804570 0.601584
vt 0.850048 0.615380
vt 0.782166 0.559671
vt 0.891962 0.592977
vt 0.905758 0.547498
vt 0.850048 0.615380
vt 0.883354 0.505585
vt 0.837876 0.491789
vt 0.905758 0.547498
vt 0.852007 0.527065
vt 0.857026 0.529144
vt 0.837876 0.491789
vt 0.857026 0.529144
vt 0.861543 0.532162
vt 0.837876 0.491789
vt 0.782166 0.559671
vt 0.850048 0.615380
vt 0.822540 0.571165
vt 0.822540 0.571165
vt 0.850048 0.615380
vt 0.826381 0.575006
vt 0.837876 0.491789
vt 0.861543 0.532162
vt 0.905758 0.547498
vt 0.861543 0.532162
vt 0.865384 0.536004
vt 0.905758 0.547498
vt 0.826381 0.575006
vt 0.850048 0.615380
vt 0.830898 0.578024
vt 0.830898 0.578024
vt 0.850048 0.615380
vt 0.835608 0.579975
vt 0.865384 0.536004
vt 0.868402 0.540521
vt 0.905758 0.547498
vt 0.868402 0.540521
vt 0.870481 0.545540
vt 0.905758 0.547498
vt 0.835608 0.579975
vt 0.850048 0.615380
vt 0.835917 0.580103
vt 0.835917 0.580103
vt 0.850048 0.615380
vt 0.841245 0.581163
vt 0.870481 0.545540
vt 0.871541 0.550868
vt 0.905758 0.547498
vt 0.871541 0.550868
vt 0.871541 0.556301
vt 0.905758 0.547498
vt 0.841245 0.581163
vt 0.850048 0.615380
vt 0.846678 0.581163
vt 0.846678 0.581163
vt 0.850048 0.615380
vt 0.852006 0.580104
vt 0.871541 0.556301
vt 0.870481 0.561629
vt 0.905758 0.547498
vt 0.870481 0.561629
vt 0.868402 0.566648
vt 0.905758 0.547498
vt 0.852006 0.580104
vt 0.850048 0.615380
vt 0.857026 0.578025
vt 0.857026 0.578025
vt 0.850048 0.615380
vt 0.861543 0.575007
vt 0.905758 0.547498
vt 0.868402 0.566648
vt 0.850048 0.615380
vt 0.861543 0.575007
vt 0.850048 0.615380
vt 0.865384 0.571165
vt 0.804570 0.505585
vt 0.795962 0.514192
vt 0.814691 0.498822
vt 0.789200 0.524313
vt 0.784541 0.535559
vt 0.795962 0.514192
vt 0.782166 0.547498
vt 0.782166 0.559671
vt 0.784541 0.535559
vt 0.816383 0.556301
vt 0.816383 0.550868
vt 0.782166 0.559671
vt 0.816383 0.550868
vt 0.817375 0.545882
vt 0.782166 0.559671
vt 0.784541 0.535559
vt 0.782166 0.559671
vt 0.795962 0.514192
vt 0.814691 0.498822
vt 0.795962 0.514192
vt 0.825937 0.494164
vt 0.837876 0.491789
vt 0.825937 0.494164
vt 0.841246 0.526005
vt 0.841246 0.526005
vt 0.825937 0.494164
vt 0.835918 0.527065
vt 0.795962 0.514192
vt 0.782166 0.559671
vt 0.825937 0.494164
vt 0.817375 0.545882
vt 0.817443 0.545540
vt 0.782166 0.559671
vt 0.817443 0.545540
vt 0.819522 0.540521
vt 0.782166 0.559671
vt 0.835918 0.527065
vt 0.825937 0.494164
vt 0.830898 0.529144
vt 0.830898 0.529144
vt 0.825937 0.494164
vt 0.826381 0.532162
vt 0.782166 0.559671
vt 0.819522 0.540521
vt 0.825937 0.494164
vt 0.826381 0.532162
vt 0.825937 0.494164
vt 0.822540 0.536004
vt 0.327754 0.367277
vt 0.327439 0.375362
vt 0.261029 0.367277
vt 0.327754 0.367277
vt 0.390393 0.367277
vt 0.328068 0.375362
vt 0.327754 0.626004
vt 0.261029 0.626004
vt 0.327439 0.617919
vt 0.390393 0.617919
vt 0.390393 0.626004
vt 0.328068 0.617919
vt 0.327439 0.617919
vt 0.261029 0.617919
vt 0.327137 0.609834
vt 0.390393 0.609834
vt 0.390393 0.617919
vt 0.328370 0.609834
vt 0.327439 0.617919
vt 0.327137 0.609834
vt 0.328068 0.617919
vt 0.598434 0.681011
vt 0.598368 0.680676
vt 0.599427 0.686004
vt 0.631269 0.670695
vt 0.633644 0.682634
vt 0.598368 0.680676
vt 0.633644 0.694807
vt 0.631269 0.706746
vt 0.633644 0.682634
vt 0.626611 0.717992
vt 0.619848 0.728113
vt 0.631269 0.706746
vt 0.611241 0.736720
vt 0.601119 0.743483
vt 0.619848 0.728113
vt 0.589873 0.748141
vt 0.577935 0.750516
vt 0.601119 0.743483
vt 0.565762 0.750516
vt 0.553823 0.748141
vt 0.577935 0.750516
vt 0.542577 0.743483
vt 0.532456 0.736720
vt 0.553823 0.748141
vt 0.523848 0.728113
vt 0.517086 0.717992
vt 0.532456 0.736720
vt 0.512427 0.706746
vt 0.545329 0.696765
vt 0.517086 0.717992
vt 0.545329 0.696765
vt 0.547408 0.701784
vt 0.517086 0.717992
vt 0.532456 0.736720
vt 0.517086 0.717992
vt 0.553823 0.748141
vt 0.577935 0.750516
vt 0.553823 0.748141
vt 0.601119 0.743483
vt 0.619848 0.728113
vt 0.601119 0.743483
vt 0.631269 0.706746
vt 0.633644 0.682634
vt 0.631269 0.706746
vt 0.598368 0.680676
vt 0.598368 0.680676
vt 0.631269 0.706746
vt 0.599427 0.686004
vt 0.601119 0.743483
vt 0.553823 0.748141
vt 0.631269 0.706746
vt 0.517086 0.717992
vt 0.547408 0.701784
vt 0.553823 0.748141
vt 0.547408 0.701784
vt 0.550426 0.706301
vt 0.553823 0.748141
vt 0.599427 0.686004
vt 0.631269 0.706746
vt 0.599427 0.691437
vt 0.599427 0.691437
vt 0.631269 0.706746
vt 0.598498 0.696109
vt 0.550426 0.706301
vt 0.554268 0.710142
vt 0.553823 0.748141
vt 0.554268 0.710142
vt 0.558785 0.713161
vt 0.553823 0.748141
vt 0.598498 0.696109
vt 0.631269 0.706746
vt 0.598368 0.696765
vt 0.598368 0.696765
vt 0.631269 0.706746
vt 0.596289 0.701784
vt 0.558785 0.713161
vt 0.563804 0.715240
vt 0.553823 0.748141
vt 0.563804 0.715240
vt 0.569132 0.716300
vt 0.553823 0.748141
vt 0.596289 0.701784
vt 0.631269 0.706746
vt 0.593270 0.706301
vt 0.593270 0.706301
vt 0.631269 0.706746
vt 0.589429 0.710143
vt 0.569132 0.716300
vt 0.574564 0.716300
vt 0.553823 0.748141
vt 0.574564 0.716300
vt 0.579893 0.715240
vt 0.553823 0.748141
vt 0.631269 0.706746
vt 0.553823 0.748141
vt 0.589429 0.710143
vt 0.579893 0.715240
vt 0.584912 0.713161
vt 0.553823 0.748141
vt 0.554823 0.666928
vt 0.554268 0.667298
vt 0.558785 0.664280
vt 0.598368 0.680676
vt 0.596288 0.675657
vt 0.631269 0.670695
vt 0.626611 0.659449
vt 0.631269 0.670695
vt 0.619848 0.649328
vt 0.611241 0.640721
vt 0.619848 0.649328
vt 0.601119 0.633958
vt 0.589873 0.629300
vt 0.601119 0.633958
vt 0.577935 0.626925
vt 0.565762 0.626925
vt 0.577935 0.626925
vt 0.553823 0.629300
vt 0.542577 0.633958
vt 0.553823 0.629300
vt 0.532456 0.640721
vt 0.523848 0.649328
vt 0.532456 0.640721
vt 0.517086 0.659449
vt 0.512427 0.670695
vt 0.517086 0.659449
vt 0.510053 0.682634
vt 0.510053 0.694807
vt 0.510053 0.682634
vt 0.512427 0.706746
vt 0.545329 0.696765
vt 0.512427 0.706746
vt 0.544269 0.691437
vt 0.544269 0.691437
vt 0.512427 0.706746
vt 0.544269 0.686004
vt 0.510053 0.682634
vt 0.517086 0.659449
vt 0.512427 0.706746
vt 0.532456 0.640721
vt 0.553823 0.629300
vt 0.517086 0.659449
vt 0.577935 0.626925
vt 0.601119 0.633958
vt 0.553823 0.629300
vt 0.619848 0.649328
vt 0.631269 0.670695
vt 0.601119 0.633958
vt 0.596288 0.675657
vt 0.593270 0.671140
vt 0.631269 0.670695
vt 0.593270 0.671140
vt 0.589429 0.667298
vt 0.631269 0.670695
vt 0.601119 0.633958
vt 0.631269 0.670695
vt 0.553823 0.629300
vt 0.517086 0.659449
vt 0.553823 0.629300
vt 0.512427 0.706746
vt 0.544269 0.686004
vt 0.512427 0.706746
vt 0.545329 0.680676
vt 0.545329 0.680676
vt 0.512427 0.706746
vt 0.547408 0.675657
vt 0.631269 0.670695
vt 0.589429 0.667298
vt 0.553823 0.629300
vt 0.589429 0.667298
vt 0.584912 0.664280
vt 0.553823 0.629300
vt 0.512427 0.706746
vt 0.553823 0.629300
vt 0.547408 0.675657
vt 0.547408 0.675657
vt 0.553823 0.629300
vt 0.550426 0.671140
vt 0.584912 0.664280
vt 0.579893 0.662201
vt 0.553823 0.629300
vt 0.579893 0.662201
vt 0.574565 0.661142
vt 0.553823 0.629300
vt 0.550426 0.671140
vt 0.553823 0.629300
vt 0.554268 0.667298
vt 0.554268 0.667298
vt 0.553823 0.629300
vt 0.558785 0.664280
vt 0.574565 0.661142
vt 0.569132 0.661141
vt 0.553823 0.629300
vt 0.558785 0.664280
vt 0.553823 0.629300
vt 0.563804 0.662201
vt 0.327137 0.609834
vt 0.261029 0.609834
vt 0.327096 0.608636
vt 0.261029 0.601749
vt 0.390393 0.601749
vt 0.261029 0.609834
vt 0.390393 0.609834
vt 0.328370 0.609834
vt 0.390393 0.601749
vt 0.328370 0.609834
vt 0.328411 0.608636
vt 0.390393 0.601749
vt 0.261029 0.609834
vt 0.390393 0.601749
vt 0.327096 0.608636
vt 0.328370 0.609834
vt 0.327137 0.609834
vt 0.328411 0.608636
vt 0.390393 0.601749
vt 0.261029 0.601749
vt 0.390393 0.593663
vt 0.390393 0.593663
vt 0.261029 0.593663
vt 0.390393 0.585578
vt 0.390393 0.585578
vt 0.261029 0.585578
vt 0.390393 0.577493
vt 0.390393 0.577493
vt 0.261029 0.577493
vt 0.390393 0.569408
vt 0.390393 0.569408
vt 0.261029 0.569408
vt 0.390393 0.561323
vt 0.390393 0.561323
vt 0.261029 0.561323
vt 0.390393 0.553237
vt 0.390393 0.553237
vt 0.261029 0.553237
vt 0.390393 0.545152
vt 0.390393 0.545152
vt 0.261029 0.545152
vt 0.390393 0.537067
vt 0.390393 0.537067
vt 0.261029 0.537067
vt 0.390393 0.528982
vt 0.390393 0.528982
vt 0.261029 0.528982
vt 0.390393 0.520896
vt 0.328370 0.512811
vt 0.390393 0.512811
vt 0.328411 0.514009
vt 0.390393 0.520896
vt 0.261029 0.520896
vt 0.390393 0.512811
vt 0.261029 0.512811
vt 0.327137 0.512811
vt 0.261029 0.520896
vt 0.327137 0.512811
vt 0.327096 0.514009
vt 0.261029 0.520896
vt 0.390393 0.512811
vt 0.261029 0.520896
vt 0.328411 0.514009
vt 0.390393 0.512811
vt 0.328370 0.512811
vt 0.390393 0.504726
vt 0.261029 0.512811
vt 0.261029 0.504726
vt 0.327137 0.512811
vt 0.261029 0.504726
vt 0.261029 0.496641
vt 0.327439 0.504726
vt 0.390393 0.504726
vt 0.328068 0.504726
vt 0.390393 0.496641
vt 0.327439 0.504726
vt 0.261029 0.496641
vt 0.327754 0.496641
vt 0.328068 0.504726
vt 0.327754 0.496641
vt 0.390393 0.496641
vt 0.390393 0.488555
vt 0.390393 0.496641
vt 0.328068 0.488555
vt 0.261029 0.488555
vt 0.327439 0.488555
vt 0.261029 0.496641
vt 0.328068 0.488555
vt 0.390393 0.496641
vt 0.327754 0.496641
vt 0.327439 0.488555
vt 0.327754 0.496641
vt 0.261029 0.496641
vt 0.261029 0.480470
vt 0.327137 0.480470
vt 0.261029 0.488555
vt 0.390393 0.480470
vt 0.390393 0.488555
vt 0.328370 0.480470
vt 0.327439 0.488555
vt 0.328068 0.488555
vt 0.327137 0.480470
vt 0.390393 0.472385
vt 0.390393 0.480470
vt 0.328648 0.472385
vt 0.261029 0.472385
vt 0.326859 0.472385
vt 0.261029 0.480470
vt 0.328370 0.480470
vt 0.328648 0.472385
vt 0.327137 0.480470
vt 0.390393 0.464300
vt 0.390393 0.472385
vt 0.328892 0.464300
vt 0.261029 0.464300
vt 0.326615 0.464300
vt 0.261029 0.472385
vt 0.326859 0.472385
vt 0.328648 0.472385
vt 0.326615 0.464300
vt 0.390393 0.456214
vt 0.390393 0.464300
vt 0.329092 0.456214
vt 0.261029 0.456214
vt 0.326415 0.456214
vt 0.261029 0.464300
vt 0.329092 0.456214
vt 0.326415 0.456214
vt 0.328892 0.464300
vt 0.390393 0.448129
vt 0.390393 0.456214
vt 0.329241 0.448129
vt 0.261029 0.448129
vt 0.326266 0.448129
vt 0.261029 0.456214
vt 0.326266 0.448129
vt 0.326415 0.456214
vt 0.329241 0.448129
vt 0.390393 0.440044
vt 0.390393 0.448129
vt 0.329333 0.440044
vt 0.261029 0.440044
vt 0.326174 0.440044
vt 0.261029 0.448129
vt 0.329333 0.440044
vt 0.326174 0.440044
vt 0.329241 0.448129
vt 0.390393 0.431959
vt 0.390393 0.440044
vt 0.329364 0.431959
vt 0.261029 0.431959
vt 0.326144 0.431959
vt 0.261029 0.440044
vt 0.329364 0.431959
vt 0.326144 0.431959
vt 0.329333 0.440044
vt 0.329333 0.423874
vt 0.390393 0.423874
vt 0.329364 0.431959
vt 0.261029 0.431959
vt 0.261029 0.423874
vt 0.326144 0.431959
vt 0.329364 0.431959
vt 0.329333 0.423874
vt 0.326144 0.431959
vt 0.326266 0.415788
vt 0.326174 0.423874
vt 0.261029 0.415788
vt 0.329241 0.415788
vt 0.390393 0.415788
vt 0.329333 0.423874
vt 0.326266 0.415788
vt 0.326174 0.423874
vt 0.329241 0.415788
vt 0.261029 0.415788
vt 0.261029 0.407703
vt 0.326266 0.415788
vt 0.329092 0.407703
vt 0.390393 0.407703
vt 0.329241 0.415788
vt 0.329241 0.415788
vt 0.329092 0.407703
vt 0.326266 0.415788
vt 0.261029 0.407703
vt 0.261029 0.399618
vt 0.326415 0.407703
vt 0.328892 0.399618
vt 0.390393 0.399618
vt 0.329092 0.407703
vt 0.326615 0.399618
vt 0.326415 0.407703
vt 0.328892 0.399618
vt 0.261029 0.399618
vt 0.261029 0.391533
vt 0.326615 0.399618
vt 0.328648 0.391533
vt 0.390393 0.391533
vt 0.328892 0.399618
vt 0.328892 0.399618
vt 0.328648 0.391533
vt 0.326615 0.399618
vt 0.327137 0.383447
vt 0.326859 0.391533
vt 0.261029 0.383447
vt 0.328370 0.383447
vt 0.390393 0.383447
vt 0.328648 0.391533
vt 0.327137 0.383447
vt 0.326859 0.391533
vt 0.328370 0.383447
vt 0.327439 0.375362
vt 0.327137 0.383447
vt 0.261029 0.375362
vt 0.328068 0.375362
vt 0.390393 0.375362
vt 0.328370 0.383447
vt 0.328068 0.375362
vt 0.327439 0.375362
vt 0.328370 0.383447
vt 0.656968 0.985744
vt 0.648360 0.977137
vt 0.667089 0.992507
vt 0.641597 0.967015
vt 0.671920 0.950808
vt 0.648360 0.977137
vt 0.671920 0.950808
vt 0.674938 0.955325
vt 0.648360 0.977137
vt 0.667089 0.992507
vt 0.648360 0.977137
vt 0.678335 0.997165
vt 0.690274 0.999540
vt 0.678335 0.997165
vt 0.702446 0.999540
vt 0.714385 0.997165
vt 0.702446 0.999540
vt 0.725631 0.992507
vt 0.709424 0.962185
vt 0.725631 0.992507
vt 0.704405 0.964264
vt 0.704405 0.964264
vt 0.725631 0.992507
vt 0.699095 0.965320
vt 0.702446 0.999540
vt 0.678335 0.997165
vt 0.725631 0.992507
vt 0.648360 0.977137
vt 0.674938 0.955325
vt 0.678335 0.997165
vt 0.674938 0.955325
vt 0.678779 0.959166
vt 0.678335 0.997165
vt 0.725631 0.992507
vt 0.678335 0.997165
vt 0.699095 0.965320
vt 0.699095 0.965320
vt 0.678335 0.997165
vt 0.693644 0.965323
vt 0.678779 0.959166
vt 0.683297 0.962185
vt 0.678335 0.997165
vt 0.693644 0.965323
vt 0.678335 0.997165
vt 0.688316 0.964263
vt 0.671920 0.950808
vt 0.641597 0.967015
vt 0.669841 0.945789
vt 0.636939 0.955769
vt 0.634564 0.943830
vt 0.641597 0.967015
vt 0.634564 0.931658
vt 0.636939 0.919719
vt 0.634564 0.943830
vt 0.641597 0.908473
vt 0.648360 0.898352
vt 0.636939 0.919719
vt 0.656968 0.889744
vt 0.667089 0.882982
vt 0.648360 0.898352
vt 0.678335 0.878323
vt 0.690274 0.875949
vt 0.667089 0.882982
vt 0.702446 0.875949
vt 0.714385 0.878323
vt 0.690274 0.875949
vt 0.725631 0.882982
vt 0.735752 0.889744
vt 0.714385 0.878323
vt 0.744360 0.898352
vt 0.751123 0.908473
vt 0.735752 0.889744
vt 0.755781 0.919719
vt 0.758156 0.931658
vt 0.751123 0.908473
vt 0.758156 0.943830
vt 0.755781 0.955769
vt 0.758156 0.931658
vt 0.751123 0.967015
vt 0.744360 0.977137
vt 0.755781 0.955769
vt 0.735752 0.985744
vt 0.725631 0.992507
vt 0.744360 0.977137
vt 0.709424 0.962185
vt 0.713941 0.959166
vt 0.725631 0.992507
vt 0.713941 0.959166
vt 0.717782 0.955325
vt 0.725631 0.992507
vt 0.744360 0.977137
vt 0.725631 0.992507
vt 0.755781 0.955769
vt 0.758156 0.931658
vt 0.755781 0.955769
vt 0.751123 0.908473
vt 0.735752 0.889744
vt 0.751123 0.908473
vt 0.714385 0.878323
vt 0.690274 0.875949
vt 0.714385 0.878323
vt 0.667089 0.882982
vt 0.648360 0.898352
vt 0.667089 0.882982
vt 0.636939 0.919719
vt 0.634564 0.943830
vt 0.636939 0.919719
vt 0.641597 0.967015
vt 0.669841 0.945789
vt 0.641597 0.967015
vt 0.668781 0.940461
vt 0.668781 0.940461
vt 0.641597 0.967015
vt 0.668781 0.935028
vt 0.636939 0.919719
vt 0.667089 0.882982
vt 0.641597 0.967015
vt 0.714385 0.878323
vt 0.751123 0.908473
vt 0.667089 0.882982
vt 0.755781 0.955769
vt 0.725631 0.992507
vt 0.751123 0.908473
vt 0.717782 0.955325
vt 0.720800 0.950808
vt 0.725631 0.992507
vt 0.720800 0.950808
vt 0.722879 0.945789
vt 0.725631 0.992507
vt 0.641597 0.967015
vt 0.667089 0.882982
vt 0.668781 0.935028
vt 0.668781 0.935028
vt 0.667089 0.882982
vt 0.669841 0.929700
vt 0.725631 0.992507
vt 0.722879 0.945789
vt 0.751123 0.908473
vt 0.722879 0.945789
vt 0.723939 0.940461
vt 0.751123 0.908473
vt 0.669841 0.929700
vt 0.667089 0.882982
vt 0.671920 0.924681
vt 0.671920 0.924681
vt 0.667089 0.882982
vt 0.674938 0.920164
vt 0.723939 0.940461
vt 0.723939 0.935028
vt 0.751123 0.908473
vt 0.723939 0.935028
vt 0.722879 0.929700
vt 0.751123 0.908473
vt 0.674938 0.920164
vt 0.667089 0.882982
vt 0.678779 0.916322
vt 0.678779 0.916322
vt 0.667089 0.882982
vt 0.683296 0.913304
vt 0.722879 0.929700
vt 0.720800 0.924681
vt 0.751123 0.908473
vt 0.720800 0.924681
vt 0.717782 0.920164
vt 0.751123 0.908473
vt 0.683296 0.913304
vt 0.667089 0.882982
vt 0.688315 0.911225
vt 0.688315 0.911225
vt 0.667089 0.882982
vt 0.693644 0.910165
vt 0.717782 0.920164
vt 0.713941 0.916322
vt 0.751123 0.908473
vt 0.713941 0.916322
vt 0.709424 0.913304
vt 0.751123 0.908473
vt 0.667089 0.882982
vt 0.751123 0.908473
vt 0.693644 0.910165
vt 0.693644 0.910165
vt 0.751123 0.908473
vt 0.699076 0.910165
vt 0.709424 0.913304
vt 0.704405 0.911225
vt 0.751123 0.908473
vt 0.260108 0.635010
vt 0.260108 0.626925
vt 0.130745 0.635010
vt 0.260108 0.885652
vt 0.260108 0.877567
vt 0.130745 0.885653
vt 0.260108 0.877567
vt 0.260108 0.869482
vt 0.130745 0.877567
vt 0.838897 0.748141
vt 0.850143 0.743483
vt 0.826958 0.750516
vt 0.860264 0.736720
vt 0.868871 0.728113
vt 0.850143 0.743483
vt 0.875634 0.717992
vt 0.880293 0.706746
vt 0.868871 0.728113
vt 0.882667 0.694807
vt 0.848451 0.691437
vt 0.880293 0.706746
vt 0.848451 0.691437
vt 0.847391 0.696765
vt 0.880293 0.706746
vt 0.868871 0.728113
vt 0.880293 0.706746
vt 0.850143 0.743483
vt 0.826958 0.750516
vt 0.850143 0.743483
vt 0.814785 0.750516
vt 0.818156 0.716300
vt 0.814785 0.750516
vt 0.823588 0.716300
vt 0.823588 0.716300
vt 0.814785 0.750516
vt 0.828916 0.715240
vt 0.850143 0.743483
vt 0.880293 0.706746
vt 0.814785 0.750516
vt 0.847391 0.696765
vt 0.845312 0.701784
vt 0.880293 0.706746
vt 0.845312 0.701784
vt 0.842294 0.706301
vt 0.880293 0.706746
vt 0.814785 0.750516
vt 0.880293 0.706746
vt 0.828916 0.715240
vt 0.828916 0.715240
vt 0.880293 0.706746
vt 0.833935 0.713161
vt 0.842294 0.706301
vt 0.838453 0.710143
vt 0.880293 0.706746
vt 0.868872 0.649328
vt 0.860264 0.640721
vt 0.875634 0.659449
vt 0.850143 0.633958
vt 0.838897 0.629300
vt 0.860264 0.640721
vt 0.826958 0.626925
vt 0.814785 0.626925
vt 0.838897 0.629300
vt 0.802847 0.629300
vt 0.791601 0.633958
vt 0.814785 0.626925
vt 0.781479 0.640721
vt 0.772872 0.649328
vt 0.791601 0.633958
vt 0.766109 0.659449
vt 0.761451 0.670695
vt 0.772872 0.649328
vt 0.759076 0.682634
vt 0.759076 0.694807
vt 0.761451 0.670695
vt 0.761451 0.706746
vt 0.766109 0.717992
vt 0.759076 0.694807
vt 0.772872 0.728113
vt 0.781479 0.736720
vt 0.766109 0.717992
vt 0.791601 0.743483
vt 0.802847 0.748141
vt 0.781479 0.736720
vt 0.814785 0.750516
vt 0.818156 0.716300
vt 0.802847 0.748141
vt 0.818156 0.716300
vt 0.812828 0.715240
vt 0.802847 0.748141
vt 0.781479 0.736720
vt 0.802847 0.748141
vt 0.766109 0.717992
vt 0.759076 0.694807
vt 0.766109 0.717992
vt 0.761451 0.670695
vt 0.772872 0.649328
vt 0.761451 0.670695
vt 0.791601 0.633958
vt 0.814785 0.626925
vt 0.791601 0.633958
vt 0.838897 0.629300
vt 0.860264 0.640721
vt 0.838897 0.629300
vt 0.875634 0.659449
vt 0.880293 0.670695
vt 0.875634 0.659449
vt 0.882667 0.682634
vt 0.882667 0.694807
vt 0.882667 0.682634
vt 0.848451 0.691437
vt 0.848451 0.691437
vt 0.882667 0.682634
vt 0.848451 0.686004
vt 0.875634 0.659449
vt 0.838897 0.629300
vt 0.882667 0.682634
vt 0.791601 0.633958
vt 0.761451 0.670695
vt 0.838897 0.629300
vt 0.766109 0.717992
vt 0.802847 0.748141
vt 0.761451 0.670695
vt 0.812828 0.715240
vt 0.807808 0.713161
vt 0.802847 0.748141
vt 0.807808 0.713161
vt 0.803291 0.710143
vt 0.802847 0.748141
vt 0.882667 0.682634
vt 0.838897 0.629300
vt 0.848451 0.686004
vt 0.848451 0.686004
vt 0.838897 0.629300
vt 0.847391 0.680676
vt 0.802847 0.748141
vt 0.803291 0.710143
vt 0.761451 0.670695
vt 0.803291 0.710143
vt 0.799450 0.706301
vt 0.761451 0.670695
vt 0.847391 0.680676
vt 0.838897 0.629300
vt 0.845312 0.675657
vt 0.845312 0.675657
vt 0.838897 0.629300
vt 0.842294 0.671140
vt 0.799450 0.706301
vt 0.796432 0.701784
vt 0.761451 0.670695
vt 0.796432 0.701784
vt 0.794353 0.696765
vt 0.761451 0.670695
vt 0.842294 0.671140
vt 0.838897 0.629300
vt 0.838453 0.667298
vt 0.838453 0.667298
vt 0.838897 0.629300
vt 0.833936 0.664280
vt 0.794353 0.696765
vt 0.793293 0.691437
vt 0.761451 0.670695
vt 0.793293 0.691437
vt 0.793293 0.686004
vt 0.761451 0.670695
vt 0.833936 0.664280
vt 0.838897 0.629300
vt 0.828916 0.662201
vt 0.828916 0.662201
vt 0.838897 0.629300
vt 0.823588 0.661142
vt 0.793293 0.686004
vt 0.794353 0.680676
vt 0.761451 0.670695
vt 0.794353 0.680676
vt 0.796432 0.675657
vt 0.761451 0.670695
vt 0.823588 0.661142
vt 0.838897 0.629300
vt 0.818156 0.661142
vt 0.818156 0.661142
vt 0.838897 0.629300
vt 0.812828 0.662201
vt 0.796432 0.675657
vt 0.799450 0.671140
vt 0.761451 0.670695
vt 0.799450 0.671140
vt 0.803291 0.667298
vt 0.761451 0.670695
vt 0.838897 0.629300
vt 0.761451 0.670695
vt 0.812828 0.662201
vt 0.803291 0.667298
vt 0.807808 0.664280
vt 0.761451 0.670695
vt 0.260108 0.869482
vt 0.260108 0.861397
vt 0.130745 0.869482
vt 0.260108 0.861397
vt 0.260108 0.853312
vt 0.130745 0.861397
vt 0.260108 0.853312
vt 0.260108 0.845226
vt 0.130745 0.853312
vt 0.260108 0.845226
vt 0.260108 0.837141
vt 0.130745 0.845226
vt 0.260108 0.837141
vt 0.260108 0.829056
vt 0.130745 0.837141
vt 0.260108 0.829056
vt 0.260108 0.820971
vt 0.130745 0.829056
vt 0.260108 0.820971
vt 0.260108 0.812885
vt 0.130745 0.820971
vt 0.260108 0.812885
vt 0.260108 0.804800
vt 0.130745 0.812885
vt 0.260108 0.804800
vt 0.260108 0.796715
vt 0.130745 0.804800
vt 0.260108 0.796715
vt 0.260108 0.788630
vt 0.130745 0.796715
vt 0.260108 0.788630
vt 0.260108 0.780544
vt 0.130745 0.788630
vt 0.260108 0.780544
vt 0.260108 0.772459
vt 0.130745 0.780544
vt 0.260108 0.772459
vt 0.260108 0.764374
vt 0.130745 0.772459
vt 0.260108 0.764374
vt 0.260108 0.756289
vt 0.130745 0.764374
vt 0.260108 0.756289
vt 0.260108 0.748204
vt 0.130745 0.756289
vt 0.260108 0.748204
vt 0.260108 0.740118
vt 0.130745 0.748204
vt 0.260108 0.740118
vt 0.260108 0.732033
vt 0.130745 0.740118
vt 0.260108 0.732033
vt 0.260108 0.723948
vt 0.130745 0.732033
vt 0.260108 0.723948
vt 0.260108 0.715863
vt 0.130745 0.723948
vt 0.260108 0.715863
vt 0.260108 0.707777
vt 0.130745 0.715863
vt 0.260108 0.707777
vt 0.260108 0.699692
vt 0.130745 0.707777
vt 0.260108 0.699692
vt 0.260108 0.691607
vt 0.130745 0.699692
vt 0.260108 0.691607
vt 0.260108 0.683522
vt 0.130745 0.691607
vt 0.260108 0.683522
vt 0.260108 0.675436
vt 0.130745 0.683522
vt 0.260108 0.675436
vt 0.260108 0.667351
vt 0.130745 0.675436
vt 0.260108 0.667351
vt 0.260108 0.659266
vt 0.130745 0.667351
vt 0.260108 0.659266
vt 0.260108 0.651181
vt 0.130745 0.659266
vt 0.260108 0.651181
vt 0.260108 0.643095
vt 0.130745 0.651181
vt 0.260108 0.643095
vt 0.260108 0.635010
vt 0.130745 0.643095
vt 0.289881 0.990053
vt 0.283432 0.985744
vt 0.266372 0.912553
vt 0.274825 0.977136
vt 0.268062 0.967015
vt 0.283432 0.985744
vt 0.263404 0.955769
vt 0.261029 0.943830
vt 0.268062 0.967015
vt 0.261029 0.931658
vt 0.263404 0.919719
vt 0.261029 0.943830
vt 0.266372 0.912553
vt 0.283432 0.985744
vt 0.263404 0.919719
vt 0.268062 0.967015
vt 0.261029 0.943830
vt 0.283432 0.985744
vt 0.379278 0.962934
vt 0.355769 0.885436
vt 0.382245 0.955769
vt 0.362217 0.889744
vt 0.370824 0.898352
vt 0.355769 0.885436
vt 0.377587 0.908473
vt 0.382245 0.919719
vt 0.370824 0.898352
vt 0.384620 0.931658
vt 0.384620 0.943830
vt 0.382245 0.919719
vt 0.382245 0.955769
vt 0.355769 0.885436
vt 0.384620 0.943830
vt 0.370824 0.898352
vt 0.382245 0.919719
vt 0.355769 0.885436
vt 0.651882 0.375362
vt 0.652470 0.375362
vt 0.651882 0.367277
vt 0.652971 0.375362
vt 0.666924 0.375362
vt 0.652720 0.367277
vt 0.652470 0.375362
vt 0.652720 0.367277
vt 0.651882 0.367277
vt 0.666924 0.375362
vt 0.666924 0.367277
vt 0.652720 0.367277
vt 0.769666 0.367277
vt 0.769666 0.375362
vt 0.781246 0.367277
vt 0.652470 0.617919
vt 0.651882 0.617919
vt 0.652720 0.626004
vt 0.666924 0.617919
vt 0.652971 0.617919
vt 0.666924 0.626004
vt 0.651882 0.617919
vt 0.651882 0.626004
vt 0.652720 0.626004
vt 0.652971 0.617919
vt 0.652720 0.626004
vt 0.666924 0.626004
vt 0.769666 0.617919
vt 0.769666 0.626004
vt 0.781246 0.617919
vt 0.651882 0.609834
vt 0.651882 0.617919
vt 0.652228 0.609834
vt 0.652971 0.617919
vt 0.666924 0.617919
vt 0.653212 0.609834
vt 0.781246 0.609834
vt 0.769666 0.609834
vt 0.781246 0.617919
vt 0.441250 0.751437
vt 0.429311 0.753812
vt 0.453423 0.751437
vt 0.418065 0.758470
vt 0.407944 0.765233
vt 0.429311 0.753812
vt 0.399337 0.773840
vt 0.392574 0.783961
vt 0.407944 0.765233
vt 0.387916 0.795207
vt 0.385541 0.807146
vt 0.392574 0.783961
vt 0.385541 0.819319
vt 0.387916 0.831258
vt 0.385541 0.807146
vt 0.392574 0.842504
vt 0.399337 0.852625
vt 0.387916 0.831258
vt 0.407944 0.861232
vt 0.418065 0.867995
vt 0.399337 0.852625
vt 0.429311 0.872653
vt 0.441250 0.875028
vt 0.418065 0.867995
vt 0.453423 0.875028
vt 0.465361 0.872653
vt 0.441250 0.875028
vt 0.476608 0.867995
vt 0.486729 0.861232
vt 0.465361 0.872653
vt 0.495336 0.852625
vt 0.502099 0.842504
vt 0.486729 0.861232
vt 0.506757 0.831258
vt 0.509132 0.819319
vt 0.502099 0.842504
vt 0.509132 0.807146
vt 0.506757 0.795207
vt 0.509132 0.819319
vt 0.502099 0.783961
vt 0.495336 0.773840
vt 0.506757 0.795207
vt 0.486729 0.765233
vt 0.476608 0.758470
vt 0.495336 0.773840
vt 0.465362 0.753812
vt 0.453423 0.751437
vt 0.476608 0.758470
vt 0.429311 0.753812
vt 0.407944 0.765233
vt 0.453423 0.751437
vt 0.392574 0.783961
vt 0.385541 0.807146
vt 0.407944 0.765233
vt 0.387916 0.831258
vt 0.399337 0.852625
vt 0.385541 0.807146
vt 0.418065 0.867995
vt 0.441250 0.875028
vt 0.399337 0.852625
vt 0.465361 0.872653
vt 0.486729 0.861232
vt 0.441250 0.875028
vt 0.502099 0.842504
vt 0.509132 0.819319
vt 0.486729 0.861232
vt 0.506757 0.795207
vt 0.495336 0.773840
vt 0.509132 0.819319
vt 0.476608 0.758470
vt 0.453423 0.751437
vt 0.495336 0.773840
vt 0.407944 0.765233
vt 0.385541 0.807146
vt 0.453423 0.751437
vt 0.399337 0.852625
vt 0.441250 0.875028
vt 0.385541 0.807146
vt 0.486729 0.861232
vt 0.509132 0.819319
vt 0.441250 0.875028
vt 0.495336 0.773840
vt 0.453423 0.751437
vt 0.509132 0.819319
vt 0.385541 0.807146
vt 0.441250 0.875028
vt 0.453423 0.751437
vt 0.651882 0.601749
vt 0.651882 0.609834
vt 0.652006 0.601749
vt 0.653212 0.609834
vt 0.666924 0.609834
vt 0.653434 0.601749
vt 0.781246 0.601749
vt 0.769666 0.601749
vt 0.781246 0.609834
vt 0.653434 0.601749
vt 0.666924 0.601749
vt 0.653629 0.593663
vt 0.769666 0.593663
vt 0.769666 0.601749
vt 0.781246 0.593663
vt 0.653629 0.593663
vt 0.666924 0.593663
vt 0.653789 0.585578
vt 0.781246 0.585578
vt 0.769666 0.585578
vt 0.781246 0.593663
vt 0.653789 0.585578
vt 0.666924 0.585578
vt 0.653908 0.577493
vt 0.781246 0.577493
vt 0.769666 0.577493
vt 0.781246 0.585578
vt 0.653908 0.577493
vt 0.666924 0.577493
vt 0.653981 0.569408
vt 0.769666 0.569408
vt 0.769666 0.577493
vt 0.781246 0.569408
vt 0.666924 0.561323
vt 0.654005 0.561455
vt 0.666924 0.569408
vt 0.653982 0.569063
vt 0.653981 0.569408
vt 0.653998 0.563785
vt 0.654005 0.561455
vt 0.653998 0.563785
vt 0.666924 0.569408
vt 0.769666 0.561323
vt 0.769666 0.569408
vt 0.781246 0.561323
vt 0.666924 0.561322
vt 0.666924 0.553237
vt 0.654006 0.561323
vt 0.769666 0.553237
vt 0.769666 0.561323
vt 0.781246 0.553237
vt 0.653981 0.553237
vt 0.666924 0.553237
vt 0.653908 0.545152
vt 0.666924 0.545152
vt 0.653908 0.545152
vt 0.666924 0.552415
vt 0.781246 0.553237
vt 0.781246 0.545152
vt 0.769666 0.553237
vt 0.769666 0.545152
vt 0.769666 0.545888
vt 0.781246 0.545152
vt 0.666924 0.545152
vt 0.666924 0.537067
vt 0.653908 0.545152
vt 0.781246 0.537067
vt 0.769666 0.537067
vt 0.781246 0.545152
vt 0.666924 0.537067
vt 0.666924 0.528982
vt 0.653789 0.537067
vt 0.769666 0.528982
vt 0.769666 0.537067
vt 0.781246 0.528982
vt 0.666924 0.520896
vt 0.653434 0.520896
vt 0.666924 0.528139
vt 0.653629 0.528982
vt 0.666924 0.528982
vt 0.653434 0.520896
vt 0.769666 0.528982
vt 0.781246 0.528982
vt 0.769666 0.521630
vt 0.781246 0.520896
vt 0.769666 0.520896
vt 0.781246 0.528982
vt 0.666924 0.512811
vt 0.653212 0.512811
vt 0.666924 0.520043
vt 0.653434 0.520896
vt 0.666924 0.520896
vt 0.653212 0.512811
vt 0.769666 0.520896
vt 0.781246 0.520896
vt 0.769666 0.513544
vt 0.781246 0.512811
vt 0.769666 0.512811
vt 0.781246 0.520896
vt 0.652228 0.512811
vt 0.651882 0.512811
vt 0.652006 0.520896
vt 0.652971 0.504726
vt 0.653212 0.512811
vt 0.666924 0.504726
vt 0.781246 0.504726
vt 0.769666 0.504726
vt 0.781246 0.512811
vt 0.652470 0.504726
vt 0.651882 0.504726
vt 0.652228 0.512811
vt 0.652720 0.496641
vt 0.652971 0.504726
vt 0.666924 0.496641
vt 0.781246 0.496641
vt 0.769666 0.496641
vt 0.781246 0.504726
vt 0.652720 0.496641
vt 0.651882 0.496641
vt 0.652470 0.504726
vt 0.652720 0.496641
vt 0.666924 0.496641
vt 0.652971 0.488555
vt 0.781246 0.488555
vt 0.769666 0.488555
vt 0.781246 0.496641
vt 0.651882 0.488555
vt 0.651882 0.496641
vt 0.652470 0.488555
vt 0.652971 0.488555
vt 0.666924 0.488555
vt 0.653212 0.480470
vt 0.781246 0.480470
vt 0.769666 0.480470
vt 0.781246 0.488555
vt 0.651882 0.480470
vt 0.651882 0.488555
vt 0.652228 0.480470
vt 0.666924 0.472385
vt 0.653434 0.472385
vt 0.666924 0.473238
vt 0.653212 0.480470
vt 0.666924 0.480470
vt 0.653434 0.472385
vt 0.769666 0.480470
vt 0.781246 0.480470
vt 0.769666 0.479738
vt 0.781246 0.472385
vt 0.769666 0.472385
vt 0.781246 0.480470
vt 0.651882 0.472385
vt 0.651882 0.480470
vt 0.652006 0.472385
vt 0.666924 0.464300
vt 0.653629 0.464300
vt 0.666924 0.465142
vt 0.653434 0.472385
vt 0.666924 0.472385
vt 0.653629 0.464300
vt 0.769666 0.472385
vt 0.781246 0.472385
vt 0.769666 0.471651
vt 0.781246 0.464300
vt 0.769666 0.464300
vt 0.781246 0.472385
vt 0.666924 0.456214
vt 0.653789 0.456214
vt 0.666924 0.457048
vt 0.653629 0.464300
vt 0.666924 0.464300
vt 0.653789 0.456214
vt 0.769666 0.464300
vt 0.781246 0.464300
vt 0.769666 0.463565
vt 0.781246 0.456214
vt 0.769666 0.456214
vt 0.781246 0.464300
vt 0.666924 0.448129
vt 0.653908 0.448129
vt 0.666924 0.448956
vt 0.653789 0.456214
vt 0.666924 0.456214
vt 0.653908 0.448129
vt 0.769666 0.456214
vt 0.781246 0.456214
vt 0.769666 0.455479
vt 0.781246 0.448129
vt 0.769666 0.448129
vt 0.781246 0.456214
vt 0.666924 0.440044
vt 0.653981 0.440044
vt 0.666924 0.440866
vt 0.653908 0.448129
vt 0.666924 0.448129
vt 0.653981 0.440044
vt 0.769666 0.448129
vt 0.781246 0.448129
vt 0.769666 0.447393
vt 0.781246 0.440044
vt 0.769666 0.440044
vt 0.781246 0.448129
vt 0.666924 0.431959
vt 0.654006 0.431959
vt 0.666924 0.432780
vt 0.653981 0.440044
vt 0.666924 0.440044
vt 0.654006 0.431959
vt 0.781246 0.440044
vt 0.781246 0.431959
vt 0.769666 0.440044
vt 0.769666 0.431959
vt 0.769666 0.439308
vt 0.781246 0.431959
vt 0.653981 0.423998
vt 0.654003 0.431088
vt 0.666924 0.423874
vt 0.654006 0.431959
vt 0.666924 0.431959
vt 0.654003 0.431088
vt 0.781246 0.423873
vt 0.769666 0.423873
vt 0.781246 0.431959
vt 0.666924 0.415788
vt 0.653908 0.415788
vt 0.666924 0.416615
vt 0.653981 0.423874
vt 0.666924 0.423874
vt 0.653908 0.415788
vt 0.769666 0.423873
vt 0.781246 0.423873
vt 0.769666 0.423138
vt 0.781246 0.415788
vt 0.769666 0.415788
vt 0.781246 0.423873
vt 0.666924 0.407703
vt 0.653789 0.407703
vt 0.666924 0.408536
vt 0.653908 0.415788
vt 0.666924 0.415788
vt 0.653789 0.407703
vt 0.769666 0.415788
vt 0.781246 0.415788
vt 0.769666 0.415054
vt 0.781246 0.407703
vt 0.769666 0.407703
vt 0.781246 0.415788
vt 0.666924 0.399618
vt 0.653629 0.399618
vt 0.666924 0.400460
vt 0.653789 0.407703
vt 0.666924 0.407703
vt 0.653629 0.399618
vt 0.769666 0.407703
vt 0.781246 0.407703
vt 0.769666 0.406970
vt 0.781246 0.399618
vt 0.769666 0.399618
vt 0.781246 0.407703
vt 0.666924 0.399618
vt 0.666924 0.391533
vt 0.653629 0.399618
vt 0.769666 0.391533
vt 0.769666 0.399618
vt 0.781246 0.391533
vt 0.651882 0.391533
vt 0.652006 0.391533
vt 0.651882 0.383447
vt 0.666924 0.391533
vt 0.666924 0.383447
vt 0.653434 0.391533
vt 0.769666 0.383447
vt 0.769666 0.391533
vt 0.781246 0.383447
vt 0.651882 0.383447
vt 0.652228 0.383447
vt 0.651882 0.375362
vt 0.666924 0.383447
vt 0.666924 0.375362
vt 0.653212 0.383447
vt 0.769666 0.375362
vt 0.769666 0.383447
vt 0.781246 0.375362
vt 0.195427 0.626004
vt 0.195427 0.621962
vt 0.130745 0.626004
vt 0.857522 0.457449
vt 0.867610 0.486164
vt 0.853569 0.459086
vt 0.861987 0.488493
vt 0.856018 0.489681
vt 0.867610 0.486164
vt 0.850048 0.490868
vt 0.843962 0.490868
vt 0.856018 0.489681
vt 0.837876 0.490868
vt 0.831906 0.489681
vt 0.843962 0.490868
vt 0.825937 0.488493
vt 0.820314 0.486164
vt 0.831906 0.489681
vt 0.814691 0.483835
vt 0.809630 0.480454
vt 0.820314 0.486164
vt 0.804570 0.477072
vt 0.800266 0.472769
vt 0.809630 0.480454
vt 0.795962 0.468465
vt 0.792581 0.463404
vt 0.800266 0.472769
vt 0.789199 0.458344
vt 0.786870 0.452721
vt 0.792581 0.463404
vt 0.822828 0.443078
vt 0.824650 0.447477
vt 0.786870 0.452721
vt 0.824650 0.447477
vt 0.827295 0.451437
vt 0.786870 0.452721
vt 0.792581 0.463404
vt 0.786870 0.452721
vt 0.800266 0.472769
vt 0.809630 0.480454
vt 0.800266 0.472769
vt 0.820314 0.486164
vt 0.831906 0.489681
vt 0.820314 0.486164
vt 0.843962 0.490868
vt 0.856018 0.489681
vt 0.843962 0.490868
vt 0.867610 0.486164
vt 0.853569 0.459086
vt 0.867610 0.486164
vt 0.853122 0.459271
vt 0.844178 0.460200
vt 0.848453 0.460200
vt 0.843691 0.460200
vt 0.853122 0.459271
vt 0.867610 0.486164
vt 0.848453 0.460200
vt 0.843962 0.490868
vt 0.820314 0.486164
vt 0.867610 0.486164
vt 0.800266 0.472769
vt 0.786870 0.452721
vt 0.820314 0.486164
vt 0.827295 0.451437
vt 0.830662 0.454804
vt 0.786870 0.452721
vt 0.835080 0.457639
vt 0.839021 0.459271
vt 0.834621 0.457449
vt 0.830662 0.454804
vt 0.834621 0.457449
vt 0.786870 0.452721
vt 0.820314 0.486164
vt 0.786870 0.452721
vt 0.867610 0.486164
vt 0.848453 0.460200
vt 0.867610 0.486164
vt 0.843691 0.460200
vt 0.843691 0.460200
vt 0.867610 0.486164
vt 0.839502 0.459367
vt 0.786870 0.452721
vt 0.834621 0.457449
vt 0.867610 0.486164
vt 0.839502 0.459367
vt 0.867610 0.486164
vt 0.839021 0.459271
vt 0.822828 0.443078
vt 0.786870 0.452721
vt 0.821899 0.438408
vt 0.784541 0.447098
vt 0.783354 0.441128
vt 0.786870 0.452721
vt 0.782166 0.435159
vt 0.782166 0.429073
vt 0.783354 0.441128
vt 0.782166 0.422986
vt 0.783354 0.417017
vt 0.782166 0.429073
vt 0.784541 0.411047
vt 0.786870 0.405424
vt 0.783354 0.417017
vt 0.789199 0.399801
vt 0.792581 0.394741
vt 0.786870 0.405424
vt 0.795962 0.389680
vt 0.800266 0.385376
vt 0.792581 0.394741
vt 0.804570 0.381073
vt 0.809630 0.377691
vt 0.800266 0.385376
vt 0.814691 0.374310
vt 0.820314 0.371981
vt 0.809630 0.377691
vt 0.825937 0.369652
vt 0.831906 0.368464
vt 0.820314 0.371981
vt 0.837876 0.367277
vt 0.843962 0.367277
vt 0.831906 0.368464
vt 0.850048 0.367277
vt 0.856018 0.368464
vt 0.843962 0.367277
vt 0.861987 0.369652
vt 0.867610 0.371981
vt 0.856018 0.368464
vt 0.873233 0.374310
vt 0.878294 0.377691
vt 0.867610 0.371981
vt 0.883354 0.381073
vt 0.887658 0.385376
vt 0.878294 0.377691
vt 0.891962 0.389680
vt 0.895343 0.394741
vt 0.887658 0.385376
vt 0.898725 0.399801
vt 0.901054 0.405424
vt 0.895343 0.394741
vt 0.903383 0.411047
vt 0.904570 0.417017
vt 0.901054 0.405424
vt 0.905758 0.422986
vt 0.905758 0.429073
vt 0.904570 0.417017
vt 0.905758 0.435159
vt 0.904570 0.441128
vt 0.905758 0.429073
vt 0.903383 0.447098
vt 0.901054 0.452721
vt 0.904570 0.441128
vt 0.898725 0.458344
vt 0.895343 0.463404
vt 0.901054 0.452721
vt 0.891962 0.468465
vt 0.887658 0.472769
vt 0.895343 0.463404
vt 0.883354 0.477072
vt 0.878294 0.480454
vt 0.887658 0.472769
vt 0.873233 0.483835
vt 0.867610 0.486164
vt 0.878294 0.480454
vt 0.857522 0.457449
vt 0.857925 0.457180
vt 0.867610 0.486164
vt 0.857925 0.457180
vt 0.861481 0.454804
vt 0.867610 0.486164
vt 0.878294 0.480454
vt 0.867610 0.486164
vt 0.887658 0.472769
vt 0.895343 0.463404
vt 0.887658 0.472769
vt 0.901054 0.452721
vt 0.904570 0.441128
vt 0.901054 0.452721
vt 0.905758 0.429073
vt 0.904570 0.417017
vt 0.905758 0.429073
vt 0.901054 0.405424
vt 0.895343 0.394741
vt 0.901054 0.405424
vt 0.887658 0.385376
vt 0.878294 0.377691
vt 0.887658 0.385376
vt 0.867610 0.371981
vt 0.856018 0.368464
vt 0.867610 0.371981
vt 0.843962 0.367277
vt 0.831906 0.368464
vt 0.843962 0.367277
vt 0.820314 0.371981
vt 0.809630 0.377691
vt 0.820314 0.371981
vt 0.800266 0.385376
vt 0.792581 0.394741
vt 0.800266 0.385376
vt 0.786870 0.405424
vt 0.783354 0.417017
vt 0.786870 0.405424
vt 0.782166 0.429073
vt 0.783354 0.441128
vt 0.782166 0.429073
vt 0.786870 0.452721
vt 0.821899 0.438408
vt 0.786870 0.452721
vt 0.821898 0.433646
vt 0.821898 0.433646
vt 0.786870 0.452721
vt 0.822828 0.428976
vt 0.782166 0.429073
vt 0.786870 0.405424
vt 0.786870 0.452721
vt 0.800266 0.385376
vt 0.820314 0.371981
vt 0.786870 0.405424
vt 0.843962 0.367277
vt 0.867610 0.371981
vt 0.820314 0.371981
vt 0.887658 0.385376
vt 0.901054 0.405424
vt 0.867610 0.371981
vt 0.905758 0.429073
vt 0.901054 0.452721
vt 0.901054 0.405424
vt 0.887658 0.472769
vt 0.867610 0.486164
vt 0.901054 0.452721
vt 0.861481 0.454804
vt 0.861825 0.454459
vt 0.867610 0.486164
vt 0.861825 0.454459
vt 0.864848 0.451436
vt 0.867610 0.486164
vt 0.901054 0.452721
vt 0.867610 0.486164
vt 0.901054 0.405424
vt 0.867610 0.371981
vt 0.901054 0.405424
vt 0.820314 0.371981
vt 0.786870 0.405424
vt 0.820314 0.371981
vt 0.786870 0.452721
vt 0.822828 0.428976
vt 0.786870 0.452721
vt 0.824650 0.424577
vt 0.824650 0.424577
vt 0.786870 0.452721
vt 0.827295 0.420617
vt 0.867610 0.486164
vt 0.864848 0.451436
vt 0.901054 0.405424
vt 0.864848 0.451436
vt 0.865121 0.451028
vt 0.901054 0.405424
vt 0.786870 0.452721
vt 0.820314 0.371981
vt 0.827295 0.420617
vt 0.827295 0.420617
vt 0.820314 0.371981
vt 0.830662 0.417250
vt 0.865121 0.451028
vt 0.867494 0.447477
vt 0.901054 0.405424
vt 0.867684 0.447018
vt 0.869316 0.443078
vt 0.867494 0.447477
vt 0.869414 0.442585
vt 0.870245 0.438408
vt 0.869316 0.443078
vt 0.867494 0.447477
vt 0.869316 0.443078
vt 0.901054 0.405424
vt 0.830662 0.417250
vt 0.820314 0.371981
vt 0.834621 0.414605
vt 0.834621 0.414605
vt 0.820314 0.371981
vt 0.839020 0.412782
vt 0.869316 0.443078
vt 0.870245 0.438408
vt 0.901054 0.405424
vt 0.870245 0.438408
vt 0.870245 0.433646
vt 0.901054 0.405424
vt 0.839020 0.412782
vt 0.820314 0.371981
vt 0.843691 0.411854
vt 0.844175 0.411854
vt 0.843691 0.411854
vt 0.848452 0.411854
vt 0.843691 0.411854
vt 0.820314 0.371981
vt 0.848452 0.411854
vt 0.870245 0.433646
vt 0.869316 0.428976
vt 0.901054 0.405424
vt 0.869316 0.428976
vt 0.867494 0.424577
vt 0.901054 0.405424
vt 0.820314 0.371981
vt 0.901054 0.405424
vt 0.848452 0.411854
vt 0.848452 0.411854
vt 0.901054 0.405424
vt 0.853123 0.412783
vt 0.867494 0.424577
vt 0.864848 0.420617
vt 0.901054 0.405424
vt 0.864848 0.420617
vt 0.861836 0.417605
vt 0.901054 0.405424
vt 0.853123 0.412783
vt 0.901054 0.405424
vt 0.857522 0.414605
vt 0.857522 0.414605
vt 0.901054 0.405424
vt 0.857934 0.414881
vt 0.861836 0.417605
vt 0.861481 0.417250
vt 0.901054 0.405424
vt 0.195427 0.371319
vt 0.195427 0.367277
vt 0.130745 0.371319
vt 0.260108 0.371319
vt 0.260108 0.367277
vt 0.195427 0.371319
vt 0.195427 0.626004
vt 0.260108 0.626004
vt 0.195427 0.621962
vt 0.260108 0.375362
vt 0.260108 0.371319
vt 0.195427 0.375362
vt 0.195427 0.375362
vt 0.195427 0.371319
vt 0.130745 0.375362
vt 0.195427 0.379405
vt 0.195427 0.375362
vt 0.130745 0.379405
vt 0.260108 0.379405
vt 0.260108 0.375362
vt 0.195427 0.379405
vt 0.260108 0.383447
vt 0.260108 0.379405
vt 0.195427 0.383447
vt 0.195427 0.383447
vt 0.195427 0.379405
vt 0.130745 0.383447
vt 0.195427 0.387490
vt 0.195427 0.383447
vt 0.130745 0.387490
vt 0.260108 0.387490
vt 0.260108 0.383447
vt 0.195427 0.387490
vt 0.260108 0.391533
vt 0.260108 0.387490
vt 0.195427 0.391533
vt 0.195427 0.391533
vt 0.195427 0.387490
vt 0.130745 0.391533
vt 0.130745 0.395575
vt 0.195427 0.395575
vt 0.130745 0.391533
vt 0.260108 0.395575
vt 0.260108 0.391533
vt 0.195427 0.395575
vt 0.260108 0.399618
vt 0.260108 0.395575
vt 0.195427 0.399618
vt 0.195427 0.399618
vt 0.195427 0.395575
vt 0.130745 0.399618
vt 0.195427 0.403660
vt 0.195427 0.399618
vt 0.130745 0.403660
vt 0.260108 0.403660
vt 0.260108 0.399618
vt 0.195427 0.403660
vt 0.260108 0.407703
vt 0.260108 0.403660
vt 0.195427 0.407703
vt 0.195427 0.407703
vt 0.195427 0.403660
vt 0.130745 0.407703
vt 0.195427 0.411746
vt 0.195427 0.407703
vt 0.130745 0.411746
vt 0.260108 0.411746
vt 0.260108 0.407703
vt 0.195427 0.411746
vt 0.260108 0.415788
vt 0.260108 0.411746
vt 0.195427 0.415788
vt 0.195427 0.415788
vt 0.195427 0.411746
vt 0.130745 0.415788
vt 0.195427 0.419831
vt 0.195427 0.415788
vt 0.130745 0.419831
vt 0.260108 0.419831
vt 0.260108 0.415788
vt 0.195427 0.419831
vt 0.260108 0.423874
vt 0.260108 0.419831
vt 0.195427 0.423874
vt 0.195427 0.423874
vt 0.195427 0.419831
vt 0.130745 0.423874
vt 0.195427 0.427916
vt 0.195427 0.423874
vt 0.130745 0.427916
vt 0.260108 0.427916
vt 0.260108 0.423874
vt 0.195427 0.427916
vt 0.260108 0.431959
vt 0.260108 0.427916
vt 0.195427 0.431959
vt 0.195427 0.431959
vt 0.195427 0.427916
vt 0.130745 0.431959
vt 0.195427 0.436001
vt 0.195427 0.431959
vt 0.130745 0.436001
vt 0.260108 0.436001
vt 0.260108 0.431959
vt 0.195427 0.436001
vt 0.260108 0.440044
vt 0.260108 0.436001
vt 0.195427 0.440044
vt 0.195427 0.440044
vt 0.195427 0.436001
vt 0.130745 0.440044
vt 0.195427 0.444087
vt 0.195427 0.440044
vt 0.130745 0.444087
vt 0.260108 0.444087
vt 0.260108 0.440044
vt 0.195427 0.444087
vt 0.260108 0.448129
vt 0.260108 0.444087
vt 0.195427 0.448129
vt 0.195427 0.448129
vt 0.195427 0.444087
vt 0.130745 0.448129
vt 0.195427 0.452172
vt 0.195427 0.448129
vt 0.130745 0.452172
vt 0.260108 0.452172
vt 0.260108 0.448129
vt 0.195427 0.452172
vt 0.260108 0.456214
vt 0.260108 0.452172
vt 0.195427 0.456214
vt 0.195427 0.456214
vt 0.195427 0.452172
vt 0.130745 0.456214
vt 0.195427 0.460257
vt 0.195427 0.456214
vt 0.130745 0.460257
vt 0.260108 0.460257
vt 0.260108 0.456214
vt 0.195427 0.460257
vt 0.260108 0.464300
vt 0.260108 0.460257
vt 0.195427 0.464300
vt 0.195427 0.464300
vt 0.195427 0.460257
vt 0.130745 0.464300
vt 0.195427 0.468342
vt 0.195427 0.464300
vt 0.130745 0.468342
vt 0.260108 0.468342
vt 0.260108 0.464300
vt 0.195427 0.468342
vt 0.260108 0.472385
vt 0.260108 0.468342
vt 0.195427 0.472385
vt 0.195427 0.472385
vt 0.195427 0.468342
vt 0.130745 0.472385
vt 0.195427 0.476428
vt 0.195427 0.472385
vt 0.130745 0.476428
vt 0.260108 0.476428
vt 0.260108 0.472385
vt 0.195427 0.476428
vt 0.260108 0.480470
vt 0.260108 0.476428
vt 0.195427 0.480470
vt 0.195427 0.480470
vt 0.195427 0.476428
vt 0.130745 0.480470
vt 0.195427 0.484513
vt 0.195427 0.480470
vt 0.130745 0.484513
vt 0.260108 0.484513
vt 0.260108 0.480470
vt 0.195427 0.484513
vt 0.260108 0.488555
vt 0.260108 0.484513
vt 0.195427 0.488555
vt 0.195427 0.488555
vt 0.195427 0.484513
vt 0.130745 0.488555
vt 0.195427 0.492598
vt 0.195427 0.488555
vt 0.130745 0.492598
vt 0.260108 0.492598
vt 0.260108 0.488555
vt 0.195427 0.492598
vt 0.260108 0.496641
vt 0.260108 0.492598
vt 0.195427 0.496641
vt 0.195427 0.496641
vt 0.195427 0.492598
vt 0.130745 0.496641
vt 0.195427 0.500683
vt 0.195427 0.496641
vt 0.130745 0.500683
vt 0.195427 0.500683
vt 0.260108 0.500683
vt 0.195427 0.496641
vt 0.260108 0.504726
vt 0.260108 0.500683
vt 0.195427 0.504726
vt 0.195427 0.504726
vt 0.195427 0.500683
vt 0.130745 0.504726
vt 0.195427 0.508768
vt 0.195427 0.504726
vt 0.130745 0.508768
vt 0.260108 0.508768
vt 0.260108 0.504726
vt 0.195427 0.508768
vt 0.260108 0.512811
vt 0.260108 0.508768
vt 0.195427 0.512811
vt 0.195427 0.512811
vt 0.195427 0.508768
vt 0.130745 0.512811
vt 0.195427 0.516854
vt 0.195427 0.512811
vt 0.130745 0.516854
vt 0.260108 0.516854
vt 0.260108 0.512811
vt 0.195427 0.516854
vt 0.260108 0.520896
vt 0.260108 0.516854
vt 0.195427 0.520896
vt 0.195427 0.520896
vt 0.195427 0.516854
vt 0.130745 0.520896
vt 0.195427 0.524939
vt 0.195427 0.520896
vt 0.130745 0.524939
vt 0.260108 0.524939
vt 0.260108 0.520896
vt 0.195427 0.524939
vt 0.260108 0.528982
vt 0.260108 0.524939
vt 0.195427 0.528982
vt 0.195427 0.528982
vt 0.195427 0.524939
vt 0.130745 0.528982
vt 0.195427 0.533024
vt 0.195427 0.528982
vt 0.130745 0.533024
vt 0.260108 0.533024
vt 0.260108 0.528982
vt 0.195427 0.533024
vt 0.260108 0.537067
vt 0.260108 0.533024
vt 0.195427 0.537067
vt 0.195427 0.537067
vt 0.195427 0.533024
vt 0.130745 0.537067
vt 0.195427 0.541109
vt 0.195427 0.537067
vt 0.130745 0.541109
vt 0.260108 0.541109
vt 0.260108 0.537067
vt 0.195427 0.541109
vt 0.260108 0.545152
vt 0.260108 0.541109
vt 0.195427 0.545152
vt 0.195427 0.545152
vt 0.195427 0.541109
vt 0.130745 0.545152
vt 0.195427 0.549195
vt 0.195427 0.545152
vt 0.130745 0.549195
vt 0.260108 0.549195
vt 0.260108 0.545152
vt 0.195427 0.549195
vt 0.195427 0.553237
vt 0.260108 0.553237
vt 0.195427 0.549195
vt 0.195427 0.553237
vt 0.195427 0.549195
vt 0.130745 0.553237
vt 0.195427 0.557280
vt 0.195427 0.553237
vt 0.130745 0.557280
vt 0.260108 0.557280
vt 0.260108 0.553237
vt 0.195427 0.557280
vt 0.260108 0.561323
vt 0.260108 0.557280
vt 0.195427 0.561323
vt 0.195427 0.561323
vt 0.195427 0.557280
vt 0.130745 0.561323
vt 0.195427 0.565365
vt 0.195427 0.561323
vt 0.130745 0.565365
vt 0.260108 0.565365
vt 0.260108 0.561323
vt 0.195427 0.565365
vt 0.260108 0.569408
vt 0.260108 0.565365
vt 0.195427 0.569408
vt 0.195427 0.569408
vt 0.195427 0.565365
vt 0.130745 0.569408
vt 0.195427 0.573450
vt 0.195427 0.569408
vt 0.130745 0.573450
vt 0.195427 0.573450
vt 0.260108 0.573450
vt 0.195427 0.569408
vt 0.260108 0.577493
vt 0.260108 0.573450
vt 0.195427 0.577493
vt 0.195427 0.577493
vt 0.195427 0.573450
vt 0.130745 0.577493
vt 0.195427 0.581536
vt 0.195427 0.577493
vt 0.130745 0.581536
vt 0.260108 0.581536
vt 0.260108 0.577493
vt 0.195427 0.581536
vt 0.260108 0.585578
vt 0.260108 0.581536
vt 0.195427 0.585578
vt 0.195427 0.585578
vt 0.195427 0.581536
vt 0.130745 0.585578
vt 0.195427 0.589621
vt 0.195427 0.585578
vt 0.130745 0.589621
vt 0.260108 0.589621
vt 0.260108 0.585578
vt 0.195427 0.589621
vt 0.260108 0.593663
vt 0.260108 0.589621
vt 0.195427 0.593663
vt 0.195427 0.593663
vt 0.195427 0.589621
vt 0.130745 0.593663
vt 0.195427 0.597706
vt 0.195427 0.593663
vt 0.130745 0.597706
vt 0.260108 0.597706
vt 0.260108 0.593663
vt 0.195427 0.597706
vt 0.260108 0.601749
vt 0.260108 0.597706
vt 0.195427 0.601749
vt 0.195427 0.601749
vt 0.195427 0.597706
vt 0.130745 0.601749
vt 0.195427 0.605791
vt 0.195427 0.601749
vt 0.130745 0.605791
vt 0.260108 0.605791
vt 0.260108 0.601749
vt 0.195427 0.605791
vt 0.260108 0.609834
vt 0.260108 0.605791
vt 0.195427 0.609834
vt 0.195427 0.609834
vt 0.195427 0.605791
vt 0.130745 0.609834
vt 0.195427 0.613877
vt 0.195427 0.609834
vt 0.130745 0.613877
vt 0.260108 0.613877
vt 0.260108 0.609834
vt 0.195427 0.613877
vt 0.260108 0.617919
vt 0.260108 0.613877
vt 0.195427 0.617919
vt 0.195427 0.617919
vt 0.195427 0.613877
vt 0.130745 0.617919
vt 0.195427 0.621962
vt 0.195427 0.617919
vt 0.130745 0.621962
vt 0.260108 0.621962
vt 0.260108 0.617919
vt 0.195427 0.621962
vt 0.452188 0.713606
vt 0.447336 0.750516
vt 0.456949 0.713606
vt 0.453423 0.750516
vt 0.459392 0.749329
vt 0.447336 0.750516
vt 0.465361 0.748141
vt 0.470985 0.745812
vt 0.459392 0.749329
vt 0.476608 0.743483
vt 0.481668 0.740102
vt 0.470985 0.745812
vt 0.486729 0.736720
vt 0.491032 0.732417
vt 0.481668 0.740102
vt 0.495336 0.728113
vt 0.498718 0.723052
vt 0.491032 0.732417
vt 0.502099 0.717992
vt 0.504428 0.712369
vt 0.498718 0.723052
vt 0.506757 0.706746
vt 0.507945 0.700776
vt 0.504428 0.712369
vt 0.509132 0.694807
vt 0.509132 0.688721
vt 0.507945 0.700776
vt 0.478742 0.687486
vt 0.478742 0.691813
vt 0.509132 0.688721
vt 0.478742 0.691813
vt 0.477813 0.696484
vt 0.509132 0.688721
vt 0.507945 0.700776
vt 0.509132 0.688721
vt 0.504428 0.712369
vt 0.498718 0.723052
vt 0.504428 0.712369
vt 0.491032 0.732417
vt 0.481668 0.740102
vt 0.491032 0.732417
vt 0.470985 0.745812
vt 0.459392 0.749329
vt 0.470985 0.745812
vt 0.447336 0.750516
vt 0.456949 0.713606
vt 0.447336 0.750516
vt 0.461619 0.712677
vt 0.461619 0.712677
vt 0.447336 0.750516
vt 0.466019 0.710855
vt 0.470985 0.745812
vt 0.491032 0.732417
vt 0.447336 0.750516
vt 0.504428 0.712369
vt 0.509132 0.688721
vt 0.491032 0.732417
vt 0.477813 0.696484
vt 0.477647 0.696884
vt 0.509132 0.688721
vt 0.475750 0.701243
vt 0.473345 0.704842
vt 0.475990 0.700883
vt 0.477647 0.696884
vt 0.475990 0.700883
vt 0.509132 0.688721
vt 0.491032 0.732417
vt 0.509132 0.688721
vt 0.447336 0.750516
vt 0.466019 0.710855
vt 0.447336 0.750516
vt 0.469978 0.708209
vt 0.469978 0.708209
vt 0.447336 0.750516
vt 0.473040 0.705148
vt 0.509132 0.688721
vt 0.475990 0.700883
vt 0.447336 0.750516
vt 0.473040 0.705148
vt 0.447336 0.750516
vt 0.473345 0.704842
vt 0.466377 0.668251
vt 0.469978 0.670657
vt 0.466019 0.668011
vt 0.442759 0.668251
vt 0.443118 0.668011
vt 0.439159 0.670656
vt 0.473585 0.674383
vt 0.475991 0.677983
vt 0.473345 0.674024
vt 0.476156 0.678383
vt 0.477813 0.682382
vt 0.475991 0.677983
vt 0.477897 0.682807
vt 0.478742 0.687052
vt 0.477813 0.682382
vt 0.478742 0.687486
vt 0.509132 0.688721
vt 0.478742 0.687052
vt 0.509132 0.682634
vt 0.507945 0.676665
vt 0.509132 0.688721
vt 0.506757 0.670695
vt 0.504428 0.665072
vt 0.507945 0.676665
vt 0.502099 0.659449
vt 0.498718 0.654389
vt 0.504428 0.665072
vt 0.495336 0.649328
vt 0.491032 0.645024
vt 0.498718 0.654389
vt 0.486729 0.640721
vt 0.481668 0.637339
vt 0.491032 0.645024
vt 0.476608 0.633958
vt 0.470985 0.631629
vt 0.481668 0.637339
vt 0.465362 0.629300
vt 0.459392 0.628112
vt 0.470985 0.631629
vt 0.453423 0.626925
vt 0.447336 0.626925
vt 0.459392 0.628112
vt 0.441250 0.626925
vt 0.435281 0.628112
vt 0.447336 0.626925
vt 0.429311 0.629300
vt 0.423688 0.631629
vt 0.435281 0.628112
vt 0.418065 0.633958
vt 0.413005 0.637339
vt 0.423688 0.631629
vt 0.407944 0.640721
vt 0.403640 0.645024
vt 0.413005 0.637339
vt 0.399337 0.649328
vt 0.395955 0.654389
vt 0.403640 0.645024
vt 0.392574 0.659449
vt 0.390245 0.665072
vt 0.395955 0.654389
vt 0.387916 0.670695
vt 0.386728 0.676665
vt 0.390245 0.665072
vt 0.385541 0.682634
vt 0.385541 0.688721
vt 0.386728 0.676665
vt 0.385541 0.694807
vt 0.386728 0.700776
vt 0.385541 0.688721
vt 0.387916 0.706746
vt 0.390245 0.712369
vt 0.386728 0.700776
vt 0.392574 0.717992
vt 0.395955 0.723052
vt 0.390245 0.712369
vt 0.399337 0.728113
vt 0.403640 0.732417
vt 0.395955 0.723052
vt 0.407944 0.736720
vt 0.413005 0.740102
vt 0.403640 0.732417
vt 0.418065 0.743483
vt 0.423688 0.745812
vt 0.413005 0.740102
vt 0.429311 0.748141
vt 0.435281 0.749329
vt 0.423688 0.745812
vt 0.441250 0.750516
vt 0.447336 0.750516
vt 0.435281 0.749329
vt 0.452188 0.713606
vt 0.447517 0.712677
vt 0.447336 0.750516
vt 0.447517 0.712677
vt 0.443118 0.710855
vt 0.447336 0.750516
vt 0.435281 0.749329
vt 0.447336 0.750516
vt 0.423688 0.745812
vt 0.413005 0.740102
vt 0.423688 0.745812
vt 0.403640 0.732417
vt 0.395955 0.723052
vt 0.403640 0.732417
vt 0.390245 0.712369
vt 0.386728 0.700776
vt 0.390245 0.712369
vt 0.385541 0.688721
vt 0.386728 0.676665
vt 0.385541 0.688721
vt 0.390245 0.665072
vt 0.395955 0.654389
vt 0.390245 0.665072
vt 0.403640 0.645024
vt 0.413005 0.637339
vt 0.403640 0.645024
vt 0.423688 0.631629
vt 0.435281 0.628112
vt 0.423688 0.631629
vt 0.447336 0.626925
vt 0.459392 0.628112
vt 0.447336 0.626925
vt 0.470985 0.631629
vt 0.481668 0.637339
vt 0.470985 0.631629
vt 0.491032 0.645024
vt 0.498718 0.654389
vt 0.491032 0.645024
vt 0.504428 0.665072
vt 0.507945 0.676665
vt 0.504428 0.665072
vt 0.509132 0.688721
vt 0.478742 0.687052
vt 0.509132 0.688721
vt 0.477813 0.682382
vt 0.477813 0.682382
vt 0.509132 0.688721
vt 0.475991 0.677983
vt 0.504428 0.665072
vt 0.491032 0.645024
vt 0.509132 0.688721
vt 0.470985 0.631629
vt 0.447336 0.626925
vt 0.491032 0.645024
vt 0.423688 0.631629
vt 0.403640 0.645024
vt 0.447336 0.626925
vt 0.390245 0.665072
vt 0.385541 0.688721
vt 0.403640 0.645024
vt 0.390245 0.712369
vt 0.403640 0.732417
vt 0.385541 0.688721
vt 0.423688 0.745812
vt 0.447336 0.750516
vt 0.403640 0.732417
vt 0.443118 0.710855
vt 0.439159 0.708210
vt 0.447336 0.750516
vt 0.439159 0.708210
vt 0.435792 0.704843
vt 0.447336 0.750516
vt 0.403640 0.732417
vt 0.447336 0.750516
vt 0.385541 0.688721
vt 0.403640 0.645024
vt 0.385541 0.688721
vt 0.447336 0.626925
vt 0.491032 0.645024
vt 0.447336 0.626925
vt 0.509132 0.688721
vt 0.475991 0.677983
vt 0.509132 0.688721
vt 0.473345 0.674024
vt 0.473345 0.674024
vt 0.509132 0.688721
vt 0.470283 0.670962
vt 0.447336 0.750516
vt 0.435792 0.704843
vt 0.385541 0.688721
vt 0.435792 0.704843
vt 0.433146 0.700883
vt 0.385541 0.688721
vt 0.509132 0.688721
vt 0.447336 0.626925
vt 0.470283 0.670962
vt 0.470283 0.670962
vt 0.447336 0.626925
vt 0.469978 0.670657
vt 0.433146 0.700883
vt 0.431324 0.696484
vt 0.385541 0.688721
vt 0.431324 0.696484
vt 0.430395 0.691814
vt 0.385541 0.688721
vt 0.469978 0.670657
vt 0.447336 0.626925
vt 0.466019 0.668011
vt 0.466019 0.668011
vt 0.447336 0.626925
vt 0.461619 0.666189
vt 0.430395 0.691814
vt 0.430395 0.687052
vt 0.385541 0.688721
vt 0.430395 0.687052
vt 0.431324 0.682382
vt 0.385541 0.688721
vt 0.461619 0.666189
vt 0.447336 0.626925
vt 0.456949 0.665260
vt 0.456949 0.665260
vt 0.447336 0.626925
vt 0.452188 0.665260
vt 0.385541 0.688721
vt 0.431324 0.682382
vt 0.447336 0.626925
vt 0.431324 0.682382
vt 0.432981 0.678383
vt 0.447336 0.626925
vt 0.452188 0.665260
vt 0.447336 0.626925
vt 0.447517 0.666189
vt 0.447517 0.666189
vt 0.447336 0.626925
vt 0.447119 0.666354
vt 0.432981 0.678383
vt 0.433147 0.677982
vt 0.447336 0.626925
vt 0.433147 0.677982
vt 0.435792 0.674023
vt 0.447336 0.626925
vt 0.447119 0.666354
vt 0.447336 0.626925
vt 0.443118 0.668011
vt 0.435792 0.674023
vt 0.439159 0.670656
vt 0.447336 0.626925
vt 0.367277 0.000460
vt 0.367277 0.366356
vt 0.733173 0.000460
vt 0.000460 0.000460
vt 0.000460 0.366356
vt 0.366356 0.000460
vt 0.367277 0.000460
vt 0.733173 0.000460
vt 0.367277 0.366356
vt 0.000460 0.000460
vt 0.366356 0.000460
vt 0.000460 0.366356
vt 0.367277 0.366356
vt 0.733173 0.366356
vt 0.367277 0.366356
vt 0.000460 0.000460
vt 0.000460 0.366356
vt 0.000460 0.000460
vt 0.366356 0.366356
vt 0.366356 0.000460
vt 0.366356 0.366356
vt 0.367277 0.000460
vt 0.367277 0.366356
vt 0.367277 0.000460
vt 0.733173 0.366356
vt 0.733173 0.000460
vt 0.733173 0.366356
vt 0.366356 0.000460
vt 0.000460 0.000460
vt 0.366356 0.000460
vt 0.000460 0.366356
vt 0.366356 0.366356
vt 0.000460 0.366356
vt 0.733173 0.000460
vt 0.367277 0.000460
vt 0.733173 0.000460

vn 0.000000 -0.000000 -1.000000
vn 0.000000 0.000000 -1.000000
vn 0.097921 0.995194 0.000000
vn 0.000000 0.000000 1.000000
vn -0.097886 0.995198 0.000000
vn -0.290339 0.956924 0.000000
vn -0.290438 0.956894 0.000000
vn -0.290438 0.956894 0.000000
vn 0.000000 0.000000 1.000000
vn -0.471556 0.881836 0.000000
vn -0.471408 0.881915 0.000000
vn -0.471408 0.881915 0.000000
vn -0.634278 0.773105 0.000000
vn -0.634433 0.772978 0.000000
vn -0.634484 0.772936 0.000000
vn -0.772983 0.634427 0.000000
vn -0.772983 0.634427 0.000000
vn -0.882047 0.471162 0.000000
vn -0.881915 0.471409 0.000000
vn -0.956894 0.290437 0.000000
vn -0.956922 0.290345 0.000000
vn -0.995198 0.097878 0.000000
vn -0.995195 0.097911 -0.000001
vn -0.995198 -0.097878 0.000000
vn -0.995198 -0.097878 0.000000
vn -0.956894 -0.290437 0.000000
vn -0.956894 -0.290437 0.000000
vn -0.882047 -0.471162 0.000000
vn -0.881915 -0.471409 0.000003
vn -0.772983 -0.634427 0.000000
vn -0.772983 -0.634427 0.000000
vn -0.634476 -0.772942 0.000000
vn -0.634484 -0.772936 0.000000
vn -0.634632 -0.772814 0.000000
vn -0.471298 -0.881974 0.000000
vn -0.471149 -0.882054 0.000000
vn -0.471149 -0.882054 0.000000
vn -0.290339 -0.956924 0.000000
vn -0.290379 -0.956912 0.000045
vn -0.290438 -0.956894 0.000000
vn -0.097886 -0.995198 0.000000
vn -0.097921 -0.995194 0.000000
vn -0.097886 -0.995198 -0.000001
vn 0.097921 -0.995194 0.000000
vn 0.097890 -0.995197 0.000013
vn 0.097921 -0.995194 0.000000
vn 0.290339 -0.956924 0.000000
vn 0.290427 -0.956897 0.000000
vn 0.290340 -0.956924 -0.000002
vn 0.471166 -0.882045 0.000000
vn 0.471166 -0.882045 0.000000
vn 0.471166 -0.882045 0.000000
vn 0.634632 -0.772814 0.000000
vn 0.634453 -0.772961 0.000000
vn 0.634632 -0.772814 0.000000
vn 0.772963 -0.634451 0.000000
vn 0.772963 -0.634451 0.000000
vn 0.881915 -0.471409 0.000000
vn 0.881842 -0.471545 -0.000005
vn 0.956937 -0.290294 -0.000003
vn 0.956922 -0.290345 0.000002
vn 0.995198 -0.097878 0.000000
vn 0.995198 -0.097878 0.000000
vn 0.995198 0.097878 -0.000000
vn 0.995195 0.097911 0.000001
vn 0.956894 0.290437 -0.000000
vn 0.956922 0.290345 0.000000
vn 0.881915 0.471409 -0.000000
vn 0.882047 0.471162 0.000000
vn 0.772963 0.634451 -0.000000
vn 0.772808 0.634640 0.000000
vn 0.634433 0.772978 -0.000000
vn 0.634433 0.772978 0.000000
vn 0.634453 0.772961 0.000000
vn 0.471424 0.881907 -0.000000
vn 0.471554 0.881837 0.000003
vn 0.471472 0.881881 -0.000109
vn 0.290339 0.956924 -0.000000
vn 0.290339 0.956924 0.000000
vn 0.290339 0.956924 -0.000000
vn 0.097958 0.995191 0.000000
vn 0.290402 0.956905 0.000000
vn 0.471338 0.881953 0.000000
vn 0.634401 0.773004 0.000000
vn 0.773009 0.634396 0.000000
vn 0.881897 0.471441 0.000000
vn 0.956953 0.290241 0.000000
vn 0.995191 0.097952 0.000002
vn 0.995167 -0.098198 0.000002
vn 0.956975 -0.290169 0.000000
vn 0.881956 -0.471332 0.000000
vn 0.772976 -0.634435 0.000000
vn 0.634400 -0.773005 0.000000
vn 0.471540 -0.881845 0.000000
vn 0.290233 -0.956956 0.000000
vn 0.098212 -0.995165 0.000000
vn -0.097958 -0.995191 0.000000
vn -0.290242 -0.956953 0.000000
vn -0.471338 -0.881953 0.000000
vn -0.634401 -0.773004 0.000000
vn -0.773130 -0.634247 0.000000
vn -0.881956 -0.471332 0.000000
vn -0.956953 -0.290241 0.000000
vn -0.995167 -0.098198 0.000000
vn -0.995191 0.097952 0.000000
vn -0.956876 0.290497 0.000000
vn -0.881853 0.471525 0.000000
vn -0.772871 0.634563 0.000000
vn -0.634556 0.772877 0.000000
vn -0.471222 0.882015 0.000000
vn 0.000000 0.000000 1.000000
vn -0.000000 -0.000000 1.000000
vn -0.290233 0.956956 0.000000
vn -0.097958 0.995191 0.000000
vn -0.000000 0.000000 -1.000000
vn 0.000000 0.000000 -1.000000
vn -0.097958 0.995191 0.000000
vn -0.097958 0.995191 0.000000
vn -0.097958 0.995191 0.000000
vn -0.290233 0.956956 0.000000
vn -0.290480 0.956881 0.000000
vn -0.290480 0.956881 -0.000001
vn -0.471222 0.882015 0.000000
vn -0.471338 0.881953 0.000000
vn -0.471338 0.881953 0.000000
vn -0.634556 0.772877 0.000000
vn -0.634401 0.773004 0.000000
vn -0.634401 0.773004 0.000000
vn -0.772871 0.634563 0.000000
vn -0.773130 0.634247 0.000000
vn -0.773130 0.634247 -0.000001
vn -0.881853 0.471525 0.000000
vn -0.882014 0.471224 0.000000
vn -0.882014 0.471224 0.000000
vn -0.956876 0.290497 0.000000
vn -0.956953 0.290241 0.000000
vn -0.956953 0.290241 0.000000
vn -0.995191 0.097952 0.000000
vn -0.995191 0.097952 0.000000
vn -0.995167 0.098198 0.000000
vn -0.995191 -0.097952 0.000000
vn -0.995191 -0.097952 0.000000
vn -0.995191 -0.097952 0.000000
vn -0.956953 -0.290241 0.000000
vn -0.956898 -0.290425 0.000000
vn -0.956898 -0.290425 -0.000002
vn -0.881956 -0.471332 0.000000
vn -0.881853 -0.471525 -0.000000
vn -0.881853 -0.471525 -0.000001
vn -0.773130 -0.634247 0.000000
vn -0.772976 -0.634435 0.000000
vn -0.772976 -0.634435 0.000000
vn -0.634401 -0.773004 0.000000
vn -0.634400 -0.773005 0.000000
vn -0.634400 -0.773005 0.000000
vn -0.471338 -0.881953 0.000000
vn -0.471424 -0.881907 0.000000
vn -0.471424 -0.881907 -0.000001
vn -0.290242 -0.956953 0.000000
vn -0.290233 -0.956956 0.000000
vn -0.290233 -0.956956 0.000000
vn -0.097958 -0.995191 0.000000
vn -0.098215 -0.995165 0.000000
vn -0.098215 -0.995165 0.000000
vn 0.098212 -0.995165 0.000000
vn 0.097958 -0.995191 0.000000
vn 0.097958 -0.995191 0.000000
vn 0.290164 -0.956977 0.000000
vn 0.290233 -0.956956 0.000000
vn 0.290164 -0.956977 0.000001
vn 0.471540 -0.881845 0.000000
vn 0.471338 -0.881953 0.000000
vn 0.471338 -0.881953 0.000000
vn 0.634263 -0.773117 0.000001
vn 0.634538 -0.772892 0.000000
vn 0.634401 -0.773004 0.000000
vn 0.772976 -0.634435 0.000000
vn 0.773009 -0.634396 0.000000
vn 0.773009 -0.634396 0.000000
vn 0.881956 -0.471332 0.000000
vn 0.881840 -0.471550 0.000000
vn 0.881840 -0.471550 0.000000
vn 0.956975 -0.290169 0.000000
vn 0.956953 -0.290241 0.000000
vn 0.956953 -0.290241 0.000000
vn 0.995167 -0.098198 0.000000
vn 0.995191 -0.097952 0.000000
vn 0.995191 -0.097952 0.000000
vn 0.995191 0.097952 0.000000
vn 0.995167 0.098198 0.000000
vn 0.995167 0.098198 0.000000
vn 0.956953 0.290241 0.000000
vn 0.956953 0.290241 0.000000
vn 0.956953 0.290241 0.000000
vn 0.881897 0.471441 0.000000
vn 0.881956 0.471332 0.000000
vn 0.881956 0.471332 0.000000
vn 0.773009 0.634396 0.000000
vn 0.772871 0.634563 0.000000
vn 0.772871 0.634563 0.000000
vn 0.634538 0.772892 0.000001
vn 0.634419 0.772989 0.000000
vn 0.634556 0.772877 0.000000
vn 0.471338 0.881953 0.000000
vn 0.471338 0.881953 0.000000
vn 0.471338 0.881953 0.000001
vn 0.290471 0.956884 0.000000
vn 0.290164 0.956977 0.000000
vn 0.290233 0.956956 0.000000
vn 0.097958 0.995191 0.000000
vn 0.097955 0.995191 0.000000
vn 0.097955 0.995191 0.000000
vn 1.000000 0.000000 0.000000
vn 0.000001 0.995197 0.097890
vn 0.000000 0.995194 0.097921
vn 0.000003 0.995197 0.097890
vn 0.000000 0.995197 0.097890
vn -0.000000 0.995197 0.097890
vn 0.000000 0.995194 0.097921
vn 0.000000 0.995194 -0.097921
vn 0.000000 0.995194 -0.097921
vn -0.000001 0.995198 -0.097886
vn 0.000000 0.995198 -0.097886
vn 0.000000 0.995194 -0.097921
vn 0.000000 0.995194 -0.097921
vn 0.000000 0.956924 -0.290339
vn 0.000011 0.956921 -0.290348
vn 0.000000 0.956894 -0.290438
vn 0.000000 0.956894 -0.290438
vn 0.000000 0.956924 -0.290339
vn 0.000000 0.956924 -0.290339
vn -1.000000 0.000000 -0.000000
vn 0.000019 0.881626 -0.471948
vn 0.000000 0.881915 -0.471408
vn 0.000000 0.881915 -0.471408
vn 0.000000 0.881915 -0.471408
vn 0.000000 0.881915 -0.471408
vn 0.000004 0.881902 -0.471432
vn 0.000000 0.772978 -0.634433
vn 0.000000 0.773050 -0.634345
vn 0.000000 0.772978 -0.634433
vn 0.000000 0.773050 -0.634345
vn 0.000000 0.634427 -0.772983
vn 0.000000 0.634427 -0.772983
vn 0.000000 0.634427 -0.772983
vn 0.000000 0.634427 -0.772983
vn 0.000000 0.471409 -0.881915
vn 0.000000 0.471409 -0.881915
vn 0.000000 0.471409 -0.881915
vn 0.000000 0.471409 -0.881915
vn 0.000000 0.290345 -0.956922
vn 0.000000 0.290345 -0.956922
vn 0.000000 0.290345 -0.956922
vn 0.000000 0.290345 -0.956922
vn 0.000000 0.097911 -0.995195
vn 0.000000 0.097911 -0.995195
vn 0.000000 0.097911 -0.995195
vn 0.000000 0.097911 -0.995195
vn 0.000000 -0.097878 -0.995198
vn 0.000000 -0.097878 -0.995198
vn 0.000000 -0.097878 -0.995198
vn 0.000000 -0.097878 -0.995198
vn 0.000000 -0.290345 -0.956922
vn 0.000000 -0.290345 -0.956922
vn 0.000000 -0.290345 -0.956922
vn 0.000000 -0.290345 -0.956922
vn 0.000000 -0.471548 -0.881841
vn 0.000000 -0.471548 -0.881841
vn 0.000000 -0.471548 -0.881841
vn 0.000000 -0.471548 -0.881841
vn 0.000000 -0.634264 -0.773117
vn -0.000000 -0.634264 -0.773117
vn 0.000000 -0.634264 -0.773117
vn 0.000000 -0.634264 -0.773117
vn -0.000001 -0.773059 -0.634334
vn 0.000000 -0.772936 -0.634484
vn 0.000000 -0.772978 -0.634433
vn 0.000000 -0.773050 -0.634345
vn -0.000000 -0.772978 -0.634433
vn -0.000000 -0.882054 -0.471149
vn 0.000000 -0.882054 -0.471149
vn -0.000000 -0.882054 -0.471149
vn 0.000000 -0.882054 -0.471149
vn 0.000000 -0.882054 -0.471149
vn -0.000000 -0.882054 -0.471149
vn -0.000000 -0.882054 -0.471149
vn 0.000000 -0.956894 -0.290438
vn -0.000000 -0.956894 -0.290438
vn -0.000000 -0.956894 -0.290438
vn -0.000000 -0.956894 -0.290438
vn 0.000000 -0.956924 -0.290339
vn 0.000000 -0.956924 -0.290339
vn 0.000000 -0.956924 -0.290339
vn 0.000000 -0.995194 -0.097921
vn 0.000000 0.000000 1.000000
vn 0.000000 -0.995198 -0.097886
vn 0.000000 -0.995198 -0.097886
vn 0.000000 0.000000 1.000000
vn 0.000000 0.000000 1.000000
vn 0.000000 -0.995197 0.097890
vn 0.000000 0.995197 -0.097890
vn 0.000000 -0.995197 0.097890
vn 0.000000 -0.956897 0.290427
vn 0.000000 -0.956897 0.290427
vn 0.000000 -0.956897 0.290427
vn 0.000000 -0.956924 0.290339
vn 0.000000 -0.956924 0.290339
vn 0.000000 -0.956924 0.290339
vn 0.000000 -0.882045 0.471166
vn 0.000000 -0.882045 0.471166
vn 0.000000 -0.882045 0.471166
vn 0.000000 -0.881974 0.471298
vn -0.001450 -0.883185 0.469022
vn -0.000013 -0.882023 0.471205
vn 0.000000 -0.772958 0.634457
vn 0.000000 -0.772958 0.634457
vn 0.000000 -0.772978 0.634433
vn 0.000000 -0.772958 0.634457
vn -0.002344 -0.775754 0.631031
vn 0.000000 -0.772957 0.634459
vn 0.000002 -0.634238 0.773138
vn -0.000009 -0.634242 0.773135
vn 0.000000 -0.634287 0.773097
vn 0.000000 -0.634427 0.772983
vn 0.000000 -0.634264 0.773117
vn 0.000000 -0.634427 0.772983
vn 0.000000 -0.471548 0.881841
vn 0.000000 -0.471548 0.881841
vn 0.000000 -0.471548 0.881841
vn 0.000000 -0.471301 0.881973
vn 0.000000 -0.471301 0.881973
vn 0.000000 -0.471301 0.881973
vn -0.000006 -0.290525 0.956867
vn 0.000000 -0.290345 0.956922
vn 0.000000 -0.290345 0.956922
vn 0.000000 -0.290345 0.956922
vn 0.000000 -0.290345 0.956922
vn 0.000000 -0.290345 0.956922
vn -0.000028 -0.097878 0.995198
vn 0.000000 -0.097878 0.995198
vn 0.000000 -0.097878 0.995198
vn 0.000000 -0.098193 0.995167
vn 0.000000 -0.098193 0.995167
vn 0.000000 -0.098193 0.995167
vn 0.000021 0.098358 0.995151
vn 0.000007 0.097988 0.995188
vn -0.000003 0.098443 0.995143
vn 0.000000 0.095813 0.995399
vn -0.000000 0.097758 0.995210
vn 0.000000 0.098225 0.995164
vn 0.000000 0.098225 0.995164
vn 0.000000 0.098225 0.995164
vn -0.000511 0.286502 0.958079
vn 0.000000 0.290345 0.956922
vn 0.000101 0.290173 0.956974
vn 0.000000 0.290345 0.956922
vn 0.000000 0.290345 0.956922
vn 0.000000 0.290345 0.956922
vn 0.000000 0.471162 0.882047
vn 0.000000 0.471409 0.881915
vn 0.000000 0.471409 0.881915
vn 0.000000 0.471409 0.881915
vn 0.000000 0.471162 0.882047
vn 0.000000 0.471162 0.882047
vn 0.000000 0.634451 0.772963
vn 0.000000 0.634451 0.772963
vn 0.000000 0.634451 0.772963
vn -0.000006 0.634289 0.773096
vn 0.000000 0.634427 0.772983
vn -0.000000 0.634427 0.772983
vn 0.000000 0.772978 0.634433
vn 0.000000 0.772978 0.634433
vn 0.000000 0.772978 0.634433
vn 0.000000 0.773121 0.634258
vn 0.000623 0.773822 0.633402
vn 0.000015 0.773196 0.634167
vn 0.000000 0.881836 0.471556
vn 0.000000 0.881907 0.471424
vn 0.000000 0.881907 0.471424
vn 0.000000 0.881907 0.471424
vn -0.000094 0.881914 0.471410
vn 0.000008 0.881941 0.471359
vn 0.000003 0.956924 0.290339
vn -0.000003 0.956923 0.290341
vn 0.000000 0.956897 0.290427
vn 0.000000 0.956897 0.290427
vn 0.000000 0.956924 0.290339
vn -0.000010 0.956921 0.290347
vn 1.000000 0.000000 -0.000000
vn 1.000000 -0.000000 0.000000
vn 0.000000 0.995193 0.097930
vn 0.000000 0.995192 -0.097944
vn 0.000000 0.956922 -0.290344
vn -1.000000 0.000000 0.000000
vn -1.000000 0.000000 0.000000
vn 0.000000 0.881908 -0.471421
vn 0.000000 0.772962 -0.634452
vn 0.000000 0.634451 -0.772963
vn 0.000000 0.471426 -0.881906
vn 0.000000 0.290340 -0.956924
vn 0.000000 0.097942 -0.995192
vn 0.000000 -0.097928 -0.995194
vn 0.000000 -0.290381 -0.956911
vn 0.000000 -0.471426 -0.881906
vn 0.000000 -0.634378 -0.773023
vn 0.000000 -0.772962 -0.634452
vn 0.000000 -0.881908 -0.471421
vn 0.000000 -0.956964 -0.290207
vn 0.000000 -0.995192 -0.097944
vn 0.000000 -0.995193 0.097930
vn 0.000000 -0.956952 0.290247
vn 0.000000 -0.881908 0.471421
vn 0.000000 -0.773019 0.634383
vn 0.000000 -0.634378 0.773023
vn 0.000000 -0.471426 0.881906
vn 0.000000 -0.290252 0.956950
vn 0.000000 -0.097928 0.995194
vn 0.000000 0.097942 0.995192
vn 0.000000 0.290210 0.956963
vn 0.000000 0.471426 0.881906
vn 0.000000 0.634451 0.772963
vn 0.000000 0.773019 0.634383
vn 0.000000 0.881908 0.471421
vn 0.000000 0.956910 0.290383
vn 0.000000 0.000000 -1.000000
vn -0.000000 -0.000000 -1.000000
vn 0.000000 0.000000 1.000000
vn 0.000000 0.000000 1.000000
vn -0.290387 0.956909 0.000000
vn -0.290387 0.956909 0.000000
vn 0.000000 0.000000 1.000000
vn -0.471525 0.881853 0.000000
vn -0.471421 0.881908 0.000000
vn -0.634378 0.773023 0.000000
vn -0.772963 0.634451 0.000000
vn -0.881908 0.471421 0.000000
vn -0.956963 0.290209 0.000000
vn -0.995177 0.098091 0.000000
vn -0.995179 -0.098076 0.000000
vn -0.956951 -0.290251 0.000000
vn -0.881908 -0.471421 0.000000
vn -0.773023 -0.634378 0.000000
vn -0.634378 -0.773023 0.000000
vn -0.471526 -0.881852 -0.000000
vn -0.471421 -0.881908 0.000000
vn -0.290251 -0.956951 0.000000
vn -0.290251 -0.956951 0.000000
vn -0.097929 -0.995193 0.000000
vn -0.097929 -0.995193 0.000000
vn 0.097944 -0.995192 0.000000
vn 0.097944 -0.995192 0.000000
vn 0.290251 -0.956951 0.000000
vn 0.290251 -0.956951 0.000000
vn 0.471110 -0.882075 0.000000
vn 0.471359 -0.881941 0.000000
vn 0.634451 -0.772963 0.000000
vn 0.773023 -0.634378 0.000000
vn 0.881908 -0.471421 0.000000
vn 0.956951 -0.290251 0.000000
vn 0.995179 -0.098076 0.000000
vn 0.995177 0.098091 0.000000
vn 0.956963 0.290210 0.000000
vn 0.881908 0.471421 0.000000
vn 0.772963 0.634451 0.000000
vn 0.634451 0.772963 0.000000
vn 0.471108 0.882075 -0.000000
vn 0.471359 0.881941 0.000000
vn 0.290387 0.956909 -0.000000
vn 0.290387 0.956909 0.000000
vn 1.000000 0.000000 0.000000
vn 1.000000 -0.000000 0.000000
vn -0.000000 0.995193 0.097930
vn 0.000000 0.995193 0.097930
vn 0.000000 -0.995192 -0.097944
vn 0.000000 0.995192 -0.097944
vn 0.000000 0.995192 -0.097944
vn 0.000000 0.995192 -0.097944
vn 0.000000 0.956910 -0.290383
vn 0.000000 0.956922 -0.290344
vn 0.000000 0.956922 -0.290344
vn -1.000000 0.000000 0.000000
vn -1.000000 0.000000 -0.000000
vn 0.000000 0.881921 -0.471398
vn 0.000000 0.881837 -0.471554
vn 0.000000 0.772962 -0.634452
vn 0.000000 0.634451 -0.772963
vn 0.000000 0.471426 -0.881906
vn 0.000000 0.290340 -0.956924
vn 0.000000 0.097942 -0.995192
vn 0.000000 -0.097928 -0.995194
vn 0.000000 -0.290381 -0.956911
vn 0.000000 -0.471426 -0.881906
vn 0.000000 -0.634378 -0.773023
vn 0.000000 -0.772962 -0.634452
vn -0.000000 -0.881921 -0.471398
vn 0.000000 -0.956950 -0.290252
vn 0.000000 -0.956950 -0.290252
vn 0.000000 0.000000 1.000000
vn 0.000000 0.000000 1.000000
vn 0.000000 0.995193 -0.097930
vn 0.000000 -0.956952 0.290247
vn 0.000000 -0.956952 0.290247
vn 0.000000 0.956952 -0.290247
vn 0.000000 -0.881908 0.471421
vn 0.000000 -0.881908 0.471421
vn 0.000000 0.881908 -0.471421
vn 0.000000 -0.773019 0.634383
vn 0.000000 -0.773019 0.634383
vn 0.000000 0.773019 -0.634383
vn 0.000000 -0.634378 0.773023
vn 0.000000 -0.634378 0.773023
vn 0.000000 0.634378 -0.773023
vn 0.000000 -0.471426 0.881906
vn 0.000000 -0.471426 0.881906
vn 0.000000 0.471426 -0.881906
vn 0.000000 -0.290252 0.956950
vn 0.000000 -0.290252 0.956950
vn 0.000000 0.290252 -0.956950
vn 0.000000 -0.097928 0.995194
vn 0.000000 -0.097928 0.995194
vn 0.000000 0.097928 -0.995194
vn 0.000000 0.097942 0.995192
vn 0.000000 0.097942 0.995192
vn 0.000000 -0.097942 -0.995192
vn -0.000000 0.290210 0.956963
vn 0.000000 0.290210 0.956963
vn -0.000000 -0.290210 -0.956963
vn 0.000000 0.471426 0.881906
vn 0.000000 0.471426 0.881906
vn 0.000000 -0.471426 -0.881906
vn 0.000000 0.634451 0.772963
vn 0.000000 0.634451 0.772963
vn -0.000000 -0.634451 -0.772963
vn 0.000000 0.773019 0.634383
vn 0.000000 0.773019 0.634383
vn 0.000000 -0.773019 -0.634383
vn -0.000000 0.881908 0.471421
vn 0.000000 0.881908 0.471421
vn -0.000000 -0.881908 -0.471421
vn -0.000000 0.956910 0.290383
vn 0.000000 0.956910 0.290383
vn 0.000000 -0.956922 -0.290344
vn -1.000000 0.000000 0.000000
vn -1.000000 -0.000000 -0.000000
vn 0.000000 0.995193 0.097930
vn 0.000000 0.995193 -0.097928
vn 0.000000 0.956909 -0.290388
vn 1.000000 -0.000000 -0.000000
vn 1.000000 0.000000 0.000000
vn 0.000000 0.881908 -0.471421
vn 0.000000 0.773019 -0.634383
vn 0.000000 0.634367 -0.773032
vn 0.000000 0.471536 -0.881847
vn 0.000000 0.290210 -0.956963
vn 0.000000 0.097942 -0.995192
vn -0.000000 -0.097928 -0.995194
vn -0.000000 -0.290252 -0.956950
vn -0.000000 -0.471536 -0.881847
vn -0.000000 -0.634294 -0.773092
vn -0.000000 -0.773019 -0.634383
vn -0.000000 -0.881908 -0.471421
vn -0.000000 -0.956950 -0.290252
vn -0.000000 -0.995193 -0.097928
vn 0.000000 -0.995193 0.097930
vn 0.000000 -0.956952 0.290247
vn 0.000000 -0.881908 0.471421
vn 0.000000 -0.773019 0.634383
vn 0.000000 -0.634294 0.773092
vn 0.000000 -0.471412 0.881913
vn 0.000000 -0.290398 0.956906
vn 0.000000 -0.097928 0.995194
vn 0.000000 0.097942 0.995192
vn 0.000000 0.290356 0.956919
vn 0.000000 0.471412 0.881913
vn 0.000000 0.634367 0.773032
vn 0.000000 0.773019 0.634383
vn 0.000000 0.881908 0.471421
vn 0.000000 0.956910 0.290383
vn 0.000000 -0.000000 -1.000000
vn 0.000000 0.000000 -1.000000
vn 0.000000 0.000000 1.000000
vn -0.097886 0.995198 0.000000
vn 0.097890 0.995197 -0.000000
vn 0.290339 0.956924 -0.000000
vn 0.290339 0.956924 0.000000
vn 0.290339 0.956924 0.000000
vn -0.000000 0.000000 1.000000
vn 0.471424 0.881907 -0.000000
vn 0.471424 0.881907 0.000000
vn 0.471556 0.881836 0.000000
vn 0.634453 0.772961 -0.000000
vn 0.634433 0.772978 0.000000
vn 0.634433 0.772978 -0.000000
vn 0.772983 0.634427 0.000000
vn 0.772983 0.634427 0.000000
vn 0.881898 0.471440 0.000000
vn 0.881898 0.471440 0.000000
vn 0.956993 0.290110 -0.000002
vn 0.956905 0.290401 -0.000000
vn 0.995167 0.098195 -0.000001
vn 0.995195 0.097918 -0.000000
vn 0.995280 -0.097049 0.000000
vn 0.995195 -0.097918 0.000000
vn 0.957486 -0.288480 -0.000031
vn 0.956875 -0.290499 -0.000002
vn 0.881824 -0.471578 0.000000
vn 0.881824 -0.471578 0.000003
vn 0.772983 -0.634427 0.000000
vn 0.772983 -0.634427 0.000000
vn 0.635156 -0.772384 -0.000016
vn 0.635751 -0.771894 -0.000032
vn 0.634453 -0.772961 0.000409
vn 0.469741 -0.882804 0.000030
vn 0.470637 -0.882327 0.000016
vn 0.471165 -0.882045 0.000304
vn 0.290339 -0.956924 0.000000
vn 0.290339 -0.956924 0.000000
vn 0.290339 -0.956924 0.000000
vn 0.097921 -0.995194 -0.000001
vn 0.097890 -0.995197 0.000000
vn 0.097921 -0.995194 0.000015
vn -0.097886 -0.995198 0.000000
vn -0.097886 -0.995198 0.000000
vn -0.097886 -0.995198 0.000000
vn -0.290339 -0.956924 0.000000
vn -0.290438 -0.956894 0.000000
vn -0.290339 -0.956924 0.000000
vn -0.471481 -0.881876 0.000004
vn -0.471218 -0.882017 0.000002
vn -0.471298 -0.881974 0.000000
vn -0.634397 -0.773007 -0.000006
vn -0.634692 -0.772765 0.000002
vn -0.634453 -0.772961 0.000000
vn -0.773124 -0.634255 0.000004
vn -0.772775 -0.634681 -0.000002
vn -0.881930 -0.471380 0.000004
vn -0.881939 -0.471363 -0.000005
vn -0.957036 -0.289971 0.000003
vn -0.956875 -0.290499 -0.000001
vn -0.995199 -0.097870 0.000000
vn -0.995088 -0.098998 0.000024
vn -0.995198 0.097878 -0.000002
vn -0.995198 0.097878 0.000000
vn -0.957004 0.290074 -0.000001
vn -0.956863 0.290539 0.000002
vn -0.881912 0.471413 -0.000001
vn -0.882085 0.471091 -0.000002
vn -0.772871 0.634564 0.000003
vn -0.772922 0.634501 -0.000003
vn -0.634453 0.772961 0.000000
vn -0.634278 0.773105 0.000000
vn -0.634433 0.772978 0.000000
vn -0.471556 0.881836 0.000000
vn -0.471556 0.881836 0.000000
vn -0.471408 0.881915 0.000000
vn -0.290339 0.956924 0.000000
vn -0.290339 0.956924 0.000000
vn -0.290438 0.956894 0.000000
vn 0.097958 0.995191 0.000000
vn 0.000000 0.000000 -1.000000
vn 0.000000 -0.000000 -1.000000
vn -0.097955 0.995191 0.000000
vn -0.097955 0.995191 0.000000
vn 0.097958 0.995191 0.000000
vn -0.097958 0.995191 0.000000
vn -0.097958 0.995191 0.000000
vn -0.290233 0.956956 0.000000
vn -0.290233 0.956956 0.000000
vn -0.290411 0.956902 0.000000
vn -0.290411 0.956902 0.000000
vn -0.471325 0.881960 0.000000
vn -0.471325 0.881960 0.000000
vn -0.471338 0.881953 0.000000
vn -0.471338 0.881953 0.000000
vn -0.634556 0.772877 0.000000
vn -0.634556 0.772877 0.000000
vn -0.634401 0.773004 0.000000
vn -0.634401 0.773004 0.000000
vn -0.772871 0.634563 0.000000
vn -0.772871 0.634563 0.000000
vn -0.773009 0.634396 0.000001
vn -0.773009 0.634396 0.000000
vn -0.881956 0.471332 0.000000
vn -0.881956 0.471332 0.000000
vn -0.881897 0.471441 0.000000
vn -0.881897 0.471441 0.000000
vn -0.956953 0.290241 0.000000
vn -0.956953 0.290241 0.000000
vn -0.956962 0.290213 0.000000
vn -0.956962 0.290213 0.000000
vn -0.995188 0.097983 0.000000
vn -0.995188 0.097983 0.000000
vn -0.995167 0.098198 0.000000
vn -0.995167 0.098198 0.000000
vn -0.995167 -0.098198 -0.000000
vn -0.995167 -0.098198 -0.000000
vn -0.995188 -0.097983 -0.000000
vn -0.995188 -0.097983 -0.000000
vn -0.956962 -0.290213 -0.000000
vn -0.956962 -0.290213 -0.000000
vn -0.956975 -0.290169 -0.000000
vn -0.956975 -0.290169 -0.000000
vn -0.881840 -0.471550 -0.000000
vn -0.881840 -0.471550 -0.000000
vn -0.881956 -0.471332 -0.000000
vn -0.881956 -0.471332 -0.000000
vn -0.773009 -0.634396 -0.000000
vn -0.773009 -0.634396 -0.000000
vn -0.772976 -0.634435 0.000001
vn -0.772976 -0.634435 -0.000000
vn -0.634401 -0.773004 -0.000000
vn -0.634401 -0.773004 -0.000000
vn -0.634400 -0.773005 -0.000000
vn -0.634400 -0.773005 -0.000000
vn -0.471338 -0.881953 -0.000000
vn -0.471338 -0.881953 -0.000000
vn -0.471527 -0.881852 -0.000000
vn -0.471527 -0.881852 -0.000000
vn -0.290173 -0.956974 -0.000000
vn -0.290173 -0.956974 -0.000000
vn -0.290233 -0.956956 -0.000000
vn -0.290233 -0.956956 -0.000000
vn -0.097958 -0.995191 -0.000000
vn -0.097958 -0.995191 -0.000000
vn -0.098212 -0.995165 -0.000000
vn -0.098212 -0.995165 -0.000000
vn 0.098215 -0.995165 0.000000
vn 0.098215 -0.995165 0.000000
vn 0.097955 -0.995191 0.000000
vn 0.097955 -0.995191 0.000000
vn 0.290242 -0.956953 0.000000
vn 0.290242 -0.956953 0.000000
vn 0.290164 -0.956977 0.000000
vn 0.290164 -0.956977 0.000000
vn 0.471540 -0.881845 0.000000
vn 0.471540 -0.881845 0.000000
vn 0.471325 -0.881960 0.000000
vn 0.471325 -0.881960 0.000000
vn 0.634400 -0.773005 0.000000
vn 0.634400 -0.773005 0.000000
vn 0.634401 -0.773004 0.000000
vn 0.634401 -0.773004 0.000000
vn 0.772992 -0.634416 0.000000
vn 0.772992 -0.634416 0.000000
vn 0.773009 -0.634396 0.000000
vn 0.773009 -0.634396 0.000000
vn 0.881956 -0.471332 0.000000
vn 0.881956 -0.471332 0.000000
vn 0.881956 -0.471332 0.000000
vn 0.881956 -0.471332 0.000000
vn 0.956898 -0.290425 0.000000
vn 0.956898 -0.290425 -0.000002
vn 0.956953 -0.290241 0.000000
vn 0.956953 -0.290241 0.000000
vn 0.995191 -0.097952 0.000000
vn 0.995191 -0.097952 0.000000
vn 0.995167 -0.098198 0.000000
vn 0.995167 -0.098198 0.000000
vn 0.995167 0.098198 0.000000
vn 0.995167 0.098198 0.000000
vn 0.995191 0.097952 0.000000
vn 0.995191 0.097952 0.000000
vn 0.956953 0.290241 0.000000
vn 0.956953 0.290241 0.000000
vn 0.956876 0.290497 0.000000
vn 0.956876 0.290497 0.000000
vn 0.882014 0.471224 0.000000
vn 0.882014 0.471224 -0.000002
vn 0.881956 0.471332 0.000000
vn 0.881956 0.471332 0.000000
vn 0.773009 0.634396 0.000000
vn 0.773009 0.634396 0.000000
vn 0.772887 0.634544 0.000000
vn 0.772887 0.634544 0.000000
vn 0.634401 0.773004 0.000000
vn 0.634401 0.773004 0.000000
vn 0.634556 0.772877 0.000000
vn 0.634556 0.772877 0.000000
vn 0.471325 0.881960 0.000000
vn 0.471325 0.881960 0.000000
vn 0.471338 0.881953 0.000000
vn 0.471338 0.881953 0.000000
vn 0.290402 0.956905 0.000000
vn 0.290402 0.956905 0.000000
vn 0.290242 0.956953 0.000000
vn 0.290242 0.956953 0.000000
vn 0.097955 0.995191 0.000000
vn 0.097955 0.995191 0.000000
vn 0.000000 0.000000 1.000000
vn 0.000000 0.000000 1.000000
vn 0.000000 -1.000000 0.000000
vn 0.000000 -1.000000 0.000000
vn 0.000000 1.000000 0.000000
vn 0.000000 1.000000 0.000000
vn 0.000000 -0.000000 -1.000000
vn -1.000000 0.000000 0.000000
vn 1.000000 0.000000 0.000000
vn -1.000000 0.000000 0.000000
vn 1.000000 0.000000 0.000000
vn 0.000000 0.000000 1.000000
vn 0.000000 -0.000000 -1.000000
vn 0.000000 0.000000 1.000000
vn 0.000000 0.000000 -1.000000
vn 0.000000 -0.000000 -1.000000
vn 0.000000 -0.000000 -1.000000
vn -0.000000 -0.000000 -1.000000
vn 0.000000 0.000000 -1.000000
vn 0.000000 -0.000000 -1.000000
vn -0.000000 0.000000 -1.000000
vn -0.000000 0.000000 -1.000000
vn 0.000000 0.000000 -1.000000
vn 0.000000 0.000000 -1.000000
vn 0.000000 0.000000 -1.000000
vn 0.000000 0.000000 -1.000000
vn 0.097921 0.995194 0.000000
vn 0.097890 0.995197 0.000000
vn 0.097890 0.995197 0.000000
vn 0.097890 0.995197 0.000000
vn 0.097890 0.995197 0.000000
vn -0.097886 0.995198 0.000000
vn -0.097886 0.995198 0.000000
vn -0.097886 0.995198 0.000000
vn -0.097886 0.995198 0.000000
vn -0.097886 0.995198 0.000000
vn -0.290339 0.956924 0.000000
vn -0.290438 0.956894 0.000000
vn -0.290438 0.956894 0.000000
vn 0.000000 0.000000 1.000000
vn -0.000000 0.000000 1.000000
vn -0.000000 0.000000 1.000000
vn -0.000000 0.000000 1.000000
vn -0.000000 0.000000 1.000000
vn -0.000000 -0.000000 1.000000
vn -0.000000 -0.000000 1.000000
vn -0.000000 -0.000000 1.000000
vn -0.000000 -0.000000 1.000000
vn 0.000000 -0.000000 1.000000
vn 0.000000 -0.000000 1.000000
vn 0.000000 -0.000000 1.000000
vn 0.000000 -0.000000 1.000000
vn 0.000000 0.000000 1.000000
vn 0.000000 0.000000 1.000000
vn 0.000000 0.000000 1.000000
vn 0.000000 0.000000 1.000000
vn -0.000000 0.000000 1.000000
vn -0.000000 0.000000 1.000000
vn -0.000000 -0.000000 1.000000
vn 0.000000 -0.000000 1.000000
vn 0.000000 -0.000000 1.000000
vn 0.000000 0.000000 1.000000
vn 0.000000 0.000000 1.000000
vn -0.000000 0.000000 1.000000
vn -0.000000 0.000000 1.000000
vn 0.000000 -0.000000 1.000000
vn 0.000000 0.000000 1.000000
vn -0.000000 0.000000 1.000000
vn -0.471556 0.881836 0.000000
vn -0.471408 0.881915 0.000000
vn -0.471408 0.881915 0.000000
vn -0.634278 0.773105 0.000000
vn -0.634433 0.772978 0.000000
vn -0.772983 0.634427 0.000000
vn -0.772983 0.634427 0.000000
vn -0.882047 0.471162 0.000000
vn -0.881915 0.471409 0.000000
vn -0.956894 0.290437 0.000000
vn -0.956894 0.290437 -0.000002
vn -0.995198 0.097878 0.000000
vn -0.995198 0.097878 0.000000
vn -0.995198 -0.097878 0.000000
vn -0.995198 -0.097878 0.000000
vn -0.956894 -0.290437 -0.000000
vn -0.956922 -0.290345 0.000002
vn -0.882047 -0.471162 -0.000000
vn -0.881841 -0.471548 0.000000
vn -0.772983 -0.634427 -0.000000
vn -0.772983 -0.634427 0.000000
vn -0.634476 -0.772942 0.000000
vn -0.634632 -0.772814 0.000000
vn -0.471298 -0.881974 0.000000
vn -0.471149 -0.882054 0.000000
vn -0.471149 -0.882054 0.000000
vn -0.290339 -0.956924 -0.000000
vn -0.290438 -0.956894 0.000000
vn -0.290340 -0.956923 -0.000002
vn -0.097886 -0.995198 0.000000
vn -0.097886 -0.995198 0.000015
vn -0.097921 -0.995194 0.000000
vn 0.097921 -0.995194 0.000000
vn 0.097921 -0.995194 0.000000
vn 0.097890 -0.995197 -0.000001
vn 0.290339 -0.956924 0.000000
vn 0.290375 -0.956913 0.000040
vn 0.290427 -0.956897 0.000000
vn 0.471166 -0.882045 0.000000
vn 0.471166 -0.882045 0.000000
vn 0.471166 -0.882045 0.000000
vn 0.634632 -0.772814 0.000000
vn 0.634632 -0.772814 0.000000
vn 0.772963 -0.634451 0.000000
vn 0.772808 -0.634640 -0.000005
vn 0.881915 -0.471409 0.000000
vn 0.882047 -0.471162 0.000003
vn 0.956890 -0.290452 0.000000
vn 0.956894 -0.290437 0.000000
vn 0.956894 -0.290437 0.000000
vn 0.995198 -0.097878 0.000000
vn 0.995198 -0.097878 0.000000
vn 0.995198 0.097878 -0.000000
vn 0.995268 0.097166 -0.000001
vn 0.995189 0.097972 0.000000
vn 0.956894 0.290437 -0.000000
vn 0.956894 0.290437 -0.000002
vn 0.881915 0.471409 -0.000000
vn 0.882047 0.471162 0.000000
vn 0.772963 0.634451 -0.000000
vn 0.772808 0.634640 0.000000
vn 0.634433 0.772978 -0.000000
vn 0.634433 0.772978 0.000000
vn 0.471424 0.881907 -0.000000
vn 0.471424 0.881907 0.000000
vn 0.471424 0.881907 -0.000000
vn 0.290339 0.956924 -0.000000
vn 0.290427 0.956897 0.000002
vn 0.290427 0.956897 -0.000067
vn 0.097958 0.995191 0.000000
vn 0.290480 0.956881 0.000001
vn 0.471338 0.881953 0.000000
vn 0.634401 0.773004 0.000000
vn 0.773009 0.634396 0.000000
vn 0.881897 0.471441 0.000000
vn 0.956953 0.290241 0.000000
vn 0.995167 0.098198 0.000000
vn 0.995191 -0.097952 0.000000
vn 0.956975 -0.290169 0.000000
vn 0.881956 -0.471332 0.000000
vn 0.772976 -0.634435 0.000000
vn 0.634400 -0.773005 0.000000
vn 0.471424 -0.881907 0.000001
vn 0.290233 -0.956956 0.000000
vn 0.098212 -0.995165 0.000000
vn -0.097958 -0.995191 -0.000000
vn -0.290164 -0.956977 -0.000001
vn -0.471338 -0.881953 -0.000000
vn -0.634401 -0.773004 -0.000000
vn -0.773009 -0.634396 -0.000001
vn -0.881840 -0.471550 -0.000002
vn -0.956953 -0.290241 -0.000000
vn -0.995167 -0.098198 -0.000000
vn -0.995191 0.097952 0.000000
vn -0.956953 0.290241 -0.000002
vn -0.881956 0.471332 -0.000001
vn -0.772871 0.634563 0.000000
vn -0.634556 0.772877 0.000000
vn -0.471338 0.881953 -0.000001
vn 0.000000 -0.000000 1.000000
vn 0.000000 0.000000 1.000000
vn 0.000000 0.000000 1.000000
vn -0.000000 0.000000 1.000000
vn -0.000000 0.000000 1.000000
vn -0.000000 0.000000 1.000000
vn -0.000000 0.000000 1.000000
vn -0.000000 0.000000 1.000000
vn -0.000000 0.000000 1.000000
vn -0.000000 0.000000 1.000000
vn -0.000000 0.000000 1.000000
vn -0.000000 -0.000000 1.000000
vn -0.000000 -0.000000 1.000000
vn -0.000000 -0.000000 1.000000
vn -0.000000 -0.000000 1.000000
vn -0.000000 -0.000000 1.000000
vn -0.000000 -0.000000 1.000000
vn -0.000000 -0.000000 1.000000
vn 0.000000 -0.000000 1.000000
vn 0.000000 -0.000000 1.000000
vn 0.000000 -0.000000 1.000000
vn 0.000000 -0.000000 1.000000
vn 0.000000 -0.000000 1.000000
vn 0.000000 -0.000000 1.000000
vn 0.000000 -0.000000 1.000000
vn 0.000000 0.000000 1.000000
vn 0.000000 0.000000 1.000000
vn 0.000000 -0.000000 1.000000
vn 0.000000 -0.000000 1.000000
vn 0.000000 -0.000000 1.000000
vn 0.000000 -0.000000 1.000000
vn -0.000000 -0.000000 1.000000
vn -0.000000 -0.000000 1.000000
vn -0.000000 -0.000000 1.000000
vn -0.000000 0.000000 1.000000
vn -0.000000 0.000000 1.000000
vn -0.000000 0.000000 1.000000
vn -0.000000 0.000000 1.000000
vn 0.000000 0.000000 1.000000
vn 0.000000 -0.000000 1.000000
vn 0.000000 -0.000000 1.000000
vn 0.000000 0.000000 1.000000
vn -0.000000 0.000000 1.000000
vn -0.000000 0.000000 1.000000
vn -0.000000 -0.000000 1.000000
vn 0.000000 -0.000000 1.000000
vn 0.000000 -0.000000 1.000000
vn 0.000000 0.000000 1.000000
vn 0.000000 0.000000 1.000000
vn 0.000000 -0.000000 1.000000
vn -0.000000 -0.000000 1.000000
vn -0.000000 0.000000 1.000000
vn 0.000000 -0.000000 1.000000
vn 0.000000 -0.000000 1.000000
vn 0.000000 0.000000 1.000000
vn 0.000000 0.000000 1.000000
vn 0.000000 0.000000 1.000000
vn 0.000000 0.000000 1.000000
vn 0.000000 0.000000 1.000000
vn 0.000000 0.000000 1.000000
vn 0.000000 0.000000 1.000000
vn 0.000000 0.000000 1.000000
vn 0.000000 0.000000 1.000000
vn 0.000000 0.000000 1.000000
vn 0.000000 0.000000 1.000000
vn 0.000000 0.000000 1.000000
vn 0.000000 0.000000 1.000000
vn 0.000000 0.000000 1.000000
vn 0.000000 0.000000 1.000000
vn 0.000000 0.000000 1.000000
vn 0.000000 0.000000 1.000000
vn 0.000000 0.000000 1.000000
vn 0.000000 0.000000 1.000000
vn 0.000000 0.000000 1.000000
vn 0.000000 0.000000 1.000000
vn -0.000000 0.000000 1.000000
vn -0.000000 0.000000 1.000000
vn 0.000000 0.000000 1.000000
vn 0.000000 0.000000 1.000000
vn 0.000000 0.000000 1.000000
vn 0.000000 0.000000 1.000000
vn 0.000000 0.000000 1.000000
vn 0.000000 -0.000000 1.000000
vn -0.000000 0.000000 1.000000
vn -0.000000 0.000000 1.000000
vn 0.000000 -0.000000 1.000000
vn 0.000000 0.000000 1.000000
vn 0.000000 0.000000 1.000000
vn -0.000000 -0.000000 1.000000
vn -0.000000 -0.000000 1.000000
vn 0.000000 0.000000 1.000000
vn 0.000000 -0.000000 1.000000
vn 0.000000 -0.000000 1.000000
vn 0.000000 0.000000 1.000000
vn 0.000000 -0.000000 1.000000
vn -0.290233 0.956956 0.000000
vn -0.097958 0.995191 0.000000
vn 0.000000 -0.000000 -1.000000
vn -0.000000 -0.000000 -1.000000
vn -0.000000 -0.000000 -1.000000
vn -0.000000 -0.000000 -1.000000
vn -0.000000 -0.000000 -1.000000
vn -0.000000 -0.000000 -1.000000
vn -0.000000 -0.000000 -1.000000
vn -0.000000 -0.000000 -1.000000
vn 0.000000 0.000000 -1.000000
vn 0.000000 0.000000 -1.000000
vn -0.000000 -0.000000 -1.000000
vn -0.000000 -0.000000 -1.000000
vn -0.000000 -0.000000 -1.000000
vn -0.000000 -0.000000 -1.000000
vn 0.000000 -0.000000 -1.000000
vn 0.000000 -0.000000 -1.000000
vn 0.000000 -0.000000 -1.000000
vn 0.000000 -0.000000 -1.000000
vn 0.000000 -0.000000 -1.000000
vn 0.000000 -0.000000 -1.000000
vn 0.000000 -0.000000 -1.000000
vn 0.000000 0.000000 -1.000000
vn 0.000000 0.000000 -1.000000
vn 0.000000 0.000000 -1.000000
vn 0.000000 0.000000 -1.000000
vn 0.000000 0.000000 -1.000000
vn 0.000000 0.000000 -1.000000
vn 0.000000 0.000000 -1.000000
vn 0.000000 0.000000 -1.000000
vn 0.000000 0.000000 -1.000000
vn -0.000000 0.000000 -1.000000
vn -0.000000 -0.000000 -1.000000
vn 0.000000 0.000000 -1.000000
vn 0.000000 0.000000 -1.000000
vn 0.000000 0.000000 -1.000000
vn 0.000000 0.000000 -1.000000
vn 0.000000 0.000000 -1.000000
vn 0.000000 -0.000000 -1.000000
vn 0.000000 -0.000000 -1.000000
vn 0.000000 -0.000000 -1.000000
vn -0.000000 -0.000000 -1.000000
vn -0.000000 -0.000000 -1.000000
vn 0.000000 0.000000 -1.000000
vn 0.000000 0.000000 -1.000000
vn -0.000000 -0.000000 -1.000000
vn 0.000000 -0.000000 -1.000000
vn 0.000000 -0.000000 -1.000000
vn 0.000000 0.000000 -1.000000
vn 0.000000 0.000000 -1.000000
vn -0.000000 -0.000000 -1.000000
vn -0.000000 -0.000000 -1.000000
vn 0.000000 0.000000 -1.000000
vn 0.000000 -0.000000 -1.000000
vn 0.000000 0.000000 -1.000000
vn 0.000000 0.000000 -1.000000
vn 0.000000 0.000000 -1.000000
vn 0.000000 0.000000 -1.000000
vn 0.000000 0.000000 -1.000000
vn 0.000000 0.000000 -1.000000
vn 0.000000 0.000000 -1.000000
vn 0.000000 0.000000 -1.000000
vn 0.000000 0.000000 -1.000000
vn -0.000000 0.000000 -1.000000
vn -0.000000 0.000000 -1.000000
vn -0.000000 0.000000 -1.000000
vn -0.000000 0.000000 -1.000000
vn -0.000000 0.000000 -1.000000
vn 0.000000 0.000000 -1.000000
vn 0.000000 0.000000 -1.000000
vn -0.000000 0.000000 -1.000000
vn 0.000000 0.000000 -1.000000
vn 0.000000 0.000000 -1.000000
vn -0.000000 0.000000 -1.000000
vn -0.000000 0.000000 -1.000000
vn -0.000000 0.000000 -1.000000
vn -0.000000 0.000000 -1.000000
vn -0.000000 0.000000 -1.000000
vn -0.000000 0.000000 -1.000000
vn -0.000000 0.000000 -1.000000
vn -0.000000 0.000000 -1.000000
vn 0.000000 -0.000000 -1.000000
vn 0.000000 -0.000000 -1.000000
vn -0.000000 0.000000 -1.000000
vn -0.000000 0.000000 -1.000000
vn -0.000000 0.000000 -1.000000
vn -0.000000 0.000000 -1.000000
vn 0.000000 -0.000000 -1.000000
vn 0.000000 -0.000000 -1.000000
vn -0.000000 0.000000 -1.000000
vn -0.000000 0.000000 -1.000000
vn 0.000000 -0.000000 -1.000000
vn 0.000000 -0.000000 -1.000000
vn -0.000000 0.000000 -1.000000
vn 0.000000 -0.000000 -1.000000
vn 0.000000 -0.000000 -1.000000
vn -0.097958 0.995191 0.000000
vn -0.097958 0.995191 0.000000
vn -0.097958 0.995191 0.000000
vn -0.290233 0.956956 0.000000
vn -0.290480 0.956881 0.000000
vn -0.290402 0.956905 0.000000
vn -0.471222 0.882015 0.000000
vn -0.471338 0.881953 0.000000
vn -0.471338 0.881953 0.000000
vn -0.634556 0.772877 0.000000
vn -0.634401 0.773004 0.000000
vn -0.634401 0.773004 0.000000
vn -0.772871 0.634563 0.000000
vn -0.773130 0.634247 0.000000
vn -0.773009 0.634396 0.000000
vn -0.881853 0.471525 0.000000
vn -0.882014 0.471224 0.000000
vn -0.881897 0.471441 -0.000002
vn -0.956876 0.290497 0.000000
vn -0.956953 0.290241 0.000000
vn -0.956953 0.290241 0.000000
vn -0.995191 0.097952 0.000000
vn -0.995167 0.098198 -0.000002
vn -0.995167 0.098198 0.000000
vn -0.995167 -0.098198 -0.000002
vn -0.995191 -0.097952 -0.000000
vn -0.995191 -0.097952 -0.000000
vn -0.956953 -0.290241 -0.000000
vn -0.956898 -0.290425 -0.000000
vn -0.956975 -0.290169 -0.000000
vn -0.881956 -0.471332 -0.000000
vn -0.881853 -0.471525 -0.000000
vn -0.881956 -0.471332 -0.000000
vn -0.773130 -0.634247 -0.000000
vn -0.772976 -0.634435 -0.000000
vn -0.772976 -0.634435 -0.000000
vn -0.634401 -0.773004 -0.000000
vn -0.634400 -0.773005 -0.000000
vn -0.634400 -0.773005 -0.000000
vn -0.471338 -0.881953 -0.000000
vn -0.471424 -0.881907 -0.000000
vn -0.471540 -0.881845 -0.000000
vn -0.290242 -0.956953 -0.000000
vn -0.290233 -0.956956 -0.000000
vn -0.290233 -0.956956 -0.000000
vn -0.097958 -0.995191 -0.000000
vn -0.098215 -0.995165 -0.000000
vn -0.098215 -0.995165 -0.000000
vn 0.098212 -0.995165 0.000000
vn 0.097958 -0.995191 0.000000
vn 0.097958 -0.995191 0.000000
vn 0.290233 -0.956956 0.000000
vn 0.290164 -0.956977 0.000000
vn 0.290242 -0.956953 0.000000
vn 0.471540 -0.881845 0.000000
vn 0.471338 -0.881953 0.000000
vn 0.471338 -0.881953 0.000000
vn 0.634400 -0.773005 0.000000
vn 0.634401 -0.773004 0.000001
vn 0.634401 -0.773004 0.000000
vn 0.772976 -0.634435 0.000000
vn 0.773009 -0.634396 0.000000
vn 0.773009 -0.634396 0.000000
vn 0.881956 -0.471332 0.000000
vn 0.881840 -0.471550 0.000000
vn 0.881840 -0.471550 0.000000
vn 0.956975 -0.290169 0.000000
vn 0.956953 -0.290241 0.000000
vn 0.956953 -0.290241 0.000000
vn 0.995167 -0.098198 0.000000
vn 0.995191 -0.097952 0.000000
vn 0.995167 -0.098198 0.000002
vn 0.995191 0.097952 0.000000
vn 0.995167 0.098198 0.000000
vn 0.995191 0.097952 0.000002
vn 0.956953 0.290241 0.000000
vn 0.956953 0.290241 0.000000
vn 0.956953 0.290241 0.000000
vn 0.881897 0.471441 0.000000
vn 0.881956 0.471332 0.000000
vn 0.881956 0.471332 0.000000
vn 0.773009 0.634396 0.000000
vn 0.772871 0.634563 0.000000
vn 0.772871 0.634563 0.000000
vn 0.634401 0.773004 0.000000
vn 0.634556 0.772877 0.000001
vn 0.634556 0.772877 0.000000
vn 0.471338 0.881953 0.000000
vn 0.471338 0.881953 0.000000
vn 0.471222 0.882015 0.000000
vn 0.290402 0.956905 0.000000
vn 0.290233 0.956956 0.000000
vn 0.290233 0.956956 0.000000
vn 0.097958 0.995191 0.000000
vn 0.097955 0.995191 0.000000
vn 0.097955 0.995191 0.000000
vn 1.000000 0.000000 -0.000000
vn 1.000000 0.000000 -0.000000
vn 1.000000 0.000000 0.000000
vn 1.000000 0.000000 0.000000
vn 1.000000 0.000000 0.000000
vn 1.000000 0.000000 0.000000
vn 1.000000 -0.000000 0.000000
vn 1.000000 -0.000000 0.000000
vn 1.000000 -0.000000 0.000000
vn 1.000000 -0.000000 0.000000
vn 1.000000 -0.000000 -0.000000
vn 1.000000 -0.000000 -0.000000
vn 1.000000 -0.000000 -0.000000
vn 1.000000 -0.000000 -0.000000
vn 1.000000 0.000000 -0.000000
vn 1.000000 0.000000 -0.000000
vn 1.000000 0.000000 -0.000000
vn 1.000000 0.000000 0.000000
vn 1.000000 0.000000 0.000000
vn 1.000000 -0.000000 0.000000
vn 1.000000 -0.000000 0.000000
vn 1.000000 -0.000000 -0.000000
vn 1.000000 -0.000000 -0.000000
vn 1.000000 0.000000 -0.000000
vn 1.000000 0.000000 0.000000
vn 1.000000 0.000000 0.000000
vn 1.000000 -0.000000 0.000000
vn 1.000000 0.000000 -0.000000
vn 1.000000 0.000000 0.000000
vn 0.000000 0.995194 0.097921
vn -0.000001 0.995197 0.097890
vn 0.000000 0.995194 0.097921
vn 0.000000 0.995197 0.097890
vn -0.000000 0.995197 0.097890
vn -0.000003 0.995197 0.097890
vn 0.000000 0.995194 -0.097921
vn 0.000004 0.995198 -0.097886
vn 0.000000 0.995194 -0.097921
vn 0.000000 0.995198 -0.097886
vn 0.000000 0.995194 -0.097921
vn 0.000000 0.995194 -0.097921
vn 0.000000 0.956924 -0.290339
vn 0.000000 0.956894 -0.290438
vn -0.000003 0.956923 -0.290341
vn 0.000000 0.956894 -0.290438
vn 0.000000 0.956924 -0.290339
vn 0.000000 0.956924 -0.290339
vn -1.000000 -0.000000 -0.000000
vn -1.000000 -0.000000 0.000000
vn -1.000000 -0.000000 0.000000
vn -1.000000 -0.000000 0.000000
vn -1.000000 -0.000000 0.000000
vn -1.000000 0.000000 0.000000
vn -1.000000 0.000000 0.000000
vn -1.000000 0.000000 0.000000
vn -1.000000 0.000000 0.000000
vn -1.000000 0.000000 0.000000
vn -1.000000 0.000000 -0.000000
vn -1.000000 0.000000 -0.000000
vn -1.000000 0.000000 -0.000000
vn -1.000000 0.000000 -0.000000
vn -1.000000 -0.000000 -0.000000
vn -1.000000 -0.000000 -0.000000
vn -1.000000 -0.000000 -0.000000
vn -1.000000 -0.000000 0.000000
vn -1.000000 0.000000 0.000000
vn -1.000000 0.000000 0.000000
vn -1.000000 0.000000 0.000000
vn -1.000000 0.000000 -0.000000
vn -1.000000 0.000000 -0.000000
vn -1.000000 -0.000000 -0.000000
vn -1.000000 -0.000000 0.000000
vn -1.000000 0.000000 0.000000
vn -1.000000 0.000000 0.000000
vn -1.000000 0.000000 -0.000000
vn -1.000000 0.000000 0.000000
vn 0.000000 0.881915 -0.471408
vn 0.000000 0.881935 -0.471371
vn 0.000000 0.881915 -0.471408
vn 0.000000 0.881915 -0.471408
vn 0.000000 0.881915 -0.471408
vn -1.000000 0.000000 -0.000000
vn 0.000000 0.881915 -0.471408
vn 0.000000 0.881941 -0.471359
vn 0.000000 0.881915 -0.471408
vn 0.000000 0.772978 -0.634433
vn 0.000000 0.772936 -0.634484
vn 0.000000 0.772978 -0.634433
vn 0.000000 0.772978 -0.634433
vn 0.000009 0.772932 -0.634489
vn -0.000017 0.773467 -0.633837
vn 0.000000 0.772978 -0.634433
vn 0.000000 0.772978 -0.634433
vn 0.000002 0.772935 -0.634485
vn 0.000000 0.772978 -0.634433
vn 0.000000 0.773050 -0.634345
vn -0.000009 0.772932 -0.634489
vn 0.000000 0.634427 -0.772983
vn 0.000000 0.634427 -0.772983
vn 0.000000 0.634427 -0.772983
vn 0.000000 0.634427 -0.772983
vn 0.000000 0.471409 -0.881915
vn 0.000000 0.471409 -0.881915
vn 0.000000 0.471409 -0.881915
vn 0.000000 0.471409 -0.881915
vn 0.000000 0.290345 -0.956922
vn 0.000000 0.290345 -0.956922
vn 0.000000 0.290345 -0.956922
vn 0.000000 0.290345 -0.956922
vn 0.000000 0.097911 -0.995195
vn 0.000000 0.097911 -0.995195
vn 0.000000 0.097911 -0.995195
vn 0.000000 0.097911 -0.995195
vn 0.000000 -0.097878 -0.995198
vn 0.000000 -0.097878 -0.995198
vn 0.000000 -0.097878 -0.995198
vn 0.000000 -0.097878 -0.995198
vn 0.000000 -0.290345 -0.956922
vn 0.000000 -0.290345 -0.956922
vn 0.000000 -0.290345 -0.956922
vn 0.000000 -0.290345 -0.956922
vn 0.000000 -0.471548 -0.881841
vn 0.000000 -0.471548 -0.881841
vn 0.000000 -0.471548 -0.881841
vn 0.000000 -0.471548 -0.881841
vn 0.000000 -0.634264 -0.773117
vn -0.000000 -0.634264 -0.773117
vn 0.000000 -0.634264 -0.773117
vn 0.000000 -0.634264 -0.773117
vn 0.000000 -0.772978 -0.634433
vn -0.000000 -0.772900 -0.634527
vn -0.000000 -0.772989 -0.634420
vn -0.000002 -0.772935 -0.634485
vn 0.000009 -0.772932 -0.634489
vn -0.000000 -0.773127 -0.634251
vn 0.000000 -0.772936 -0.634484
vn 0.000000 -0.772978 -0.634433
vn 0.000000 -0.772936 -0.634484
vn -0.000000 -0.772936 -0.634484
vn -0.000006 -0.772978 -0.634433
vn 0.000001 -0.772978 -0.634433
vn -0.000000 -0.773050 -0.634345
vn -0.000000 -0.772978 -0.634433
vn -0.000000 -0.882054 -0.471149
vn 0.000000 -0.882054 -0.471149
vn -0.000000 -0.882054 -0.471149
vn 0.000000 -0.882054 -0.471149
vn 0.000000 -0.882054 -0.471149
vn -0.000000 -0.882054 -0.471149
vn -0.000000 -0.882054 -0.471149
vn 0.000000 -0.956894 -0.290438
vn -0.000000 -0.956894 -0.290438
vn -0.000000 -0.956894 -0.290438
vn -0.000000 -0.956894 -0.290438
vn -0.000003 -0.956895 -0.290435
vn 0.000000 -0.956924 -0.290339
vn 0.000011 -0.956897 -0.290428
vn 0.000000 -0.995194 -0.097921
vn -0.000000 -0.995198 -0.097886
vn 0.000000 -0.995198 -0.097886
vn 0.000000 -0.995198 -0.097886
vn 0.000000 -0.995198 -0.097886
vn 0.000000 -0.995198 -0.097886
vn -0.000001 -0.995194 -0.097921
vn 0.000004 -0.995198 -0.097883
vn 0.000000 -0.995198 -0.097886
vn 0.000000 -0.995194 -0.097921
vn 0.000000 -0.995197 0.097890
vn 0.000000 -0.995197 0.097890
vn 0.000000 -0.995197 0.097890
vn 0.000000 -0.995197 0.097890
vn 0.000000 -0.995197 0.097890
vn 0.000000 -0.995197 0.097890
vn 0.000000 -0.995197 0.097890
vn 0.000000 -0.995197 0.097890
vn 0.000000 -0.995197 0.097890
vn 0.000000 -0.995197 0.097890
vn 0.000000 -0.956897 0.290427
vn 0.000000 -0.956897 0.290427
vn 0.000000 -0.956897 0.290427
vn 0.000000 -0.956924 0.290339
vn 0.000000 -0.956924 0.290339
vn 0.000000 -0.956924 0.290339
vn 0.000000 -0.882045 0.471166
vn 0.000000 -0.882045 0.471166
vn 0.000000 -0.882045 0.471166
vn 0.000000 -0.881974 0.471298
vn 0.000000 -0.881878 0.471477
vn 0.000000 -0.881974 0.471298
vn 0.000000 -0.881947 0.471349
vn 0.000000 -0.881974 0.471298
vn -0.000001 -0.772978 0.634433
vn 0.000004 -0.772978 0.634433
vn 0.000000 -0.772978 0.634433
vn 0.000000 -0.772958 0.634457
vn 0.000000 -0.772904 0.634523
vn 0.000000 -0.773121 0.634258
vn 0.000000 -0.772959 0.634456
vn 0.000000 -0.772958 0.634457
vn 0.000000 -0.634287 0.773097
vn 0.000000 -0.634287 0.773097
vn 0.000000 -0.634287 0.773097
vn 0.000000 -0.634427 0.772983
vn 0.000000 -0.634264 0.773117
vn 0.000000 -0.634427 0.772983
vn 0.000000 -0.471548 0.881841
vn 0.000000 -0.471548 0.881841
vn 0.000000 -0.471548 0.881841
vn 0.000000 -0.471301 0.881973
vn 0.000000 -0.471301 0.881973
vn 0.000000 -0.471301 0.881973
vn 0.000000 -0.290345 0.956922
vn 0.000000 -0.290333 0.956926
vn 0.000000 -0.290345 0.956922
vn 0.000000 -0.290345 0.956922
vn 0.000000 -0.290345 0.956922
vn 0.000000 -0.290345 0.956922
vn 0.000000 -0.290345 0.956922
vn 0.000000 -0.097049 0.995280
vn 0.000000 -0.097878 0.995198
vn 0.000000 -0.097878 0.995198
vn 0.000000 -0.098193 0.995167
vn 0.000000 -0.098193 0.995167
vn 0.000000 -0.098193 0.995167
vn -0.000042 0.097958 0.995191
vn 0.000005 0.098066 0.995180
vn -0.000006 0.097365 0.995249
vn -0.000086 0.097911 0.995195
vn 0.000000 0.098225 0.995164
vn 0.000000 0.098225 0.995164
vn 0.000000 0.098225 0.995164
vn 0.000000 0.289253 0.957253
vn 0.000000 0.290345 0.956922
vn -0.000000 0.290345 0.956922
vn 0.000000 0.290345 0.956922
vn 0.000000 0.290345 0.956922
vn 0.000000 0.290345 0.956922
vn 0.000000 0.471162 0.882047
vn 0.000000 0.471409 0.881915
vn 0.000000 0.471409 0.881915
vn -0.000000 0.471409 0.881915
vn 0.000000 0.471162 0.882047
vn 0.000000 0.471162 0.882047
vn 0.000000 0.634451 0.772963
vn 0.000000 0.634451 0.772963
vn 0.000000 0.634451 0.772963
vn 0.000000 0.634427 0.772983
vn -0.000000 0.636519 0.771261
vn 0.000000 0.634427 0.772983
vn -0.000000 0.634427 0.772983
vn 0.000000 0.772978 0.634433
vn 0.000000 0.772978 0.634433
vn -0.000000 0.772978 0.634433
vn 0.000000 0.773121 0.634258
vn -0.000000 0.773062 0.634331
vn 0.000000 0.773121 0.634258
vn -0.000000 0.773121 0.634258
vn 0.000000 0.773087 0.634299
vn 0.000005 0.881905 0.471428
vn 0.000000 0.881907 0.471424
vn 0.000000 0.881907 0.471424
vn -0.000000 0.881907 0.471424
vn -0.000000 0.881907 0.471424
vn -0.000017 0.881783 0.471655
vn 0.000003 0.956923 0.290341
vn 0.000000 0.956897 0.290427
vn 0.000010 0.956921 0.290347
vn 0.000000 0.956897 0.290427
vn 0.000000 0.956924 0.290339
vn -0.000011 0.956924 0.290339
vn 1.000000 0.000000 0.000000
vn 1.000000 -0.000000 0.000000
vn 1.000000 -0.000000 0.000000
vn 1.000000 -0.000000 0.000000
vn 1.000000 -0.000000 0.000000
vn 1.000000 0.000000 -0.000000
vn 1.000000 0.000000 -0.000000
vn 1.000000 -0.000000 0.000000
vn 1.000000 0.000000 0.000000
vn 1.000000 0.000000 0.000000
vn 1.000000 -0.000000 0.000000
vn 1.000000 0.000000 -0.000000
vn 1.000000 0.000000 0.000000
vn 1.000000 0.000000 0.000000
vn 1.000000 0.000000 0.000000
vn 1.000000 0.000000 -0.000000
vn 1.000000 0.000000 0.000000
vn 1.000000 0.000000 0.000000
vn 1.000000 -0.000000 0.000000
vn 1.000000 -0.000000 -0.000000
vn 1.000000 -0.000000 -0.000000
vn 1.000000 -0.000000 -0.000000
vn 1.000000 0.000000 -0.000000
vn 1.000000 0.000000 -0.000000
vn 1.000000 0.000000 -0.000000
vn 1.000000 0.000000 -0.000000
vn 1.000000 0.000000 0.000000
vn 1.000000 0.000000 0.000000
vn 1.000000 0.000000 0.000000
vn 1.000000 0.000000 0.000000
vn 1.000000 -0.000000 0.000000
vn 1.000000 -0.000000 0.000000
vn 1.000000 0.000000 0.000000
vn 1.000000 0.000000 0.000000
vn 1.000000 0.000000 -0.000000
vn 1.000000 0.000000 -0.000000
vn 1.000000 -0.000000 -0.000000
vn 1.000000 -0.000000 0.000000
vn 1.000000 0.000000 0.000000
vn 1.000000 0.000000 0.000000
vn 1.000000 -0.000000 -0.000000
vn 1.000000 0.000000 -0.000000
vn 1.000000 0.000000 0.000000
vn 1.000000 -0.000000 -0.000000
vn -1.000000 -0.000000 -0.000000
vn 1.000000 -0.000000 -0.000000
vn 1.000000 0.000000 0.000000
vn 1.000000 0.000000 0.000000
vn 1.000000 0.000000 0.000000
vn 1.000000 0.000000 0.000000
vn 1.000000 0.000000 0.000000
vn 1.000000 0.000000 0.000000
vn 1.000000 0.000000 0.000000
vn 1.000000 0.000000 0.000000
vn 1.000000 0.000000 0.000000
vn 1.000000 0.000000 0.000000
vn 1.000000 0.000000 0.000000
vn 1.000000 0.000000 0.000000
vn 1.000000 0.000000 0.000000
vn 1.000000 -0.000000 0.000000
vn 1.000000 0.000000 0.000000
vn 1.000000 -0.000000 0.000000
vn 1.000000 0.000000 0.000000
vn 1.000000 0.000000 0.000000
vn 1.000000 0.000000 0.000000
vn 1.000000 -0.000000 0.000000
vn 1.000000 0.000000 0.000000
vn -0.000000 0.995193 0.097930
vn 0.000000 0.995192 -0.097944
vn 0.000000 0.956922 -0.290344
vn -1.000000 -0.000000 0.000000
vn -1.000000 -0.000000 0.000000
vn -1.000000 0.000000 -0.000000
vn -1.000000 0.000000 -0.000000
vn -1.000000 0.000000 -0.000000
vn -1.000000 0.000000 0.000000
vn -1.000000 0.000000 0.000000
vn -1.000000 0.000000 0.000000
vn -1.000000 0.000000 0.000000
vn -1.000000 -0.000000 0.000000
vn -1.000000 -0.000000 0.000000
vn -1.000000 -0.000000 0.000000
vn -1.000000 -0.000000 0.000000
vn -1.000000 -0.000000 -0.000000
vn -1.000000 0.000000 0.000000
vn -1.000000 0.000000 0.000000
vn -1.000000 -0.000000 0.000000
vn -1.000000 -0.000000 0.000000
vn -1.000000 0.000000 0.000000
vn -1.000000 0.000000 0.000000
vn -1.000000 0.000000 0.000000
vn -1.000000 0.000000 -0.000000
vn -1.000000 -0.000000 0.000000
vn -1.000000 -0.000000 0.000000
vn -1.000000 0.000000 0.000000
vn -1.000000 0.000000 0.000000
vn -1.000000 -0.000000 0.000000
vn -1.000000 0.000000 -0.000000
vn -1.000000 0.000000 -0.000000
vn -1.000000 0.000000 -0.000000
vn -1.000000 0.000000 -0.000000
vn -1.000000 0.000000 0.000000
vn -1.000000 0.000000 0.000000
vn -1.000000 0.000000 0.000000
vn -1.000000 0.000000 0.000000
vn -1.000000 0.000000 0.000000
vn -1.000000 0.000000 -0.000000
vn -1.000000 0.000000 -0.000000
vn -1.000000 0.000000 0.000000
vn -1.000000 0.000000 -0.000000
vn -1.000000 0.000000 -0.000000
vn -1.000000 0.000000 -0.000000
vn -1.000000 0.000000 -0.000000
vn -1.000000 0.000000 -0.000000
vn -1.000000 0.000000 -0.000000
vn -1.000000 -0.000000 -0.000000
vn -1.000000 0.000000 -0.000000
vn -1.000000 0.000000 -0.000000
vn -1.000000 0.000000 0.000000
vn -1.000000 0.000000 -0.000000
vn -1.000000 0.000000 0.000000
vn -1.000000 0.000000 0.000000
vn -1.000000 -0.000000 -0.000000
vn -1.000000 -0.000000 -0.000000
vn -1.000000 -0.000000 -0.000000
vn -1.000000 0.000000 -0.000000
vn -1.000000 0.000000 0.000000
vn -1.000000 0.000000 0.000000
vn -1.000000 0.000000 -0.000000
vn -1.000000 -0.000000 -0.000000
vn -1.000000 0.000000 0.000000
vn -1.000000 0.000000 0.000000
vn -1.000000 -0.000000 -0.000000
vn -1.000000 0.000000 0.000000
vn -1.000000 0.000000 0.000000
vn -1.000000 -0.000000 0.000000
vn -1.000000 0.000000 0.000000
vn 0.000000 0.881908 -0.471421
vn 0.000000 0.772962 -0.634452
vn 0.000000 0.634451 -0.772963
vn 0.000000 0.471426 -0.881906
vn 0.000000 0.290340 -0.956924
vn 0.000000 0.097942 -0.995192
vn 0.000000 -0.097928 -0.995194
vn 0.000000 -0.290381 -0.956911
vn 0.000000 -0.471426 -0.881906
vn 0.000000 -0.634378 -0.773023
vn 0.000000 -0.772962 -0.634452
vn 0.000000 -0.881908 -0.471421
vn 0.000000 -0.956964 -0.290207
vn 0.000000 -0.995192 -0.097944
vn 0.000000 -0.995193 0.097930
vn 0.000000 -0.956952 0.290247
vn 0.000000 -0.881908 0.471421
vn 0.000000 -0.773019 0.634383
vn 0.000000 -0.634378 0.773023
vn 0.000000 -0.471426 0.881906
vn 0.000000 -0.290252 0.956950
vn 0.000000 -0.097928 0.995194
vn -0.000000 0.097942 0.995192
vn -0.000000 0.290210 0.956963
vn -0.000000 0.471426 0.881906
vn -0.000000 0.634451 0.772963
vn -0.000000 0.773019 0.634383
vn -0.000000 0.881908 0.471421
vn -0.000000 0.956910 0.290383
vn 0.000000 0.000000 -1.000000
vn 0.000000 0.000000 -1.000000
vn -0.000000 0.000000 -1.000000
vn 0.000000 0.000000 -1.000000
vn 0.000000 -0.000000 -1.000000
vn 0.000000 -0.000000 -1.000000
vn -0.000000 -0.000000 -1.000000
vn 0.000000 0.000000 -1.000000
vn 0.097944 0.995192 -0.000000
vn 0.097944 0.995192 0.000000
vn 0.097944 0.995192 0.000000
vn 0.097944 0.995192 0.000000
vn -0.097929 0.995193 0.000000
vn -0.097929 0.995193 0.000000
vn -0.097929 0.995193 0.000000
vn -0.097929 0.995193 0.000000
vn -0.290387 0.956909 0.000000
vn -0.290387 0.956909 0.000000
vn 0.000000 0.000000 1.000000
vn 0.000000 0.000000 1.000000
vn -0.000000 0.000000 1.000000
vn -0.000000 0.000000 1.000000
vn -0.000000 0.000000 1.000000
vn -0.000000 0.000000 1.000000
vn -0.000000 -0.000000 1.000000
vn -0.000000 -0.000000 1.000000
vn -0.000000 -0.000000 1.000000
vn 0.000000 -0.000000 1.000000
vn 0.000000 -0.000000 1.000000
vn 0.000000 -0.000000 1.000000
vn 0.000000 -0.000000 1.000000
vn 0.000000 0.000000 1.000000
vn 0.000000 0.000000 1.000000
vn 0.000000 0.000000 1.000000
vn 0.000000 0.000000 1.000000
vn -0.000000 0.000000 1.000000
vn -0.000000 0.000000 1.000000
vn -0.000000 -0.000000 1.000000
vn 0.000000 -0.000000 1.000000
vn 0.000000 -0.000000 1.000000
vn 0.000000 -0.000000 1.000000
vn 0.000000 0.000000 1.000000
vn 0.000000 0.000000 1.000000
vn -0.000000 0.000000 1.000000
vn 0.000000 -0.000000 1.000000
vn 0.000000 0.000000 1.000000
vn -0.000000 0.000000 1.000000
vn -0.471421 0.881908 0.000000
vn -0.634378 0.773023 0.000000
vn -0.772963 0.634451 0.000000
vn -0.881908 0.471421 0.000000
vn -0.956963 0.290209 0.000000
vn -0.995177 0.098091 0.000000
vn -0.995179 -0.098076 0.000000
vn -0.956951 -0.290251 0.000000
vn -0.881908 -0.471421 0.000000
vn -0.773023 -0.634378 0.000000
vn -0.634378 -0.773023 0.000000
vn -0.471421 -0.881908 0.000000
vn -0.290251 -0.956951 0.000000
vn -0.290251 -0.956951 0.000000
vn -0.097929 -0.995193 0.000000
vn -0.097929 -0.995193 0.000000
vn 0.097944 -0.995192 0.000000
vn 0.097944 -0.995192 0.000000
vn 0.290251 -0.956951 0.000000
vn 0.290251 -0.956951 0.000000
vn 0.471359 -0.881941 0.000000
vn 0.634451 -0.772963 0.000000
vn 0.773023 -0.634378 0.000000
vn 0.881908 -0.471421 0.000000
vn 0.956951 -0.290251 0.000000
vn 0.995179 -0.098076 0.000000
vn 0.995177 0.098091 0.000000
vn 0.956963 0.290210 0.000000
vn 0.881908 0.471421 0.000000
vn 0.772963 0.634451 0.000000
vn 0.634451 0.772963 0.000000
vn 0.471359 0.881941 0.000000
vn 0.290387 0.956909 -0.000000
vn 0.290387 0.956909 0.000000
vn 1.000000 -0.000000 0.000000
vn 1.000000 0.000000 0.000000
vn 1.000000 0.000000 0.000000
vn 1.000000 0.000000 0.000000
vn 1.000000 0.000000 0.000000
vn 1.000000 0.000000 0.000000
vn 1.000000 -0.000000 0.000000
vn 1.000000 -0.000000 0.000000
vn 1.000000 -0.000000 0.000000
vn 1.000000 -0.000000 0.000000
vn 1.000000 -0.000000 -0.000000
vn 1.000000 -0.000000 -0.000000
vn 1.000000 -0.000000 -0.000000
vn 1.000000 0.000000 0.000000
vn 1.000000 0.000000 0.000000
vn 1.000000 -0.000000 -0.000000
vn 1.000000 -0.000000 0.000000
vn 1.000000 -0.000000 0.000000
vn 1.000000 -0.000000 0.000000
vn 1.000000 0.000000 0.000000
vn 1.000000 0.000000 0.000000
vn 1.000000 -0.000000 -0.000000
vn 1.000000 -0.000000 -0.000000
vn 1.000000 0.000000 0.000000
vn 1.000000 -0.000000 0.000000
vn 1.000000 -0.000000 -0.000000
vn 1.000000 0.000000 0.000000
vn 1.000000 0.000000 0.000000
vn 1.000000 0.000000 0.000000
vn 1.000000 0.000000 0.000000
vn 1.000000 0.000000 0.000000
vn 1.000000 0.000000 0.000000
vn 1.000000 0.000000 0.000000
vn 1.000000 0.000000 0.000000
vn 1.000000 0.000000 0.000000
vn 1.000000 0.000000 0.000000
vn 1.000000 0.000000 0.000000
vn 1.000000 0.000000 0.000000
vn 1.000000 0.000000 -0.000000
vn 1.000000 0.000000 -0.000000
vn 1.000000 0.000000 -0.000000
vn 1.000000 0.000000 -0.000000
vn 1.000000 0.000000 -0.000000
vn 1.000000 0.000000 -0.000000
vn 1.000000 0.000000 -0.000000
vn 1.000000 0.000000 -0.000000
vn 1.000000 0.000000 0.000000
vn 1.000000 0.000000 -0.000000
vn 1.000000 0.000000 -0.000000
vn 1.000000 0.000000 -0.000000
vn 1.000000 0.000000 -0.000000
vn 1.000000 0.000000 0.000000
vn 1.000000 0.000000 0.000000
vn 1.000000 0.000000 -0.000000
vn 1.000000 0.000000 -0.000000
vn 1.000000 -0.000000 0.000000
vn 1.000000 0.000000 0.000000
vn 1.000000 0.000000 -0.000000
vn 1.000000 -0.000000 0.000000
vn 1.000000 -0.000000 0.000000
vn 1.000000 -0.000000 0.000000
vn 1.000000 -0.000000 0.000000
vn 1.000000 0.000000 0.000000
vn 1.000000 -0.000000 0.000000
vn -0.000000 0.995192 0.097944
vn 0.000000 0.995192 0.097944
vn 0.000000 0.995192 -0.097944
vn 0.000000 0.995193 -0.097928
vn 0.000000 0.956922 -0.290344
vn 0.000000 0.956909 -0.290388
vn 0.000000 0.956922 -0.290344
vn 1.000000 -0.000000 0.000000
vn -1.000000 0.000000 0.000000
vn -1.000000 0.000000 -0.000000
vn -1.000000 -0.000000 -0.000000
vn -1.000000 -0.000000 -0.000000
vn -1.000000 -0.000000 -0.000000
vn -1.000000 -0.000000 0.000000
vn -1.000000 -0.000000 0.000000
vn -1.000000 -0.000000 0.000000
vn -1.000000 0.000000 0.000000
vn -1.000000 0.000000 0.000000
vn -1.000000 -0.000000 0.000000
vn -1.000000 -0.000000 -0.000000
vn -1.000000 -0.000000 -0.000000
vn -1.000000 0.000000 0.000000
vn -1.000000 0.000000 0.000000
vn -1.000000 -0.000000 -0.000000
vn -1.000000 0.000000 0.000000
vn -1.000000 0.000000 0.000000
vn -1.000000 0.000000 0.000000
vn -1.000000 0.000000 0.000000
vn -1.000000 0.000000 0.000000
vn -1.000000 0.000000 0.000000
vn -1.000000 0.000000 0.000000
vn -1.000000 0.000000 0.000000
vn -1.000000 0.000000 0.000000
vn -1.000000 0.000000 0.000000
vn -1.000000 0.000000 0.000000
vn -1.000000 0.000000 0.000000
vn -1.000000 0.000000 0.000000
vn -1.000000 0.000000 0.000000
vn -1.000000 0.000000 0.000000
vn -1.000000 0.000000 0.000000
vn 1.000000 -0.000000 -0.000000
vn -1.000000 -0.000000 0.000000
vn -1.000000 0.000000 -0.000000
vn -1.000000 0.000000 -0.000000
vn -1.000000 0.000000 -0.000000
vn -1.000000 0.000000 0.000000
vn -1.000000 0.000000 0.000000
vn -1.000000 0.000000 0.000000
vn -1.000000 0.000000 0.000000
vn -1.000000 -0.000000 0.000000
vn -1.000000 0.000000 -0.000000
vn -1.000000 0.000000 -0.000000
vn -1.000000 0.000000 0.000000
vn -1.000000 0.000000 0.000000
vn -1.000000 0.000000 0.000000
vn -1.000000 0.000000 -0.000000
vn -1.000000 -0.000000 0.000000
vn -1.000000 -0.000000 0.000000
vn -1.000000 0.000000 0.000000
vn -1.000000 0.000000 0.000000
vn -1.000000 -0.000000 -0.000000
vn -1.000000 -0.000000 -0.000000
vn -1.000000 0.000000 -0.000000
vn -1.000000 0.000000 0.000000
vn -1.000000 0.000000 0.000000
vn -1.000000 0.000000 0.000000
vn -1.000000 0.000000 0.000000
vn -1.000000 0.000000 0.000000
vn -1.000000 -0.000000 0.000000
vn -1.000000 -0.000000 0.000000
vn -1.000000 0.000000 -0.000000
vn -1.000000 -0.000000 0.000000
vn 0.000000 0.881837 -0.471554
vn 0.000000 0.881940 -0.471362
vn 0.000000 0.881908 -0.471421
vn 0.000001 0.881837 -0.471555
vn 0.000000 0.881895 -0.471446
vn 0.000000 0.881837 -0.471554
vn 0.000000 0.773019 -0.634383
vn 0.000000 0.634367 -0.773032
vn 0.000000 0.471426 -0.881906
vn 0.000000 0.290340 -0.956924
vn 0.000000 0.097942 -0.995192
vn 0.000000 -0.097928 -0.995194
vn 0.000000 -0.290381 -0.956911
vn 0.000000 -0.471426 -0.881906
vn 0.000000 -0.634294 -0.773092
vn 0.000000 -0.773019 -0.634383
vn -0.000000 -0.881836 -0.471555
vn 0.000000 -0.881908 -0.471421
vn 0.000000 -0.881940 -0.471362
vn -0.000001 -0.881836 -0.471556
vn 0.000000 -0.881940 -0.471361
vn 0.000000 -0.956950 -0.290252
vn 0.000000 -0.956952 -0.290247
vn 0.000000 -0.995192 -0.097944
vn 0.000000 -0.995193 -0.097928
vn 0.000000 -0.995193 -0.097928
vn 0.000000 -0.995193 -0.097928
vn 0.000000 -0.995193 0.097930
vn 0.000000 -0.995193 0.097930
vn 0.000000 -0.995193 0.097930
vn 0.000000 -0.995193 0.097930
vn 0.000000 -0.956952 0.290247
vn 0.000000 -0.956952 0.290247
vn 0.000000 0.956952 -0.290247
vn 0.000000 -0.881908 0.471421
vn 0.000000 -0.881908 0.471421
vn 0.000000 0.881908 -0.471421
vn 0.000000 -0.773019 0.634383
vn 0.000000 -0.773019 0.634383
vn 0.000000 0.773019 -0.634383
vn 0.000000 -0.634378 0.773023
vn 0.000000 -0.634378 0.773023
vn 0.000000 0.634378 -0.773023
vn 0.000000 -0.471426 0.881906
vn 0.000000 -0.471426 0.881906
vn 0.000000 0.471426 -0.881906
vn 0.000000 -0.290252 0.956950
vn 0.000000 -0.290252 0.956950
vn 0.000000 0.290252 -0.956950
vn 0.000000 -0.097928 0.995194
vn 0.000000 -0.097928 0.995194
vn 0.000000 0.097928 -0.995194
vn 0.000000 0.097942 0.995192
vn 0.000000 0.097942 0.995192
vn 0.000000 -0.097942 -0.995192
vn -0.000000 0.290210 0.956963
vn 0.000000 0.290210 0.956963
vn -0.000000 -0.290210 -0.956963
vn 0.000000 0.471426 0.881906
vn 0.000000 0.471426 0.881906
vn 0.000000 -0.471426 -0.881906
vn 0.000000 0.634451 0.772963
vn 0.000000 0.634451 0.772963
vn -0.000000 -0.634451 -0.772963
vn 0.000000 0.773019 0.634383
vn 0.000000 0.773019 0.634383
vn 0.000000 -0.773019 -0.634383
vn -0.000000 0.881908 0.471421
vn 0.000000 0.881908 0.471421
vn -0.000000 -0.881908 -0.471421
vn -0.000000 0.956922 0.290344
vn 0.000000 0.956922 0.290344
vn 0.000000 -0.956922 -0.290344
vn -1.000000 -0.000000 -0.000000
vn -1.000000 -0.000000 0.000000
vn -1.000000 0.000000 0.000000
vn -1.000000 -0.000000 -0.000000
vn -1.000000 -0.000000 -0.000000
vn -1.000000 0.000000 -0.000000
vn -1.000000 0.000000 0.000000
vn -1.000000 0.000000 0.000000
vn -1.000000 -0.000000 -0.000000
vn -1.000000 -0.000000 0.000000
vn -1.000000 0.000000 0.000000
vn -1.000000 0.000000 0.000000
vn -1.000000 0.000000 0.000000
vn -1.000000 0.000000 0.000000
vn -1.000000 0.000000 0.000000
vn -1.000000 0.000000 0.000000
vn -1.000000 -0.000000 0.000000
vn -1.000000 -0.000000 0.000000
vn -1.000000 -0.000000 0.000000
vn -1.000000 -0.000000 0.000000
vn -1.000000 0.000000 0.000000
vn -1.000000 0.000000 0.000000
vn -1.000000 0.000000 0.000000
vn -1.000000 0.000000 0.000000
vn -1.000000 0.000000 0.000000
vn -1.000000 0.000000 -0.000000
vn -1.000000 0.000000 -0.000000
vn -1.000000 0.000000 -0.000000
vn -1.000000 -0.000000 0.000000
vn -1.000000 -0.000000 0.000000
vn -1.000000 0.000000 -0.000000
vn -1.000000 0.000000 0.000000
vn -1.000000 0.000000 0.000000
vn -1.000000 0.000000 0.000000
vn -1.000000 -0.000000 0.000000
vn -1.000000 -0.000000 0.000000
vn -1.000000 0.000000 -0.000000
vn -1.000000 0.000000 -0.000000
vn -1.000000 -0.000000 0.000000
vn -1.000000 0.000000 0.000000
vn -1.000000 0.000000 -0.000000
vn -1.000000 -0.000000 0.000000
vn -1.000000 -0.000000 0.000000
vn -1.000000 0.000000 0.000000
vn -1.000000 0.000000 0.000000
vn -1.000000 0.000000 0.000000
vn -1.000000 0.000000 0.000000
vn -1.000000 0.000000 0.000000
vn -1.000000 0.000000 0.000000
vn -1.000000 0.000000 0.000000
vn -1.000000 0.000000 0.000000
vn -1.000000 0.000000 0.000000
vn -1.000000 0.000000 -0.000000
vn -1.000000 0.000000 -0.000000
vn -1.000000 0.000000 -0.000000
vn -1.000000 0.000000 -0.000000
vn -1.000000 -0.000000 -0.000000
vn -1.000000 0.000000 -0.000000
vn -1.000000 -0.000000 -0.000000
vn -1.000000 0.000000 0.000000
vn -1.000000 0.000000 0.000000
vn -1.000000 -0.000000 -0.000000
vn 0.000000 0.995193 0.097930
vn 0.000000 0.995193 -0.097928
vn 0.000000 0.956909 -0.290388
vn 1.000000 0.000000 0.000000
vn 1.000000 0.000000 0.000000
vn 1.000000 0.000000 0.000000
vn 1.000000 0.000000 0.000000
vn 1.000000 -0.000000 0.000000
vn 1.000000 0.000000 0.000000
vn 1.000000 0.000000 0.000000
vn 1.000000 0.000000 -0.000000
vn 1.000000 -0.000000 -0.000000
vn 1.000000 0.000000 0.000000
vn 1.000000 -0.000000 0.000000
vn 1.000000 -0.000000 0.000000
vn 1.000000 0.000000 0.000000
vn 1.000000 0.000000 0.000000
vn 1.000000 -0.000000 -0.000000
vn 1.000000 -0.000000 0.000000
vn 1.000000 -0.000000 0.000000
vn 1.000000 -0.000000 0.000000
vn 1.000000 -0.000000 -0.000000
vn 1.000000 -0.000000 -0.000000
vn 1.000000 -0.000000 -0.000000
vn 1.000000 0.000000 -0.000000
vn 1.000000 0.000000 -0.000000
vn 1.000000 0.000000 -0.000000
vn 1.000000 0.000000 -0.000000
vn 1.000000 0.000000 0.000000
vn 1.000000 0.000000 0.000000
vn 1.000000 0.000000 -0.000000
vn 1.000000 0.000000 -0.000000
vn 1.000000 -0.000000 -0.000000
vn 1.000000 -0.000000 0.000000
vn 1.000000 -0.000000 0.000000
vn 1.000000 -0.000000 0.000000
vn 1.000000 0.000000 0.000000
vn 1.000000 0.000000 0.000000
vn 1.000000 -0.000000 0.000000
vn 1.000000 -0.000000 -0.000000
vn 1.000000 0.000000 -0.000000
vn 1.000000 0.000000 0.000000
vn 1.000000 0.000000 0.000000
vn 1.000000 0.000000 0.000000
vn 1.000000 0.000000 0.000000
vn 1.000000 0.000000 0.000000
vn 1.000000 0.000000 0.000000
vn 1.000000 0.000000 0.000000
vn 1.000000 0.000000 0.000000
vn 1.000000 0.000000 0.000000
vn 1.000000 0.000000 0.000000
vn 1.000000 0.000000 0.000000
vn 1.000000 0.000000 0.000000
vn 1.000000 0.000000 0.000000
vn 1.000000 0.000000 0.000000
vn 1.000000 0.000000 0.000000
vn 1.000000 0.000000 0.000000
vn 1.000000 0.000000 0.000000
vn 1.000000 0.000000 0.000000
vn 1.000000 0.000000 0.000000
vn 1.000000 0.000000 0.000000
vn 1.000000 0.000000 0.000000
vn 1.000000 0.000000 0.000000
vn 1.000000 0.000000 0.000000
vn 1.000000 0.000000 0.000000
vn 0.000000 0.881908 -0.471421
vn 0.000000 0.773019 -0.634383
vn 0.000000 0.634367 -0.773032
vn 0.000000 0.471536 -0.881847
vn 0.000000 0.290210 -0.956963
vn 0.000000 0.097942 -0.995192
vn -0.000000 -0.097928 -0.995194
vn -0.000000 -0.290252 -0.956950
vn -0.000000 -0.471536 -0.881847
vn -0.000000 -0.634294 -0.773092
vn -0.000000 -0.773019 -0.634383
vn -0.000000 -0.881908 -0.471421
vn -0.000000 -0.956950 -0.290252
vn -0.000000 -0.995193 -0.097928
vn 0.000000 -0.995193 0.097930
vn 0.000000 -0.956952 0.290247
vn 0.000000 -0.881908 0.471421
vn 0.000000 -0.773019 0.634383
vn 0.000000 -0.634294 0.773092
vn 0.000000 -0.471412 0.881913
vn 0.000000 -0.290398 0.956906
vn 0.000000 -0.097928 0.995194
vn 0.000000 0.097942 0.995192
vn 0.000000 0.290356 0.956919
vn 0.000000 0.471412 0.881913
vn 0.000000 0.634367 0.773032
vn 0.000000 0.773019 0.634383
vn 0.000000 0.881908 0.471421
vn 0.000000 0.956910 0.290383
vn 0.000000 0.000000 -1.000000
vn 0.000000 -0.000000 -1.000000
vn 0.000000 -0.000000 -1.000000
vn -0.000000 -0.000000 -1.000000
vn 0.000000 0.000000 -1.000000
vn 0.000000 -0.000000 -1.000000
vn 0.000000 0.000000 -1.000000
vn -0.000000 0.000000 -1.000000
vn -0.000000 0.000000 -1.000000
vn 0.000000 0.000000 -1.000000
vn 0.000000 0.000000 -1.000000
vn -0.000000 0.000000 -1.000000
vn -0.097886 0.995198 0.000000
vn -0.097886 0.995198 0.000000
vn -0.097886 0.995198 0.000000
vn -0.097886 0.995198 0.000000
vn -0.097886 0.995198 0.000000
vn 0.097921 0.995194 0.000000
vn 0.097921 0.995194 0.000000
vn 0.097921 0.995194 0.000000
vn 0.097921 0.995194 0.000000
vn 0.097890 0.995197 -0.000000
vn 0.290339 0.956924 -0.000000
vn 0.290339 0.956924 -0.000000
vn 0.290339 0.956924 0.000000
vn 0.000000 -0.000000 1.000000
vn 0.000000 -0.000000 1.000000
vn 0.000000 -0.000000 1.000000
vn 0.000000 -0.000000 1.000000
vn 0.000000 0.000000 1.000000
vn 0.000000 0.000000 1.000000
vn 0.000000 0.000000 1.000000
vn 0.000000 0.000000 1.000000
vn -0.000000 0.000000 1.000000
vn -0.000000 0.000000 1.000000
vn -0.000000 0.000000 1.000000
vn -0.000000 0.000000 1.000000
vn -0.000000 -0.000000 1.000000
vn -0.000000 -0.000000 1.000000
vn -0.000000 -0.000000 1.000000
vn -0.000000 -0.000000 1.000000
vn 0.000000 -0.000000 1.000000
vn 0.000000 -0.000000 1.000000
vn 0.000000 0.000000 1.000000
vn 0.000000 0.000000 1.000000
vn -0.000000 0.000000 1.000000
vn -0.000000 0.000000 1.000000
vn -0.000000 -0.000000 1.000000
vn -0.000000 -0.000000 1.000000
vn 0.000000 -0.000000 1.000000
vn 0.000000 0.000000 1.000000
vn -0.000000 0.000000 1.000000
vn -0.000000 -0.000000 1.000000
vn 0.000000 0.000000 1.000000
vn 0.471424 0.881907 -0.000000
vn 0.471424 0.881907 -0.000000
vn 0.471556 0.881836 0.000000
vn 0.634433 0.772978 -0.000000
vn 0.634433 0.772978 -0.000000
vn 0.772983 0.634427 -0.000000
vn 0.772983 0.634427 0.000000
vn 0.881898 0.471440 -0.000000
vn 0.881898 0.471440 0.000000
vn 0.957021 0.290018 -0.000000
vn 0.956905 0.290401 -0.000000
vn 0.995164 0.098232 -0.000003
vn 0.786054 0.137005 0.602784
vn 0.995193 0.097935 0.000003
vn 0.995195 0.097918 -0.000000
vn 0.995164 -0.098232 -0.000023
vn 0.995195 -0.097918 0.000000
vn 0.957021 -0.290018 0.000000
vn 0.956969 -0.290191 0.000000
vn 0.956905 -0.290401 0.000000
vn 0.957507 -0.288409 0.000002
vn 0.881824 -0.471578 0.000000
vn 0.881898 -0.471440 0.000000
vn 0.772983 -0.634427 0.000000
vn 0.772983 -0.634427 0.000000
vn 0.634571 -0.772865 -0.000004
vn 0.634476 -0.772942 0.000000
vn 0.634521 -0.772906 0.000000
vn 0.634632 -0.772814 0.000000
vn 0.471334 -0.881955 0.000000
vn 0.471300 -0.881973 -0.000003
vn 0.471363 -0.881939 0.000000
vn 0.471298 -0.881974 0.000000
vn 0.471298 -0.881974 0.000000
vn 0.290241 -0.956954 -0.000002
vn 0.290339 -0.956924 0.000000
vn 0.290280 -0.956942 0.000044
vn 0.097956 -0.995191 0.000000
vn 0.097890 -0.995197 0.000000
vn 0.097956 -0.995191 0.000000
vn -0.097886 -0.995198 0.000000
vn -0.097886 -0.995198 -0.000000
vn -0.097886 -0.995198 0.000000
vn -0.290339 -0.956924 0.000000
vn -0.290438 -0.956894 -0.000000
vn -0.290339 -0.956924 0.000000
vn -0.469741 -0.882804 -0.000000
vn -0.471298 -0.881974 0.000000
vn -0.470455 -0.882424 0.000000
vn -0.471149 -0.882054 -0.000000
vn -0.471298 -0.881974 0.000000
vn -0.635156 -0.772384 -0.000004
vn -0.634632 -0.772814 0.000000
vn -0.634034 -0.773305 0.000000
vn -0.634632 -0.772814 -0.000000
vn -0.771755 -0.635920 -0.000000
vn -0.772829 -0.634614 -0.000005
vn -0.773352 -0.633977 0.000000
vn -0.772827 -0.634617 -0.000000
vn -0.881616 -0.471966 0.000003
vn -0.881824 -0.471578 0.000000
vn -0.883117 -0.469154 0.000000
vn -0.882047 -0.471162 -0.000000
vn -0.956619 -0.291343 -0.000000
vn -0.957021 -0.290018 0.000002
vn -0.957080 -0.289822 0.000000
vn -0.956894 -0.290437 -0.000000
vn -0.995191 -0.097953 -0.000000
vn -0.995198 -0.097878 0.000000
vn -0.995198 -0.097878 -0.000000
vn -0.995209 -0.097766 0.000000
vn -0.995225 0.097606 0.000003
vn -0.995114 0.098733 0.000000
vn -0.995198 0.097878 0.000000
vn -0.956895 0.290433 0.000000
vn -0.957254 0.289248 -0.000017
vn -0.957202 0.289422 0.000000
vn -0.956894 0.290437 0.000000
vn -0.881774 0.471672 0.000000
vn -0.881898 0.471440 0.000000
vn -0.881667 0.471872 0.000000
vn -0.882047 0.471162 0.000000
vn -0.773946 0.633251 0.000000
vn -0.772983 0.634427 0.000000
vn -0.771872 0.635778 0.000000
vn -0.772827 0.634617 0.000000
vn -0.634278 0.773105 0.000000
vn -0.634433 0.772978 0.000000
vn -0.471556 0.881836 0.000000
vn -0.471556 0.881836 0.000000
vn -0.471408 0.881915 0.000000
vn -0.290339 0.956924 0.000000
vn -0.290339 0.956924 0.000000
vn -0.290438 0.956894 0.000000
vn 0.097958 0.995191 0.000000
vn -0.000000 0.000000 -1.000000
vn 0.000000 0.000000 -1.000000
vn 0.000000 -0.000000 -1.000000
vn 0.000000 -0.000000 -1.000000
vn 0.000000 -0.000000 -1.000000
vn 0.000000 -0.000000 -1.000000
vn 0.000000 -0.000000 -1.000000
vn 0.000000 -0.000000 -1.000000
vn 0.000000 -0.000000 -1.000000
vn -0.000000 0.000000 -1.000000
vn -0.000000 0.000000 -1.000000
vn 0.000000 -0.000000 -1.000000
vn 0.000000 -0.000000 -1.000000
vn 0.000000 -0.000000 -1.000000
vn 0.000000 0.000000 -1.000000
vn -0.000000 0.000000 -1.000000
vn -0.000000 0.000000 1.000000
vn -0.000000 0.000000 -1.000000
vn 0.000000 -0.000000 -1.000000
vn 0.000000 -0.000000 -1.000000
vn -0.000000 0.000000 -1.000000
vn -0.000000 0.000000 -1.000000
vn -0.000000 0.000000 -1.000000
vn 0.000000 -0.000000 -1.000000
vn -0.000000 0.000000 -1.000000
vn -0.000000 0.000000 -1.000000
vn 0.000000 0.000000 -1.000000
vn -0.000000 0.000000 -1.000000
vn 0.000000 0.000000 -1.000000
vn 0.000000 -0.000000 -1.000000
vn -0.000000 -0.000000 -1.000000
vn -0.000000 -0.000000 -1.000000
vn -0.000000 -0.000000 -1.000000
vn -0.000000 -0.000000 -1.000000
vn -0.000000 -0.000000 -1.000000
vn -0.000000 -0.000000 -1.000000
vn -0.000000 -0.000000 -1.000000
vn -0.000000 0.000000 -1.000000
vn -0.000000 0.000000 -1.000000
vn -0.000000 0.000000 -1.000000
vn -0.000000 0.000000 -1.000000
vn -0.000000 0.000000 -1.000000
vn -0.000000 0.000000 -1.000000
vn -0.000000 0.000000 -1.000000
vn -0.000000 0.000000 -1.000000
vn 0.000000 0.000000 -1.000000
vn 0.000000 0.000000 -1.000000
vn 0.000000 0.000000 -1.000000
vn 0.000000 0.000000 -1.000000
vn 0.000000 0.000000 -1.000000
vn 0.000000 0.000000 -1.000000
vn 0.000000 0.000000 -1.000000
vn 0.000000 0.000000 -1.000000
vn 0.000000 -0.000000 -1.000000
vn 0.000000 -0.000000 -1.000000
vn 0.000000 0.000000 -1.000000
vn 0.000000 0.000000 -1.000000
vn 0.000000 0.000000 -1.000000
vn 0.000000 0.000000 -1.000000
vn -0.000000 0.000000 -1.000000
vn -0.000000 0.000000 -1.000000
vn -0.000000 0.000000 -1.000000
vn -0.000000 0.000000 -1.000000
vn -0.000000 -0.000000 -1.000000
vn -0.000000 -0.000000 -1.000000
vn -0.000000 -0.000000 -1.000000
vn -0.000000 -0.000000 -1.000000
vn 0.000000 0.000000 -1.000000
vn 0.000000 0.000000 -1.000000
vn -0.000000 -0.000000 -1.000000
vn -0.000000 -0.000000 -1.000000
vn -0.000000 0.000000 -1.000000
vn -0.000000 0.000000 -1.000000
vn 0.000000 0.000000 -1.000000
vn 0.000000 0.000000 -1.000000
vn -0.000000 -0.000000 -1.000000
vn -0.000000 -0.000000 -1.000000
vn 0.000000 0.000000 -1.000000
vn -0.000000 0.000000 -1.000000
vn -0.000000 -0.000000 -1.000000
vn 0.000000 0.000000 -1.000000
vn 0.000000 0.000000 -1.000000
vn 0.000000 0.000000 -1.000000
vn 0.000000 0.000000 -1.000000
vn 0.000000 0.000000 -1.000000
vn 0.000000 0.000000 -1.000000
vn 0.000000 0.000000 -1.000000
vn -0.000000 -0.000000 1.000000
vn -0.000000 -0.000000 -1.000000
vn 0.000000 0.000000 -1.000000
vn 0.000000 0.000000 -1.000000
vn 0.000000 0.000000 -1.000000
vn 0.000000 0.000000 -1.000000
vn 0.000000 0.000000 -1.000000
vn 0.000000 -0.000000 -1.000000
vn 0.000000 -0.000000 1.000000
vn 0.000000 -0.000000 -1.000000
vn 0.000000 0.000000 -1.000000
vn 0.000000 0.000000 -1.000000
vn 0.000000 0.000000 -1.000000
vn 0.000000 0.000000 -1.000000
vn 0.000000 0.000000 -1.000000
vn 0.000000 0.000000 -1.000000
vn 0.000000 0.000000 -1.000000
vn 0.000000 0.000000 -1.000000
vn 0.000000 0.000000 -1.000000
vn -0.097955 0.995191 0.000000
vn -0.097955 0.995191 0.000000
vn 0.097958 0.995191 -0.000000
vn -0.097958 0.995191 0.000000
vn -0.097958 0.995191 0.000000
vn -0.290233 0.956956 0.000000
vn -0.290233 0.956956 0.000000
vn -0.290411 0.956902 0.000000
vn -0.290411 0.956902 0.000000
vn -0.471325 0.881960 0.000000
vn -0.471325 0.881960 0.000000
vn -0.471338 0.881953 0.000000
vn -0.471338 0.881953 0.000000
vn -0.634556 0.772877 0.000000
vn -0.634556 0.772877 0.000000
vn -0.634401 0.773004 0.000000
vn -0.634401 0.773004 0.000000
vn -0.772871 0.634563 0.000000
vn -0.772993 0.634414 0.000001
vn -0.772887 0.634544 0.000000
vn -0.773009 0.634396 0.000000
vn -0.881956 0.471332 0.000000
vn -0.881956 0.471332 0.000000
vn -0.881897 0.471441 0.000000
vn -0.881897 0.471441 0.000000
vn -0.956953 0.290241 0.000000
vn -0.956953 0.290241 0.000000
vn -0.956962 0.290213 0.000000
vn -0.956962 0.290213 0.000000
vn -0.995188 0.097983 0.000000
vn -0.995188 0.097983 0.000000
vn -0.995167 0.098198 0.000000
vn -0.995167 0.098198 0.000000
vn -0.995167 -0.098198 -0.000000
vn -0.995167 -0.098198 -0.000000
vn -0.995188 -0.097983 -0.000000
vn -0.995188 -0.097983 -0.000000
vn -0.956962 -0.290213 -0.000000
vn -0.956962 -0.290213 -0.000000
vn -0.956975 -0.290169 -0.000000
vn -0.956975 -0.290169 -0.000000
vn -0.881840 -0.471550 -0.000000
vn -0.881840 -0.471550 -0.000000
vn -0.881956 -0.471332 -0.000000
vn -0.881956 -0.471332 -0.000000
vn -0.773009 -0.634396 -0.000000
vn -0.772887 -0.634544 0.000001
vn -0.773098 -0.634286 -0.000000
vn -0.772976 -0.634435 -0.000000
vn -0.634401 -0.773004 -0.000000
vn -0.634401 -0.773004 -0.000000
vn -0.634400 -0.773005 -0.000000
vn -0.634400 -0.773005 -0.000000
vn -0.471338 -0.881953 -0.000000
vn -0.471338 -0.881953 -0.000000
vn -0.471527 -0.881852 -0.000000
vn -0.471527 -0.881852 -0.000000
vn -0.290173 -0.956974 -0.000000
vn -0.290173 -0.956974 -0.000000
vn -0.290233 -0.956956 -0.000000
vn -0.290233 -0.956956 -0.000000
vn -0.097958 -0.995191 -0.000000
vn -0.097958 -0.995191 -0.000000
vn -0.098212 -0.995165 -0.000000
vn -0.098212 -0.995165 -0.000000
vn 0.098215 -0.995165 0.000000
vn 0.098215 -0.995165 0.000000
vn 0.097955 -0.995191 0.000000
vn 0.097955 -0.995191 0.000000
vn 0.290242 -0.956953 0.000000
vn 0.290242 -0.956953 0.000000
vn 0.290164 -0.956977 0.000000
vn 0.290164 -0.956977 0.000000
vn 0.471540 -0.881845 0.000000
vn 0.471540 -0.881845 0.000000
vn 0.471325 -0.881960 0.000000
vn 0.471325 -0.881960 0.000000
vn 0.634400 -0.773005 0.000000
vn 0.634400 -0.773005 0.000000
vn 0.634401 -0.773004 0.000000
vn 0.634401 -0.773004 0.000000
vn 0.772992 -0.634416 0.000000
vn 0.772992 -0.634416 0.000000
vn 0.773009 -0.634396 0.000000
vn 0.773009 -0.634396 0.000000
vn 0.881956 -0.471332 0.000000
vn 0.881956 -0.471332 0.000000
vn 0.881840 -0.471550 -0.000002
vn 0.881956 -0.471332 0.000000
vn 0.956898 -0.290425 0.000000
vn 0.956975 -0.290169 0.000000
vn 0.956953 -0.290241 0.000000
vn 0.956953 -0.290241 0.000000
vn 0.995191 -0.097952 0.000000
vn 0.995191 -0.097952 0.000000
vn 0.995167 -0.098198 0.000000
vn 0.995167 -0.098198 0.000000
vn 0.995167 0.098198 0.000000
vn 0.995167 0.098198 0.000000
vn 0.995191 0.097952 0.000000
vn 0.995191 0.097952 0.000000
vn 0.956953 0.290241 0.000000
vn 0.956953 0.290241 -0.000000
vn 0.956953 0.290241 -0.000002
vn 0.956876 0.290497 0.000000
vn 0.882014 0.471224 0.000000
vn 0.881897 0.471441 0.000000
vn 0.881956 0.471332 0.000000
vn 0.881956 0.471332 0.000000
vn 0.773009 0.634396 0.000000
vn 0.773009 0.634396 0.000000
vn 0.772887 0.634544 0.000000
vn 0.772887 0.634544 0.000000
vn 0.634401 0.773004 0.000000
vn 0.634401 0.773004 0.000000
vn 0.634556 0.772877 0.000000
vn 0.634556 0.772877 0.000000
vn 0.471325 0.881960 0.000000
vn 0.471325 0.881960 0.000000
vn 0.471338 0.881953 0.000000
vn 0.471338 0.881953 0.000000
vn 0.290402 0.956905 0.000000
vn 0.290402 0.956905 0.000000
vn 0.290242 0.956953 0.000000
vn 0.290242 0.956953 0.000000
vn 0.097955 0.995191 0.000000
vn 0.097955 0.995191 0.000000
vn 0.000000 -0.000000 1.000000
vn -0.000000 0.000000 1.000000
vn -0.000000 0.000000 1.000000
vn -0.000000 0.000000 1.000000
vn -0.000000 0.000000 1.000000
vn -0.000000 0.000000 1.000000
vn -0.000000 0.000000 1.000000
vn -0.000000 0.000000 1.000000
vn -0.000000 0.000000 1.000000
vn 0.000000 0.000000 1.000000
vn 0.000000 -0.000000 1.000000
vn -0.000000 0.000000 1.000000
vn -0.000000 0.000000 1.000000
vn -0.000000 0.000000 1.000000
vn -0.000000 0.000000 1.000000
vn 0.000000 -0.000000 1.000000
vn 0.000000 -0.000000 1.000000
vn -0.000000 0.000000 1.000000
vn -0.000000 0.000000 1.000000
vn 0.000000 -0.000000 1.000000
vn 0.000000 -0.000000 1.000000
vn 0.000000 -0.000000 1.000000
vn -0.000000 0.000000 1.000000
vn 0.000000 -0.000000 1.000000
vn 0.000000 -0.000000 1.000000
vn 0.000000 0.000000 1.000000
vn 0.000000 -0.000000 1.000000
vn 0.000000 0.000000 -1.000000
vn -0.000000 0.000000 1.000000
vn 0.000000 0.000000 1.000000
vn 0.000000 0.000000 1.000000
vn 0.000000 0.000000 1.000000
vn 0.000000 0.000000 1.000000
vn -0.000000 -0.000000 1.000000
vn -0.000000 -0.000000 1.000000
vn -0.000000 -0.000000 1.000000
vn -0.000000 -0.000000 1.000000
vn -0.000000 -0.000000 1.000000
vn -0.000000 -0.000000 1.000000
vn -0.000000 -0.000000 1.000000
vn 0.000000 -0.000000 1.000000
vn 0.000000 -0.000000 1.000000
vn 0.000000 -0.000000 1.000000
vn 0.000000 -0.000000 1.000000
vn 0.000000 -0.000000 1.000000
vn 0.000000 -0.000000 1.000000
vn 0.000000 -0.000000 1.000000
vn 0.000000 -0.000000 1.000000
vn 0.000000 0.000000 1.000000
vn 0.000000 0.000000 1.000000
vn 0.000000 0.000000 1.000000
vn 0.000000 0.000000 1.000000
vn 0.000000 0.000000 1.000000
vn 0.000000 0.000000 1.000000
vn 0.000000 0.000000 1.000000
vn 0.000000 0.000000 1.000000
vn 0.000000 0.000000 1.000000
vn -0.000000 0.000000 1.000000
vn -0.000000 -0.000000 1.000000
vn 0.000000 0.000000 1.000000
vn 0.000000 0.000000 1.000000
vn 0.000000 0.000000 1.000000
vn 0.000000 0.000000 1.000000
vn 0.000000 -0.000000 1.000000
vn 0.000000 -0.000000 1.000000
vn 0.000000 -0.000000 1.000000
vn 0.000000 -0.000000 1.000000
vn 0.000000 -0.000000 1.000000
vn -0.000000 -0.000000 1.000000
vn -0.000000 -0.000000 1.000000
vn -0.000000 -0.000000 1.000000
vn 0.000000 0.000000 1.000000
vn 0.000000 0.000000 1.000000
vn -0.000000 -0.000000 1.000000
vn -0.000000 -0.000000 1.000000
vn 0.000000 -0.000000 1.000000
vn 0.000000 -0.000000 1.000000
vn 0.000000 0.000000 1.000000
vn 0.000000 0.000000 1.000000
vn -0.000000 -0.000000 1.000000
vn -0.000000 -0.000000 1.000000
vn 0.000000 0.000000 1.000000
vn 0.000000 -0.000000 1.000000
vn -0.000000 -0.000000 1.000000
vn 0.000000 0.000000 1.000000
vn 0.000000 0.000000 1.000000
vn 0.000000 0.000000 1.000000
vn 0.000000 0.000000 1.000000
vn 0.000000 0.000000 1.000000
vn 0.000000 0.000000 1.000000
vn 0.000000 0.000000 1.000000
vn 0.000000 0.000000 1.000000
vn 0.000000 0.000000 1.000000
vn 0.000000 0.000000 1.000000
vn -0.000000 0.000000 1.000000
vn -0.000000 0.000000 1.000000
vn 0.000000 0.000000 1.000000
vn -0.000000 0.000000 1.000000
vn 0.000000 0.000000 1.000000
vn 0.000000 0.000000 1.000000
vn -0.000000 0.000000 1.000000
vn -0.000000 0.000000 1.000000
vn 0.000000 0.000000 1.000000
vn 0.000000 0.000000 1.000000
vn -0.000000 0.000000 1.000000
vn 0.000000 0.000000 1.000000
vn 0.000000 -1.000000 0.000000
vn 0.000000 -1.000000 0.000000
vn -0.000000 1.000000 0.000000
vn -0.000000 1.000000 0.000000
vn 0.000000 0.000000 -1.000000
vn -1.000000 -0.000000 -0.000000
vn 1.000000 0.000000 -0.000000
vn -1.000000 -0.000000 -0.000000
vn 1.000000 0.000000 -0.000000
vn 0.000000 0.000000 1.000000
vn 0.000000 0.000000 -1.000000
vn 0.000000 0.000000 1.000000

f 1285/1/1 1287/2/1 1281/3/1
f 1294/4/2 1296/5/2 1290/6/2
f 1300/7/3 1299/8/3 1297/9/3
f 198/10/4 1301/11/4 845/12/4
f 1304/13/5 1303/14/5 1297/15/5
f 1307/16/6 1306/17/6 1303/18/6
f 1305/19/7 848/20/7 847/21/7
f 849/22/8 846/23/8 404/24/8
f 1332/25/9 1309/26/9 1324/27/9
f 1343/28/10 468/29/10 1306/30/10
f 1308/31/11 847/32/11 851/33/11
f 852/34/12 849/35/12 419/36/12
f 1345/37/13 474/38/13 468/39/13
f 1344/40/14 851/41/14 850/42/14
f 842/43/15 852/44/15 481/45/15
f 1345/46/16 1347/47/16 513/48/16
f 1346/49/17 850/50/17 853/51/17
f 1347/52/18 1349/53/18 522/54/18
f 1348/55/19 853/56/19 854/57/19
f 1349/58/20 1351/59/20 1315/60/20
f 1350/61/21 854/62/21 1355/63/21
f 1352/64/22 1358/65/22 1317/66/22
f 1354/67/23 1356/68/23 1366/69/23
f 1362/70/24 1319/71/24 533/72/24
f 1370/73/25 1361/74/25 1364/75/25
f 1363/76/26 1372/77/26 556/78/26
f 1373/79/27 1371/80/27 1368/81/27
f 1372/82/28 1374/83/28 561/84/28
f 1375/85/29 1373/86/29 858/87/29
f 1374/88/30 1376/89/30 564/90/30
f 1377/91/31 1375/92/31 859/93/31
f 1378/94/32 582/95/32 564/96/32
f 572/97/33 862/98/33 841/99/33
f 1379/100/34 1377/101/34 860/102/34
f 1380/103/35 587/104/35 582/105/35
f 577/106/36 863/107/36 862/108/36
f 1381/109/37 1379/110/37 861/111/37
f 1380/112/38 1382/113/38 588/114/38
f 595/115/39 866/116/39 863/117/39
f 1383/118/40 1381/119/40 864/120/40
f 1384/121/41 592/122/41 588/123/41
f 597/124/42 867/125/42 866/126/42
f 1385/127/43 1383/128/43 865/129/43
f 1384/130/44 1386/131/44 602/132/44
f 597/133/45 599/134/45 869/135/45
f 1385/136/46 867/137/46 868/138/46
f 1388/139/47 604/140/47 602/141/47
f 599/142/48 601/143/48 871/144/48
f 1387/145/49 868/146/49 870/147/49
f 1390/148/50 606/149/50 604/150/50
f 601/151/51 611/152/51 873/153/51
f 1389/154/52 870/155/52 872/156/52
f 1392/157/53 609/158/53 606/159/53
f 611/160/54 844/161/54 873/162/54
f 1391/163/55 872/164/55 874/165/55
f 1394/166/56 615/167/56 609/168/56
f 1393/169/57 874/170/57 875/171/57
f 1396/172/58 618/173/58 615/174/58
f 1395/175/59 875/176/59 876/177/59
f 1334/178/60 1396/179/60 1398/180/60
f 1397/181/61 876/182/61 1403/183/61
f 1406/184/62 1336/185/62 620/186/62
f 1402/187/63 1404/188/63 1408/189/63
f 1413/190/64 1338/191/64 622/192/64
f 1410/193/65 1417/194/65 1420/195/65
f 1421/196/66 630/197/66 628/198/66
f 1418/199/67 880/200/67 1422/201/67
f 1423/202/68 632/203/68 630/204/68
f 880/205/69 881/206/69 1424/207/69
f 1425/208/70 633/209/70 632/210/70
f 881/211/71 882/212/71 1426/213/71
f 1427/214/72 641/215/72 633/216/72
f 882/217/73 884/218/73 1428/219/73
f 843/220/74 638/221/74 883/222/74
f 1429/223/75 643/224/75 641/225/75
f 884/226/76 885/227/76 1430/228/76
f 639/229/77 886/230/77 883/231/77
f 1300/232/78 1298/233/78 643/234/78
f 885/235/79 888/236/79 1302/237/79
f 309/238/80 887/239/80 886/240/80
f 650/241/81 774/242/81 1432/243/81
f 653/244/82 773/245/82 1434/246/82
f 1435/247/83 656/248/83 772/249/83
f 659/250/84 771/251/84 1438/252/84
f 662/253/85 770/254/85 1440/255/85
f 665/256/86 769/257/86 1442/258/86
f 1446/259/87 768/260/87 1445/261/87
f 1450/262/88 767/263/88 1449/264/88
f 1454/265/89 766/266/89 1453/267/89
f 677/268/90 765/269/90 1456/270/90
f 680/271/91 764/272/91 1458/273/91
f 683/274/92 763/275/92 1460/276/92
f 686/277/93 762/278/93 1462/279/93
f 689/280/94 761/281/94 1464/282/94
f 692/283/95 760/284/95 1466/285/95
f 695/286/96 759/287/96 1468/288/96
f 698/289/97 758/290/97 1470/291/97
f 701/292/98 757/293/98 1472/294/98
f 704/295/99 756/296/99 1474/297/99
f 707/298/100 755/299/100 1476/300/100
f 710/301/101 754/302/101 1478/303/101
f 713/304/102 753/305/102 1480/306/102
f 1484/307/103 752/308/103 1483/309/103
f 1488/310/104 751/311/104 1487/312/104
f 1492/313/105 750/314/105 1491/315/105
f 725/316/106 749/317/106 1494/318/106
f 728/319/107 748/320/107 1496/321/107
f 731/322/108 747/323/108 1498/324/108
f 734/325/109 746/326/109 1500/327/109
f 737/328/110 745/329/110 1502/330/110
f 799/331/111 797/332/111 700/333/111
f 831/334/112 670/335/112 833/336/112
f 740/337/113 744/338/113 739/339/113
f 649/340/114 743/341/114 742/342/114
f 786/343/115 788/344/115 1508/345/115
f 1527/346/116 820/347/116 1525/348/116
f 71/349/117 741/350/117 743/351/117
f 741/352/118 644/353/118 740/354/118
f 743/355/119 740/356/119 646/357/119
f 644/358/120 738/359/120 744/360/120
f 738/361/121 640/362/121 737/363/121
f 744/364/122 737/365/122 1501/366/122
f 640/367/123 735/368/123 745/369/123
f 735/370/124 636/371/124 734/372/124
f 745/373/125 734/374/125 1499/375/125
f 636/376/126 732/377/126 746/378/126
f 732/379/127 634/380/127 731/381/127
f 746/382/128 731/383/128 1497/384/128
f 634/385/129 729/386/129 747/387/129
f 729/388/130 629/389/130 728/390/130
f 747/391/131 728/392/131 1495/393/131
f 728/394/132 629/395/132 726/396/132
f 726/397/133 626/398/133 725/399/133
f 1496/400/134 748/401/134 725/402/134
f 626/403/135 723/404/135 749/405/135
f 723/406/136 1548/407/136 722/408/136
f 749/409/137 722/410/137 625/411/137
f 624/412/138 720/413/138 750/414/138
f 750/415/139 720/416/139 1545/417/139
f 750/418/140 719/419/140 623/420/140
f 621/421/141 717/422/141 751/423/141
f 717/424/142 1542/425/142 716/426/142
f 751/427/143 716/428/143 619/429/143
f 617/430/144 714/431/144 752/432/144
f 714/433/145 614/434/145 713/435/145
f 752/436/146 713/437/146 1479/438/146
f 614/439/147 711/440/147 753/441/147
f 753/442/148 711/443/148 612/444/148
f 753/445/149 710/446/149 1477/447/149
f 612/448/150 708/449/150 754/450/150
f 708/451/151 608/452/151 707/453/151
f 754/454/152 707/455/152 1475/456/152
f 608/457/153 705/458/153 755/459/153
f 705/460/154 605/461/154 704/462/154
f 755/463/155 704/464/155 1473/465/155
f 605/466/156 702/467/156 756/468/156
f 702/469/157 600/470/157 701/471/157
f 756/472/158 701/473/158 1471/474/158
f 600/475/159 699/476/159 757/477/159
f 699/478/160 596/479/160 698/480/160
f 757/481/161 698/482/161 1469/483/161
f 596/484/162 696/485/162 758/486/162
f 696/487/163 593/488/163 695/489/163
f 758/490/164 695/491/164 1467/492/164
f 593/493/165 693/494/165 759/495/165
f 693/496/166 584/497/166 692/498/166
f 759/499/167 692/500/167 1465/501/167
f 584/502/168 690/503/168 760/504/168
f 690/505/169 578/506/169 689/507/169
f 760/508/170 689/509/170 1463/510/170
f 578/511/171 687/512/171 761/513/171
f 687/514/172 570/515/172 686/516/172
f 761/517/173 686/518/173 1461/519/173
f 570/520/174 684/521/174 762/522/174
f 684/523/175 562/524/175 683/525/175
f 762/526/176 683/527/176 1459/528/176
f 562/529/177 681/530/177 763/531/177
f 681/532/178 554/533/178 680/534/178
f 763/535/179 680/536/179 1457/537/179
f 554/538/180 678/539/180 764/540/180
f 678/541/181 548/542/181 677/543/181
f 764/544/182 677/545/182 1455/546/182
f 548/547/183 675/548/183 765/549/183
f 675/550/184 1564/551/184 674/552/184
f 765/553/185 674/554/185 545/555/185
f 542/556/186 672/557/186 766/558/186
f 672/559/187 1561/560/187 671/561/187
f 766/562/188 671/563/188 539/564/188
f 535/565/189 669/566/189 767/567/189
f 669/568/190 1524/569/190 668/570/190
f 767/571/191 668/572/191 530/573/191
f 515/574/192 666/575/192 768/576/192
f 666/577/193 504/578/193 665/579/193
f 768/580/194 665/581/194 1441/582/194
f 504/583/195 663/584/195 769/585/195
f 663/586/196 491/587/196 662/588/196
f 769/589/197 662/590/197 1439/591/197
f 491/592/198 660/593/198 770/594/198
f 660/595/199 477/596/199 659/597/199
f 770/598/200 659/599/200 1437/600/200
f 477/601/201 657/602/201 771/603/201
f 657/604/202 456/605/202 656/606/202
f 771/607/203 656/608/203 1435/609/203
f 456/610/204 654/611/204 772/612/204
f 654/613/205 429/614/205 653/615/205
f 772/616/206 653/617/206 1433/618/206
f 429/619/207 651/620/207 773/621/207
f 651/622/208 366/623/208 650/624/208
f 773/625/209 650/626/209 1431/627/209
f 366/628/210 647/629/210 774/630/210
f 647/631/211 71/632/211 649/633/211
f 774/634/212 649/635/212 268/636/212
f 1605/637/213 1578/638/213 1597/639/213
f 1617/640/214 1616/641/214 848/642/214
f 1618/643/215 1140/644/215 1141/645/215
f 1621/646/216 1620/647/216 1142/648/216
f 1625/649/217 1622/650/217 1623/651/217
f 1626/652/218 128/653/218 52/654/218
f 1629/655/219 845/656/219 888/657/219
f 1617/658/220 845/659/220 846/660/220
f 1621/661/221 1140/662/221 1144/663/221
f 1618/664/222 1632/665/222 1143/666/222
f 1634/667/223 1633/668/223 1622/669/223
f 1627/670/224 52/671/224 300/672/224
f 1629/673/225 1636/674/225 887/675/225
f 1630/676/226 846/677/226 849/678/226
f 1631/679/227 1144/680/227 1146/681/227
f 1632/682/228 1639/683/228 1145/684/228
f 1641/685/229 1640/686/229 1633/687/229
f 1635/688/230 300/689/230 356/690/230
f 1636/691/231 1643/692/231 886/693/231
f 1667/694/232 1644/695/232 1659/696/232
f 1678/697/233 849/698/233 1691/699/233
f 1638/700/234 1146/701/234 1148/702/234
f 1639/703/235 1680/704/235 1147/705/235
f 1681/706/236 411/707/236 1640/708/236
f 435/709/237 1683/710/237 1642/711/237
f 883/712/238 1643/713/238 1684/714/238
f 1683/715/239 435/716/239 438/717/239
f 1689/718/240 1687/719/240 1686/720/240
f 1690/721/241 427/722/241 411/723/241
f 1694/724/242 1692/725/242 843/726/242
f 1689/727/243 1688/728/243 1695/729/243
f 1690/730/244 1697/731/244 454/732/244
f 1692/733/245 1694/734/245 1698/735/245
f 1685/736/246 438/737/246 443/738/246
f 1699/739/247 1698/740/247 1701/741/247
f 1696/742/248 1695/743/248 1703/744/248
f 1705/745/249 462/746/249 454/747/249
f 1700/748/250 443/749/250 451/750/250
f 1702/751/251 1701/752/251 1707/753/251
f 1704/754/252 1703/755/252 1711/756/252
f 1705/757/253 1715/758/253 1651/759/253
f 1706/760/254 451/761/254 1613/762/254
f 1710/763/255 1708/764/255 1719/765/255
f 1714/766/256 1712/767/256 1723/768/256
f 1716/769/257 1727/770/257 1653/771/257
f 1718/772/258 479/773/258 1611/774/258
f 1722/775/259 1720/776/259 1731/777/259
f 1726/778/260 1724/779/260 1735/780/260
f 1728/781/261 1739/782/261 1655/783/261
f 1730/784/262 483/785/262 1609/786/262
f 1734/787/263 1732/788/263 1743/789/263
f 1738/790/264 1736/791/264 1745/792/264
f 1740/793/265 1747/794/265 498/795/265
f 1742/796/266 487/797/266 490/798/266
f 1744/799/267 1743/800/267 1749/801/267
f 1746/802/268 1745/803/268 1751/804/268
f 1747/805/269 1753/806/269 499/807/269
f 1748/808/270 490/809/270 505/810/270
f 1752/811/271 1751/812/271 1755/813/271
f 1757/814/272 502/815/272 499/816/272
f 1750/817/273 1749/818/273 1758/819/273
f 1754/820/274 505/821/274 507/822/274
f 2119/823/275 1769/824/275 1756/825/275
f 1767/826/276 1764/827/276 1762/828/276
f 1757/829/277 1772/830/277 519/831/277
f 1759/832/278 1758/833/278 841/834/278
f 512/835/279 1941/836/279 1760/837/279
f 1776/838/280 2531/839/280 1151/840/280
f 1152/841/281 2533/842/281 1777/843/281
f 2532/844/282 2534/845/282 1770/846/282
f 1772/847/283 1778/848/283 525/849/283
f 862/850/284 863/851/284 1782/852/284
f 517/853/285 2535/854/285 1941/855/285
f 2536/856/286 871/857/286 873/858/286
f 2533/859/287 2537/860/287 1779/861/287
f 1780/862/288 2539/863/288 2531/864/288
f 2540/865/289 2538/866/289 2534/867/289
f 1781/868/290 527/869/290 525/870/290
f 1783/871/291 1782/872/291 863/873/291
f 2535/874/292 517/875/292 537/876/292
f 871/877/293 2536/878/293 1790/879/293
f 1784/880/294 537/881/294 538/882/294
f 1787/883/295 1161/884/295 1786/885/295
f 2538/886/296 2540/887/296 2542/888/296
f 1781/889/297 1788/890/297 531/891/297
f 867/892/298 1791/893/298 1789/894/298
f 1786/895/299 2541/896/299 1787/897/299
f 1788/898/300 1794/899/300 543/900/300
f 867/901/301 1796/902/301 1795/903/301
f 1785/904/302 538/905/302 540/906/302
f 1162/907/303 1159/908/303 1793/909/303
f 1792/910/304 1160/911/304 1163/912/304
f 1800/913/305 544/914/305 543/915/305
f 864/916/306 1801/917/306 1796/918/306
f 1797/919/307 540/920/307 541/921/307
f 870/922/308 868/923/308 1795/924/308
f 1164/925/309 1162/926/309 1798/927/309
f 1799/928/310 1163/929/310 1165/930/310
f 1806/931/311 546/932/311 544/933/311
f 1801/934/312 864/935/312 861/936/312
f 541/937/313 1808/938/313 1807/939/313
f 872/940/314 1803/941/314 1809/942/314
f 1167/943/315 1164/944/315 1804/945/315
f 1805/946/316 1165/947/316 1168/948/316
f 1813/949/317 547/950/317 546/951/317
f 1814/952/318 861/953/318 860/954/318
f 549/955/319 1817/956/319 1816/957/319
f 874/958/320 1810/959/320 1818/960/320
f 1166/961/321 1167/962/321 1811/963/321
f 1812/964/322 1168/965/322 1170/966/322
f 1822/967/323 557/968/323 547/969/323
f 1815/970/324 860/971/324 859/972/324
f 553/973/325 2545/974/325 1817/975/325
f 1819/976/326 2546/977/326 875/978/326
f 1171/979/327 1166/980/327 1820/981/327
f 1821/982/328 1170/983/328 1169/984/328
f 1822/985/329 1825/986/329 559/987/329
f 2544/988/330 859/989/330 858/990/330
f 1841/991/331 2545/992/331 553/993/331
f 2546/994/332 1842/995/332 876/996/332
f 1826/997/333 1829/998/333 1823/999/333
f 1824/1000/334 1169/1001/334 1834/1002/334
f 1825/1003/335 1837/1004/335 1670/1005/335
f 2547/1006/336 858/1007/336 1369/1008/336
f 1839/1009/337 1841/1010/337 555/1011/337
f 1842/1012/338 1843/1013/338 1405/1014/338
f 1828/1015/339 1845/1016/339 1862/1017/339
f 1833/1018/340 1835/1019/340 1849/1020/340
f 1852/1021/341 1672/1022/341 560/1023/341
f 1856/1024/342 857/1025/342 1365/1026/342
f 1844/1027/343 1858/1028/343 1409/1029/343
f 1840/1030/344 565/1031/344 1592/1032/344
f 2553/1033/345 2550/1034/345 2548/1035/345
f 1863/1036/346 1846/1037/346 1867/1038/346
f 2555/1039/347 2554/1040/347 1867/1041/347
f 2553/1042/348 1848/1043/348 1850/1044/348
f 563/1045/349 1853/1046/349 1868/1047/349
f 2556/1048/350 1855/1049/350 856/1050/350
f 1870/1051/351 1861/1052/351 566/1053/351
f 2558/1054/352 1419/1055/352 878/1056/352
f 1875/1057/353 2549/1058/353 2551/1059/353
f 1872/1060/354 1181/1061/354 2560/1062/354
f 571/1063/355 1869/1064/355 1878/1065/355
f 1873/1066/356 2557/1067/356 855/1068/356
f 2562/1069/357 1871/1070/357 568/1071/357
f 1880/1072/358 880/1073/358 879/1074/358
f 1874/1075/359 1873/1076/359 854/1077/359
f 1876/1078/360 1875/1079/360 1182/1080/360
f 1877/1081/361 1183/1082/361 1181/1083/361
f 1878/1084/362 1879/1085/362 575/1086/362
f 1886/1087/363 2562/1088/363 569/1089/363
f 1881/1090/364 881/1091/364 880/1092/364
f 1882/1093/365 1185/1094/365 1183/1095/365
f 1883/1096/366 1876/1097/366 1184/1098/366
f 1884/1099/367 576/1100/367 575/1101/367
f 2563/1102/368 853/1103/368 1891/1104/368
f 1885/1105/369 882/1106/369 881/1107/369
f 1886/1108/370 579/1109/370 580/1110/370
f 1888/1111/371 1187/1112/371 1185/1113/371
f 1889/1114/372 1883/1115/372 1186/1116/372
f 1884/1117/373 1890/1118/373 586/1119/373
f 1892/1120/374 1891/1121/374 850/1122/374
f 580/1123/375 1894/1124/375 1893/1125/375
f 1980/1126/376 884/1127/376 1885/1128/376
f 1901/1129/377 1892/1130/377 851/1131/377
f 1896/1132/378 1188/1133/378 1187/1134/378
f 1897/1135/379 1889/1136/379 1190/1137/379
f 1890/1138/380 1898/1139/380 589/1140/380
f 1895/1141/381 1584/1142/381 959/1143/381
f 1899/1144/382 885/1145/382 1981/1146/382
f 1616/1147/383 1901/1148/383 847/1149/383
f 1619/1150/384 1141/1151/384 1188/1152/384
f 1620/1153/385 1897/1154/385 1189/1155/385
f 1624/1156/386 1623/1157/386 589/1158/386
f 1626/1159/387 961/1160/387 585/1161/387
f 1628/1162/388 888/1163/388 885/1164/388
f 936/1165/389 940/1166/389 1909/1167/389
f 901/1168/390 903/1169/390 1933/1170/390
f 107/1171/391 25/1172/391 1942/1173/391
f 25/1174/392 171/1175/392 1944/1176/392
f 171/1177/393 232/1178/393 1945/1179/393
f 912/1180/394 1961/1181/394 914/1182/394
f 952/1183/395 1969/1184/395 953/1185/395
f 232/1186/396 363/1187/396 326/1188/396
f 363/1189/397 375/1190/397 346/1191/397
f 375/1192/398 385/1193/398 402/1194/398
f 385/1195/399 395/1196/399 408/1197/399
f 395/1198/400 1927/1199/400 1952/1200/400
f 425/1201/401 1925/1202/401 1954/1203/401
f 431/1204/402 1923/1205/402 1956/1206/402
f 432/1207/403 436/1208/403 441/1209/403
f 436/1210/404 452/1211/404 445/1212/404
f 452/1213/405 453/1214/405 449/1215/405
f 453/1216/406 459/1217/406 464/1218/406
f 459/1219/407 460/1220/407 466/1221/407
f 460/1222/408 475/1223/408 471/1224/408
f 475/1225/409 478/1226/409 473/1227/409
f 478/1228/410 480/1229/410 484/1230/410
f 480/1231/411 482/1232/411 486/1233/411
f 482/1234/412 492/1235/412 488/1236/412
f 492/1237/413 493/1238/413 489/1239/413
f 493/1240/414 496/1241/414 500/1242/414
f 496/1243/415 497/1244/415 501/1245/415
f 497/1246/416 1908/1247/416 1971/1248/416
f 508/1249/417 1904/1250/417 1973/1251/417
f 509/1252/418 1906/1253/418 1975/1254/418
f 511/1255/419 514/1256/419 518/1257/419
f 514/1258/420 523/1259/420 520/1260/420
f 523/1261/421 526/1262/421 521/1263/421
f 526/1264/422 528/1265/422 532/1266/422
f 528/1267/423 529/1268/423 534/1269/423
f 529/1270/424 107/1271/424 1943/1272/424
f 1986/1273/425 1988/1274/425 1984/1275/425
f 1995/1276/426 1997/1277/426 1993/1278/426
f 2000/1279/427 2568/1280/427 16/1281/427
f 16/1282/428 1036/1283/428 2000/1284/428
f 2574/1285/429 2570/1286/429 88/1287/429
f 2002/1288/430 2572/1289/430 2576/1290/430
f 2027/1291/431 2004/1292/431 2019/1293/431
f 1992/1294/432 2574/1295/432 122/1296/432
f 2003/1297/433 2576/1298/433 1042/1299/433
f 205/1300/434 1042/1301/434 2039/1302/434
f 223/1303/435 2039/1304/435 2578/1305/435
f 289/1306/436 2578/1307/436 2580/1308/436
f 307/1309/437 2580/1310/437 2156/1311/437
f 318/1312/438 2157/1313/438 2146/1314/438
f 2015/1315/439 335/1316/439 2147/1317/439
f 381/1318/440 373/1319/440 2142/1320/440
f 389/1321/441 381/1322/441 2583/1323/441
f 390/1324/442 389/1325/442 2585/1326/442
f 410/1327/443 390/1328/443 2587/1329/443
f 1053/1330/444 1033/1331/444 406/1332/444
f 414/1333/445 410/1334/445 1051/1335/445
f 422/1336/446 1056/1337/446 1053/1338/446
f 418/1339/447 414/1340/447 2591/1341/447
f 424/1342/448 2594/1343/448 1056/1344/448
f 421/1345/449 418/1346/449 2593/1347/449
f 424/1348/450 426/1349/450 1058/1350/450
f 421/1351/451 2596/1352/451 2597/1353/451
f 426/1354/452 428/1355/452 1060/1356/452
f 430/1357/453 2597/1358/453 2042/1359/453
f 428/1360/454 1032/1361/454 1060/1362/454
f 433/1363/455 2042/1364/455 1061/1365/455
f 434/1366/456 1061/1367/456 2599/1368/456
f 437/1369/457 2599/1370/457 2601/1371/457
f 442/1372/458 2601/1373/458 2046/1374/458
f 444/1375/459 2046/1376/459 2050/1377/459
f 447/1378/460 2052/1379/460 2150/1380/460
f 2152/1381/461 2160/1382/461 2034/1383/461
f 2162/1384/462 2164/1385/462 457/1386/462
f 2164/1387/463 2166/1388/463 458/1389/463
f 2166/1390/464 2168/1391/464 461/1392/464
f 2168/1393/465 1071/1394/465 467/1395/465
f 465/1396/466 2053/1397/466 1035/1398/466
f 1071/1399/467 2057/1400/467 470/1401/467
f 39/1402/468 2056/1403/468 2053/1404/468
f 2057/1405/469 2060/1406/469 2001/1407/469
f 1008/1408/470 1010/1409/470 2069/1410/470
f 977/1411/471 2097/1412/471 975/1413/471
f 2059/1414/472 20/1415/472 3/1416/472
f 2099/1417/473 2100/1418/473 2573/1419/473
f 1037/1420/474 2569/1421/474 1074/1422/474
f 3/1423/475 45/1424/475 2055/1425/475
f 2099/1426/476 2566/1427/476 2571/1428/476
f 2567/1429/477 1075/1430/477 1038/1431/477
f 45/1432/478 61/1433/478 2054/1434/478
f 2101/1435/479 2571/1436/479 2575/1437/479
f 1073/1438/480 1040/1439/480 1038/1440/480
f 1027/1441/481 1025/1442/481 82/1443/481
f 997/1444/482 995/1445/482 2130/1446/482
f 99/1447/483 1991/1448/483 1998/1449/483
f 1073/1450/484 1999/1451/484 1034/1452/484
f 140/1453/485 148/1454/485 112/1455/485
f 148/1456/486 162/1457/486 191/1458/486
f 162/1459/487 177/1460/487 199/1461/487
f 177/1462/488 2092/1463/488 2121/1464/488
f 234/1465/489 2098/1466/489 2123/1467/489
f 242/1468/490 2089/1469/490 2125/1470/490
f 245/1471/491 255/1472/491 263/1473/491
f 255/1474/492 283/1475/492 269/1476/492
f 283/1477/493 287/1478/493 273/1479/493
f 287/1480/494 296/1481/494 314/1482/494
f 1032/1483/495 1033/1484/495 296/1485/495
f 1053/1486/496 1056/1487/496 332/1488/496
f 343/1489/497 1058/1490/497 1060/1491/497
f 340/1492/498 2594/1493/498 352/1494/498
f 352/1495/499 2595/1496/499 340/1497/499
f 1054/1498/500 1055/1499/500 1057/1500/500
f 2043/1501/501 2598/1502/501 354/1503/501
f 360/1504/502 2592/1505/502 2590/1506/502
f 1055/1507/503 1052/1508/503 1059/1509/503
f 361/1510/504 2590/1511/504 2588/1512/504
f 2044/1513/505 2043/1514/505 358/1515/505
f 2589/1516/506 2045/1517/506 1059/1518/506
f 367/1519/507 2588/1520/507 2586/1521/507
f 2600/1522/508 2044/1523/508 371/1524/508
f 2589/1525/509 1050/1526/509 1062/1527/509
f 370/1528/510 2586/1529/510 2584/1530/510
f 2602/1531/511 2600/1532/511 377/1533/511
f 1063/1534/512 1062/1535/512 1050/1536/512
f 386/1537/513 2584/1538/513 2582/1539/513
f 2047/1540/514 2602/1541/514 379/1542/514
f 1063/1543/515 1049/1544/515 1048/1545/515
f 388/1546/516 2582/1547/516 2138/1548/516
f 2048/1549/517 2047/1550/517 383/1551/517
f 2049/1552/518 1064/1553/518 1048/1554/518
f 391/1555/519 2140/1556/519 2143/1557/519
f 2148/1558/520 2051/1559/520 394/1560/520
f 2149/1561/521 1065/1562/521 1047/1563/521
f 2109/1564/522 393/1565/522 2145/1566/522
f 2070/1567/523 2158/1568/523 2151/1569/523
f 2154/1570/524 2159/1571/524 1066/1572/524
f 2161/1573/525 398/1574/525 399/1575/525
f 401/1576/526 400/1577/526 2155/1578/526
f 1067/1579/527 1045/1580/527 1044/1581/527
f 407/1582/528 2165/1583/528 2163/1584/528
f 403/1585/529 401/1586/529 2581/1587/529
f 1043/1588/530 1069/1589/530 1068/1590/530
f 409/1591/531 2167/1592/531 2165/1593/531
f 405/1594/532 403/1595/532 2579/1596/532
f 1069/1597/533 1043/1598/533 1041/1599/533
f 412/1600/534 2603/1601/534 2167/1602/534
f 416/1603/535 405/1604/535 2038/1605/535
f 2041/1606/536 2604/1607/536 1070/1608/536
f 2603/1609/537 412/1610/537 413/1611/537
f 417/1612/538 416/1613/538 2040/1614/538
f 2604/1615/539 2041/1616/539 1039/1617/539
f 2058/1618/540 413/1619/540 20/1620/540
f 2100/1621/541 417/1622/541 2577/1623/541
f 1074/1624/542 1072/1625/542 1039/1626/542
f 1133/1627/543 2180/1628/543 1134/1629/543
f 1101/1630/544 1099/1631/544 2199/1632/544
f 2207/1633/545 5/1634/545 10/1635/545
f 2209/1636/546 30/1637/546 5/1638/546
f 2210/1639/547 36/1640/547 30/1641/547
f 1135/1642/548 1136/1643/548 2216/1644/548
f 1104/1645/549 1106/1646/549 2232/1647/549
f 57/1648/550 68/1649/550 36/1650/550
f 64/1651/551 70/1652/551 68/1653/551
f 92/1654/552 76/1655/552 70/1656/552
f 98/1657/553 84/1658/553 76/1659/553
f 2237/1660/554 2189/1661/554 84/1662/554
f 2235/1663/555 2191/1664/555 126/1665/555
f 2233/1666/556 2193/1667/556 133/1668/556
f 155/1669/557 143/1670/557 135/1671/557
f 167/1672/558 175/1673/558 143/1674/558
f 173/1675/559 179/1676/559 175/1677/559
f 203/1678/560 186/1679/560 179/1680/560
f 209/1681/561 193/1682/561 186/1683/561
f 215/1684/562 228/1685/562 193/1686/562
f 222/1687/563 230/1688/563 228/1689/563
f 243/1690/564 236/1691/564 230/1692/564
f 248/1693/565 238/1694/565 236/1695/565
f 250/1696/566 260/1697/566 238/1698/566
f 254/1699/567 261/1700/567 260/1701/567
f 275/1702/568 265/1703/568 261/1704/568
f 280/1705/569 272/1706/569 265/1707/569
f 2243/1708/570 2174/1709/570 272/1710/570
f 2219/1711/571 2176/1712/571 291/1713/571
f 2217/1714/572 2178/1715/572 294/1716/572
f 311/1717/573 304/1718/573 297/1719/573
f 315/1720/574 323/1721/574 304/1722/574
f 319/1723/575 328/1724/575 323/1725/575
f 337/1726/576 330/1727/576 328/1728/576
f 341/1729/577 334/1730/577 330/1731/577
f 2208/1732/578 10/1733/578 334/1734/578
f 2249/1735/579 2251/1736/579 2245/1737/579
f 2256/1738/580 2258/1739/580 1765/1740/580
f 1140/1741/581 2260/1742/581 1/1743/581
f 2263/1744/582 2262/1745/582 2261/1746/582
f 2264/1747/583 2261/1748/583 2266/1749/583
f 13/1750/584 1143/1751/584 1145/1752/584
f 2265/1753/585 2303/1754/585 1188/1755/585
f 2305/1756/586 2267/1757/586 2266/1758/586
f 2293/1759/587 2270/1760/587 11/1761/587
f 18/1762/588 1145/1763/588 1147/1764/588
f 2303/1765/589 2304/1766/589 1187/1767/589
f 2306/1768/590 2305/1769/590 2268/1770/590
f 38/1771/591 1147/1772/591 1686/1773/591
f 2304/1774/592 2605/1775/592 1185/1776/592
f 2306/1777/593 31/1778/593 34/1779/593
f 2605/1780/594 2309/1781/594 1183/1782/594
f 2308/1783/595 2307/1784/595 34/1785/595
f 2309/1786/596 2310/1787/596 1181/1788/596
f 2313/1789/597 2308/1790/597 50/1791/597
f 2310/1792/598 2606/1793/598 1180/1794/598
f 2313/1795/599 53/1796/599 2281/1797/599
f 2561/1798/600 2607/1799/600 1177/1800/600
f 2312/1801/601 56/1802/601 2279/1803/601
f 2318/1804/602 1831/1805/602 1175/1806/602
f 2315/1807/603 59/1808/603 2277/1809/603
f 2323/1810/604 1171/1811/604 2319/1812/604
f 2608/1813/605 2321/1814/605 78/1815/605
f 2326/1816/606 1166/1817/606 1171/1818/606
f 2325/1819/607 2324/1820/607 78/1821/607
f 2327/1822/608 1167/1823/608 1166/1824/608
f 2325/1825/609 80/1826/609 85/1827/609
f 2327/1828/610 2330/1829/610 1164/1830/610
f 2331/1831/611 2332/1832/611 85/1833/611
f 93/1834/612 1766/1835/612 1763/1836/612
f 2329/1837/613 2334/1838/613 1162/1839/613
f 2337/1840/614 2335/1841/614 102/1842/614
f 96/1843/615 93/1844/615 1763/1845/615
f 1162/1846/616 2333/1847/616 2336/1848/616
f 2338/1849/617 2337/1850/617 105/1851/617
f 118/1852/618 96/1853/618 1156/1854/618
f 1159/1855/619 2336/1856/619 2339/1857/619
f 2340/1858/620 2338/1859/620 110/1860/620
f 120/1861/621 118/1862/621 1158/1863/621
f 2339/1864/622 2341/1865/622 1160/1866/622
f 2342/1867/623 2340/1868/623 113/1869/623
f 120/1870/624 2543/1871/624 1157/1872/624
f 2341/1873/625 2343/1874/625 1163/1875/625
f 2344/1876/626 2342/1877/626 132/1878/626
f 124/1879/627 1157/1880/627 1155/1881/627
f 2343/1882/628 2345/1883/628 1165/1884/628
f 2347/1885/629 2346/1886/629 138/1887/629
f 129/1888/630 1155/1889/630 1771/1890/630
f 2609/1891/631 2348/1892/631 1168/1893/631
f 2610/1894/632 2350/1895/632 142/1896/632
f 150/1897/633 1771/1898/633 1154/1899/633
f 2349/1900/634 2351/1901/634 1170/1902/634
f 2354/1903/635 2353/1904/635 145/1905/635
f 2352/1906/636 2355/1907/636 1169/1908/636
f 2358/1909/637 2357/1910/637 157/1911/637
f 2356/1912/638 2359/1913/638 1836/1914/638
f 2361/1915/639 2360/1916/639 164/1917/639
f 1256/1918/640 2363/1919/640 1851/1920/640
f 2368/1921/641 2362/1922/641 2294/1923/641
f 2365/1924/642 2369/1925/642 1176/1926/642
f 2371/1927/643 2367/1928/643 170/1929/643
f 2370/1930/644 2373/1931/644 1182/1932/644
f 2613/1933/645 2374/1934/645 184/1935/645
f 2375/1936/646 2376/1937/646 1184/1938/646
f 2378/1939/647 2377/1940/647 187/1941/647
f 2379/1942/648 2380/1943/648 1186/1944/648
f 2615/1945/649 2381/1946/649 189/1947/649
f 1687/1948/650 1148/1949/650 201/1950/650
f 2616/1951/651 1190/1952/651 1186/1953/651
f 2615/1954/652 196/1955/652 211/1956/652
f 1148/1957/653 1146/1958/653 207/1959/653
f 2384/1960/654 1189/1961/654 1190/1962/654
f 2382/1963/655 211/1964/655 213/1965/655
f 1146/1966/656 1144/1967/656 7/1968/656
f 2259/1969/657 1142/1970/657 1189/1971/657
f 2383/1972/658 213/1973/658 2262/1974/658
f 12/1975/659 2386/1976/659 2385/1977/659
f 1274/1978/660 1270/1979/660 2389/1980/660
f 1223/1981/661 1224/1982/661 2438/1983/661
f 8/1984/662 2385/1985/662 6/1986/662
f 2455/1987/663 8/1988/663 14/1989/663
f 2455/1990/664 2457/1991/664 12/1992/664
f 2456/1993/665 14/1994/665 17/1995/665
f 14/1996/666 6/1997/666 19/1998/666
f 17/1999/667 19/2000/667 27/2001/667
f 2458/2002/668 17/2003/668 24/2004/668
f 2459/2005/669 24/2006/669 29/2007/669
f 24/2008/670 27/2009/670 32/2010/670
f 29/2011/671 32/2012/671 40/2013/671
f 2460/2014/672 29/2015/672 35/2016/672
f 2461/2017/673 35/2018/673 42/2019/673
f 35/2020/674 40/2021/674 43/2022/674
f 47/2023/675 42/2024/675 43/2025/675
f 2462/2026/676 42/2027/676 47/2028/676
f 2463/2029/677 47/2030/677 54/2031/677
f 47/2032/678 51/2033/678 55/2034/678
f 54/2035/679 55/2036/679 63/2037/679
f 2464/2038/680 54/2039/680 60/2040/680
f 2465/2041/681 60/2042/681 65/2043/681
f 60/2044/682 63/2045/682 67/2046/682
f 65/2047/683 67/2048/683 75/2049/683
f 2466/2050/684 65/2051/684 72/2052/684
f 2467/2053/685 72/2054/685 77/2055/685
f 72/2056/686 75/2057/686 79/2058/686
f 77/2059/687 79/2060/687 87/2061/687
f 2468/2062/688 77/2063/688 83/2064/688
f 2469/2065/689 83/2066/689 2470/2067/689
f 83/2068/690 87/2069/690 2392/2070/690
f 90/2071/691 91/2072/691 100/2073/691
f 2472/2074/692 90/2075/692 95/2076/692
f 2473/2077/693 95/2078/693 2474/2079/693
f 95/2080/694 100/2081/694 2388/2082/694
f 101/2083/695 104/2084/695 111/2085/695
f 2476/2086/696 101/2087/696 108/2088/696
f 2477/2089/697 108/2090/697 2478/2091/697
f 108/2092/698 111/2093/698 2454/2094/698
f 114/2095/699 116/2096/699 123/2097/699
f 2480/2098/700 114/2099/700 119/2100/700
f 2481/2101/701 119/2102/701 125/2103/701
f 119/2104/702 123/2105/702 127/2106/702
f 125/2107/703 127/2108/703 136/2109/703
f 2482/2110/704 125/2111/704 131/2112/704
f 2483/2113/705 131/2114/705 137/2115/705
f 131/2116/706 136/2117/706 139/2118/706
f 137/2119/707 139/2120/707 147/2121/707
f 2484/2122/708 137/2123/708 144/2124/708
f 2485/2125/709 144/2126/709 149/2127/709
f 144/2128/710 147/2129/710 151/2130/710
f 149/2131/711 151/2132/711 159/2133/711
f 2486/2134/712 149/2135/712 156/2136/712
f 2487/2137/713 156/2138/713 161/2139/713
f 156/2140/714 159/2141/714 163/2142/714
f 161/2143/715 163/2144/715 172/2145/715
f 2488/2146/716 161/2147/716 168/2148/716
f 2489/2149/717 168/2150/717 174/2151/717
f 168/2152/718 172/2153/718 176/2154/718
f 174/2155/719 176/2156/719 183/2157/719
f 2490/2158/720 174/2159/720 180/2160/720
f 2491/2161/721 180/2162/721 185/2163/721
f 180/2164/722 183/2165/722 188/2166/722
f 185/2167/723 188/2168/723 195/2169/723
f 2492/2170/724 185/2171/724 192/2172/724
f 2493/2173/725 192/2174/725 197/2175/725
f 192/2176/726 195/2177/726 200/2178/726
f 197/2179/727 200/2180/727 208/2181/727
f 2495/2182/728 2494/2183/728 197/2184/728
f 2495/2185/729 204/2186/729 210/2187/729
f 204/2188/730 208/2189/730 212/2190/730
f 210/2191/731 212/2192/731 220/2193/731
f 2496/2194/732 210/2195/732 216/2196/732
f 2497/2197/733 216/2198/733 221/2199/733
f 216/2200/734 220/2201/734 224/2202/734
f 221/2203/735 224/2204/735 231/2205/735
f 2498/2206/736 221/2207/736 227/2208/736
f 2499/2209/737 227/2210/737 233/2211/737
f 227/2212/738 231/2213/738 235/2214/738
f 233/2215/739 235/2216/739 244/2217/739
f 2500/2218/740 233/2219/740 239/2220/740
f 2501/2221/741 239/2222/741 246/2223/741
f 239/2224/742 244/2225/742 247/2226/742
f 246/2227/743 247/2228/743 256/2229/743
f 2502/2230/744 246/2231/744 251/2232/744
f 2503/2233/745 251/2234/745 258/2235/745
f 251/2236/746 256/2237/746 259/2238/746
f 258/2239/747 259/2240/747 267/2241/747
f 2504/2242/748 258/2243/748 264/2244/748
f 2505/2245/749 264/2246/749 270/2247/749
f 264/2248/750 267/2249/750 271/2250/750
f 270/2251/751 271/2252/751 279/2253/751
f 2506/2254/752 270/2255/752 276/2256/752
f 2509/2257/753 2507/2258/753 276/2259/753
f 276/2260/754 279/2261/754 2425/2262/754
f 281/2263/755 284/2264/755 292/2265/755
f 2510/2266/756 281/2267/756 288/2268/756
f 2511/2269/757 288/2270/757 2512/2271/757
f 288/2272/758 292/2273/758 2422/2274/758
f 293/2275/759 295/2276/759 303/2277/759
f 2514/2278/760 293/2279/760 299/2280/760
f 2515/2281/761 299/2282/761 2516/2283/761
f 299/2284/762 303/2285/762 2419/2286/762
f 305/2287/763 308/2288/763 316/2289/763
f 2519/2290/764 2518/2291/764 305/2292/764
f 2519/2293/765 312/2294/765 317/2295/765
f 312/2296/766 316/2297/766 320/2298/766
f 317/2299/767 320/2300/767 327/2301/767
f 2520/2302/768 317/2303/768 324/2304/768
f 2521/2305/769 324/2306/769 329/2307/769
f 324/2308/770 327/2309/770 331/2310/770
f 329/2311/771 331/2312/771 339/2313/771
f 2522/2314/772 329/2315/772 336/2316/772
f 2523/2317/773 336/2318/773 342/2319/773
f 336/2320/774 339/2321/774 344/2322/774
f 342/2323/775 344/2324/775 351/2325/775
f 2524/2326/776 342/2327/776 348/2328/776
f 2525/2329/777 348/2330/777 353/2331/777
f 348/2332/778 351/2333/778 355/2334/778
f 353/2335/779 355/2336/779 364/2337/779
f 2526/2338/780 353/2339/780 359/2340/780
f 2527/2341/781 359/2342/781 365/2343/781
f 359/2344/782 364/2345/782 368/2346/782
f 365/2347/783 368/2348/783 376/2349/783
f 2528/2350/784 365/2351/784 372/2352/784
f 2529/2353/785 372/2354/785 378/2355/785
f 372/2356/786 376/2357/786 380/2358/786
f 378/2359/787 380/2360/787 2386/2361/787
f 2530/2362/788 378/2363/788 12/2364/788
f 1265/2365/789 1269/2366/789 15/2367/789
f 1219/2368/790 1221/2369/790 206/2370/790
f 2619/2371/791 2617/2372/791 2618/2373/791
f 2622/2374/792 2621/2375/792 2623/2376/792
f 2625/2377/793 2626/2378/793 2627/2379/793
f 2629/2380/794 2630/2381/794 2631/2382/794
f 2626/2383/795 2617/2384/795 2619/2385/795
f 2631/2386/796 2622/2387/796 2624/2388/796
f 2629/2389/797 2623/2390/797 2621/2391/797
f 2627/2392/798 2619/2393/798 2620/2394/798
f 2625/2395/799 2618/2396/799 2617/2397/799
f 2632/2398/800 2624/2399/800 2623/2400/800
f 2630/2401/801 2621/2402/801 2622/2403/801
f 2628/2404/802 2620/2405/802 2618/2406/802
f 1279/2407/803 1281/2408/803 1280/2409/803
f 1282/2410/804 1283/2411/804 1281/2412/804
f 1284/2413/805 1285/2414/805 1283/2415/805
f 1286/2416/806 1287/2417/806 1285/2418/806
f 1280/2419/807 1281/2420/807 1287/2421/807
f 1283/2422/808 1285/2423/808 1281/2424/808
f 1289/2425/809 1290/2426/809 1288/2427/809
f 1291/2428/810 1292/2429/810 1290/2430/810
f 1293/2431/811 1294/2432/811 1292/2433/811
f 1295/2434/812 1296/2435/812 1294/2436/812
f 1288/2437/813 1290/2438/813 1296/2439/813
f 1292/2440/814 1294/2441/814 1290/2442/814
f 1298/2443/815 1300/2444/815 1297/2445/815
f 887/2446/816 309/2447/816 845/2448/816
f 1302/2449/817 888/2450/817 1301/2451/817
f 309/2452/818 198/2453/818 845/2454/818
f 888/2455/819 845/2456/819 1301/2457/819
f 1299/2458/820 1304/2459/820 1297/2460/820
f 848/2461/821 1305/2462/821 845/2463/821
f 404/2464/822 846/2465/822 198/2466/822
f 1305/2467/823 1301/2468/823 845/2469/823
f 846/2470/824 845/2471/824 198/2472/824
f 1304/2473/825 1307/2474/825 1303/2475/825
f 1308/2476/826 1305/2477/826 847/2478/826
f 419/2479/827 849/2480/827 404/2481/827
f 645/2482/828 350/2483/828 1309/2484/828
f 446/2485/829 450/2486/829 350/2487/829
f 1310/2488/830 1311/2489/830 450/2490/830
f 1312/2491/831 1313/2492/831 1311/2493/831
f 1314/2494/832 1316/2495/832 1313/2496/832
f 1318/2497/833 1320/2498/833 1316/2499/833
f 1321/2500/834 1322/2501/834 1320/2502/834
f 1323/2503/835 1324/2504/835 1322/2505/835
f 1325/2506/836 1326/2507/836 1324/2508/836
f 1327/2509/837 1328/2510/837 1326/2511/837
f 1329/2512/838 1330/2513/838 1328/2514/838
f 1331/2515/839 1332/2516/839 1330/2517/839
f 1333/2518/840 1335/2519/840 1332/2520/840
f 1337/2521/841 1339/2522/841 1335/2523/841
f 1340/2524/842 1341/2525/842 1339/2526/842
f 1342/2527/843 1309/2528/843 1341/2529/843
f 350/2530/844 450/2531/844 1309/2532/844
f 1311/2533/845 1313/2534/845 450/2535/845
f 1316/2536/846 1320/2537/846 1313/2538/846
f 1322/2539/847 1324/2540/847 1320/2541/847
f 1326/2542/848 1328/2543/848 1324/2544/848
f 1330/2545/849 1332/2546/849 1328/2547/849
f 1335/2548/850 1339/2549/850 1332/2550/850
f 1341/2551/851 1309/2552/851 1339/2553/851
f 450/2554/852 1313/2555/852 1309/2556/852
f 1320/2557/853 1324/2558/853 1313/2559/853
f 1328/2560/854 1332/2561/854 1324/2562/854
f 1339/2563/855 1309/2564/855 1332/2565/855
f 1313/2566/856 1324/2567/856 1309/2568/856
f 1307/2569/857 1343/2570/857 1306/2571/857
f 1344/2572/858 1308/2573/858 851/2574/858
f 481/2575/859 852/2576/859 419/2577/859
f 1343/2578/860 1345/2579/860 468/2580/860
f 1346/2581/861 1344/2582/861 850/2583/861
f 474/2584/862 1345/2585/862 513/2586/862
f 1348/2587/863 1346/2588/863 853/2589/863
f 513/2590/864 1347/2591/864 522/2592/864
f 1350/2593/865 1348/2594/865 854/2595/865
f 522/2596/866 1349/2597/866 1315/2598/866
f 1353/2599/867 1350/2600/867 1355/2601/867
f 524/2602/868 1352/2603/868 1317/2604/868
f 1360/2605/869 1354/2606/869 1366/2607/869
f 1359/2608/870 1362/2609/870 533/2610/870
f 1367/2611/871 1370/2612/871 1364/2613/871
f 552/2614/872 1363/2615/872 556/2616/872
f 858/2617/873 1373/2618/873 1368/2619/873
f 556/2620/874 1372/2621/874 561/2622/874
f 859/2623/875 1375/2624/875 858/2625/875
f 561/2626/876 1374/2627/876 564/2628/876
f 860/2629/877 1377/2630/877 859/2631/877
f 1376/2632/878 1378/2633/878 564/2634/878
f 861/2635/879 1379/2636/879 860/2637/879
f 1378/2638/880 1380/2639/880 582/2640/880
f 572/2641/881 577/2642/881 862/2643/881
f 864/2644/882 1381/2645/882 861/2646/882
f 587/2647/883 1380/2648/883 588/2649/883
f 577/2650/884 595/2651/884 863/2652/884
f 865/2653/885 1383/2654/885 864/2655/885
f 1382/2656/886 1384/2657/886 588/2658/886
f 595/2659/887 597/2660/887 866/2661/887
f 867/2662/888 1385/2663/888 865/2664/888
f 592/2665/889 1384/2666/889 602/2667/889
f 867/2668/890 597/2669/890 869/2670/890
f 1387/2671/891 1385/2672/891 868/2673/891
f 1386/2674/892 1388/2675/892 602/2676/892
f 869/2677/893 599/2678/893 871/2679/893
f 1389/2680/894 1387/2681/894 870/2682/894
f 1388/2683/895 1390/2684/895 604/2685/895
f 871/2686/896 601/2687/896 873/2688/896
f 1391/2689/897 1389/2690/897 872/2691/897
f 1390/2692/898 1392/2693/898 606/2694/898
f 1393/2695/899 1391/2696/899 874/2697/899
f 1392/2698/900 1394/2699/900 609/2700/900
f 1395/2701/901 1393/2702/901 875/2703/901
f 1394/2704/902 1396/2705/902 615/2706/902
f 1397/2707/903 1395/2708/903 876/2709/903
f 1399/2710/904 1334/2711/904 1398/2712/904
f 618/2713/905 1396/2714/905 1334/2715/905
f 1401/2716/906 1397/2717/906 1403/2718/906
f 1400/2719/907 1406/2720/907 620/2721/907
f 1411/2722/908 1402/2723/908 1408/2724/908
f 1407/2725/909 1413/2726/909 622/2727/909
f 1415/2728/910 1420/2729/910 1417/2730/910
f 1412/2731/911 1410/2732/911 1420/2733/911
f 1414/2734/912 1421/2735/912 628/2736/912
f 1416/2737/913 1418/2738/913 1422/2739/913
f 1421/2740/914 1423/2741/914 630/2742/914
f 1422/2743/915 880/2744/915 1424/2745/915
f 1423/2746/916 1425/2747/916 632/2748/916
f 1424/2749/917 881/2750/917 1426/2751/917
f 1425/2752/918 1427/2753/918 633/2754/918
f 1426/2755/919 882/2756/919 1428/2757/919
f 1427/2758/920 1429/2759/920 641/2760/920
f 1428/2761/921 884/2762/921 1430/2763/921
f 638/2764/922 639/2765/922 883/2766/922
f 1429/2767/923 1300/2768/923 643/2769/923
f 1430/2770/924 885/2771/924 1302/2772/924
f 639/2773/925 309/2774/925 886/2775/925
f 1431/2776/926 650/2777/926 1432/2778/926
f 1433/2779/927 653/2780/927 1434/2781/927
f 1436/2782/928 1435/2783/928 772/2784/928
f 1437/2785/929 659/2786/929 1438/2787/929
f 1439/2788/930 662/2789/930 1440/2790/930
f 1441/2791/931 665/2792/931 1442/2793/931
f 1443/2794/932 1446/2795/932 1445/2796/932
f 1447/2797/933 1450/2798/933 1449/2799/933
f 1451/2800/934 1454/2801/934 1453/2802/934
f 1455/2803/935 677/2804/935 1456/2805/935
f 1457/2806/936 680/2807/936 1458/2808/936
f 1459/2809/937 683/2810/937 1460/2811/937
f 1461/2812/938 686/2813/938 1462/2814/938
f 1463/2815/939 689/2816/939 1464/2817/939
f 1465/2818/940 692/2819/940 1466/2820/940
f 1467/2821/941 695/2822/941 1468/2823/941
f 1469/2824/942 698/2825/942 1470/2826/942
f 1471/2827/943 701/2828/943 1472/2829/943
f 1473/2830/944 704/2831/944 1474/2832/944
f 1475/2833/945 707/2834/945 1476/2835/945
f 1477/2836/946 710/2837/946 1478/2838/946
f 1479/2839/947 713/2840/947 1480/2841/947
f 1481/2842/948 1484/2843/948 1483/2844/948
f 1485/2845/949 1488/2846/949 1487/2847/949
f 1489/2848/950 1492/2849/950 1491/2850/950
f 1493/2851/951 725/2852/951 1494/2853/951
f 1495/2854/952 728/2855/952 1496/2856/952
f 1497/2857/953 731/2858/953 1498/2859/953
f 1499/2860/954 734/2861/954 1500/2862/954
f 1501/2863/955 737/2864/955 1502/2865/955
f 777/2866/956 652/2867/956 775/2868/956
f 392/2869/957 648/2870/957 652/2871/957
f 1503/2872/958 1504/2873/958 648/2874/958
f 1505/2875/959 1506/2876/959 1504/2877/959
f 642/2878/960 736/2879/960 1506/2880/960
f 637/2881/961 733/2882/961 736/2883/961
f 635/2884/962 730/2885/962 733/2886/962
f 631/2887/963 727/2888/963 730/2889/963
f 627/2890/964 724/2891/964 727/2892/964
f 1490/2893/965 721/2894/965 724/2895/965
f 1486/2896/966 718/2897/966 721/2898/966
f 1482/2899/967 715/2900/967 718/2901/967
f 616/2902/968 712/2903/968 715/2904/968
f 613/2905/969 709/2906/969 712/2907/969
f 610/2908/970 706/2909/970 709/2910/970
f 607/2911/971 703/2912/971 706/2913/971
f 603/2914/972 700/2915/972 703/2916/972
f 598/2917/973 697/2918/973 700/2919/973
f 594/2920/974 694/2921/974 697/2922/974
f 590/2923/975 691/2924/975 694/2925/975
f 581/2926/976 688/2927/976 691/2928/976
f 574/2929/977 685/2930/977 688/2931/977
f 567/2932/978 682/2933/978 685/2934/978
f 558/2935/979 679/2936/979 682/2937/979
f 551/2938/980 676/2939/980 679/2940/980
f 823/2941/981 821/2942/981 676/2943/981
f 821/2944/982 819/2945/982 676/2946/982
f 679/2947/983 676/2948/983 682/2949/983
f 685/2950/984 682/2951/984 688/2952/984
f 691/2953/985 688/2954/985 694/2955/985
f 697/2956/986 694/2957/986 700/2958/986
f 703/2959/987 700/2960/987 706/2961/987
f 709/2962/988 706/2963/988 712/2964/988
f 715/2965/989 712/2966/989 718/2967/989
f 721/2968/990 718/2969/990 724/2970/990
f 727/2971/991 724/2972/991 730/2973/991
f 733/2974/992 730/2975/992 736/2976/992
f 1506/2977/993 736/2978/993 1504/2979/993
f 648/2980/994 1504/2981/994 652/2982/994
f 775/2983/995 652/2984/995 779/2985/995
f 779/2986/996 652/2987/996 781/2988/996
f 1504/2989/997 736/2990/997 652/2991/997
f 730/2992/998 724/2993/998 736/2994/998
f 718/2995/999 712/2996/999 724/2997/999
f 706/2998/1000 700/2999/1000 712/3000/1000
f 694/3001/1001 688/3002/1001 700/3003/1001
f 682/3004/1002 676/3005/1002 688/3006/1002
f 819/3007/1003 817/3008/1003 676/3009/1003
f 817/3010/1004 815/3011/1004 676/3012/1004
f 688/3013/1005 676/3014/1005 700/3015/1005
f 712/3016/1006 700/3017/1006 724/3018/1006
f 736/3019/1007 724/3020/1007 652/3021/1007
f 781/3022/1008 652/3023/1008 783/3024/1008
f 783/3025/1009 652/3026/1009 785/3027/1009
f 676/3028/1010 815/3029/1010 700/3030/1010
f 815/3031/1011 813/3032/1011 700/3033/1011
f 652/3034/1012 724/3035/1012 785/3036/1012
f 785/3037/1013 724/3038/1013 787/3039/1013
f 813/3040/1014 811/3041/1014 700/3042/1014
f 811/3043/1015 809/3044/1015 700/3045/1015
f 787/3046/1016 724/3047/1016 789/3048/1016
f 789/3049/1017 724/3050/1017 791/3051/1017
f 809/3052/1018 807/3053/1018 700/3054/1018
f 807/3055/1019 805/3056/1019 700/3057/1019
f 791/3058/1020 724/3059/1020 793/3060/1020
f 793/3061/1021 724/3062/1021 795/3063/1021
f 805/3064/1022 803/3065/1022 700/3066/1022
f 803/3067/1023 801/3068/1023 700/3069/1023
f 724/3070/1024 700/3071/1024 795/3072/1024
f 795/3073/1025 700/3074/1025 797/3075/1025
f 801/3076/1026 799/3077/1026 700/3078/1026
f 495/3079/1027 661/3080/1027 664/3081/1027
f 485/3082/1028 658/3083/1028 661/3084/1028
f 463/3085/1029 655/3086/1029 658/3087/1029
f 439/3088/1030 652/3089/1030 655/3090/1030
f 777/3091/1031 839/3092/1031 652/3093/1031
f 839/3094/1032 837/3095/1032 652/3096/1032
f 655/3097/1033 652/3098/1033 658/3099/1033
f 661/3100/1034 658/3101/1034 664/3102/1034
f 510/3103/1035 664/3104/1035 667/3105/1035
f 1444/3106/1036 667/3107/1036 670/3108/1036
f 1448/3109/1037 670/3110/1037 673/3111/1037
f 1452/3112/1038 673/3113/1038 676/3114/1038
f 823/3115/1039 676/3116/1039 824/3117/1039
f 824/3118/1040 676/3119/1040 826/3120/1040
f 673/3121/1041 670/3122/1041 676/3123/1041
f 667/3124/1042 664/3125/1042 670/3126/1042
f 658/3127/1043 652/3128/1043 664/3129/1043
f 837/3130/1044 835/3131/1044 652/3132/1044
f 835/3133/1045 833/3134/1045 652/3135/1045
f 664/3136/1046 652/3137/1046 670/3138/1046
f 676/3139/1047 670/3140/1047 826/3141/1047
f 826/3142/1048 670/3143/1048 828/3144/1048
f 652/3145/1049 833/3146/1049 670/3147/1049
f 828/3148/1050 670/3149/1050 831/3150/1050
f 646/3151/1051 740/3152/1051 739/3153/1051
f 268/3154/1052 649/3155/1052 742/3156/1052
f 1509/3157/1053 1510/3158/1053 1508/3159/1053
f 1511/3160/1054 1512/3161/1054 1510/3162/1054
f 1513/3163/1055 1514/3164/1055 1512/3165/1055
f 1515/3166/1056 1516/3167/1056 1514/3168/1056
f 1517/3169/1057 1518/3170/1057 1516/3171/1057
f 1519/3172/1058 1520/3173/1058 1518/3174/1058
f 1521/3175/1059 1522/3176/1059 1520/3177/1059
f 1523/3178/1060 1525/3179/1060 1522/3180/1060
f 829/3181/1061 830/3182/1061 1525/3183/1061
f 830/3184/1062 832/3185/1062 1525/3186/1062
f 1522/3187/1063 1525/3188/1063 1520/3189/1063
f 1518/3190/1064 1520/3191/1064 1516/3192/1064
f 1514/3193/1065 1516/3194/1065 1512/3195/1065
f 1510/3196/1066 1512/3197/1066 1508/3198/1066
f 1507/3199/1067 1508/3200/1067 1559/3201/1067
f 1558/3202/1068 1559/3203/1068 1557/3204/1068
f 1556/3205/1069 1557/3206/1069 1555/3207/1069
f 1554/3208/1070 1555/3209/1070 1553/3210/1070
f 1552/3211/1071 1553/3212/1071 1551/3213/1071
f 1550/3214/1072 1551/3215/1072 1549/3216/1072
f 1547/3217/1073 1549/3218/1073 1546/3219/1073
f 1544/3220/1074 1546/3221/1074 1543/3222/1074
f 1541/3223/1075 1543/3224/1075 1540/3225/1075
f 1539/3226/1076 1540/3227/1076 1538/3228/1076
f 1537/3229/1077 1538/3230/1077 1536/3231/1077
f 1535/3232/1078 1536/3233/1078 1534/3234/1078
f 1533/3235/1079 1534/3236/1079 1532/3237/1079
f 1531/3238/1080 1532/3239/1080 1530/3240/1080
f 1529/3241/1081 1530/3242/1081 1528/3243/1081
f 1526/3244/1082 1528/3245/1082 1527/3246/1082
f 810/3247/1083 1527/3248/1083 808/3249/1083
f 808/3250/1084 1527/3251/1084 806/3252/1084
f 1528/3253/1085 1530/3254/1085 1527/3255/1085
f 1532/3256/1086 1534/3257/1086 1530/3258/1086
f 1536/3259/1087 1538/3260/1087 1534/3261/1087
f 1540/3262/1088 1543/3263/1088 1538/3264/1088
f 1546/3265/1089 1549/3266/1089 1543/3267/1089
f 1551/3268/1090 1553/3269/1090 1549/3270/1090
f 1555/3271/1091 1557/3272/1091 1553/3273/1091
f 1559/3274/1092 1508/3275/1092 1557/3276/1092
f 1512/3277/1093 1516/3278/1093 1508/3279/1093
f 1520/3280/1094 1525/3281/1094 1516/3282/1094
f 832/3283/1095 834/3284/1095 1525/3285/1095
f 834/3286/1096 836/3287/1096 1525/3288/1096
f 1516/3289/1097 1525/3290/1097 1508/3291/1097
f 1557/3292/1098 1508/3293/1098 1553/3294/1098
f 1549/3295/1099 1553/3296/1099 1543/3297/1099
f 1538/3298/1100 1543/3299/1100 1534/3300/1100
f 1530/3301/1101 1534/3302/1101 1527/3303/1101
f 806/3304/1102 1527/3305/1102 804/3306/1102
f 804/3307/1103 1527/3308/1103 802/3309/1103
f 1534/3310/1104 1543/3311/1104 1527/3312/1104
f 1553/3313/1105 1508/3314/1105 1543/3315/1105
f 1525/3316/1106 836/3317/1106 1508/3318/1106
f 836/3319/1107 838/3320/1107 1508/3321/1107
f 1527/3322/1108 1543/3323/1108 802/3324/1108
f 802/3325/1109 1543/3326/1109 800/3327/1109
f 838/3328/1110 840/3329/1110 1508/3330/1110
f 840/3331/1111 778/3332/1111 1508/3333/1111
f 800/3334/1112 1543/3335/1112 798/3336/1112
f 798/3337/1113 1543/3338/1113 796/3339/1113
f 778/3340/1114 776/3341/1114 1508/3342/1114
f 776/3343/1115 780/3344/1115 1508/3345/1115
f 796/3346/1116 1543/3347/1116 794/3348/1116
f 794/3349/1117 1543/3350/1117 792/3351/1117
f 780/3352/1118 782/3353/1118 1508/3354/1118
f 782/3355/1119 784/3356/1119 1508/3357/1119
f 1543/3358/1120 1508/3359/1120 792/3360/1120
f 792/3361/1121 1508/3362/1121 790/3363/1121
f 784/3364/1122 786/3365/1122 1508/3366/1122
f 790/3367/1123 1508/3368/1123 788/3369/1123
f 829/3370/1124 1525/3371/1124 827/3372/1124
f 1560/3373/1125 1562/3374/1125 1525/3375/1125
f 1563/3376/1126 1565/3377/1126 1562/3378/1126
f 1566/3379/1127 1567/3380/1127 1565/3381/1127
f 1568/3382/1128 1569/3383/1128 1567/3384/1128
f 1570/3385/1129 1571/3386/1129 1569/3387/1129
f 1572/3388/1130 1573/3389/1130 1571/3390/1130
f 1574/3391/1131 1575/3392/1131 1573/3393/1131
f 1576/3394/1132 1527/3395/1132 1575/3396/1132
f 810/3397/1133 812/3398/1133 1527/3399/1133
f 812/3400/1134 814/3401/1134 1527/3402/1134
f 1575/3403/1135 1527/3404/1135 1573/3405/1135
f 1571/3406/1136 1573/3407/1136 1569/3408/1136
f 1567/3409/1137 1569/3410/1137 1565/3411/1137
f 1562/3412/1138 1565/3413/1138 1525/3414/1138
f 827/3415/1139 1525/3416/1139 825/3417/1139
f 825/3418/1140 1525/3419/1140 822/3420/1140
f 1565/3421/1141 1569/3422/1141 1525/3423/1141
f 1573/3424/1142 1527/3425/1142 1569/3426/1142
f 814/3427/1143 816/3428/1143 1527/3429/1143
f 816/3430/1144 818/3431/1144 1527/3432/1144
f 1569/3433/1145 1527/3434/1145 1525/3435/1145
f 822/3436/1146 1525/3437/1146 820/3438/1146
f 818/3439/1147 820/3440/1147 1527/3441/1147
f 649/3442/1148 71/3443/1148 743/3444/1148
f 743/3445/1149 741/3446/1149 740/3447/1149
f 742/3448/1150 743/3449/1150 646/3450/1150
f 740/3451/1151 644/3452/1151 744/3453/1151
f 744/3454/1152 738/3455/1152 737/3456/1152
f 739/3457/1153 744/3458/1153 1501/3459/1153
f 737/3460/1154 640/3461/1154 745/3462/1154
f 745/3463/1155 735/3464/1155 734/3465/1155
f 1502/3466/1156 745/3467/1156 1499/3468/1156
f 734/3469/1157 636/3470/1157 746/3471/1157
f 746/3472/1158 732/3473/1158 731/3474/1158
f 1500/3475/1159 746/3476/1159 1497/3477/1159
f 731/3478/1160 634/3479/1160 747/3480/1160
f 747/3481/1161 729/3482/1161 728/3483/1161
f 1498/3484/1162 747/3485/1162 1495/3486/1162
f 748/3487/1163 728/3488/1163 726/3489/1163
f 748/3490/1164 726/3491/1164 725/3492/1164
f 1493/3493/1165 1496/3494/1165 725/3495/1165
f 725/3496/1166 626/3497/1166 749/3498/1166
f 749/3499/1167 723/3500/1167 722/3501/1167
f 1494/3502/1168 749/3503/1168 625/3504/1168
f 1492/3505/1169 624/3506/1169 750/3507/1169
f 719/3508/1170 750/3509/1170 1545/3510/1170
f 1491/3511/1171 750/3512/1171 623/3513/1171
f 1488/3514/1172 621/3515/1172 751/3516/1172
f 751/3517/1173 717/3518/1173 716/3519/1173
f 1487/3520/1174 751/3521/1174 619/3522/1174
f 1484/3523/1175 617/3524/1175 752/3525/1175
f 752/3526/1176 714/3527/1176 713/3528/1176
f 1483/3529/1177 752/3530/1177 1479/3531/1177
f 713/3532/1178 614/3533/1178 753/3534/1178
f 710/3535/1179 753/3536/1179 612/3537/1179
f 1480/3538/1180 753/3539/1180 1477/3540/1180
f 710/3541/1181 612/3542/1181 754/3543/1181
f 754/3544/1182 708/3545/1182 707/3546/1182
f 1478/3547/1183 754/3548/1183 1475/3549/1183
f 707/3550/1184 608/3551/1184 755/3552/1184
f 755/3553/1185 705/3554/1185 704/3555/1185
f 1476/3556/1186 755/3557/1186 1473/3558/1186
f 704/3559/1187 605/3560/1187 756/3561/1187
f 756/3562/1188 702/3563/1188 701/3564/1188
f 1474/3565/1189 756/3566/1189 1471/3567/1189
f 701/3568/1190 600/3569/1190 757/3570/1190
f 757/3571/1191 699/3572/1191 698/3573/1191
f 1472/3574/1192 757/3575/1192 1469/3576/1192
f 698/3577/1193 596/3578/1193 758/3579/1193
f 758/3580/1194 696/3581/1194 695/3582/1194
f 1470/3583/1195 758/3584/1195 1467/3585/1195
f 695/3586/1196 593/3587/1196 759/3588/1196
f 759/3589/1197 693/3590/1197 692/3591/1197
f 1468/3592/1198 759/3593/1198 1465/3594/1198
f 692/3595/1199 584/3596/1199 760/3597/1199
f 760/3598/1200 690/3599/1200 689/3600/1200
f 1466/3601/1201 760/3602/1201 1463/3603/1201
f 689/3604/1202 578/3605/1202 761/3606/1202
f 761/3607/1203 687/3608/1203 686/3609/1203
f 1464/3610/1204 761/3611/1204 1461/3612/1204
f 686/3613/1205 570/3614/1205 762/3615/1205
f 762/3616/1206 684/3617/1206 683/3618/1206
f 1462/3619/1207 762/3620/1207 1459/3621/1207
f 683/3622/1208 562/3623/1208 763/3624/1208
f 763/3625/1209 681/3626/1209 680/3627/1209
f 1460/3628/1210 763/3629/1210 1457/3630/1210
f 680/3631/1211 554/3632/1211 764/3633/1211
f 764/3634/1212 678/3635/1212 677/3636/1212
f 1458/3637/1213 764/3638/1213 1455/3639/1213
f 677/3640/1214 548/3641/1214 765/3642/1214
f 765/3643/1215 675/3644/1215 674/3645/1215
f 1456/3646/1216 765/3647/1216 545/3648/1216
f 1454/3649/1217 542/3650/1217 766/3651/1217
f 766/3652/1218 672/3653/1218 671/3654/1218
f 1453/3655/1219 766/3656/1219 539/3657/1219
f 1450/3658/1220 535/3659/1220 767/3660/1220
f 767/3661/1221 669/3662/1221 668/3663/1221
f 1449/3664/1222 767/3665/1222 530/3666/1222
f 1446/3667/1223 515/3668/1223 768/3669/1223
f 768/3670/1224 666/3671/1224 665/3672/1224
f 1445/3673/1225 768/3674/1225 1441/3675/1225
f 665/3676/1226 504/3677/1226 769/3678/1226
f 769/3679/1227 663/3680/1227 662/3681/1227
f 1442/3682/1228 769/3683/1228 1439/3684/1228
f 662/3685/1229 491/3686/1229 770/3687/1229
f 770/3688/1230 660/3689/1230 659/3690/1230
f 1440/3691/1231 770/3692/1231 1437/3693/1231
f 659/3694/1232 477/3695/1232 771/3696/1232
f 771/3697/1233 657/3698/1233 656/3699/1233
f 1438/3700/1234 771/3701/1234 1435/3702/1234
f 656/3703/1235 456/3704/1235 772/3705/1235
f 772/3706/1236 654/3707/1236 653/3708/1236
f 1436/3709/1237 772/3710/1237 1433/3711/1237
f 653/3712/1238 429/3713/1238 773/3714/1238
f 773/3715/1239 651/3716/1239 650/3717/1239
f 1434/3718/1240 773/3719/1240 1431/3720/1240
f 650/3721/1241 366/3722/1241 774/3723/1241
f 774/3724/1242 647/3725/1242 649/3726/1242
f 1432/3727/1243 774/3728/1243 268/3729/1243
f 1577/3730/1244 1579/3731/1244 1578/3732/1244
f 1580/3733/1245 1581/3734/1245 1579/3735/1245
f 1582/3736/1246 1583/3737/1246 1581/3738/1246
f 1586/3739/1247 1585/3740/1247 1583/3741/1247
f 1587/3742/1248 1588/3743/1248 1585/3744/1248
f 1589/3745/1249 1591/3746/1249 1588/3747/1249
f 1593/3748/1250 1595/3749/1250 1591/3750/1250
f 1596/3751/1251 1597/3752/1251 1595/3753/1251
f 1598/3754/1252 1599/3755/1252 1597/3756/1252
f 1600/3757/1253 1601/3758/1253 1599/3759/1253
f 1602/3760/1254 1603/3761/1254 1601/3762/1254
f 1604/3763/1255 1605/3764/1255 1603/3765/1255
f 1606/3766/1256 1607/3767/1256 1605/3768/1256
f 1608/3769/1257 1610/3770/1257 1607/3771/1257
f 1612/3772/1258 1614/3773/1258 1610/3774/1258
f 1615/3775/1259 1578/3776/1259 1614/3777/1259
f 1579/3778/1260 1581/3779/1260 1578/3780/1260
f 1583/3781/1261 1585/3782/1261 1581/3783/1261
f 1588/3784/1262 1591/3785/1262 1585/3786/1262
f 1595/3787/1263 1597/3788/1263 1591/3789/1263
f 1599/3790/1264 1601/3791/1264 1597/3792/1264
f 1603/3793/1265 1605/3794/1265 1601/3795/1265
f 1607/3796/1266 1610/3797/1266 1605/3798/1266
f 1614/3799/1267 1578/3800/1267 1610/3801/1267
f 1581/3802/1268 1585/3803/1268 1578/3804/1268
f 1591/3805/1269 1597/3806/1269 1585/3807/1269
f 1601/3808/1270 1605/3809/1270 1597/3810/1270
f 1610/3811/1271 1578/3812/1271 1605/3813/1271
f 1585/3814/1272 1597/3815/1272 1578/3816/1272
f 845/3817/1273 1617/3818/1273 848/3819/1273
f 1619/3820/1274 1618/3821/1274 1141/3822/1274
f 1140/3823/1275 1621/3824/1275 1142/3825/1275
f 1624/3826/1276 1625/3827/1276 1623/3828/1276
f 1627/3829/1277 1626/3830/1277 52/3831/1277
f 1628/3832/1278 1629/3833/1278 888/3834/1278
f 1630/3835/1279 1617/3836/1279 846/3837/1279
f 1631/3838/1280 1621/3839/1280 1144/3840/1280
f 1140/3841/1281 1618/3842/1281 1143/3843/1281
f 1625/3844/1282 1634/3845/1282 1622/3846/1282
f 1635/3847/1283 1627/3848/1283 300/3849/1283
f 845/3850/1284 1629/3851/1284 887/3852/1284
f 1637/3853/1285 1630/3854/1285 849/3855/1285
f 1638/3856/1286 1631/3857/1286 1146/3858/1286
f 1143/3859/1287 1632/3860/1287 1145/3861/1287
f 1634/3862/1288 1641/3863/1288 1633/3864/1288
f 1642/3865/1289 1635/3866/1289 356/3867/1289
f 887/3868/1290 1636/3869/1290 886/3870/1290
f 1645/3871/1291 591/3872/1291 1644/3873/1291
f 240/3874/1292 387/3875/1292 591/3876/1292
f 397/3877/1293 1646/3878/1293 387/3879/1293
f 1647/3880/1294 1648/3881/1294 1646/3882/1294
f 1649/3883/1295 1650/3884/1295 1648/3885/1295
f 1652/3886/1296 1654/3887/1296 1650/3888/1296
f 1656/3889/1297 1657/3890/1297 1654/3891/1297
f 1658/3892/1298 1659/3893/1298 1657/3894/1298
f 1660/3895/1299 1661/3896/1299 1659/3897/1299
f 1662/3898/1300 1663/3899/1300 1661/3900/1300
f 1664/3901/1301 1665/3902/1301 1663/3903/1301
f 1666/3904/1302 1667/3905/1302 1665/3906/1302
f 1668/3907/1303 1669/3908/1303 1667/3909/1303
f 1671/3910/1304 1673/3911/1304 1669/3912/1304
f 1675/3913/1305 1676/3914/1305 1673/3915/1305
f 1677/3916/1306 1644/3917/1306 1676/3918/1306
f 591/3919/1307 387/3920/1307 1644/3921/1307
f 1646/3922/1308 1648/3923/1308 387/3924/1308
f 1650/3925/1309 1654/3926/1309 1648/3927/1309
f 1657/3928/1310 1659/3929/1310 1654/3930/1310
f 1661/3931/1311 1663/3932/1311 1659/3933/1311
f 1665/3934/1312 1667/3935/1312 1663/3936/1312
f 1669/3937/1313 1673/3938/1313 1667/3939/1313
f 1676/3940/1314 1644/3941/1314 1673/3942/1314
f 387/3943/1315 1648/3944/1315 1644/3945/1315
f 1654/3946/1316 1659/3947/1316 1648/3948/1316
f 1663/3949/1317 1667/3950/1317 1659/3951/1317
f 1673/3952/1318 1644/3953/1318 1667/3954/1318
f 1648/3955/1319 1659/3956/1319 1644/3957/1319
f 852/3958/1320 1691/3959/1320 849/3960/1320
f 1637/3961/1321 849/3962/1321 1678/3963/1321
f 1679/3964/1322 1638/3965/1322 1148/3966/1322
f 1145/3967/1323 1639/3968/1323 1147/3969/1323
f 1641/3970/1324 1681/3971/1324 1640/3972/1324
f 1682/3973/1325 1642/3974/1325 1683/3975/1325
f 356/3976/1326 435/3977/1326 1642/3978/1326
f 1693/3979/1327 883/3980/1327 1684/3981/1327
f 886/3982/1328 1643/3983/1328 883/3984/1328
f 1685/3985/1329 1683/3986/1329 438/3987/1329
f 1147/3988/1330 1680/3989/1330 1686/3990/1330
f 1688/3991/1331 1689/3992/1331 1680/3993/1331
f 1679/3994/1332 1148/3995/1332 1689/3996/1332
f 1148/3997/1333 1687/3998/1333 1689/3999/1333
f 1680/4000/1334 1689/4001/1334 1686/4002/1334
f 1681/4003/1335 1690/4004/1335 411/4005/1335
f 1691/4006/1336 852/4007/1336 1692/4008/1336
f 852/4009/1337 842/4010/1337 1692/4011/1337
f 1693/4012/1338 1694/4013/1338 883/4014/1338
f 842/4015/1339 843/4016/1339 1692/4017/1339
f 883/4018/1340 1694/4019/1340 843/4020/1340
f 1696/4021/1341 1689/4022/1341 1695/4023/1341
f 427/4024/1342 1690/4025/1342 454/4026/1342
f 1699/4027/1343 1692/4028/1343 1698/4029/1343
f 1700/4030/1344 1685/4031/1344 443/4032/1344
f 1702/4033/1345 1699/4034/1345 1701/4035/1345
f 1704/4036/1346 1696/4037/1346 1703/4038/1346
f 1697/4039/1347 1705/4040/1347 454/4041/1347
f 1706/4042/1348 1700/4043/1348 451/4044/1348
f 1709/4045/1349 1702/4046/1349 1707/4047/1349
f 1713/4048/1350 1704/4049/1350 1711/4050/1350
f 462/4051/1351 1705/4052/1351 1651/4053/1351
f 1717/4054/1352 1706/4055/1352 1613/4056/1352
f 1721/4057/1353 1710/4058/1353 1719/4059/1353
f 1725/4060/1354 1714/4061/1354 1723/4062/1354
f 469/4063/1355 1716/4064/1355 1653/4065/1355
f 1729/4066/1356 1718/4067/1356 1611/4068/1356
f 1733/4069/1357 1722/4070/1357 1731/4071/1357
f 1737/4072/1358 1726/4073/1358 1735/4074/1358
f 476/4075/1359 1728/4076/1359 1655/4077/1359
f 1741/4078/1360 1730/4079/1360 1609/4080/1360
f 1744/4081/1361 1734/4082/1361 1743/4083/1361
f 1746/4084/1362 1738/4085/1362 1745/4086/1362
f 494/4087/1363 1740/4088/1363 498/4089/1363
f 1748/4090/1364 1742/4091/1364 490/4092/1364
f 1750/4093/1365 1744/4094/1365 1749/4095/1365
f 1752/4096/1366 1746/4097/1366 1751/4098/1366
f 498/4099/1367 1747/4100/1367 499/4101/1367
f 1754/4102/1368 1748/4103/1368 505/4104/1368
f 1756/4105/1369 1752/4106/1369 1755/4107/1369
f 1753/4108/1370 1757/4109/1370 499/4110/1370
f 1759/4111/1371 1750/4112/1371 1758/4113/1371
f 1760/4114/1372 1754/4115/1372 507/4116/1372
f 1761/4117/1373 1756/4118/1373 1152/4119/1373
f 1755/4120/1374 2119/4121/1374 1756/4122/1374
f 1775/4123/1375 1151/4124/1375 2119/4125/1375
f 1151/4126/1376 1153/4127/1376 2119/4128/1376
f 1152/4129/1377 1756/4130/1377 1769/4131/1377
f 1153/4132/1378 1769/4133/1378 2119/4134/1378
f 1770/4135/1379 1767/4136/1379 1762/4137/1379
f 502/4138/1380 1757/4139/1380 519/4140/1380
f 873/4141/1381 844/4142/1381 1774/4143/1381
f 862/4144/1382 1773/4145/1382 841/4146/1382
f 1774/4147/1383 844/4148/1383 1758/4149/1383
f 1773/4150/1384 1759/4151/1384 841/4152/1384
f 844/4153/1385 841/4154/1385 1758/4155/1385
f 507/4156/1386 512/4157/1386 1760/4158/1386
f 1775/4159/1387 1776/4160/1387 1151/4161/1387
f 1761/4162/1388 1152/4163/1388 1777/4164/1388
f 1762/4165/1389 2532/4166/1389 1770/4167/1389
f 519/4168/1390 1772/4169/1390 525/4170/1390
f 1773/4171/1391 862/4172/1391 1782/4173/1391
f 512/4174/1392 517/4175/1392 1941/4176/1392
f 1774/4177/1393 2536/4178/1393 873/4179/1393
f 1777/4180/1394 2533/4181/1394 1779/4182/1394
f 1776/4183/1395 1780/4184/1395 2531/4185/1395
f 2532/4186/1396 2540/4187/1396 2534/4188/1396
f 1778/4189/1397 1781/4190/1397 525/4191/1397
f 866/4192/1398 1783/4193/1398 863/4194/1398
f 1784/4195/1399 2535/4196/1399 537/4197/1399
f 869/4198/1400 871/4199/1400 1790/4200/1400
f 1785/4201/1401 1784/4202/1401 538/4203/1401
f 1780/4204/1402 1786/4205/1402 2539/4206/1402
f 1779/4207/1403 2537/4208/1403 1787/4209/1403
f 2539/4210/1404 1786/4211/1404 1161/4212/1404
f 2537/4213/1405 1161/4214/1405 1787/4215/1405
f 527/4216/1406 1781/4217/1406 531/4218/1406
f 1783/4219/1407 866/4220/1407 1789/4221/1407
f 869/4222/1408 1790/4223/1408 867/4224/1408
f 866/4225/1409 867/4226/1409 1789/4227/1409
f 1790/4228/1410 1791/4229/1410 867/4230/1410
f 1792/4231/1411 1787/4232/1411 1160/4233/1411
f 1793/4234/1412 1159/4235/1412 1786/4236/1412
f 1160/4237/1413 1787/4238/1413 2541/4239/1413
f 1159/4240/1414 2541/4241/1414 1786/4242/1414
f 531/4243/1415 1788/4244/1415 543/4245/1415
f 1791/4246/1416 1795/4247/1416 1789/4248/1416
f 868/4249/1417 867/4250/1417 1795/4251/1417
f 865/4252/1418 1796/4253/1418 867/4254/1418
f 1789/4255/1419 1795/4256/1419 1796/4257/1419
f 1797/4258/1420 1785/4259/1420 540/4260/1420
f 1798/4261/1421 1162/4262/1421 1793/4263/1421
f 1799/4264/1422 1792/4265/1422 1163/4266/1422
f 1794/4267/1423 1800/4268/1423 543/4269/1423
f 865/4270/1424 864/4271/1424 1796/4272/1424
f 1802/4273/1425 1797/4274/1425 541/4275/1425
f 1803/4276/1426 870/4277/1426 1795/4278/1426
f 1804/4279/1427 1164/4280/1427 1798/4281/1427
f 1805/4282/1428 1799/4283/1428 1165/4284/1428
f 1800/4285/1429 1806/4286/1429 544/4287/1429
f 1814/4288/1430 1801/4289/1430 861/4290/1430
f 1802/4291/1431 541/4292/1431 1807/4293/1431
f 549/4294/1432 1808/4295/1432 541/4296/1432
f 1810/4297/1433 872/4298/1433 1809/4299/1433
f 870/4300/1434 1803/4301/1434 872/4302/1434
f 1811/4303/1435 1167/4304/1435 1804/4305/1435
f 1812/4306/1436 1805/4307/1436 1168/4308/1436
f 1806/4309/1437 1813/4310/1437 546/4311/1437
f 1815/4312/1438 1814/4313/1438 860/4314/1438
f 1808/4315/1439 549/4316/1439 1816/4317/1439
f 550/4318/1440 1817/4319/1440 549/4320/1440
f 1819/4321/1441 874/4322/1441 1818/4323/1441
f 872/4324/1442 1810/4325/1442 874/4326/1442
f 1820/4327/1443 1166/4328/1443 1811/4329/1443
f 1821/4330/1444 1812/4331/1444 1170/4332/1444
f 1813/4333/1445 1822/4334/1445 547/4335/1445
f 2544/4336/1446 1815/4337/1446 859/4338/1446
f 550/4339/1447 553/4340/1447 1817/4341/1447
f 874/4342/1448 1819/4343/1448 875/4344/1448
f 1823/4345/1449 1171/4346/1449 1820/4347/1449
f 1824/4348/1450 1821/4349/1450 1169/4350/1450
f 557/4351/1451 1822/4352/1451 559/4353/1451
f 2547/4354/1452 2544/4355/1452 858/4356/1452
f 555/4357/1453 1841/4358/1453 553/4359/1453
f 875/4360/1454 2546/4361/1454 876/4362/1454
f 1171/4363/1455 1823/4364/1455 1829/4365/1455
f 1827/4366/1456 1829/4367/1456 1826/4368/1456
f 1832/4369/1457 1824/4370/1457 1834/4371/1457
f 559/4372/1458 1825/4373/1458 1670/4374/1458
f 1857/4375/1459 2547/4376/1459 1369/4377/1459
f 1594/4378/1460 1839/4379/1460 555/4380/1460
f 876/4381/1461 1842/4382/1461 1405/4383/1461
f 1830/4384/1462 1828/4385/1462 1862/4386/1462
f 1847/4387/1463 1833/4388/1463 1849/4389/1463
f 1838/4390/1464 1852/4391/1464 560/4392/1464
f 1854/4393/1465 1856/4394/1465 1365/4395/1465
f 877/4396/1466 1844/4397/1466 1409/4398/1466
f 1860/4399/1467 1840/4400/1467 1592/4401/1467
f 1848/4402/1468 2553/4403/1468 2548/4404/1468
f 1863/4405/1469 1867/4406/1469 2554/4407/1469
f 1865/4408/1470 2555/4409/1470 1867/4410/1470
f 1674/4411/1471 563/4412/1471 1868/4413/1471
f 1357/4414/1472 2556/4415/1472 856/4416/1472
f 1590/4417/1473 1870/4418/1473 566/4419/1473
f 1859/4420/1474 2558/4421/1474 878/4422/1474
f 1182/4423/1475 1875/4424/1475 2551/4425/1475
f 1866/4426/1476 1872/4427/1476 2560/4428/1476
f 573/4429/1477 571/4430/1477 1878/4431/1477
f 854/4432/1478 1873/4433/1478 855/4434/1478
f 569/4435/1479 2562/4436/1479 568/4437/1479
f 2559/4438/1480 1880/4439/1480 879/4440/1480
f 853/4441/1481 1874/4442/1481 854/4443/1481
f 1184/4444/1482 1876/4445/1482 1182/4446/1482
f 1872/4447/1483 1877/4448/1483 1181/4449/1483
f 573/4450/1484 1878/4451/1484 575/4452/1484
f 579/4453/1485 1886/4454/1485 569/4455/1485
f 1880/4456/1486 1881/4457/1486 880/4458/1486
f 1877/4459/1487 1882/4460/1487 1183/4461/1487
f 1186/4462/1488 1883/4463/1488 1184/4464/1488
f 1879/4465/1489 1884/4466/1489 575/4467/1489
f 850/4468/1490 1891/4469/1490 853/4470/1490
f 1874/4471/1491 853/4472/1491 2563/4473/1491
f 1881/4474/1492 1885/4475/1492 881/4476/1492
f 1887/4477/1493 1886/4478/1493 580/4479/1493
f 1882/4480/1494 1888/4481/1494 1185/4482/1494
f 1190/4483/1495 1889/4484/1495 1186/4485/1495
f 576/4486/1496 1884/4487/1496 586/4488/1496
f 851/4489/1497 1892/4490/1497 850/4491/1497
f 1887/4492/1498 580/4493/1498 1893/4494/1498
f 583/4495/1499 1894/4496/1499 580/4497/1499
f 882/4498/1500 1885/4499/1500 884/4500/1500
f 1981/4501/1501 884/4502/1501 1980/4503/1501
f 847/4504/1502 1901/4505/1502 851/4506/1502
f 1888/4507/1503 1896/4508/1503 1187/4509/1503
f 1189/4510/1504 1897/4511/1504 1190/4512/1504
f 586/4513/1505 1890/4514/1505 589/4515/1505
f 884/4516/1506 1981/4517/1506 885/4518/1506
f 1900/4519/1507 885/4520/1507 1899/4521/1507
f 848/4522/1508 1616/4523/1508 847/4524/1508
f 1896/4525/1509 1619/4526/1509 1188/4527/1509
f 1142/4528/1510 1620/4529/1510 1189/4530/1510
f 1898/4531/1511 1624/4532/1511 589/4533/1511
f 128/4534/1512 1626/4535/1512 585/4536/1512
f 1900/4537/1513 1628/4538/1513 885/4539/1513
f 1905/4540/1514 1903/4541/1514 947/4542/1514
f 1907/4543/1515 1909/4544/1515 1903/4545/1515
f 1910/4546/1516 1911/4547/1516 1909/4548/1516
f 1912/4549/1517 1913/4550/1517 1911/4551/1517
f 1914/4552/1518 927/4553/1518 1913/4554/1518
f 931/4555/1519 932/4556/1519 929/4557/1519
f 927/4558/1520 929/4559/1520 1913/4560/1520
f 1911/4561/1521 1913/4562/1521 1909/4563/1521
f 1903/4564/1522 1909/4565/1522 947/4566/1522
f 947/4567/1523 1909/4568/1523 945/4569/1523
f 1913/4570/1524 929/4571/1524 1909/4572/1524
f 935/4573/1525 936/4574/1525 932/4575/1525
f 929/4576/1526 932/4577/1526 1909/4578/1526
f 945/4579/1527 1909/4580/1527 944/4581/1527
f 944/4582/1528 1909/4583/1528 941/4584/1528
f 932/4585/1529 936/4586/1529 1909/4587/1529
f 941/4588/1530 1909/4589/1530 940/4590/1530
f 927/4591/1531 1914/4592/1531 925/4593/1531
f 1915/4594/1532 1916/4595/1532 1914/4596/1532
f 1917/4597/1533 1918/4598/1533 1916/4599/1533
f 1919/4600/1534 1920/4601/1534 1918/4602/1534
f 1921/4603/1535 1922/4604/1535 1920/4605/1535
f 1924/4606/1536 1926/4607/1536 1922/4608/1536
f 1928/4609/1537 1929/4610/1537 1926/4611/1537
f 1930/4612/1538 1931/4613/1538 1929/4614/1538
f 1932/4615/1539 1933/4616/1539 1931/4617/1539
f 1934/4618/1540 1935/4619/1540 1933/4620/1540
f 1936/4621/1541 1937/4622/1541 1935/4623/1541
f 1938/4624/1542 1939/4625/1542 1937/4626/1542
f 1940/4627/1543 1905/4628/1543 1939/4629/1543
f 947/4630/1544 949/4631/1544 1905/4632/1544
f 949/4633/1545 951/4634/1545 1905/4635/1545
f 1939/4636/1546 1905/4637/1546 1937/4638/1546
f 1935/4639/1547 1937/4640/1547 1933/4641/1547
f 1931/4642/1548 1933/4643/1548 1929/4644/1548
f 1926/4645/1549 1929/4646/1549 1922/4647/1549
f 1920/4648/1550 1922/4649/1550 1918/4650/1550
f 1916/4651/1551 1918/4652/1551 1914/4653/1551
f 925/4654/1552 1914/4655/1552 923/4656/1552
f 923/4657/1553 1914/4658/1553 921/4659/1553
f 1918/4660/1554 1922/4661/1554 1914/4662/1554
f 1929/4663/1555 1933/4664/1555 1922/4665/1555
f 1937/4666/1556 1905/4667/1556 1933/4668/1556
f 951/4669/1557 954/4670/1557 1905/4671/1557
f 955/4672/1558 957/4673/1558 954/4674/1558
f 954/4675/1559 957/4676/1559 1905/4677/1559
f 1914/4678/1560 1922/4679/1560 921/4680/1560
f 921/4681/1561 1922/4682/1561 919/4683/1561
f 1905/4684/1562 957/4685/1562 1933/4686/1562
f 957/4687/1563 2564/4688/1563 1933/4689/1563
f 919/4690/1564 1922/4691/1564 917/4692/1564
f 917/4693/1565 1922/4694/1565 915/4695/1565
f 2564/4696/1566 1902/4697/1566 1933/4698/1566
f 1902/4699/1567 890/4700/1567 1933/4701/1567
f 915/4702/1568 1922/4703/1568 913/4704/1568
f 913/4705/1569 1922/4706/1569 911/4707/1569
f 890/4708/1570 891/4709/1570 1933/4710/1570
f 891/4711/1571 894/4712/1571 1933/4713/1571
f 911/4714/1572 1922/4715/1572 909/4716/1572
f 909/4717/1573 1922/4718/1573 907/4719/1573
f 894/4720/1574 896/4721/1574 1933/4722/1574
f 897/4723/1575 900/4724/1575 896/4725/1575
f 896/4726/1576 900/4727/1576 1933/4728/1576
f 1922/4729/1577 1933/4730/1577 907/4731/1577
f 907/4732/1578 1933/4733/1578 905/4734/1578
f 900/4735/1579 901/4736/1579 1933/4737/1579
f 905/4738/1580 1933/4739/1580 903/4740/1580
f 1943/4741/1581 107/4742/1581 1942/4743/1581
f 1942/4744/1582 25/4745/1582 1944/4746/1582
f 1944/4747/1583 171/4748/1583 1945/4749/1583
f 937/4750/1584 934/4751/1584 938/4752/1584
f 942/4753/1585 939/4754/1585 1969/4755/1585
f 1968/4756/1586 1969/4757/1586 1967/4758/1586
f 1966/4759/1587 1967/4760/1587 1965/4761/1587
f 1964/4762/1588 1965/4763/1588 1963/4764/1588
f 1962/4765/1589 1963/4766/1589 1961/4767/1589
f 1960/4768/1590 1961/4769/1590 1959/4770/1590
f 1958/4771/1591 1959/4772/1591 1957/4773/1591
f 1955/4774/1592 1957/4775/1592 1953/4776/1592
f 1951/4777/1593 1953/4778/1593 1950/4779/1593
f 1949/4780/1594 1950/4781/1594 1948/4782/1594
f 1947/4783/1595 1948/4784/1595 278/4785/1595
f 252/4786/1596 278/4787/1596 160/4788/1596
f 536/4789/1597 160/4790/1597 1946/4791/1597
f 962/4792/1598 1946/4793/1598 889/4794/1598
f 889/4795/1599 1946/4796/1599 892/4797/1599
f 160/4798/1600 278/4799/1600 1946/4800/1600
f 1948/4801/1601 1950/4802/1601 278/4803/1601
f 1953/4804/1602 1957/4805/1602 1950/4806/1602
f 1959/4807/1603 1961/4808/1603 1957/4809/1603
f 1963/4810/1604 1965/4811/1604 1961/4812/1604
f 1967/4813/1605 1969/4814/1605 1965/4815/1605
f 939/4816/1606 938/4817/1606 1969/4818/1606
f 938/4819/1607 934/4820/1607 1969/4821/1607
f 1965/4822/1608 1969/4823/1608 1961/4824/1608
f 1957/4825/1609 1961/4826/1609 1950/4827/1609
f 278/4828/1610 1950/4829/1610 1946/4830/1610
f 892/4831/1611 1946/4832/1611 893/4833/1611
f 898/4834/1612 895/4835/1612 899/4836/1612
f 893/4837/1613 1946/4838/1613 895/4839/1613
f 1969/4840/1614 934/4841/1614 1961/4842/1614
f 934/4843/1615 933/4844/1615 1961/4845/1615
f 1946/4846/1616 1950/4847/1616 895/4848/1616
f 895/4849/1617 1950/4850/1617 899/4851/1617
f 933/4852/1618 930/4853/1618 1961/4854/1618
f 930/4855/1619 928/4856/1619 1961/4857/1619
f 899/4858/1620 1950/4859/1620 902/4860/1620
f 902/4861/1621 1950/4862/1621 904/4863/1621
f 928/4864/1622 926/4865/1622 1961/4866/1622
f 926/4867/1623 924/4868/1623 1961/4869/1623
f 904/4870/1624 1950/4871/1624 906/4872/1624
f 906/4873/1625 1950/4874/1625 908/4875/1625
f 924/4876/1626 922/4877/1626 1961/4878/1626
f 922/4879/1627 920/4880/1627 1961/4881/1627
f 908/4882/1628 1950/4883/1628 910/4884/1628
f 910/4885/1629 1950/4886/1629 912/4887/1629
f 920/4888/1630 918/4889/1630 1961/4890/1630
f 918/4891/1631 916/4892/1631 1961/4893/1631
f 1950/4894/1632 1961/4895/1632 912/4896/1632
f 916/4897/1633 914/4898/1633 1961/4899/1633
f 956/4900/1634 953/4901/1634 958/4902/1634
f 962/4903/1635 960/4904/1635 1946/4905/1635
f 1979/4906/1636 1946/4907/1636 1978/4908/1636
f 1977/4909/1637 1978/4910/1637 1976/4911/1637
f 1974/4912/1638 1976/4913/1638 1972/4914/1638
f 1970/4915/1639 1972/4916/1639 1969/4917/1639
f 942/4918/1640 1969/4919/1640 943/4920/1640
f 943/4921/1641 1969/4922/1641 946/4923/1641
f 1972/4924/1642 1976/4925/1642 1969/4926/1642
f 1978/4927/1643 1946/4928/1643 1976/4929/1643
f 960/4930/1644 958/4931/1644 1946/4932/1644
f 958/4933/1645 953/4934/1645 1946/4935/1645
f 1976/4936/1646 1946/4937/1646 1969/4938/1646
f 946/4939/1647 1969/4940/1647 948/4941/1647
f 948/4942/1648 1969/4943/1648 950/4944/1648
f 1946/4945/1649 953/4946/1649 1969/4947/1649
f 950/4948/1650 1969/4949/1650 952/4950/1650
f 1945/4951/1651 232/4952/1651 326/4953/1651
f 326/4954/1652 363/4955/1652 346/4956/1652
f 346/4957/1653 375/4958/1653 402/4959/1653
f 402/4960/1654 385/4961/1654 408/4962/1654
f 408/4963/1655 395/4964/1655 1952/4965/1655
f 415/4966/1656 425/4967/1656 1954/4968/1656
f 423/4969/1657 431/4970/1657 1956/4971/1657
f 440/4972/1658 432/4973/1658 441/4974/1658
f 441/4975/1659 436/4976/1659 445/4977/1659
f 445/4978/1660 452/4979/1660 449/4980/1660
f 449/4981/1661 453/4982/1661 464/4983/1661
f 464/4984/1662 459/4985/1662 466/4986/1662
f 466/4987/1663 460/4988/1663 471/4989/1663
f 471/4990/1664 475/4991/1664 473/4992/1664
f 473/4993/1665 478/4994/1665 484/4995/1665
f 484/4996/1666 480/4997/1666 486/4998/1666
f 486/4999/1667 482/5000/1667 488/5001/1667
f 488/5002/1668 492/5003/1668 489/5004/1668
f 489/5005/1669 493/5006/1669 500/5007/1669
f 500/5008/1670 496/5009/1670 501/5010/1670
f 501/5011/1671 497/5012/1671 1971/5013/1671
f 503/5014/1672 508/5015/1672 1973/5016/1672
f 506/5017/1673 509/5018/1673 1975/5019/1673
f 516/5020/1674 511/5021/1674 518/5022/1674
f 518/5023/1675 514/5024/1675 520/5025/1675
f 520/5026/1676 523/5027/1676 521/5028/1676
f 521/5029/1677 526/5030/1677 532/5031/1677
f 532/5032/1678 528/5033/1678 534/5034/1678
f 534/5035/1679 529/5036/1679 1943/5037/1679
f 1982/5038/1680 1984/5039/1680 1983/5040/1680
f 1985/5041/1681 1986/5042/1681 1984/5043/1681
f 1987/5044/1682 1988/5045/1682 1986/5046/1682
f 1983/5047/1683 1984/5048/1683 1988/5049/1683
f 1989/5050/1684 1993/5051/1684 1990/5052/1684
f 1994/5053/1685 1995/5054/1685 1993/5055/1685
f 1996/5056/1686 1997/5057/1686 1995/5058/1686
f 1990/5059/1687 1993/5060/1687 1997/5061/1687
f 39/5062/1688 16/5063/1688 2056/5064/1688
f 2001/5065/1689 2060/5066/1689 2000/5067/1689
f 2056/5068/1690 16/5069/1690 2568/5070/1690
f 2060/5071/1691 2568/5072/1691 2000/5073/1691
f 2002/5074/1692 2000/5075/1692 2572/5076/1692
f 88/5077/1693 2570/5078/1693 16/5079/1693
f 2572/5080/1694 2000/5081/1694 1036/5082/1694
f 2570/5083/1695 1036/5084/1695 16/5085/1695
f 122/5086/1696 2574/5087/1696 88/5088/1696
f 2003/5089/1697 2002/5090/1697 2576/5091/1697
f 2005/5092/1698 472/5093/1698 2004/5094/1698
f 66/5095/1699 152/5096/1699 472/5097/1699
f 182/5098/1700 2006/5099/1700 152/5100/1700
f 2007/5101/1701 2008/5102/1701 2006/5103/1701
f 2009/5104/1702 2010/5105/1702 2008/5106/1702
f 2012/5107/1703 2014/5108/1703 2010/5109/1703
f 2016/5110/1704 2017/5111/1704 2014/5112/1704
f 2018/5113/1705 2019/5114/1705 2017/5115/1705
f 2020/5116/1706 2021/5117/1706 2019/5118/1706
f 2022/5119/1707 2023/5120/1707 2021/5121/1707
f 2024/5122/1708 2025/5123/1708 2023/5124/1708
f 2026/5125/1709 2027/5126/1709 2025/5127/1709
f 2028/5128/1710 2029/5129/1710 2027/5130/1710
f 2031/5131/1711 2033/5132/1711 2029/5133/1711
f 2035/5134/1712 2036/5135/1712 2033/5136/1712
f 2037/5137/1713 2004/5138/1713 2036/5139/1713
f 472/5140/1714 152/5141/1714 2004/5142/1714
f 2006/5143/1715 2008/5144/1715 152/5145/1715
f 2010/5146/1716 2014/5147/1716 2008/5148/1716
f 2017/5149/1717 2019/5150/1717 2014/5151/1717
f 2021/5152/1718 2023/5153/1718 2019/5154/1718
f 2025/5155/1719 2027/5156/1719 2023/5157/1719
f 2029/5158/1720 2033/5159/1720 2027/5160/1720
f 2036/5161/1721 2004/5162/1721 2033/5163/1721
f 152/5164/1722 2008/5165/1722 2004/5166/1722
f 2014/5167/1723 2019/5168/1723 2008/5169/1723
f 2023/5170/1724 2027/5171/1724 2019/5172/1724
f 2033/5173/1725 2004/5174/1725 2027/5175/1725
f 2008/5176/1726 2019/5177/1726 2004/5178/1726
f 205/5179/1727 2003/5180/1727 1042/5181/1727
f 223/5182/1728 205/5183/1728 2039/5184/1728
f 289/5185/1729 223/5186/1729 2578/5187/1729
f 307/5188/1730 289/5189/1730 2580/5190/1730
f 2011/5191/1731 307/5192/1731 2156/5193/1731
f 2013/5194/1732 318/5195/1732 2146/5196/1732
f 2141/5197/1733 2015/5198/1733 2147/5199/1733
f 2583/5200/1734 381/5201/1734 2142/5202/1734
f 2585/5203/1735 389/5204/1735 2583/5205/1735
f 2587/5206/1736 390/5207/1736 2585/5208/1736
f 1051/5209/1737 410/5210/1737 2587/5211/1737
f 2591/5212/1738 414/5213/1738 1051/5214/1738
f 406/5215/1739 422/5216/1739 1053/5217/1739
f 2593/5218/1740 418/5219/1740 2591/5220/1740
f 422/5221/1741 424/5222/1741 1056/5223/1741
f 2596/5224/1742 421/5225/1742 2593/5226/1742
f 2594/5227/1743 424/5228/1743 1058/5229/1743
f 430/5230/1744 421/5231/1744 2597/5232/1744
f 1058/5233/1745 426/5234/1745 1060/5235/1745
f 433/5236/1746 430/5237/1746 2042/5238/1746
f 434/5239/1747 433/5240/1747 1061/5241/1747
f 437/5242/1748 434/5243/1748 2599/5244/1748
f 442/5245/1749 437/5246/1749 2601/5247/1749
f 444/5248/1750 442/5249/1750 2046/5250/1750
f 2030/5251/1751 444/5252/1751 2050/5253/1751
f 2032/5254/1752 447/5255/1752 2150/5256/1752
f 448/5257/1753 2152/5258/1753 2034/5259/1753
f 455/5260/1754 2162/5261/1754 457/5262/1754
f 457/5263/1755 2164/5264/1755 458/5265/1755
f 458/5266/1756 2166/5267/1756 461/5268/1756
f 461/5269/1757 2168/5270/1757 467/5271/1757
f 467/5272/1758 1071/5273/1758 470/5274/1758
f 465/5275/1759 39/5276/1759 2053/5277/1759
f 470/5278/1760 2057/5279/1760 2001/5280/1760
f 967/5281/1761 2062/5282/1761 964/5283/1761
f 2061/5284/1762 2063/5285/1762 2062/5286/1762
f 2064/5287/1763 2065/5288/1763 2063/5289/1763
f 2066/5290/1764 2067/5291/1764 2065/5292/1764
f 2068/5293/1765 2069/5294/1765 2067/5295/1765
f 2071/5296/1766 2073/5297/1766 2069/5298/1766
f 2075/5299/1767 2076/5300/1767 2073/5301/1767
f 2077/5302/1768 2078/5303/1768 2076/5304/1768
f 2079/5305/1769 2080/5306/1769 2078/5307/1769
f 2081/5308/1770 2082/5309/1770 2080/5310/1770
f 2083/5311/1771 2084/5312/1771 2082/5313/1771
f 2085/5314/1772 2086/5315/1772 2084/5316/1772
f 2087/5317/1773 2088/5318/1773 2086/5319/1773
f 984/5320/1774 986/5321/1774 2088/5322/1774
f 986/5323/1775 988/5324/1775 2088/5325/1775
f 2086/5326/1776 2088/5327/1776 2084/5328/1776
f 2082/5329/1777 2084/5330/1777 2080/5331/1777
f 2078/5332/1778 2080/5333/1778 2076/5334/1778
f 2073/5335/1779 2076/5336/1779 2069/5337/1779
f 2067/5338/1780 2069/5339/1780 2065/5340/1780
f 2063/5341/1781 2065/5342/1781 2062/5343/1781
f 964/5344/1782 2062/5345/1782 963/5346/1782
f 963/5347/1783 2062/5348/1783 1030/5349/1783
f 2065/5350/1784 2069/5351/1784 2062/5352/1784
f 2076/5353/1785 2080/5354/1785 2069/5355/1785
f 2084/5356/1786 2088/5357/1786 2080/5358/1786
f 988/5359/1787 991/5360/1787 2088/5361/1787
f 991/5362/1788 994/5363/1788 2088/5364/1788
f 2062/5365/1789 2069/5366/1789 1030/5367/1789
f 1030/5368/1790 2069/5369/1790 1029/5370/1790
f 2088/5371/1791 994/5372/1791 2080/5373/1791
f 994/5374/1792 996/5375/1792 2080/5376/1792
f 1029/5377/1793 2069/5378/1793 1028/5379/1793
f 1028/5380/1794 2069/5381/1794 1026/5382/1794
f 996/5383/1795 998/5384/1795 2080/5385/1795
f 998/5386/1796 1000/5387/1796 2080/5388/1796
f 1026/5389/1797 2069/5390/1797 1023/5391/1797
f 1023/5392/1798 2069/5393/1798 1022/5394/1798
f 1000/5395/1799 1002/5396/1799 2080/5397/1799
f 1002/5398/1800 1004/5399/1800 2080/5400/1800
f 1022/5401/1801 2069/5402/1801 1020/5403/1801
f 1020/5404/1802 2069/5405/1802 1017/5406/1802
f 1004/5407/1803 1007/5408/1803 2080/5409/1803
f 1007/5410/1804 1008/5411/1804 2080/5412/1804
f 1017/5413/1805 2069/5414/1805 1015/5415/1805
f 1015/5416/1806 2069/5417/1806 1012/5418/1806
f 2080/5419/1807 1008/5420/1807 2069/5421/1807
f 1012/5422/1808 2069/5423/1808 1010/5424/1808
f 2090/5425/1809 2093/5426/1809 2091/5427/1809
f 2094/5428/1810 2095/5429/1810 2093/5430/1810
f 2096/5431/1811 2062/5432/1811 2095/5433/1811
f 967/5434/1812 969/5435/1812 2062/5436/1812
f 969/5437/1813 971/5438/1813 2062/5439/1813
f 2095/5440/1814 2062/5441/1814 2093/5442/1814
f 2091/5443/1815 2093/5444/1815 2097/5445/1815
f 2088/5446/1816 2097/5447/1816 984/5448/1816
f 984/5449/1817 2097/5450/1817 982/5451/1817
f 2093/5452/1818 2062/5453/1818 2097/5454/1818
f 971/5455/1819 972/5456/1819 2062/5457/1819
f 972/5458/1820 975/5459/1820 2062/5460/1820
f 982/5461/1821 2097/5462/1821 980/5463/1821
f 980/5464/1822 2097/5465/1822 978/5466/1822
f 2062/5467/1823 975/5468/1823 2097/5469/1823
f 978/5470/1824 2097/5471/1824 977/5472/1824
f 2565/5473/1825 2059/5474/1825 3/5475/1825
f 2566/5476/1826 2099/5477/1826 2573/5478/1826
f 2565/5479/1827 3/5480/1827 2055/5481/1827
f 2101/5482/1828 2099/5483/1828 2571/5484/1828
f 2055/5485/1829 45/5486/1829 2054/5487/1829
f 2102/5488/1830 2101/5489/1830 2575/5490/1830
f 1075/5491/1831 1073/5492/1831 1038/5493/1831
f 1014/5494/1832 1011/5495/1832 1013/5496/1832
f 2103/5497/1833 2104/5498/1833 1011/5499/1833
f 2106/5500/1834 2108/5501/1834 2104/5502/1834
f 2110/5503/1835 2111/5504/1835 2108/5505/1835
f 2112/5506/1836 2113/5507/1836 2111/5508/1836
f 2114/5509/1837 420/5510/1837 2113/5511/1837
f 41/5512/1838 82/5513/1838 420/5514/1838
f 89/5515/1839 2115/5516/1839 82/5517/1839
f 2116/5518/1840 2117/5519/1840 2115/5520/1840
f 2118/5521/1841 979/5522/1841 2117/5523/1841
f 979/5524/1842 976/5525/1842 2117/5526/1842
f 2115/5527/1843 2117/5528/1843 82/5529/1843
f 420/5530/1844 82/5531/1844 2113/5532/1844
f 2111/5533/1845 2113/5534/1845 2108/5535/1845
f 2104/5536/1846 2108/5537/1846 1011/5538/1846
f 1011/5539/1847 2108/5540/1847 1013/5541/1847
f 2113/5542/1848 82/5543/1848 2108/5544/1848
f 2117/5545/1849 976/5546/1849 82/5547/1849
f 976/5548/1850 974/5549/1850 82/5550/1850
f 1013/5551/1851 2108/5552/1851 1016/5553/1851
f 1016/5554/1852 2108/5555/1852 1019/5556/1852
f 974/5557/1853 973/5558/1853 82/5559/1853
f 973/5560/1854 970/5561/1854 82/5562/1854
f 1019/5563/1855 2108/5564/1855 1018/5565/1855
f 1018/5566/1856 2108/5567/1856 1021/5568/1856
f 970/5569/1857 968/5570/1857 82/5571/1857
f 968/5572/1858 965/5573/1858 82/5574/1858
f 1021/5575/1859 2108/5576/1859 1024/5577/1859
f 1024/5578/1860 2108/5579/1860 1025/5580/1860
f 965/5581/1861 966/5582/1861 82/5583/1861
f 966/5584/1862 1031/5585/1862 82/5586/1862
f 2108/5587/1863 82/5588/1863 1025/5589/1863
f 1031/5590/1864 1027/5591/1864 82/5592/1864
f 993/5593/1865 990/5594/1865 992/5595/1865
f 1011/5596/1866 1009/5597/1866 2103/5598/1866
f 2137/5599/1867 2103/5600/1867 2136/5601/1867
f 2135/5602/1868 2136/5603/1868 2134/5604/1868
f 2133/5605/1869 2134/5606/1869 2132/5607/1869
f 2131/5608/1870 2132/5609/1870 2130/5610/1870
f 2129/5611/1871 2130/5612/1871 2128/5613/1871
f 2127/5614/1872 2128/5615/1872 2126/5616/1872
f 2124/5617/1873 2126/5618/1873 2122/5619/1873
f 2120/5620/1874 2122/5621/1874 2118/5622/1874
f 979/5623/1875 2118/5624/1875 981/5625/1875
f 981/5626/1876 2118/5627/1876 983/5628/1876
f 2122/5629/1877 2126/5630/1877 2118/5631/1877
f 2128/5632/1878 2130/5633/1878 2126/5634/1878
f 2132/5635/1879 2134/5636/1879 2130/5637/1879
f 2136/5638/1880 2103/5639/1880 2134/5640/1880
f 1009/5641/1881 1006/5642/1881 2103/5643/1881
f 1006/5644/1882 1005/5645/1882 2103/5646/1882
f 2134/5647/1883 2103/5648/1883 2130/5649/1883
f 2126/5650/1884 2130/5651/1884 2118/5652/1884
f 983/5653/1885 2118/5654/1885 985/5655/1885
f 985/5656/1886 2118/5657/1886 987/5658/1886
f 2103/5659/1887 1005/5660/1887 2130/5661/1887
f 1005/5662/1888 1003/5663/1888 2130/5664/1888
f 2118/5665/1889 2130/5666/1889 987/5667/1889
f 987/5668/1890 2130/5669/1890 989/5670/1890
f 1003/5671/1891 1001/5672/1891 2130/5673/1891
f 1001/5674/1892 999/5675/1892 2130/5676/1892
f 989/5677/1893 2130/5678/1893 990/5679/1893
f 990/5680/1894 2130/5681/1894 992/5682/1894
f 999/5683/1895 997/5684/1895 2130/5685/1895
f 992/5686/1896 2130/5687/1896 995/5688/1896
f 2054/5689/1897 61/5690/1897 1998/5691/1897
f 140/5692/1898 99/5693/1898 61/5694/1898
f 2102/5695/1899 2575/5696/1899 99/5697/1899
f 2575/5698/1900 1991/5699/1900 99/5700/1900
f 61/5701/1901 99/5702/1901 1998/5703/1901
f 1040/5704/1902 1073/5705/1902 1034/5706/1902
f 99/5707/1903 140/5708/1903 112/5709/1903
f 112/5710/1904 148/5711/1904 191/5712/1904
f 191/5713/1905 162/5714/1905 199/5715/1905
f 199/5716/1906 177/5717/1906 2121/5718/1906
f 219/5719/1907 234/5720/1907 2123/5721/1907
f 226/5722/1908 242/5723/1908 2125/5724/1908
f 257/5725/1909 245/5726/1909 263/5727/1909
f 263/5728/1910 255/5729/1910 269/5730/1910
f 269/5731/1911 283/5732/1911 273/5733/1911
f 273/5734/1912 287/5735/1912 314/5736/1912
f 1053/5737/1913 321/5738/1913 1033/5739/1913
f 314/5740/1914 296/5741/1914 321/5742/1914
f 302/5743/1915 1060/5744/1915 296/5745/1915
f 1060/5746/1916 1032/5747/1916 296/5748/1916
f 321/5749/1917 296/5750/1917 1033/5751/1917
f 321/5752/1918 1053/5753/1918 332/5754/1918
f 302/5755/1919 343/5756/1919 1060/5757/1919
f 343/5758/1920 352/5759/1920 1058/5760/1920
f 332/5761/1921 1056/5762/1921 340/5763/1921
f 1058/5764/1922 352/5765/1922 2594/5766/1922
f 1056/5767/1923 2594/5768/1923 340/5769/1923
f 360/5770/1924 340/5771/1924 2592/5772/1924
f 354/5773/1925 2598/5774/1925 352/5775/1925
f 2592/5776/1926 340/5777/1926 2595/5778/1926
f 2598/5779/1927 2595/5780/1927 352/5781/1927
f 358/5782/1928 2043/5783/1928 354/5784/1928
f 361/5785/1929 360/5786/1929 2590/5787/1929
f 1057/5788/1930 1055/5789/1930 1059/5790/1930
f 367/5791/1931 361/5792/1931 2588/5793/1931
f 371/5794/1932 2044/5795/1932 358/5796/1932
f 1052/5797/1933 2589/5798/1933 1059/5799/1933
f 370/5800/1934 367/5801/1934 2586/5802/1934
f 377/5803/1935 2600/5804/1935 371/5805/1935
f 2045/5806/1936 2589/5807/1936 1062/5808/1936
f 386/5809/1937 370/5810/1937 2584/5811/1937
f 379/5812/1938 2602/5813/1938 377/5814/1938
f 1049/5815/1939 1063/5816/1939 1050/5817/1939
f 388/5818/1940 386/5819/1940 2582/5820/1940
f 383/5821/1941 2047/5822/1941 379/5823/1941
f 1064/5824/1942 1063/5825/1942 1048/5826/1942
f 2105/5827/1943 388/5828/1943 2138/5829/1943
f 2074/5830/1944 2048/5831/1944 383/5832/1944
f 2139/5833/1945 2049/5834/1945 1048/5835/1945
f 2107/5836/1946 391/5837/1946 2143/5838/1946
f 2072/5839/1947 2148/5840/1947 394/5841/1947
f 2144/5842/1948 2149/5843/1948 1047/5844/1948
f 2153/5845/1949 2109/5846/1949 2145/5847/1949
f 396/5848/1950 2070/5849/1950 2151/5850/1950
f 1046/5851/1951 2154/5852/1951 1066/5853/1951
f 2163/5854/1952 2161/5855/1952 399/5856/1952
f 2581/5857/1953 401/5858/1953 2155/5859/1953
f 1068/5860/1954 1067/5861/1954 1044/5862/1954
f 399/5863/1955 407/5864/1955 2163/5865/1955
f 2579/5866/1956 403/5867/1956 2581/5868/1956
f 1044/5869/1957 1043/5870/1957 1068/5871/1957
f 407/5872/1958 409/5873/1958 2165/5874/1958
f 2038/5875/1959 405/5876/1959 2579/5877/1959
f 1070/5878/1960 1069/5879/1960 1041/5880/1960
f 409/5881/1961 412/5882/1961 2167/5883/1961
f 2040/5884/1962 416/5885/1962 2038/5886/1962
f 1041/5887/1963 2041/5888/1963 1070/5889/1963
f 2058/5890/1964 2603/5891/1964 413/5892/1964
f 2577/5893/1965 417/5894/1965 2040/5895/1965
f 1072/5896/1966 2604/5897/1966 1039/5898/1966
f 2059/5899/1967 2058/5900/1967 20/5901/1967
f 2573/5902/1968 2100/5903/1968 2577/5904/1968
f 1037/5905/1969 1074/5906/1969 1039/5907/1969
f 2170/5908/1970 2171/5909/1970 2169/5910/1970
f 2172/5911/1971 1077/5912/1971 2171/5913/1971
f 1077/5914/1972 1139/5915/1972 2171/5916/1972
f 2169/5917/1973 2171/5918/1973 2180/5919/1973
f 2179/5920/1974 2180/5921/1974 2177/5922/1974
f 2175/5923/1975 2177/5924/1975 2173/5925/1975
f 1125/5926/1976 2173/5927/1976 1126/5928/1976
f 1126/5929/1977 2173/5930/1977 1128/5931/1977
f 2177/5932/1978 2180/5933/1978 2173/5934/1978
f 2171/5935/1979 1139/5936/1979 2180/5937/1979
f 1139/5938/1980 1137/5939/1980 2180/5940/1980
f 2173/5941/1981 2180/5942/1981 1128/5943/1981
f 1128/5944/1982 2180/5945/1982 1131/5946/1982
f 1137/5947/1983 1134/5948/1983 2180/5949/1983
f 1131/5950/1984 2180/5951/1984 1133/5952/1984
f 1077/5953/1985 2172/5954/1985 1078/5955/1985
f 2181/5956/1986 2182/5957/1986 2172/5958/1986
f 2183/5959/1987 2184/5960/1987 2182/5961/1987
f 2185/5962/1988 2186/5963/1988 2184/5964/1988
f 2187/5965/1989 2188/5966/1989 2186/5967/1989
f 2190/5968/1990 2192/5969/1990 2188/5970/1990
f 2194/5971/1991 2195/5972/1991 2192/5973/1991
f 2196/5974/1992 2197/5975/1992 2195/5976/1992
f 2198/5977/1993 2199/5978/1993 2197/5979/1993
f 2200/5980/1994 2201/5981/1994 2199/5982/1994
f 2202/5983/1995 2203/5984/1995 2201/5985/1995
f 2204/5986/1996 2205/5987/1996 2203/5988/1996
f 2206/5989/1997 2173/5990/1997 2205/5991/1997
f 1125/5992/1998 1123/5993/1998 2173/5994/1998
f 1123/5995/1999 1120/5996/1999 2173/5997/1999
f 2205/5998/2000 2173/5999/2000 2203/6000/2000
f 2201/6001/2001 2203/6002/2001 2199/6003/2001
f 2197/6004/2002 2199/6005/2002 2195/6006/2002
f 2192/6007/2003 2195/6008/2003 2188/6009/2003
f 2186/6010/2004 2188/6011/2004 2184/6012/2004
f 2182/6013/2005 2184/6014/2005 2172/6015/2005
f 1078/6016/2006 2172/6017/2006 1080/6018/2006
f 1080/6019/2007 2172/6020/2007 1082/6021/2007
f 2184/6022/2008 2188/6023/2008 2172/6024/2008
f 2195/6025/2009 2199/6026/2009 2188/6027/2009
f 2203/6028/2010 2173/6029/2010 2199/6030/2010
f 1120/6031/2011 1118/6032/2011 2173/6033/2011
f 1118/6034/2012 1116/6035/2012 2173/6036/2012
f 2172/6037/2013 2188/6038/2013 1082/6039/2013
f 1082/6040/2014 2188/6041/2014 1084/6042/2014
f 2173/6043/2015 1116/6044/2015 2199/6045/2015
f 1116/6046/2016 1114/6047/2016 2199/6048/2016
f 1084/6049/2017 2188/6050/2017 1086/6051/2017
f 1086/6052/2018 2188/6053/2018 1089/6054/2018
f 1114/6055/2019 1113/6056/2019 2199/6057/2019
f 1113/6058/2020 1111/6059/2020 2199/6060/2020
f 1089/6061/2021 2188/6062/2021 1090/6063/2021
f 1090/6064/2022 2188/6065/2022 1093/6066/2022
f 1111/6067/2023 1109/6068/2023 2199/6069/2023
f 1109/6070/2024 1107/6071/2024 2199/6072/2024
f 1093/6073/2025 2188/6074/2025 1095/6075/2025
f 1095/6076/2026 2188/6077/2026 1097/6078/2026
f 1107/6079/2027 1105/6080/2027 2199/6081/2027
f 1105/6082/2028 1102/6083/2028 2199/6084/2028
f 2188/6085/2029 2199/6086/2029 1097/6087/2029
f 1097/6088/2030 2199/6089/2030 1099/6090/2030
f 1102/6091/2031 1101/6092/2031 2199/6093/2031
f 2208/6094/2032 2207/6095/2032 10/6096/2032
f 2207/6097/2033 2209/6098/2033 5/6099/2033
f 2209/6100/2034 2210/6101/2034 30/6102/2034
f 2211/6103/2035 2212/6104/2035 347/6105/2035
f 2213/6106/2036 2214/6107/2036 2212/6108/2036
f 2215/6109/2037 2216/6110/2037 2214/6111/2037
f 2218/6112/2038 1127/6113/2038 2216/6114/2038
f 1127/6115/2039 1129/6116/2039 2216/6117/2039
f 2214/6118/2040 2216/6119/2040 2212/6120/2040
f 347/6121/2041 2212/6122/2041 21/6123/2041
f 1079/6124/2042 21/6125/2042 1076/6126/2042
f 1076/6127/2043 21/6128/2043 1138/6129/2043
f 2212/6130/2044 2216/6131/2044 21/6132/2044
f 1129/6133/2045 1130/6134/2045 2216/6135/2045
f 1130/6136/2046 1132/6137/2046 2216/6138/2046
f 21/6139/2047 2216/6140/2047 1138/6141/2047
f 1138/6142/2048 2216/6143/2048 1136/6144/2048
f 1132/6145/2049 1135/6146/2049 2216/6147/2049
f 2220/6148/2050 2222/6149/2050 2221/6150/2050
f 2223/6151/2051 2224/6152/2051 2222/6153/2051
f 2225/6154/2052 2226/6155/2052 2224/6156/2052
f 2227/6157/2053 2228/6158/2053 2226/6159/2053
f 2229/6160/2054 2230/6161/2054 2228/6162/2054
f 2231/6163/2055 2232/6164/2055 2230/6165/2055
f 2234/6166/2056 2236/6167/2056 2232/6168/2056
f 2238/6169/2057 2239/6170/2057 2236/6171/2057
f 2240/6172/2058 2241/6173/2058 2239/6174/2058
f 48/6175/2059 44/6176/2059 2241/6177/2059
f 21/6178/2060 1079/6179/2060 44/6180/2060
f 1079/6181/2061 1081/6182/2061 44/6183/2061
f 2241/6184/2062 44/6185/2062 2239/6186/2062
f 2236/6187/2063 2239/6188/2063 2232/6189/2063
f 2230/6190/2064 2232/6191/2064 2228/6192/2064
f 2226/6193/2065 2228/6194/2065 2224/6195/2065
f 2222/6196/2066 2224/6197/2066 2221/6198/2066
f 2244/6199/2067 2221/6200/2067 2242/6201/2067
f 2218/6202/2068 2242/6203/2068 1127/6204/2068
f 1127/6205/2069 2242/6206/2069 1124/6207/2069
f 2221/6208/2070 2224/6209/2070 2242/6210/2070
f 2228/6211/2071 2232/6212/2071 2224/6213/2071
f 2239/6214/2072 44/6215/2072 2232/6216/2072
f 1081/6217/2073 1083/6218/2073 44/6219/2073
f 1083/6220/2074 1085/6221/2074 44/6222/2074
f 2242/6223/2075 2224/6224/2075 1124/6225/2075
f 1124/6226/2076 2224/6227/2076 1122/6228/2076
f 44/6229/2077 1085/6230/2077 2232/6231/2077
f 1085/6232/2078 1087/6233/2078 2232/6234/2078
f 1122/6235/2079 2224/6236/2079 1121/6237/2079
f 1121/6238/2080 2224/6239/2080 1119/6240/2080
f 1087/6241/2081 1088/6242/2081 2232/6243/2081
f 1088/6244/2082 1091/6245/2082 2232/6246/2082
f 1119/6247/2083 2224/6248/2083 1117/6249/2083
f 1117/6250/2084 2224/6251/2084 1115/6252/2084
f 1091/6253/2085 1092/6254/2085 2232/6255/2085
f 1092/6256/2086 1094/6257/2086 2232/6258/2086
f 1115/6259/2087 2224/6260/2087 1112/6261/2087
f 1112/6262/2088 2224/6263/2088 1110/6264/2088
f 1094/6265/2089 1096/6266/2089 2232/6267/2089
f 1096/6268/2090 1098/6269/2090 2232/6270/2090
f 1110/6271/2091 2224/6272/2091 1108/6273/2091
f 1108/6274/2092 2224/6275/2092 1106/6276/2092
f 1098/6277/2093 1100/6278/2093 2232/6279/2093
f 1100/6280/2094 1103/6281/2094 2232/6282/2094
f 2224/6283/2095 2232/6284/2095 1106/6285/2095
f 1103/6286/2096 1104/6287/2096 2232/6288/2096
f 2210/6289/2097 57/6290/2097 36/6291/2097
f 57/6292/2098 64/6293/2098 68/6294/2098
f 64/6295/2099 92/6296/2099 70/6297/2099
f 92/6298/2100 98/6299/2100 76/6300/2100
f 98/6301/2101 2237/6302/2101 84/6303/2101
f 103/6304/2102 2235/6305/2102 126/6306/2102
f 115/6307/2103 2233/6308/2103 133/6309/2103
f 153/6310/2104 155/6311/2104 135/6312/2104
f 155/6313/2105 167/6314/2105 143/6315/2105
f 167/6316/2106 173/6317/2106 175/6318/2106
f 173/6319/2107 203/6320/2107 179/6321/2107
f 203/6322/2108 209/6323/2108 186/6324/2108
f 209/6325/2109 215/6326/2109 193/6327/2109
f 215/6328/2110 222/6329/2110 228/6330/2110
f 222/6331/2111 243/6332/2111 230/6333/2111
f 243/6334/2112 248/6335/2112 236/6336/2112
f 248/6337/2113 250/6338/2113 238/6339/2113
f 250/6340/2114 254/6341/2114 260/6342/2114
f 254/6343/2115 275/6344/2115 261/6345/2115
f 275/6346/2116 280/6347/2116 265/6348/2116
f 280/6349/2117 2243/6350/2117 272/6351/2117
f 282/6352/2118 2219/6353/2118 291/6354/2118
f 285/6355/2119 2217/6356/2119 294/6357/2119
f 306/6358/2120 311/6359/2120 297/6360/2120
f 311/6361/2121 315/6362/2121 304/6363/2121
f 315/6364/2122 319/6365/2122 323/6366/2122
f 319/6367/2123 337/6368/2123 328/6369/2123
f 337/6370/2124 341/6371/2124 330/6372/2124
f 341/6373/2125 2208/6374/2125 334/6375/2125
f 1150/6376/2126 2245/6377/2126 1149/6378/2126
f 2246/6379/2127 2247/6380/2127 2245/6381/2127
f 2248/6382/2128 2249/6383/2128 2247/6384/2128
f 2250/6385/2129 2251/6386/2129 2249/6387/2129
f 1149/6388/2130 2245/6389/2130 2251/6390/2130
f 2247/6391/2131 2249/6392/2131 2245/6393/2131
f 1768/6394/2132 1765/6395/2132 2252/6396/2132
f 2253/6397/2133 2254/6398/2133 1765/6399/2133
f 2255/6400/2134 2256/6401/2134 2254/6402/2134
f 2257/6403/2135 2258/6404/2135 2256/6405/2135
f 2252/6406/2136 1765/6407/2136 2258/6408/2136
f 2254/6409/2137 2256/6410/2137 1765/6411/2137
f 7/6412/2138 1144/6413/2138 1/6414/2138
f 1142/6415/2139 2259/6416/2139 1140/6417/2139
f 1144/6418/2140 1140/6419/2140 1/6420/2140
f 2259/6421/2141 2260/6422/2141 1140/6423/2141
f 2264/6424/2142 2263/6425/2142 2261/6426/2142
f 1143/6427/2143 13/6428/2143 1140/6429/2143
f 2265/6430/2144 1141/6431/2144 2260/6432/2144
f 13/6433/2145 1/6434/2145 1140/6435/2145
f 1141/6436/2146 1140/6437/2146 2260/6438/2146
f 2267/6439/2147 2264/6440/2147 2266/6441/2147
f 18/6442/2148 13/6443/2148 1145/6444/2148
f 1141/6445/2149 2265/6446/2149 1188/6447/2149
f 2268/6448/2150 2305/6449/2150 2266/6450/2150
f 2269/6451/2151 2271/6452/2151 2270/6453/2151
f 2272/6454/2152 2273/6455/2152 2271/6456/2152
f 2274/6457/2153 2275/6458/2153 2273/6459/2153
f 2276/6460/2154 2278/6461/2154 2275/6462/2154
f 2280/6463/2155 2282/6464/2155 2278/6465/2155
f 2283/6466/2156 2284/6467/2156 2282/6468/2156
f 2285/6469/2157 28/6470/2157 2284/6471/2157
f 23/6472/2158 11/6473/2158 28/6474/2158
f 218/6475/2159 2286/6476/2159 11/6477/2159
f 2287/6478/2160 2288/6479/2160 2286/6480/2160
f 2289/6481/2161 2290/6482/2161 2288/6483/2161
f 2291/6484/2162 2293/6485/2162 2290/6486/2162
f 2295/6487/2163 2297/6488/2163 2293/6489/2163
f 2298/6490/2164 2299/6491/2164 2297/6492/2164
f 2300/6493/2165 2301/6494/2165 2299/6495/2165
f 2302/6496/2166 2270/6497/2166 2301/6498/2166
f 2271/6499/2167 2273/6500/2167 2270/6501/2167
f 2275/6502/2168 2278/6503/2168 2273/6504/2168
f 2282/6505/2169 2284/6506/2169 2278/6507/2169
f 28/6508/2170 11/6509/2170 2284/6510/2170
f 2286/6511/2171 2288/6512/2171 11/6513/2171
f 2290/6514/2172 2293/6515/2172 2288/6516/2172
f 2297/6517/2173 2299/6518/2173 2293/6519/2173
f 2301/6520/2174 2270/6521/2174 2299/6522/2174
f 2273/6523/2175 2278/6524/2175 2270/6525/2175
f 2284/6526/2176 11/6527/2176 2278/6528/2176
f 2288/6529/2177 2293/6530/2177 11/6531/2177
f 2299/6532/2178 2270/6533/2178 2293/6534/2178
f 2278/6535/2179 11/6536/2179 2270/6537/2179
f 38/6538/2180 18/6539/2180 1147/6540/2180
f 1188/6541/2181 2303/6542/2181 1187/6543/2181
f 31/6544/2182 2306/6545/2182 2268/6546/2182
f 1187/6547/2183 2304/6548/2183 1185/6549/2183
f 2307/6550/2184 2306/6551/2184 34/6552/2184
f 1185/6553/2185 2605/6554/2185 1183/6555/2185
f 50/6556/2186 2308/6557/2186 34/6558/2186
f 1183/6559/2187 2309/6560/2187 1181/6561/2187
f 53/6562/2188 2313/6563/2188 50/6564/2188
f 1181/6565/2189 2310/6566/2189 1180/6567/2189
f 2311/6568/2190 2313/6569/2190 2281/6570/2190
f 2317/6571/2191 1864/6572/2191 2607/6573/2191
f 1178/6574/2192 2561/6575/2192 1177/6576/2192
f 1864/6577/2193 1177/6578/2193 2607/6579/2193
f 2314/6580/2194 2312/6581/2194 2279/6582/2194
f 2316/6583/2195 2318/6584/2195 1175/6585/2195
f 2320/6586/2196 2315/6587/2196 2277/6588/2196
f 1172/6589/2197 2319/6590/2197 1171/6591/2197
f 2322/6592/2198 1171/6593/2198 2323/6594/2198
f 74/6595/2199 78/6596/2199 2321/6597/2199
f 2324/6598/2200 2608/6599/2200 78/6600/2200
f 2322/6601/2201 2326/6602/2201 1171/6603/2201
f 80/6604/2202 2325/6605/2202 78/6606/2202
f 2326/6607/2203 2327/6608/2203 1166/6609/2203
f 2328/6610/2204 2325/6611/2204 85/6612/2204
f 2329/6613/2205 1164/6614/2205 2330/6615/2205
f 1167/6616/2206 2327/6617/2206 1164/6618/2206
f 2328/6619/2207 85/6620/2207 2332/6621/2207
f 102/6622/2208 2331/6623/2208 85/6624/2208
f 2333/6625/2209 1162/6626/2209 2334/6627/2209
f 1164/6628/2210 2329/6629/2210 1162/6630/2210
f 2331/6631/2211 102/6632/2211 2335/6633/2211
f 105/6634/2212 2337/6635/2212 102/6636/2212
f 1156/6637/2213 96/6638/2213 1763/6639/2213
f 1159/6640/2214 1162/6641/2214 2336/6642/2214
f 110/6643/2215 2338/6644/2215 105/6645/2215
f 1158/6646/2216 118/6647/2216 1156/6648/2216
f 2541/6649/2217 1159/6650/2217 2339/6651/2217
f 113/6652/2218 2340/6653/2218 110/6654/2218
f 2543/6655/2219 120/6656/2219 1158/6657/2219
f 2541/6658/2220 2339/6659/2220 1160/6660/2220
f 132/6661/2221 2342/6662/2221 113/6663/2221
f 124/6664/2222 120/6665/2222 1157/6666/2222
f 1160/6667/2223 2341/6668/2223 1163/6669/2223
f 138/6670/2224 2344/6671/2224 132/6672/2224
f 129/6673/2225 124/6674/2225 1155/6675/2225
f 2609/6676/2226 1165/6677/2226 2345/6678/2226
f 1163/6679/2227 2343/6680/2227 1165/6681/2227
f 2344/6682/2228 138/6683/2228 2346/6684/2228
f 142/6685/2229 2347/6686/2229 138/6687/2229
f 150/6688/2230 129/6689/2230 1771/6690/2230
f 2349/6691/2231 1168/6692/2231 2348/6693/2231
f 1165/6694/2232 2609/6695/2232 1168/6696/2232
f 2347/6697/2233 142/6698/2233 2350/6699/2233
f 145/6700/2234 2610/6701/2234 142/6702/2234
f 2352/6703/2235 1170/6704/2235 2351/6705/2235
f 1168/6706/2236 2349/6707/2236 1170/6708/2236
f 2610/6709/2237 145/6710/2237 2353/6711/2237
f 157/6712/2238 2354/6713/2238 145/6714/2238
f 2356/6715/2239 1169/6716/2239 2355/6717/2239
f 1170/6718/2240 2352/6719/2240 1169/6720/2240
f 2354/6721/2241 157/6722/2241 2357/6723/2241
f 164/6724/2242 2358/6725/2242 157/6726/2242
f 2612/6727/2243 1836/6728/2243 2359/6729/2243
f 1169/6730/2244 2356/6731/2244 1836/6732/2244
f 2358/6733/2245 164/6734/2245 2360/6735/2245
f 2296/6736/2246 2361/6737/2246 164/6738/2246
f 2364/6739/2247 1851/6740/2247 2363/6741/2247
f 1173/6742/2248 1256/6743/2248 1851/6744/2248
f 165/6745/2249 2294/6746/2249 2362/6747/2249
f 2366/6748/2250 2368/6749/2250 2294/6750/2250
f 2552/6751/2251 1176/6752/2251 2369/6753/2251
f 1174/6754/2252 2365/6755/2252 1176/6756/2252
f 2292/6757/2253 2371/6758/2253 170/6759/2253
f 2375/6760/2254 1182/6761/2254 2373/6762/2254
f 1179/6763/2255 2370/6764/2255 1182/6765/2255
f 2372/6766/2256 184/6767/2256 2374/6768/2256
f 187/6769/2257 2613/6770/2257 184/6771/2257
f 2379/6772/2258 1184/6773/2258 2376/6774/2258
f 1182/6775/2259 2375/6776/2259 1184/6777/2259
f 2613/6778/2260 187/6779/2260 2377/6780/2260
f 189/6781/2261 2378/6782/2261 187/6783/2261
f 2614/6784/2262 1186/6785/2262 2380/6786/2262
f 1184/6787/2263 2379/6788/2263 1186/6789/2263
f 2378/6790/2264 189/6791/2264 2381/6792/2264
f 196/6793/2265 2615/6794/2265 189/6795/2265
f 2614/6796/2266 2616/6797/2266 1186/6798/2266
f 2382/6799/2267 2615/6800/2267 211/6801/2267
f 201/6802/2268 1148/6803/2268 207/6804/2268
f 2616/6805/2269 2384/6806/2269 1190/6807/2269
f 2383/6808/2270 2382/6809/2270 213/6810/2270
f 207/6811/2271 1146/6812/2271 7/6813/2271
f 2384/6814/2272 2259/6815/2272 1189/6816/2272
f 2263/6817/2273 2383/6818/2273 2262/6819/2273
f 8/6820/2274 12/6821/2274 2385/6822/2274
f 2611/6823/2275 2389/6824/2275 1259/6825/2275
f 2387/6826/2276 2390/6827/2276 2389/6828/2276
f 2391/6829/2277 2393/6830/2277 2390/6831/2277
f 2394/6832/2278 2395/6833/2278 2393/6834/2278
f 2396/6835/2279 2397/6836/2279 2395/6837/2279
f 2398/6838/2280 2399/6839/2280 2397/6840/2280
f 2400/6841/2281 2401/6842/2281 2399/6843/2281
f 2402/6844/2282 2403/6845/2282 2401/6846/2282
f 2404/6847/2283 2405/6848/2283 2403/6849/2283
f 1194/6850/2284 1192/6851/2284 2405/6852/2284
f 1192/6853/2285 1278/6854/2285 2405/6855/2285
f 2403/6856/2286 2405/6857/2286 2401/6858/2286
f 2399/6859/2287 2401/6860/2287 2397/6861/2287
f 2395/6862/2288 2397/6863/2288 2393/6864/2288
f 2390/6865/2289 2393/6866/2289 2389/6867/2289
f 1259/6868/2290 2389/6869/2290 1260/6870/2290
f 1263/6871/2291 1262/6872/2291 1266/6873/2291
f 1260/6874/2292 2389/6875/2292 1262/6876/2292
f 2393/6877/2293 2397/6878/2293 2389/6879/2293
f 2401/6880/2294 2405/6881/2294 2397/6882/2294
f 1278/6883/2295 1276/6884/2295 2405/6885/2295
f 1271/6886/2296 1270/6887/2296 1274/6888/2296
f 1276/6889/2297 1274/6890/2297 2405/6891/2297
f 2397/6892/2298 2405/6893/2298 2389/6894/2298
f 1262/6895/2299 2389/6896/2299 1266/6897/2299
f 1266/6898/2300 2389/6899/2300 1267/6900/2300
f 2405/6901/2301 1274/6902/2301 2389/6903/2301
f 1267/6904/2302 2389/6905/2302 1270/6906/2302
f 1194/6907/2303 2405/6908/2303 1196/6909/2303
f 2/6910/2304 4/6911/2304 2405/6912/2304
f 2406/6913/2305 2407/6914/2305 4/6915/2305
f 2408/6916/2306 2409/6917/2306 2407/6918/2306
f 2410/6919/2307 2411/6920/2307 2409/6921/2307
f 2412/6922/2308 2413/6923/2308 2411/6924/2308
f 2414/6925/2309 2415/6926/2309 2413/6927/2309
f 2416/6928/2310 2417/6929/2310 2415/6930/2310
f 2418/6931/2311 2420/6932/2311 2417/6933/2311
f 2421/6934/2312 2423/6935/2312 2420/6936/2312
f 2424/6937/2313 2426/6938/2313 2423/6939/2313
f 2427/6940/2314 2428/6941/2314 2426/6942/2314
f 2429/6943/2315 2430/6944/2315 2428/6945/2315
f 2431/6946/2316 2432/6947/2316 2430/6948/2316
f 2433/6949/2317 2434/6950/2317 2432/6951/2317
f 2435/6952/2318 2436/6953/2318 2434/6954/2318
f 2437/6955/2319 2438/6956/2319 2436/6957/2319
f 2439/6958/2320 2440/6959/2320 2438/6960/2320
f 2441/6961/2321 2442/6962/2321 2440/6963/2321
f 2443/6964/2322 2444/6965/2322 2442/6966/2322
f 2445/6967/2323 2446/6968/2323 2444/6969/2323
f 2447/6970/2324 2448/6971/2324 2446/6972/2324
f 2449/6973/2325 2450/6974/2325 2448/6975/2325
f 2451/6976/2326 2452/6977/2326 2450/6978/2326
f 2453/6979/2327 2389/6980/2327 2452/6981/2327
f 2611/6982/2328 1254/6983/2328 2389/6984/2328
f 1254/6985/2329 1252/6986/2329 2389/6987/2329
f 2452/6988/2330 2389/6989/2330 2450/6990/2330
f 2448/6991/2331 2450/6992/2331 2446/6993/2331
f 2444/6994/2332 2446/6995/2332 2442/6996/2332
f 2440/6997/2333 2442/6998/2333 2438/6999/2333
f 2436/7000/2334 2438/7001/2334 2434/7002/2334
f 2432/7003/2335 2434/7004/2335 2430/7005/2335
f 2428/7006/2336 2430/7007/2336 2426/7008/2336
f 2423/7009/2337 2426/7010/2337 2420/7011/2337
f 2417/7012/2338 2420/7013/2338 2415/7014/2338
f 2413/7015/2339 2415/7016/2339 2411/7017/2339
f 2409/7018/2340 2411/7019/2340 2407/7020/2340
f 4/7021/2341 2407/7022/2341 2405/7023/2341
f 1196/7024/2342 2405/7025/2342 1198/7026/2342
f 1198/7027/2343 2405/7028/2343 1200/7029/2343
f 2407/7030/2344 2411/7031/2344 2405/7032/2344
f 2415/7033/2345 2420/7034/2345 2411/7035/2345
f 2426/7036/2346 2430/7037/2346 2420/7038/2346
f 2434/7039/2347 2438/7040/2347 2430/7041/2347
f 2442/7042/2348 2446/7043/2348 2438/7044/2348
f 2450/7045/2349 2389/7046/2349 2446/7047/2349
f 1252/7048/2350 1251/7049/2350 2389/7050/2350
f 1251/7051/2351 1248/7052/2351 2389/7053/2351
f 2446/7054/2352 2389/7055/2352 2438/7056/2352
f 2430/7057/2353 2438/7058/2353 2420/7059/2353
f 2411/7060/2354 2420/7061/2354 2405/7062/2354
f 1200/7063/2355 2405/7064/2355 1202/7065/2355
f 1202/7066/2356 2405/7067/2356 1204/7068/2356
f 2389/7069/2357 1248/7070/2357 2438/7071/2357
f 1248/7072/2358 1247/7073/2358 2438/7074/2358
f 2405/7075/2359 2420/7076/2359 1204/7077/2359
f 1204/7078/2360 2420/7079/2360 1205/7080/2360
f 1247/7081/2361 1244/7082/2361 2438/7083/2361
f 1243/7084/2362 1240/7085/2362 1244/7086/2362
f 1237/7087/2363 1236/7088/2363 1240/7089/2363
f 1244/7090/2364 1240/7091/2364 2438/7092/2364
f 1205/7093/2365 2420/7094/2365 1208/7095/2365
f 1208/7096/2366 2420/7097/2366 1210/7098/2366
f 1240/7099/2367 1236/7100/2367 2438/7101/2367
f 1236/7102/2368 1234/7103/2368 2438/7104/2368
f 1210/7105/2369 2420/7106/2369 1212/7107/2369
f 1215/7108/2370 1212/7109/2370 1214/7110/2370
f 1212/7111/2371 2420/7112/2371 1214/7113/2371
f 1234/7114/2372 1232/7115/2372 2438/7116/2372
f 1232/7117/2373 1230/7118/2373 2438/7119/2373
f 2420/7120/2374 2438/7121/2374 1214/7122/2374
f 1214/7123/2375 2438/7124/2375 1218/7125/2375
f 1230/7126/2376 1226/7127/2376 2438/7128/2376
f 1226/7129/2377 1227/7130/2377 2438/7131/2377
f 1218/7132/2378 2438/7133/2378 1220/7134/2378
f 1220/7135/2379 2438/7136/2379 1224/7137/2379
f 1227/7138/2380 1223/7139/2380 2438/7140/2380
f 14/7141/2381 8/7142/2381 6/7143/2381
f 2456/7144/2382 2455/7145/2382 14/7146/2382
f 8/7147/2383 2455/7148/2383 12/7149/2383
f 2458/7150/2384 2456/7151/2384 17/7152/2384
f 17/7153/2385 14/7154/2385 19/7155/2385
f 24/7156/2386 17/7157/2386 27/7158/2386
f 2459/7159/2387 2458/7160/2387 24/7161/2387
f 2460/7162/2388 2459/7163/2388 29/7164/2388
f 29/7165/2389 24/7166/2389 32/7167/2389
f 35/7168/2390 29/7169/2390 40/7170/2390
f 2461/7171/2391 2460/7172/2391 35/7173/2391
f 2462/7174/2392 2461/7175/2392 42/7176/2392
f 42/7177/2393 35/7178/2393 43/7179/2393
f 51/7180/2394 47/7181/2394 43/7182/2394
f 2463/7183/2395 2462/7184/2395 47/7185/2395
f 2464/7186/2396 2463/7187/2396 54/7188/2396
f 54/7189/2397 47/7190/2397 55/7191/2397
f 60/7192/2398 54/7193/2398 63/7194/2398
f 2465/7195/2399 2464/7196/2399 60/7197/2399
f 2466/7198/2400 2465/7199/2400 65/7200/2400
f 65/7201/2401 60/7202/2401 67/7203/2401
f 72/7204/2402 65/7205/2402 75/7206/2402
f 2467/7207/2403 2466/7208/2403 72/7209/2403
f 2468/7210/2404 2467/7211/2404 77/7212/2404
f 77/7213/2405 72/7214/2405 79/7215/2405
f 83/7216/2406 77/7217/2406 87/7218/2406
f 2469/7219/2407 2468/7220/2407 83/7221/2407
f 2471/7222/2408 2469/7223/2408 2470/7224/2408
f 2470/7225/2409 83/7226/2409 2392/7227/2409
f 95/7228/2410 90/7229/2410 100/7230/2410
f 2473/7231/2411 2472/7232/2411 95/7233/2411
f 2475/7234/2412 2473/7235/2412 2474/7236/2412
f 2474/7237/2413 95/7238/2413 2388/7239/2413
f 108/7240/2414 101/7241/2414 111/7242/2414
f 2477/7243/2415 2476/7244/2415 108/7245/2415
f 2479/7246/2416 2477/7247/2416 2478/7248/2416
f 2478/7249/2417 108/7250/2417 2454/7251/2417
f 119/7252/2418 114/7253/2418 123/7254/2418
f 2481/7255/2419 2480/7256/2419 119/7257/2419
f 2482/7258/2420 2481/7259/2420 125/7260/2420
f 125/7261/2421 119/7262/2421 127/7263/2421
f 131/7264/2422 125/7265/2422 136/7266/2422
f 2483/7267/2423 2482/7268/2423 131/7269/2423
f 2484/7270/2424 2483/7271/2424 137/7272/2424
f 137/7273/2425 131/7274/2425 139/7275/2425
f 144/7276/2426 137/7277/2426 147/7278/2426
f 2485/7279/2427 2484/7280/2427 144/7281/2427
f 2486/7282/2428 2485/7283/2428 149/7284/2428
f 149/7285/2429 144/7286/2429 151/7287/2429
f 156/7288/2430 149/7289/2430 159/7290/2430
f 2487/7291/2431 2486/7292/2431 156/7293/2431
f 2488/7294/2432 2487/7295/2432 161/7296/2432
f 161/7297/2433 156/7298/2433 163/7299/2433
f 168/7300/2434 161/7301/2434 172/7302/2434
f 2489/7303/2435 2488/7304/2435 168/7305/2435
f 2490/7306/2436 2489/7307/2436 174/7308/2436
f 174/7309/2437 168/7310/2437 176/7311/2437
f 180/7312/2438 174/7313/2438 183/7314/2438
f 2491/7315/2439 2490/7316/2439 180/7317/2439
f 2492/7318/2440 2491/7319/2440 185/7320/2440
f 185/7321/2441 180/7322/2441 188/7323/2441
f 192/7324/2442 185/7325/2442 195/7326/2442
f 2493/7327/2443 2492/7328/2443 192/7329/2443
f 2494/7330/2444 2493/7331/2444 197/7332/2444
f 197/7333/2445 192/7334/2445 200/7335/2445
f 204/7336/2446 197/7337/2446 208/7338/2446
f 204/7339/2447 2495/7340/2447 197/7341/2447
f 2496/7342/2448 2495/7343/2448 210/7344/2448
f 210/7345/2449 204/7346/2449 212/7347/2449
f 216/7348/2450 210/7349/2450 220/7350/2450
f 2497/7351/2451 2496/7352/2451 216/7353/2451
f 2498/7354/2452 2497/7355/2452 221/7356/2452
f 221/7357/2453 216/7358/2453 224/7359/2453
f 227/7360/2454 221/7361/2454 231/7362/2454
f 2499/7363/2455 2498/7364/2455 227/7365/2455
f 2500/7366/2456 2499/7367/2456 233/7368/2456
f 233/7369/2457 227/7370/2457 235/7371/2457
f 239/7372/2458 233/7373/2458 244/7374/2458
f 2501/7375/2459 2500/7376/2459 239/7377/2459
f 2502/7378/2460 2501/7379/2460 246/7380/2460
f 246/7381/2461 239/7382/2461 247/7383/2461
f 251/7384/2462 246/7385/2462 256/7386/2462
f 2503/7387/2463 2502/7388/2463 251/7389/2463
f 2504/7390/2464 2503/7391/2464 258/7392/2464
f 258/7393/2465 251/7394/2465 259/7395/2465
f 264/7396/2466 258/7397/2466 267/7398/2466
f 2505/7399/2467 2504/7400/2467 264/7401/2467
f 2506/7402/2468 2505/7403/2468 270/7404/2468
f 270/7405/2469 264/7406/2469 271/7407/2469
f 276/7408/2470 270/7409/2470 279/7410/2470
f 2507/7411/2471 2506/7412/2471 276/7413/2471
f 2508/7414/2472 2509/7415/2472 276/7416/2472
f 2508/7417/2473 276/7418/2473 2425/7419/2473
f 288/7420/2474 281/7421/2474 292/7422/2474
f 2511/7423/2475 2510/7424/2475 288/7425/2475
f 2513/7426/2476 2511/7427/2476 2512/7428/2476
f 2512/7429/2477 288/7430/2477 2422/7431/2477
f 299/7432/2478 293/7433/2478 303/7434/2478
f 2515/7435/2479 2514/7436/2479 299/7437/2479
f 2517/7438/2480 2515/7439/2480 2516/7440/2480
f 2516/7441/2481 299/7442/2481 2419/7443/2481
f 312/7444/2482 305/7445/2482 316/7446/2482
f 312/7447/2483 2519/7448/2483 305/7449/2483
f 2520/7450/2484 2519/7451/2484 317/7452/2484
f 317/7453/2485 312/7454/2485 320/7455/2485
f 324/7456/2486 317/7457/2486 327/7458/2486
f 2521/7459/2487 2520/7460/2487 324/7461/2487
f 2522/7462/2488 2521/7463/2488 329/7464/2488
f 329/7465/2489 324/7466/2489 331/7467/2489
f 336/7468/2490 329/7469/2490 339/7470/2490
f 2523/7471/2491 2522/7472/2491 336/7473/2491
f 2524/7474/2492 2523/7475/2492 342/7476/2492
f 342/7477/2493 336/7478/2493 344/7479/2493
f 348/7480/2494 342/7481/2494 351/7482/2494
f 2525/7483/2495 2524/7484/2495 348/7485/2495
f 2526/7486/2496 2525/7487/2496 353/7488/2496
f 353/7489/2497 348/7490/2497 355/7491/2497
f 359/7492/2498 353/7493/2498 364/7494/2498
f 2527/7495/2499 2526/7496/2499 359/7497/2499
f 2528/7498/2500 2527/7499/2500 365/7500/2500
f 365/7501/2501 359/7502/2501 368/7503/2501
f 372/7504/2502 365/7505/2502 376/7506/2502
f 2529/7507/2503 2528/7508/2503 372/7509/2503
f 2530/7510/2504 2529/7511/2504 378/7512/2504
f 378/7513/2505 372/7514/2505 380/7515/2505
f 12/7516/2506 378/7517/2506 2386/7518/2506
f 2457/7519/2507 2530/7520/2507 12/7521/2507
f 1193/7522/2508 15/7523/2508 1191/7524/2508
f 22/7525/2509 26/7526/2509 15/7527/2509
f 33/7528/2510 37/7529/2510 26/7530/2510
f 46/7531/2511 49/7532/2511 37/7533/2511
f 58/7534/2512 62/7535/2512 49/7536/2512
f 69/7537/2513 73/7538/2513 62/7539/2513
f 81/7540/2514 86/7541/2514 73/7542/2514
f 94/7543/2515 97/7544/2515 86/7545/2515
f 106/7546/2516 109/7547/2516 97/7548/2516
f 1257/7549/2517 1258/7550/2517 109/7551/2517
f 1258/7552/2518 1261/7553/2518 109/7554/2518
f 97/7555/2519 109/7556/2519 86/7557/2519
f 73/7558/2520 86/7559/2520 62/7560/2520
f 49/7561/2521 62/7562/2521 37/7563/2521
f 26/7564/2522 37/7565/2522 15/7566/2522
f 1191/7567/2523 15/7568/2523 1277/7569/2523
f 1277/7570/2524 15/7571/2524 1275/7572/2524
f 37/7573/2525 62/7574/2525 15/7575/2525
f 86/7576/2526 109/7577/2526 62/7578/2526
f 1261/7579/2527 1264/7580/2527 109/7581/2527
f 1268/7582/2528 1269/7583/2528 1265/7584/2528
f 1264/7585/2529 1265/7586/2529 109/7587/2529
f 62/7588/2530 109/7589/2530 15/7590/2530
f 1275/7591/2531 15/7592/2531 1273/7593/2531
f 1273/7594/2532 15/7595/2532 1272/7596/2532
f 109/7597/2533 1265/7598/2533 15/7599/2533
f 1272/7600/2534 15/7601/2534 1269/7602/2534
f 1238/7603/2535 1239/7604/2535 1235/7605/2535
f 1222/7606/2536 1221/7607/2536 1219/7608/2536
f 1245/7609/2537 1246/7610/2537 1242/7611/2537
f 1249/7612/2538 1250/7613/2538 1246/7614/2538
f 1253/7615/2539 1255/7616/2539 1250/7617/2539
f 1257/7618/2540 109/7619/2540 1255/7620/2540
f 117/7621/2541 121/7622/2541 109/7623/2541
f 130/7624/2542 134/7625/2542 121/7626/2542
f 141/7627/2543 146/7628/2543 134/7629/2543
f 154/7630/2544 158/7631/2544 146/7632/2544
f 166/7633/2545 169/7634/2545 158/7635/2545
f 178/7636/2546 181/7637/2546 169/7638/2546
f 190/7639/2547 194/7640/2547 181/7641/2547
f 202/7642/2548 206/7643/2548 194/7644/2548
f 214/7645/2549 217/7646/2549 206/7647/2549
f 225/7648/2550 229/7649/2550 217/7650/2550
f 237/7651/2551 241/7652/2551 229/7653/2551
f 249/7654/2552 253/7655/2552 241/7656/2552
f 262/7657/2553 266/7658/2553 253/7659/2553
f 274/7660/2554 277/7661/2554 266/7662/2554
f 286/7663/2555 290/7664/2555 277/7665/2555
f 298/7666/2556 301/7667/2556 290/7668/2556
f 310/7669/2557 313/7670/2557 301/7671/2557
f 322/7672/2558 325/7673/2558 313/7674/2558
f 333/7675/2559 338/7676/2559 325/7677/2559
f 345/7678/2560 349/7679/2560 338/7680/2560
f 357/7681/2561 362/7682/2561 349/7683/2561
f 369/7684/2562 374/7685/2562 362/7686/2562
f 382/7687/2563 384/7688/2563 374/7689/2563
f 9/7690/2564 15/7691/2564 384/7692/2564
f 1193/7693/2565 1195/7694/2565 15/7695/2565
f 1195/7696/2566 1197/7697/2566 15/7698/2566
f 384/7699/2567 15/7700/2567 374/7701/2567
f 362/7702/2568 374/7703/2568 349/7704/2568
f 338/7705/2569 349/7706/2569 325/7707/2569
f 313/7708/2570 325/7709/2570 301/7710/2570
f 290/7711/2571 301/7712/2571 277/7713/2571
f 266/7714/2572 277/7715/2572 253/7716/2572
f 241/7717/2573 253/7718/2573 229/7719/2573
f 217/7720/2574 229/7721/2574 206/7722/2574
f 194/7723/2575 206/7724/2575 181/7725/2575
f 169/7726/2576 181/7727/2576 158/7728/2576
f 146/7729/2577 158/7730/2577 134/7731/2577
f 121/7732/2578 134/7733/2578 109/7734/2578
f 1255/7735/2579 109/7736/2579 1250/7737/2579
f 1250/7738/2580 109/7739/2580 1246/7740/2580
f 134/7741/2581 158/7742/2581 109/7743/2581
f 181/7744/2582 206/7745/2582 158/7746/2582
f 229/7747/2583 253/7748/2583 206/7749/2583
f 277/7750/2584 301/7751/2584 253/7752/2584
f 325/7753/2585 349/7754/2585 301/7755/2585
f 374/7756/2586 15/7757/2586 349/7758/2586
f 1197/7759/2587 1199/7760/2587 15/7761/2587
f 1199/7762/2588 1201/7763/2588 15/7764/2588
f 349/7765/2589 15/7766/2589 301/7767/2589
f 253/7768/2590 301/7769/2590 206/7770/2590
f 158/7771/2591 206/7772/2591 109/7773/2591
f 1246/7774/2592 109/7775/2592 1242/7776/2592
f 1242/7777/2593 109/7778/2593 1241/7779/2593
f 15/7780/2594 1201/7781/2594 301/7782/2594
f 1201/7783/2595 1203/7784/2595 301/7785/2595
f 109/7786/2596 206/7787/2596 1241/7788/2596
f 1241/7789/2597 206/7790/2597 1239/7791/2597
f 1203/7792/2598 1206/7793/2598 301/7794/2598
f 1206/7795/2599 1207/7796/2599 301/7797/2599
f 1239/7798/2600 206/7799/2600 1235/7800/2600
f 1235/7801/2601 206/7802/2601 1233/7803/2601
f 1207/7804/2602 1209/7805/2602 301/7806/2602
f 1209/7807/2603 1211/7808/2603 301/7809/2603
f 1233/7810/2604 206/7811/2604 1231/7812/2604
f 1231/7813/2605 206/7814/2605 1229/7815/2605
f 301/7816/2606 1211/7817/2606 206/7818/2606
f 1211/7819/2607 1213/7820/2607 206/7821/2607
f 1229/7822/2608 206/7823/2608 1225/7824/2608
f 1225/7825/2609 206/7826/2609 1228/7827/2609
f 1213/7828/2610 1216/7829/2610 206/7830/2610
f 1216/7831/2611 1217/7832/2611 206/7833/2611
f 1228/7834/2612 206/7835/2612 1221/7836/2612
f 1217/7837/2613 1219/7838/2613 206/7839/2613
f 2620/7840/2614 2619/7841/2614 2618/7842/2614
f 2624/7843/2615 2622/7844/2615 2623/7845/2615
f 2628/7846/2616 2625/7847/2616 2627/7848/2616
f 2632/7849/2617 2629/7850/2617 2631/7851/2617
f 2627/7852/2618 2626/7853/2618 2619/7854/2618
f 2632/7855/2619 2631/7856/2619 2624/7857/2619
f 2630/7858/2620 2629/7859/2620 2621/7860/2620
f 2628/7861/2621 2627/7862/2621 2620/7863/2621
f 2626/7864/2622 2625/7865/2622 2617/7866/2622
f 2629/7867/2623 2632/7868/2623 2623/7869/2623
f 2631/7870/2624 2630/7871/2624 2622/7872/2624
f 2625/7873/2625 2628/7874/2625 2618/7875/2625
