# Blender 4.5.6 LTS
# www.blender.org
o export_Proteus_identification
v -0.028421 0.042629 -0.153120
v -0.028220 0.042789 -0.153120
v -0.028021 0.042928 -0.153120
v -0.027824 0.043048 -0.153120
v -0.027631 0.043149 -0.153120
v -0.027440 0.043234 -0.153120
v -0.027253 0.043302 -0.153120
v -0.027070 0.043355 -0.153120
v -0.026891 0.043395 -0.153120
v -0.026716 0.043422 -0.153120
v -0.026547 0.043437 -0.153120
v -0.026383 0.043442 -0.153120
v -0.026168 0.043433 -0.153120
v -0.025965 0.043405 -0.153120
v -0.025775 0.043359 -0.153120
v -0.025599 0.043297 -0.153120
v -0.025439 0.043220 -0.153120
v -0.025296 0.043127 -0.153120
v -0.025172 0.043020 -0.153120
v -0.025067 0.042901 -0.153120
v -0.024983 0.042769 -0.153120
v -0.024922 0.042625 -0.153120
v -0.024884 0.042471 -0.153120
v -0.024871 0.042308 -0.153120
v -0.024952 0.041885 -0.153120
v -0.025177 0.041523 -0.153120
v -0.025516 0.041205 -0.153120
v -0.025942 0.040912 -0.153120
v -0.026425 0.040629 -0.153120
v -0.026936 0.040337 -0.153120
v -0.027447 0.040021 -0.153120
v -0.027930 0.039663 -0.153120
v -0.028356 0.039245 -0.153120
v -0.028695 0.038750 -0.153120
v -0.028920 0.038162 -0.153120
v -0.029001 0.037464 -0.153120
v -0.028978 0.037098 -0.153120
v -0.028910 0.036752 -0.153120
v -0.028800 0.036427 -0.153120
v -0.028650 0.036127 -0.153120
v -0.028463 0.035853 -0.153120
v -0.028242 0.035607 -0.153120
v -0.027988 0.035393 -0.153120
v -0.027705 0.035213 -0.153120
v -0.027395 0.035068 -0.153120
v -0.027060 0.034962 -0.153120
v -0.026703 0.034896 -0.153120
v -0.026327 0.034874 -0.153120
v -0.026072 0.034880 -0.153120
v -0.025825 0.034898 -0.153120
v -0.025584 0.034927 -0.153120
v -0.025351 0.034969 -0.153120
v -0.025123 0.035023 -0.153120
v -0.024901 0.035089 -0.153120
v -0.024684 0.035168 -0.153120
v -0.024471 0.035260 -0.153120
v -0.024262 0.035364 -0.153120
v -0.024056 0.035482 -0.153120
v -0.023853 0.035612 -0.153120
v -0.023653 0.035756 -0.153120
v -0.023653 0.037492 -0.153120
v -0.023832 0.037277 -0.153120
v -0.024018 0.037078 -0.153120
v -0.024210 0.036897 -0.153120
v -0.024409 0.036734 -0.153120
v -0.024614 0.036590 -0.153120
v -0.024824 0.036463 -0.153120
v -0.025039 0.036355 -0.153120
v -0.025258 0.036266 -0.153120
v -0.025482 0.036197 -0.153120
v -0.025709 0.036146 -0.153120
v -0.025940 0.036116 -0.153120
v -0.026173 0.036106 -0.153120
v -0.026427 0.036120 -0.153120
v -0.026658 0.036158 -0.153120
v -0.026865 0.036219 -0.153120
v -0.027049 0.036300 -0.153120
v -0.027210 0.036397 -0.153120
v -0.027349 0.036509 -0.153120
v -0.027466 0.036631 -0.153120
v -0.027561 0.036761 -0.153120
v -0.027634 0.036897 -0.153120
v -0.027686 0.037036 -0.153120
v -0.027717 0.037175 -0.153120
v -0.027727 0.037310 -0.153120
v -0.027646 0.037769 -0.153120
v -0.027421 0.038170 -0.153120
v -0.027082 0.038527 -0.153120
v -0.026656 0.038854 -0.153120
v -0.026173 0.039166 -0.153120
v -0.025662 0.039476 -0.153120
v -0.025151 0.039801 -0.153120
v -0.024668 0.040153 -0.153120
v -0.024242 0.040547 -0.153120
v -0.023903 0.040997 -0.153120
v -0.023678 0.041519 -0.153120
v -0.023597 0.042126 -0.153120
v -0.023621 0.042503 -0.153120
v -0.023690 0.042854 -0.153120
v -0.023804 0.043180 -0.153120
v -0.023959 0.043477 -0.153120
v -0.024155 0.043745 -0.153120
v -0.024390 0.043983 -0.153120
v -0.024661 0.044188 -0.153120
v -0.024966 0.044359 -0.153120
v -0.025304 0.044494 -0.153120
v -0.025673 0.044593 -0.153120
v -0.026070 0.044654 -0.153120
v -0.026495 0.044674 -0.153120
v -0.026677 0.044669 -0.153120
v -0.026859 0.044655 -0.153120
v -0.027040 0.044632 -0.153120
v -0.027221 0.044599 -0.153120
v -0.027401 0.044557 -0.153120
v -0.027580 0.044506 -0.153120
v -0.027758 0.044445 -0.153120
v -0.027934 0.044375 -0.153120
v -0.028109 0.044296 -0.153120
v -0.028283 0.044207 -0.153120
v -0.028454 0.044109 -0.153120
v -0.028623 0.044002 -0.153120
v -0.028623 0.042448 -0.153120
v -0.022168 0.038185 -0.153120
v -0.022080 0.037653 -0.153120
v -0.021934 0.037160 -0.153120
v -0.021729 0.036707 -0.153120
v -0.021465 0.036299 -0.153120
v -0.021142 0.035936 -0.153120
v -0.020759 0.035622 -0.153120
v -0.020318 0.035360 -0.153120
v -0.019817 0.035151 -0.153120
v -0.019256 0.034999 -0.153120
v -0.018635 0.034906 -0.153120
v -0.017955 0.034874 -0.153120
v -0.017453 0.034898 -0.153120
v -0.016960 0.034970 -0.153120
v -0.016483 0.035092 -0.153120
v -0.016028 0.035264 -0.153120
v -0.015602 0.035489 -0.153120
v -0.015211 0.035767 -0.153120
v -0.014862 0.036098 -0.153120
v -0.014562 0.036486 -0.153120
v -0.014317 0.036929 -0.153120
v -0.014134 0.037431 -0.153120
v -0.014019 0.037991 -0.153120
v -0.013979 0.038612 -0.153120
v -0.013979 0.044548 -0.153120
v -0.015351 0.044548 -0.153120
v -0.015351 0.038906 -0.153120
v -0.015354 0.038649 -0.153120
v -0.015363 0.038417 -0.153120
v -0.015380 0.038206 -0.153120
v -0.015403 0.038015 -0.153120
v -0.015435 0.037842 -0.153120
v -0.015475 0.037685 -0.153120
v -0.015524 0.037540 -0.153120
v -0.015583 0.037407 -0.153120
v -0.015652 0.037284 -0.153120
v -0.015732 0.037167 -0.153120
v -0.015823 0.037055 -0.153120
v -0.015925 0.036946 -0.153120
v -0.016064 0.036815 -0.153120
v -0.016210 0.036696 -0.153120
v -0.016361 0.036589 -0.153120
v -0.016518 0.036493 -0.153120
v -0.016680 0.036408 -0.153120
v -0.016849 0.036335 -0.153120
v -0.017023 0.036274 -0.153120
v -0.017204 0.036223 -0.153120
v -0.017390 0.036184 -0.153120
v -0.017582 0.036156 -0.153120
v -0.017779 0.036140 -0.153120
v -0.017983 0.036134 -0.153120
v -0.018239 0.036141 -0.153120
v -0.018483 0.036161 -0.153120
v -0.018715 0.036193 -0.153120
v -0.018934 0.036237 -0.153120
v -0.019140 0.036292 -0.153120
v -0.019334 0.036356 -0.153120
v -0.019515 0.036430 -0.153120
v -0.019683 0.036511 -0.153120
v -0.019838 0.036601 -0.153120
v -0.019979 0.036696 -0.153120
v -0.020108 0.036798 -0.153120
v -0.020223 0.036904 -0.153120
v -0.020338 0.037031 -0.153120
v -0.020438 0.037166 -0.153120
v -0.020524 0.037311 -0.153120
v -0.020597 0.037463 -0.153120
v -0.020658 0.037625 -0.153120
v -0.020708 0.037795 -0.153120
v -0.020747 0.037973 -0.153120
v -0.020778 0.038160 -0.153120
v -0.020800 0.038355 -0.153120
v -0.020814 0.038558 -0.153120
v -0.020823 0.038770 -0.153120
v -0.020825 0.038990 -0.153120
v -0.020825 0.044548 -0.153120
v -0.022197 0.044548 -0.153120
v -0.022197 0.038752 -0.153120
v -0.008547 0.043316 -0.153120
v -0.008547 0.040432 -0.153120
v -0.012453 0.040432 -0.153120
v -0.012453 0.039200 -0.153120
v -0.008547 0.039200 -0.153120
v -0.008547 0.036232 -0.153120
v -0.012719 0.036232 -0.153120
v -0.012719 0.035000 -0.153120
v -0.007175 0.035000 -0.153120
v -0.007175 0.044548 -0.153120
v -0.012593 0.044548 -0.153120
v -0.012593 0.043316 -0.153120
v -0.002583 0.043316 -0.153120
v -0.002583 0.035000 -0.153120
v -0.001211 0.035000 -0.153120
v -0.001211 0.043316 -0.153120
v 0.002093 0.043316 -0.153120
v 0.002093 0.044548 -0.153120
v -0.005887 0.044548 -0.153120
v -0.005887 0.043316 -0.153120
v 0.007336 0.044628 -0.153120
v 0.006625 0.044496 -0.153120
v 0.005967 0.044282 -0.153120
v 0.005367 0.043995 -0.153120
v 0.004826 0.043639 -0.153120
v 0.004349 0.043221 -0.153120
v 0.003937 0.042749 -0.153120
v 0.003593 0.042227 -0.153120
v 0.003321 0.041662 -0.153120
v 0.003123 0.041061 -0.153120
v 0.003002 0.040429 -0.153120
v 0.002961 0.039774 -0.153120
v 0.003001 0.039136 -0.153120
v 0.003119 0.038517 -0.153120
v 0.003313 0.037922 -0.153120
v 0.003582 0.037359 -0.153120
v 0.003922 0.036835 -0.153120
v 0.004331 0.036358 -0.153120
v 0.004808 0.035935 -0.153120
v 0.005350 0.035572 -0.153120
v 0.005955 0.035277 -0.153120
v 0.006621 0.035058 -0.153120
v 0.007346 0.034921 -0.153120
v 0.008127 0.034874 -0.153120
v 0.008883 0.034921 -0.153120
v 0.009589 0.035057 -0.153120
v 0.010240 0.035275 -0.153120
v 0.010836 0.035569 -0.153120
v 0.011372 0.035930 -0.153120
v 0.011846 0.036353 -0.153120
v 0.012255 0.036829 -0.153120
v 0.012596 0.037353 -0.153120
v 0.012866 0.037916 -0.153120
v 0.013062 0.038512 -0.153120
v 0.013182 0.039134 -0.153120
v 0.013223 0.039774 -0.153120
v 0.013181 0.040426 -0.153120
v 0.013058 0.041056 -0.153120
v 0.012857 0.041656 -0.153120
v 0.012582 0.042220 -0.153120
v 0.012236 0.042743 -0.153120
v 0.011821 0.043216 -0.153120
v 0.011342 0.043635 -0.153120
v 0.010803 0.043992 -0.153120
v 0.010205 0.044280 -0.153120
v 0.009553 0.044495 -0.153120
v 0.008850 0.044628 -0.153120
v 0.008099 0.044674 -0.153120
v 0.007576 0.036166 -0.153120
v 0.007079 0.036259 -0.153120
v 0.006613 0.036409 -0.153120
v 0.006182 0.036614 -0.153120
v 0.005787 0.036869 -0.153120
v 0.005434 0.037172 -0.153120
v 0.005125 0.037518 -0.153120
v 0.004864 0.037903 -0.153120
v 0.004656 0.038325 -0.153120
v 0.004502 0.038780 -0.153120
v 0.004407 0.039264 -0.153120
v 0.004375 0.039774 -0.153120
v 0.004407 0.040287 -0.153120
v 0.004502 0.040773 -0.153120
v 0.004656 0.041229 -0.153120
v 0.004864 0.041651 -0.153120
v 0.005125 0.042036 -0.153120
v 0.005434 0.042382 -0.153120
v 0.005787 0.042683 -0.153120
v 0.006182 0.042937 -0.153120
v 0.006613 0.043141 -0.153120
v 0.007079 0.043290 -0.153120
v 0.007576 0.043382 -0.153120
v 0.008099 0.043414 -0.153120
v 0.008619 0.043382 -0.153120
v 0.009113 0.043290 -0.153120
v 0.009576 0.043141 -0.153120
v 0.010007 0.042937 -0.153120
v 0.010400 0.042683 -0.153120
v 0.010752 0.042382 -0.153120
v 0.011060 0.042036 -0.153120
v 0.011320 0.041651 -0.153120
v 0.011529 0.041229 -0.153120
v 0.011682 0.040773 -0.153120
v 0.011777 0.040287 -0.153120
v 0.011809 0.039774 -0.153120
v 0.011777 0.039264 -0.153120
v 0.011682 0.038780 -0.153120
v 0.011529 0.038325 -0.153120
v 0.011320 0.037903 -0.153120
v 0.011060 0.037518 -0.153120
v 0.010752 0.037172 -0.153120
v 0.010400 0.036869 -0.153120
v 0.010007 0.036614 -0.153120
v 0.009576 0.036409 -0.153120
v 0.009113 0.036259 -0.153120
v 0.008619 0.036166 -0.153120
v 0.008099 0.036134 -0.153120
v 0.018355 0.044527 -0.153120
v 0.017920 0.044465 -0.153120
v 0.017518 0.044363 -0.153120
v 0.017151 0.044222 -0.153120
v 0.016822 0.044044 -0.153120
v 0.016531 0.043830 -0.153120
v 0.016280 0.043583 -0.153120
v 0.016071 0.043301 -0.153120
v 0.015905 0.042989 -0.153120
v 0.015785 0.042646 -0.153120
v 0.015712 0.042274 -0.153120
v 0.015687 0.041874 -0.153120
v 0.015699 0.041603 -0.153120
v 0.015734 0.041345 -0.153120
v 0.015793 0.041099 -0.153120
v 0.015874 0.040867 -0.153120
v 0.015977 0.040647 -0.153120
v 0.016102 0.040443 -0.153120
v 0.016248 0.040252 -0.153120
v 0.016415 0.040077 -0.153120
v 0.016602 0.039917 -0.153120
v 0.016810 0.039773 -0.153120
v 0.017037 0.039646 -0.153120
v 0.017283 0.039536 -0.153120
v 0.017073 0.039386 -0.153120
v 0.016875 0.039223 -0.153120
v 0.016687 0.039048 -0.153120
v 0.016507 0.038859 -0.153120
v 0.016335 0.038658 -0.153120
v 0.016167 0.038444 -0.153120
v 0.016001 0.038217 -0.153120
v 0.015837 0.037977 -0.153120
v 0.015673 0.037725 -0.153120
v 0.015505 0.037459 -0.153120
v 0.015333 0.037181 -0.153120
v 0.015155 0.036890 -0.153120
v 0.015057 0.036732 -0.153120
v 0.014963 0.036585 -0.153120
v 0.014873 0.036445 -0.153120
v 0.014783 0.036310 -0.153120
v 0.014692 0.036176 -0.153120
v 0.014599 0.036040 -0.153120
v 0.014499 0.035898 -0.153120
v 0.014393 0.035748 -0.153120
v 0.014277 0.035587 -0.153120
v 0.014150 0.035410 -0.153120
v 0.014009 0.035216 -0.153120
v 0.013853 0.035000 -0.153120
v 0.015491 0.035000 -0.153120
v 0.016751 0.036960 -0.153120
v 0.017052 0.037415 -0.153120
v 0.017328 0.037802 -0.153120
v 0.017580 0.038128 -0.153120
v 0.017812 0.038397 -0.153120
v 0.018027 0.038615 -0.153120
v 0.018228 0.038787 -0.153120
v 0.018417 0.038918 -0.153120
v 0.018597 0.039013 -0.153120
v 0.018771 0.039078 -0.153120
v 0.018942 0.039118 -0.153120
v 0.019112 0.039138 -0.153120
v 0.019285 0.039144 -0.153120
v 0.019859 0.039144 -0.153120
v 0.019859 0.035000 -0.153120
v 0.021231 0.035000 -0.153120
v 0.021231 0.044548 -0.153120
v 0.018823 0.044548 -0.153120
v 0.018977 0.040376 -0.153120
v 0.018631 0.040391 -0.153120
v 0.018327 0.040436 -0.153120
v 0.018062 0.040507 -0.153120
v 0.017834 0.040602 -0.153120
v 0.017642 0.040718 -0.153120
v 0.017483 0.040854 -0.153120
v 0.017354 0.041006 -0.153120
v 0.017254 0.041172 -0.153120
v 0.017182 0.041351 -0.153120
v 0.017133 0.041538 -0.153120
v 0.017107 0.041732 -0.153120
v 0.017101 0.041930 -0.153120
v 0.017115 0.042147 -0.153120
v 0.017152 0.042348 -0.153120
v 0.017213 0.042533 -0.153120
v 0.017298 0.042702 -0.153120
v 0.017409 0.042854 -0.153120
v 0.017546 0.042987 -0.153120
v 0.017710 0.043102 -0.153120
v 0.017903 0.043197 -0.153120
v 0.018125 0.043273 -0.153120
v 0.018377 0.043327 -0.153120
v 0.018661 0.043361 -0.153120
v 0.018977 0.043372 -0.153120
v 0.019859 0.043372 -0.153120
v 0.019859 0.040376 -0.153120
v 0.024989 0.044523 -0.153120
v 0.024538 0.044450 -0.153120
v 0.024132 0.044332 -0.153120
v 0.023772 0.044173 -0.153120
v 0.023457 0.043975 -0.153120
v 0.023186 0.043743 -0.153120
v 0.022958 0.043479 -0.153120
v 0.022773 0.043187 -0.153120
v 0.022630 0.042871 -0.153120
v 0.022529 0.042532 -0.153120
v 0.022469 0.042176 -0.153120
v 0.022449 0.041804 -0.153120
v 0.022470 0.041437 -0.153120
v 0.022534 0.041086 -0.153120
v 0.022641 0.040754 -0.153120
v 0.022792 0.040445 -0.153120
v 0.022988 0.040161 -0.153120
v 0.023230 0.039905 -0.153120
v 0.023517 0.039681 -0.153120
v 0.023851 0.039490 -0.153120
v 0.024233 0.039337 -0.153120
v 0.024662 0.039224 -0.153120
v 0.025141 0.039154 -0.153120
v 0.025669 0.039130 -0.153120
v 0.027097 0.039130 -0.153120
v 0.027097 0.035000 -0.153120
v 0.028469 0.035000 -0.153120
v 0.028469 0.044548 -0.153120
v 0.025487 0.044548 -0.153120
v 0.025543 0.040362 -0.153120
v 0.025295 0.040373 -0.153120
v 0.025064 0.040407 -0.153120
v 0.024849 0.040462 -0.153120
v 0.024653 0.040539 -0.153120
v 0.024476 0.040636 -0.153120
v 0.024320 0.040754 -0.153120
v 0.024184 0.040892 -0.153120
v 0.024071 0.041049 -0.153120
v 0.023982 0.041224 -0.153120
v 0.023916 0.041418 -0.153120
v 0.023877 0.041631 -0.153120
v 0.023863 0.041860 -0.153120
v 0.023871 0.042036 -0.153120
v 0.023897 0.042211 -0.153120
v 0.023942 0.042383 -0.153120
v 0.024007 0.042549 -0.153120
v 0.024095 0.042705 -0.153120
v 0.024208 0.042851 -0.153120
v 0.024346 0.042981 -0.153120
v 0.024512 0.043094 -0.153120
v 0.024708 0.043187 -0.153120
v 0.024934 0.043257 -0.153120
v 0.025193 0.043301 -0.153120
v 0.025487 0.043316 -0.153120
v 0.027097 0.043316 -0.153120
v 0.027097 0.040362 -0.153120
v -0.028421 0.042629 -0.152880
v -0.028220 0.042789 -0.152880
v -0.028021 0.042928 -0.152880
v -0.027824 0.043048 -0.152880
v -0.027631 0.043149 -0.152880
v -0.027440 0.043234 -0.152880
v -0.027253 0.043302 -0.152880
v -0.027070 0.043355 -0.152880
v -0.026891 0.043395 -0.152880
v -0.026716 0.043422 -0.152880
v -0.026547 0.043437 -0.152880
v -0.026383 0.043442 -0.152880
v -0.026168 0.043433 -0.152880
v -0.025965 0.043405 -0.152880
v -0.025775 0.043359 -0.152880
v -0.025599 0.043297 -0.152880
v -0.025439 0.043220 -0.152880
v -0.025296 0.043127 -0.152880
v -0.025172 0.043020 -0.152880
v -0.025067 0.042901 -0.152880
v -0.024983 0.042769 -0.152880
v -0.024922 0.042625 -0.152880
v -0.024884 0.042471 -0.152880
v -0.024871 0.042308 -0.152880
v -0.024952 0.041885 -0.152880
v -0.025177 0.041523 -0.152880
v -0.025516 0.041205 -0.152880
v -0.025942 0.040912 -0.152880
v -0.026425 0.040629 -0.152880
v -0.026936 0.040337 -0.152880
v -0.027447 0.040021 -0.152880
v -0.027930 0.039663 -0.152880
v -0.028356 0.039245 -0.152880
v -0.028695 0.038750 -0.152880
v -0.028920 0.038162 -0.152880
v -0.029001 0.037464 -0.152880
v -0.028978 0.037098 -0.152880
v -0.028910 0.036752 -0.152880
v -0.028800 0.036427 -0.152880
v -0.028650 0.036127 -0.152880
v -0.028463 0.035853 -0.152880
v -0.028242 0.035607 -0.152880
v -0.027988 0.035393 -0.152880
v -0.027705 0.035213 -0.152880
v -0.027395 0.035068 -0.152880
v -0.027060 0.034962 -0.152880
v -0.026703 0.034896 -0.152880
v -0.026327 0.034874 -0.152880
v -0.026072 0.034880 -0.152880
v -0.025825 0.034898 -0.152880
v -0.025584 0.034927 -0.152880
v -0.025351 0.034969 -0.152880
v -0.025123 0.035023 -0.152880
v -0.024901 0.035089 -0.152880
v -0.024684 0.035168 -0.152880
v -0.024471 0.035260 -0.152880
v -0.024262 0.035364 -0.152880
v -0.024056 0.035482 -0.152880
v -0.023853 0.035612 -0.152880
v -0.023653 0.035756 -0.152880
v -0.023653 0.037492 -0.152880
v -0.023832 0.037277 -0.152880
v -0.024018 0.037078 -0.152880
v -0.024210 0.036897 -0.152880
v -0.024409 0.036734 -0.152880
v -0.024614 0.036590 -0.152880
v -0.024824 0.036463 -0.152880
v -0.025039 0.036355 -0.152880
v -0.025258 0.036266 -0.152880
v -0.025482 0.036197 -0.152880
v -0.025709 0.036146 -0.152880
v -0.025940 0.036116 -0.152880
v -0.026173 0.036106 -0.152880
v -0.026427 0.036120 -0.152880
v -0.026658 0.036158 -0.152880
v -0.026865 0.036219 -0.152880
v -0.027049 0.036300 -0.152880
v -0.027210 0.036397 -0.152880
v -0.027349 0.036509 -0.152880
v -0.027466 0.036631 -0.152880
v -0.027561 0.036761 -0.152880
v -0.027634 0.036897 -0.152880
v -0.027686 0.037036 -0.152880
v -0.027717 0.037175 -0.152880
v -0.027727 0.037310 -0.152880
v -0.027646 0.037769 -0.152880
v -0.027421 0.038170 -0.152880
v -0.027082 0.038527 -0.152880
v -0.026656 0.038854 -0.152880
v -0.026173 0.039166 -0.152880
v -0.025662 0.039476 -0.152880
v -0.025151 0.039801 -0.152880
v -0.024668 0.040153 -0.152880
v -0.024242 0.040547 -0.152880
v -0.023903 0.040997 -0.152880
v -0.023678 0.041519 -0.152880
v -0.023597 0.042126 -0.152880
v -0.023621 0.042503 -0.152880
v -0.023690 0.042854 -0.152880
v -0.023804 0.043180 -0.152880
v -0.023959 0.043477 -0.152880
v -0.024155 0.043745 -0.152880
v -0.024390 0.043983 -0.152880
v -0.024661 0.044188 -0.152880
v -0.024966 0.044359 -0.152880
v -0.025304 0.044494 -0.152880
v -0.025673 0.044593 -0.152880
v -0.026070 0.044654 -0.152880
v -0.026495 0.044674 -0.152880
v -0.026677 0.044669 -0.152880
v -0.026859 0.044655 -0.152880
v -0.027040 0.044632 -0.152880
v -0.027221 0.044599 -0.152880
v -0.027401 0.044557 -0.152880
v -0.027580 0.044506 -0.152880
v -0.027758 0.044445 -0.152880
v -0.027934 0.044375 -0.152880
v -0.028109 0.044296 -0.152880
v -0.028283 0.044207 -0.152880
v -0.028454 0.044109 -0.152880
v -0.028623 0.044002 -0.152880
v -0.028623 0.042448 -0.152880
v -0.022168 0.038185 -0.152880
v -0.022080 0.037653 -0.152880
v -0.021934 0.037160 -0.152880
v -0.021729 0.036707 -0.152880
v -0.021465 0.036299 -0.152880
v -0.021142 0.035936 -0.152880
v -0.020759 0.035622 -0.152880
v -0.020318 0.035360 -0.152880
v -0.019817 0.035151 -0.152880
v -0.019256 0.034999 -0.152880
v -0.018635 0.034906 -0.152880
v -0.017955 0.034874 -0.152880
v -0.017453 0.034898 -0.152880
v -0.016960 0.034970 -0.152880
v -0.016483 0.035092 -0.152880
v -0.016028 0.035264 -0.152880
v -0.015602 0.035489 -0.152880
v -0.015211 0.035767 -0.152880
v -0.014862 0.036098 -0.152880
v -0.014562 0.036486 -0.152880
v -0.014317 0.036929 -0.152880
v -0.014134 0.037431 -0.152880
v -0.014019 0.037991 -0.152880
v -0.013979 0.038612 -0.152880
v -0.013979 0.044548 -0.152880
v -0.015351 0.044548 -0.152880
v -0.015351 0.038906 -0.152880
v -0.015354 0.038649 -0.152880
v -0.015363 0.038417 -0.152880
v -0.015380 0.038206 -0.152880
v -0.015403 0.038015 -0.152880
v -0.015435 0.037842 -0.152880
v -0.015475 0.037685 -0.152880
v -0.015524 0.037540 -0.152880
v -0.015583 0.037407 -0.152880
v -0.015652 0.037284 -0.152880
v -0.015732 0.037167 -0.152880
v -0.015823 0.037055 -0.152880
v -0.015925 0.036946 -0.152880
v -0.016064 0.036815 -0.152880
v -0.016210 0.036696 -0.152880
v -0.016361 0.036589 -0.152880
v -0.016518 0.036493 -0.152880
v -0.016680 0.036408 -0.152880
v -0.016849 0.036335 -0.152880
v -0.017023 0.036274 -0.152880
v -0.017204 0.036223 -0.152880
v -0.017390 0.036184 -0.152880
v -0.017582 0.036156 -0.152880
v -0.017779 0.036140 -0.152880
v -0.017983 0.036134 -0.152880
v -0.018239 0.036141 -0.152880
v -0.018483 0.036161 -0.152880
v -0.018715 0.036193 -0.152880
v -0.018934 0.036237 -0.152880
v -0.019140 0.036292 -0.152880
v -0.019334 0.036356 -0.152880
v -0.019515 0.036430 -0.152880
v -0.019683 0.036511 -0.152880
v -0.019838 0.036601 -0.152880
v -0.019979 0.036696 -0.152880
v -0.020108 0.036798 -0.152880
v -0.020223 0.036904 -0.152880
v -0.020338 0.037031 -0.152880
v -0.020438 0.037166 -0.152880
v -0.020524 0.037311 -0.152880
v -0.020597 0.037463 -0.152880
v -0.020658 0.037625 -0.152880
v -0.020708 0.037795 -0.152880
v -0.020747 0.037973 -0.152880
v -0.020778 0.038160 -0.152880
v -0.020800 0.038355 -0.152880
v -0.020814 0.038558 -0.152880
v -0.020823 0.038770 -0.152880
v -0.020825 0.038990 -0.152880
v -0.020825 0.044548 -0.152880
v -0.022197 0.044548 -0.152880
v -0.022197 0.038752 -0.152880
v -0.008547 0.043316 -0.152880
v -0.008547 0.040432 -0.152880
v -0.012453 0.040432 -0.152880
v -0.012453 0.039200 -0.152880
v -0.008547 0.039200 -0.152880
v -0.008547 0.036232 -0.152880
v -0.012719 0.036232 -0.152880
v -0.012719 0.035000 -0.152880
v -0.007175 0.035000 -0.152880
v -0.007175 0.044548 -0.152880
v -0.012593 0.044548 -0.152880
v -0.012593 0.043316 -0.152880
v -0.002583 0.043316 -0.152880
v -0.002583 0.035000 -0.152880
v -0.001211 0.035000 -0.152880
v -0.001211 0.043316 -0.152880
v 0.002093 0.043316 -0.152880
v 0.002093 0.044548 -0.152880
v -0.005887 0.044548 -0.152880
v -0.005887 0.043316 -0.152880
v 0.007336 0.044628 -0.152880
v 0.006625 0.044496 -0.152880
v 0.005967 0.044282 -0.152880
v 0.005367 0.043995 -0.152880
v 0.004826 0.043639 -0.152880
v 0.004349 0.043221 -0.152880
v 0.003937 0.042749 -0.152880
v 0.003593 0.042227 -0.152880
v 0.003321 0.041662 -0.152880
v 0.003123 0.041061 -0.152880
v 0.003002 0.040429 -0.152880
v 0.002961 0.039774 -0.152880
v 0.003001 0.039136 -0.152880
v 0.003119 0.038517 -0.152880
v 0.003313 0.037922 -0.152880
v 0.003582 0.037359 -0.152880
v 0.003922 0.036835 -0.152880
v 0.004331 0.036358 -0.152880
v 0.004808 0.035935 -0.152880
v 0.005350 0.035572 -0.152880
v 0.005955 0.035277 -0.152880
v 0.006621 0.035058 -0.152880
v 0.007346 0.034921 -0.152880
v 0.008127 0.034874 -0.152880
v 0.008883 0.034921 -0.152880
v 0.009589 0.035057 -0.152880
v 0.010240 0.035275 -0.152880
v 0.010836 0.035569 -0.152880
v 0.011372 0.035930 -0.152880
v 0.011846 0.036353 -0.152880
v 0.012255 0.036829 -0.152880
v 0.012596 0.037353 -0.152880
v 0.012866 0.037916 -0.152880
v 0.013062 0.038512 -0.152880
v 0.013182 0.039134 -0.152880
v 0.013223 0.039774 -0.152880
v 0.013181 0.040426 -0.152880
v 0.013058 0.041056 -0.152880
v 0.012857 0.041656 -0.152880
v 0.012582 0.042220 -0.152880
v 0.012236 0.042743 -0.152880
v 0.011821 0.043216 -0.152880
v 0.011342 0.043635 -0.152880
v 0.010803 0.043992 -0.152880
v 0.010205 0.044280 -0.152880
v 0.009553 0.044495 -0.152880
v 0.008850 0.044628 -0.152880
v 0.008099 0.044674 -0.152880
v 0.007576 0.036166 -0.152880
v 0.007079 0.036259 -0.152880
v 0.006613 0.036409 -0.152880
v 0.006182 0.036614 -0.152880
v 0.005787 0.036869 -0.152880
v 0.005434 0.037172 -0.152880
v 0.005125 0.037518 -0.152880
v 0.004864 0.037903 -0.152880
v 0.004656 0.038325 -0.152880
v 0.004502 0.038780 -0.152880
v 0.004407 0.039264 -0.152880
v 0.004375 0.039774 -0.152880
v 0.004407 0.040287 -0.152880
v 0.004502 0.040773 -0.152880
v 0.004656 0.041229 -0.152880
v 0.004864 0.041651 -0.152880
v 0.005125 0.042036 -0.152880
v 0.005434 0.042382 -0.152880
v 0.005787 0.042683 -0.152880
v 0.006182 0.042937 -0.152880
v 0.006613 0.043141 -0.152880
v 0.007079 0.043290 -0.152880
v 0.007576 0.043382 -0.152880
v 0.008099 0.043414 -0.152880
v 0.008619 0.043382 -0.152880
v 0.009113 0.043290 -0.152880
v 0.009576 0.043141 -0.152880
v 0.010007 0.042937 -0.152880
v 0.010400 0.042683 -0.152880
v 0.010752 0.042382 -0.152880
v 0.011060 0.042036 -0.152880
v 0.011320 0.041651 -0.152880
v 0.011529 0.041229 -0.152880
v 0.011682 0.040773 -0.152880
v 0.011777 0.040287 -0.152880
v 0.011809 0.039774 -0.152880
v 0.011777 0.039264 -0.152880
v 0.011682 0.038780 -0.152880
v 0.011529 0.038325 -0.152880
v 0.011320 0.037903 -0.152880
v 0.011060 0.037518 -0.152880
v 0.010752 0.037172 -0.152880
v 0.010400 0.036869 -0.152880
v 0.010007 0.036614 -0.152880
v 0.009576 0.036409 -0.152880
v 0.009113 0.036259 -0.152880
v 0.008619 0.036166 -0.152880
v 0.008099 0.036134 -0.152880
v 0.018355 0.044527 -0.152880
v 0.017920 0.044465 -0.152880
v 0.017518 0.044363 -0.152880
v 0.017151 0.044222 -0.152880
v 0.016822 0.044044 -0.152880
v 0.016531 0.043830 -0.152880
v 0.016280 0.043583 -0.152880
v 0.016071 0.043301 -0.152880
v 0.015905 0.042989 -0.152880
v 0.015785 0.042646 -0.152880
v 0.015712 0.042274 -0.152880
v 0.015687 0.041874 -0.152880
v 0.015699 0.041603 -0.152880
v 0.015734 0.041345 -0.152880
v 0.015793 0.041099 -0.152880
v 0.015874 0.040867 -0.152880
v 0.015977 0.040647 -0.152880
v 0.016102 0.040443 -0.152880
v 0.016248 0.040252 -0.152880
v 0.016415 0.040077 -0.152880
v 0.016602 0.039917 -0.152880
v 0.016810 0.039773 -0.152880
v 0.017037 0.039646 -0.152880
v 0.017283 0.039536 -0.152880
v 0.017073 0.039386 -0.152880
v 0.016875 0.039223 -0.152880
v 0.016687 0.039048 -0.152880
v 0.016507 0.038859 -0.152880
v 0.016335 0.038658 -0.152880
v 0.016167 0.038444 -0.152880
v 0.016001 0.038217 -0.152880
v 0.015837 0.037977 -0.152880
v 0.015673 0.037725 -0.152880
v 0.015505 0.037459 -0.152880
v 0.015333 0.037181 -0.152880
v 0.015155 0.036890 -0.152880
v 0.015057 0.036732 -0.152880
v 0.014963 0.036585 -0.152880
v 0.014873 0.036445 -0.152880
v 0.014783 0.036310 -0.152880
v 0.014692 0.036176 -0.152880
v 0.014599 0.036040 -0.152880
v 0.014499 0.035898 -0.152880
v 0.014393 0.035748 -0.152880
v 0.014277 0.035587 -0.152880
v 0.014150 0.035410 -0.152880
v 0.014009 0.035216 -0.152880
v 0.013853 0.035000 -0.152880
v 0.015491 0.035000 -0.152880
v 0.016751 0.036960 -0.152880
v 0.017052 0.037415 -0.152880
v 0.017328 0.037802 -0.152880
v 0.017580 0.038128 -0.152880
v 0.017812 0.038397 -0.152880
v 0.018027 0.038615 -0.152880
v 0.018228 0.038787 -0.152880
v 0.018417 0.038918 -0.152880
v 0.018597 0.039013 -0.152880
v 0.018771 0.039078 -0.152880
v 0.018942 0.039118 -0.152880
v 0.019112 0.039138 -0.152880
v 0.019285 0.039144 -0.152880
v 0.019859 0.039144 -0.152880
v 0.019859 0.035000 -0.152880
v 0.021231 0.035000 -0.152880
v 0.021231 0.044548 -0.152880
v 0.018823 0.044548 -0.152880
v 0.018977 0.040376 -0.152880
v 0.018631 0.040391 -0.152880
v 0.018327 0.040436 -0.152880
v 0.018062 0.040507 -0.152880
v 0.017834 0.040602 -0.152880
v 0.017642 0.040718 -0.152880
v 0.017483 0.040854 -0.152880
v 0.017354 0.041006 -0.152880
v 0.017254 0.041172 -0.152880
v 0.017182 0.041351 -0.152880
v 0.017133 0.041538 -0.152880
v 0.017107 0.041732 -0.152880
v 0.017101 0.041930 -0.152880
v 0.017115 0.042147 -0.152880
v 0.017152 0.042348 -0.152880
v 0.017213 0.042533 -0.152880
v 0.017298 0.042702 -0.152880
v 0.017409 0.042854 -0.152880
v 0.017546 0.042987 -0.152880
v 0.017710 0.043102 -0.152880
v 0.017903 0.043197 -0.152880
v 0.018125 0.043273 -0.152880
v 0.018377 0.043327 -0.152880
v 0.018661 0.043361 -0.152880
v 0.018977 0.043372 -0.152880
v 0.019859 0.043372 -0.152880
v 0.019859 0.040376 -0.152880
v 0.024989 0.044523 -0.152880
v 0.024538 0.044450 -0.152880
v 0.024132 0.044332 -0.152880
v 0.023772 0.044173 -0.152880
v 0.023457 0.043975 -0.152880
v 0.023186 0.043743 -0.152880
v 0.022958 0.043479 -0.152880
v 0.022773 0.043187 -0.152880
v 0.022630 0.042871 -0.152880
v 0.022529 0.042532 -0.152880
v 0.022469 0.042176 -0.152880
v 0.022449 0.041804 -0.152880
v 0.022470 0.041437 -0.152880
v 0.022534 0.041086 -0.152880
v 0.022641 0.040754 -0.152880
v 0.022792 0.040445 -0.152880
v 0.022988 0.040161 -0.152880
v 0.023230 0.039905 -0.152880
v 0.023517 0.039681 -0.152880
v 0.023851 0.039490 -0.152880
v 0.024233 0.039337 -0.152880
v 0.024662 0.039224 -0.152880
v 0.025141 0.039154 -0.152880
v 0.025669 0.039130 -0.152880
v 0.027097 0.039130 -0.152880
v 0.027097 0.035000 -0.152880
v 0.028469 0.035000 -0.152880
v 0.028469 0.044548 -0.152880
v 0.025487 0.044548 -0.152880
v 0.025543 0.040362 -0.152880
v 0.025295 0.040373 -0.152880
v 0.025064 0.040407 -0.152880
v 0.024849 0.040462 -0.152880
v 0.024653 0.040539 -0.152880
v 0.024476 0.040636 -0.152880
v 0.024320 0.040754 -0.152880
v 0.024184 0.040892 -0.152880
v 0.024071 0.041049 -0.152880
v 0.023982 0.041224 -0.152880
v 0.023916 0.041418 -0.152880
v 0.023877 0.041631 -0.152880
v 0.023863 0.041860 -0.152880
v 0.023871 0.042036 -0.152880
v 0.023897 0.042211 -0.152880
v 0.023942 0.042383 -0.152880
v 0.024007 0.042549 -0.152880
v 0.024095 0.042705 -0.152880
v 0.024208 0.042851 -0.152880
v 0.024346 0.042981 -0.152880
v 0.024512 0.043094 -0.152880
v 0.024708 0.043187 -0.152880
v 0.024934 0.043257 -0.152880
v 0.025193 0.043301 -0.152880
v 0.025487 0.043316 -0.152880
v 0.027097 0.043316 -0.152880
v 0.027097 0.040362 -0.152880
v 0.024989 0.044523 -0.152880
v 0.024989 0.044523 -0.153120
v 0.024538 0.044450 -0.152880
v 0.024538 0.044450 -0.153120
v 0.024132 0.044332 -0.152880
v 0.024132 0.044332 -0.153120
v 0.023772 0.044173 -0.152880
v 0.023772 0.044173 -0.153120
v 0.023457 0.043975 -0.152880
v 0.023457 0.043975 -0.153120
v 0.023186 0.043743 -0.152880
v 0.023186 0.043743 -0.153120
v 0.022958 0.043479 -0.152880
v 0.022958 0.043479 -0.153120
v 0.022773 0.043187 -0.152880
v 0.022773 0.043187 -0.153120
v 0.022630 0.042871 -0.152880
v 0.022630 0.042871 -0.153120
v 0.022529 0.042532 -0.152880
v 0.022529 0.042532 -0.153120
v 0.022469 0.042176 -0.152880
v 0.022469 0.042176 -0.153120
v 0.022449 0.041804 -0.152880
v 0.022449 0.041804 -0.153120
v 0.022470 0.041437 -0.152880
v 0.022470 0.041437 -0.153120
v 0.022534 0.041086 -0.152880
v 0.022534 0.041086 -0.153120
v 0.022641 0.040754 -0.152880
v 0.022641 0.040754 -0.153120
v 0.022792 0.040445 -0.152880
v 0.022792 0.040445 -0.153120
v 0.022988 0.040161 -0.152880
v 0.022988 0.040161 -0.153120
v 0.023230 0.039905 -0.152880
v 0.023230 0.039905 -0.153120
v 0.023517 0.039681 -0.152880
v 0.023517 0.039681 -0.153120
v 0.023851 0.039490 -0.152880
v 0.023851 0.039490 -0.153120
v 0.024233 0.039337 -0.152880
v 0.024233 0.039337 -0.153120
v 0.024662 0.039224 -0.152880
v 0.024662 0.039224 -0.153120
v 0.025141 0.039154 -0.152880
v 0.025141 0.039154 -0.153120
v 0.025669 0.039130 -0.152880
v 0.025669 0.039130 -0.153120
v 0.027097 0.039130 -0.152880
v 0.027097 0.039130 -0.153120
v 0.027097 0.035000 -0.152880
v 0.027097 0.035000 -0.153120
v 0.028469 0.035000 -0.152880
v 0.028469 0.035000 -0.153120
v 0.028469 0.044548 -0.152880
v 0.028469 0.044548 -0.153120
v 0.025487 0.044548 -0.152880
v 0.025487 0.044548 -0.153120
v 0.025543 0.040362 -0.152880
v 0.025543 0.040362 -0.153120
v 0.025295 0.040373 -0.152880
v 0.025295 0.040373 -0.153120
v 0.025064 0.040407 -0.152880
v 0.025064 0.040407 -0.153120
v 0.024849 0.040462 -0.152880
v 0.024849 0.040462 -0.153120
v 0.024653 0.040539 -0.152880
v 0.024653 0.040539 -0.153120
v 0.024476 0.040636 -0.152880
v 0.024476 0.040636 -0.153120
v 0.024320 0.040754 -0.152880
v 0.024320 0.040754 -0.153120
v 0.024184 0.040892 -0.152880
v 0.024184 0.040892 -0.153120
v 0.024071 0.041049 -0.152880
v 0.024071 0.041049 -0.153120
v 0.023982 0.041224 -0.152880
v 0.023982 0.041224 -0.153120
v 0.023916 0.041418 -0.152880
v 0.023916 0.041418 -0.153120
v 0.023877 0.041631 -0.152880
v 0.023877 0.041631 -0.153120
v 0.023863 0.041860 -0.152880
v 0.023863 0.041860 -0.153120
v 0.023871 0.042036 -0.152880
v 0.023871 0.042036 -0.153120
v 0.023897 0.042211 -0.152880
v 0.023897 0.042211 -0.153120
v 0.023942 0.042383 -0.152880
v 0.023942 0.042383 -0.153120
v 0.024007 0.042549 -0.152880
v 0.024007 0.042549 -0.153120
v 0.024095 0.042705 -0.152880
v 0.024095 0.042705 -0.153120
v 0.024208 0.042851 -0.152880
v 0.024208 0.042851 -0.153120
v 0.024346 0.042981 -0.152880
v 0.024346 0.042981 -0.153120
v 0.024512 0.043094 -0.152880
v 0.024512 0.043094 -0.153120
v 0.024708 0.043187 -0.152880
v 0.024708 0.043187 -0.153120
v 0.024934 0.043257 -0.152880
v 0.024934 0.043257 -0.153120
v 0.025193 0.043301 -0.152880
v 0.025193 0.043301 -0.153120
v 0.025487 0.043316 -0.152880
v 0.025487 0.043316 -0.153120
v 0.027097 0.043316 -0.152880
v 0.027097 0.043316 -0.153120
v 0.027097 0.040362 -0.152880
v 0.027097 0.040362 -0.153120
v 0.018355 0.044527 -0.152880
v 0.018355 0.044527 -0.153120
v 0.017920 0.044465 -0.152880
v 0.017920 0.044465 -0.153120
v 0.017518 0.044363 -0.152880
v 0.017518 0.044363 -0.153120
v 0.017151 0.044222 -0.152880
v 0.017151 0.044222 -0.153120
v 0.016822 0.044044 -0.152880
v 0.016822 0.044044 -0.153120
v 0.016531 0.043830 -0.152880
v 0.016531 0.043830 -0.153120
v 0.016280 0.043583 -0.152880
v 0.016280 0.043583 -0.153120
v 0.016071 0.043301 -0.152880
v 0.016071 0.043301 -0.153120
v 0.015905 0.042989 -0.152880
v 0.015905 0.042989 -0.153120
v 0.015785 0.042646 -0.152880
v 0.015785 0.042646 -0.153120
v 0.015712 0.042274 -0.152880
v 0.015712 0.042274 -0.153120
v 0.015687 0.041874 -0.152880
v 0.015687 0.041874 -0.153120
v 0.015699 0.041603 -0.152880
v 0.015699 0.041603 -0.153120
v 0.015734 0.041345 -0.152880
v 0.015734 0.041345 -0.153120
v 0.015793 0.041099 -0.152880
v 0.015793 0.041099 -0.153120
v 0.015874 0.040867 -0.152880
v 0.015874 0.040867 -0.153120
v 0.015977 0.040647 -0.152880
v 0.015977 0.040647 -0.153120
v 0.016102 0.040443 -0.152880
v 0.016102 0.040443 -0.153120
v 0.016248 0.040252 -0.152880
v 0.016248 0.040252 -0.153120
v 0.016415 0.040077 -0.152880
v 0.016415 0.040077 -0.153120
v 0.016602 0.039917 -0.152880
v 0.016602 0.039917 -0.153120
v 0.016810 0.039773 -0.152880
v 0.016810 0.039773 -0.153120
v 0.017037 0.039646 -0.152880
v 0.017037 0.039646 -0.153120
v 0.017283 0.039536 -0.152880
v 0.017283 0.039536 -0.153120
v 0.017073 0.039386 -0.152880
v 0.017073 0.039386 -0.153120
v 0.016875 0.039223 -0.152880
v 0.016875 0.039223 -0.153120
v 0.016687 0.039048 -0.152880
v 0.016687 0.039048 -0.153120
v 0.016507 0.038859 -0.152880
v 0.016507 0.038859 -0.153120
v 0.016335 0.038658 -0.152880
v 0.016335 0.038658 -0.153120
v 0.016167 0.038444 -0.152880
v 0.016167 0.038444 -0.153120
v 0.016001 0.038217 -0.152880
v 0.016001 0.038217 -0.153120
v 0.015837 0.037977 -0.152880
v 0.015837 0.037977 -0.153120
v 0.015673 0.037725 -0.152880
v 0.015673 0.037725 -0.153120
v 0.015505 0.037459 -0.152880
v 0.015505 0.037459 -0.153120
v 0.015333 0.037181 -0.152880
v 0.015333 0.037181 -0.153120
v 0.015155 0.036890 -0.152880
v 0.015155 0.036890 -0.153120
v 0.015057 0.036732 -0.152880
v 0.015057 0.036732 -0.153120
v 0.014963 0.036585 -0.152880
v 0.014963 0.036585 -0.153120
v 0.014873 0.036445 -0.152880
v 0.014873 0.036445 -0.153120
v 0.014783 0.036310 -0.152880
v 0.014783 0.036310 -0.153120
v 0.014692 0.036176 -0.152880
v 0.014692 0.036176 -0.153120
v 0.014599 0.036040 -0.152880
v 0.014599 0.036040 -0.153120
v 0.014499 0.035898 -0.152880
v 0.014499 0.035898 -0.153120
v 0.014393 0.035748 -0.152880
v 0.014393 0.035748 -0.153120
v 0.014277 0.035587 -0.152880
v 0.014277 0.035587 -0.153120
v 0.014150 0.035410 -0.152880
v 0.014150 0.035410 -0.153120
v 0.014009 0.035216 -0.152880
v 0.014009 0.035216 -0.153120
v 0.013853 0.035000 -0.152880
v 0.013853 0.035000 -0.153120
v 0.015491 0.035000 -0.152880
v 0.015491 0.035000 -0.153120
v 0.016751 0.036960 -0.152880
v 0.016751 0.036960 -0.153120
v 0.017052 0.037415 -0.152880
v 0.017052 0.037415 -0.153120
v 0.017328 0.037802 -0.152880
v 0.017328 0.037802 -0.153120
v 0.017580 0.038128 -0.152880
v 0.017580 0.038128 -0.153120
v 0.017812 0.038397 -0.152880
v 0.017812 0.038397 -0.153120
v 0.018027 0.038615 -0.152880
v 0.018027 0.038615 -0.153120
v 0.018228 0.038787 -0.152880
v 0.018228 0.038787 -0.153120
v 0.018417 0.038918 -0.152880
v 0.018417 0.038918 -0.153120
v 0.018597 0.039013 -0.152880
v 0.018597 0.039013 -0.153120
v 0.018771 0.039078 -0.152880
v 0.018771 0.039078 -0.153120
v 0.018942 0.039118 -0.152880
v 0.018942 0.039118 -0.153120
v 0.019112 0.039138 -0.152880
v 0.019112 0.039138 -0.153120
v 0.019285 0.039144 -0.152880
v 0.019285 0.039144 -0.153120
v 0.019859 0.039144 -0.152880
v 0.019859 0.039144 -0.153120
v 0.019859 0.035000 -0.152880
v 0.019859 0.035000 -0.153120
v 0.021231 0.035000 -0.152880
v 0.021231 0.035000 -0.153120
v 0.021231 0.044548 -0.152880
v 0.021231 0.044548 -0.153120
v 0.018823 0.044548 -0.152880
v 0.018823 0.044548 -0.153120
v 0.018977 0.040376 -0.152880
v 0.018977 0.040376 -0.153120
v 0.018631 0.040391 -0.152880
v 0.018631 0.040391 -0.153120
v 0.018327 0.040436 -0.152880
v 0.018327 0.040436 -0.153120
v 0.018062 0.040507 -0.152880
v 0.018062 0.040507 -0.153120
v 0.017834 0.040602 -0.152880
v 0.017834 0.040602 -0.153120
v 0.017642 0.040718 -0.152880
v 0.017642 0.040718 -0.153120
v 0.017483 0.040854 -0.152880
v 0.017483 0.040854 -0.153120
v 0.017354 0.041006 -0.152880
v 0.017354 0.041006 -0.153120
v 0.017254 0.041172 -0.152880
v 0.017254 0.041172 -0.153120
v 0.017182 0.041351 -0.152880
v 0.017182 0.041351 -0.153120
v 0.017133 0.041538 -0.152880
v 0.017133 0.041538 -0.153120
v 0.017107 0.041732 -0.152880
v 0.017107 0.041732 -0.153120
v 0.017101 0.041930 -0.152880
v 0.017101 0.041930 -0.153120
v 0.017115 0.042147 -0.152880
v 0.017115 0.042147 -0.153120
v 0.017152 0.042348 -0.152880
v 0.017152 0.042348 -0.153120
v 0.017213 0.042533 -0.152880
v 0.017213 0.042533 -0.153120
v 0.017298 0.042702 -0.152880
v 0.017298 0.042702 -0.153120
v 0.017409 0.042854 -0.152880
v 0.017409 0.042854 -0.153120
v 0.017546 0.042987 -0.152880
v 0.017546 0.042987 -0.153120
v 0.017710 0.043102 -0.152880
v 0.017710 0.043102 -0.153120
v 0.017903 0.043197 -0.152880
v 0.017903 0.043197 -0.153120
v 0.018125 0.043273 -0.152880
v 0.018125 0.043273 -0.153120
v 0.018377 0.043327 -0.152880
v 0.018377 0.043327 -0.153120
v 0.018661 0.043361 -0.152880
v 0.018661 0.043361 -0.153120
v 0.018977 0.043372 -0.152880
v 0.018977 0.043372 -0.153120
v 0.019859 0.043372 -0.152880
v 0.019859 0.043372 -0.153120
v 0.019859 0.040376 -0.152880
v 0.019859 0.040376 -0.153120
v 0.007336 0.044628 -0.152880
v 0.007336 0.044628 -0.153120
v 0.006625 0.044496 -0.152880
v 0.006625 0.044496 -0.153120
v 0.005967 0.044282 -0.152880
v 0.005967 0.044282 -0.153120
v 0.005367 0.043995 -0.152880
v 0.005367 0.043995 -0.153120
v 0.004826 0.043639 -0.152880
v 0.004826 0.043639 -0.153120
v 0.004349 0.043221 -0.152880
v 0.004349 0.043221 -0.153120
v 0.003937 0.042749 -0.152880
v 0.003937 0.042749 -0.153120
v 0.003593 0.042227 -0.152880
v 0.003593 0.042227 -0.153120
v 0.003321 0.041662 -0.152880
v 0.003321 0.041662 -0.153120
v 0.003123 0.041061 -0.152880
v 0.003123 0.041061 -0.153120
v 0.003002 0.040429 -0.152880
v 0.003002 0.040429 -0.153120
v 0.002961 0.039774 -0.152880
v 0.002961 0.039774 -0.153120
v 0.003001 0.039136 -0.152880
v 0.003001 0.039136 -0.153120
v 0.003119 0.038517 -0.152880
v 0.003119 0.038517 -0.153120
v 0.003313 0.037922 -0.152880
v 0.003313 0.037922 -0.153120
v 0.003582 0.037359 -0.152880
v 0.003582 0.037359 -0.153120
v 0.003922 0.036835 -0.152880
v 0.003922 0.036835 -0.153120
v 0.004331 0.036358 -0.152880
v 0.004331 0.036358 -0.153120
v 0.004808 0.035935 -0.152880
v 0.004808 0.035935 -0.153120
v 0.005350 0.035572 -0.152880
v 0.005350 0.035572 -0.153120
v 0.005955 0.035277 -0.152880
v 0.005955 0.035277 -0.153120
v 0.006621 0.035058 -0.152880
v 0.006621 0.035058 -0.153120
v 0.007346 0.034921 -0.152880
v 0.007346 0.034921 -0.153120
v 0.008127 0.034874 -0.152880
v 0.008127 0.034874 -0.153120
v 0.008883 0.034921 -0.152880
v 0.008883 0.034921 -0.153120
v 0.009589 0.035057 -0.152880
v 0.009589 0.035057 -0.153120
v 0.010240 0.035275 -0.152880
v 0.010240 0.035275 -0.153120
v 0.010836 0.035569 -0.152880
v 0.010836 0.035569 -0.153120
v 0.011372 0.035930 -0.152880
v 0.011372 0.035930 -0.153120
v 0.011846 0.036353 -0.152880
v 0.011846 0.036353 -0.153120
v 0.012255 0.036829 -0.152880
v 0.012255 0.036829 -0.153120
v 0.012596 0.037353 -0.152880
v 0.012596 0.037353 -0.153120
v 0.012866 0.037916 -0.152880
v 0.012866 0.037916 -0.153120
v 0.013062 0.038512 -0.152880
v 0.013062 0.038512 -0.153120
v 0.013182 0.039134 -0.152880
v 0.013182 0.039134 -0.153120
v 0.013223 0.039774 -0.152880
v 0.013223 0.039774 -0.153120
v 0.013181 0.040426 -0.152880
v 0.013181 0.040426 -0.153120
v 0.013058 0.041056 -0.152880
v 0.013058 0.041056 -0.153120
v 0.012857 0.041656 -0.152880
v 0.012857 0.041656 -0.153120
v 0.012582 0.042220 -0.152880
v 0.012582 0.042220 -0.153120
v 0.012236 0.042743 -0.152880
v 0.012236 0.042743 -0.153120
v 0.011821 0.043216 -0.152880
v 0.011821 0.043216 -0.153120
v 0.011342 0.043635 -0.152880
v 0.011342 0.043635 -0.153120
v 0.010803 0.043992 -0.152880
v 0.010803 0.043992 -0.153120
v 0.010205 0.044280 -0.152880
v 0.010205 0.044280 -0.153120
v 0.009553 0.044495 -0.152880
v 0.009553 0.044495 -0.153120
v 0.008850 0.044628 -0.152880
v 0.008850 0.044628 -0.153120
v 0.008099 0.044674 -0.152880
v 0.008099 0.044674 -0.153120
v 0.007576 0.036166 -0.152880
v 0.007576 0.036166 -0.153120
v 0.007079 0.036259 -0.152880
v 0.007079 0.036259 -0.153120
v 0.006613 0.036409 -0.152880
v 0.006613 0.036409 -0.153120
v 0.006182 0.036614 -0.152880
v 0.006182 0.036614 -0.153120
v 0.005787 0.036869 -0.152880
v 0.005787 0.036869 -0.153120
v 0.005434 0.037172 -0.152880
v 0.005434 0.037172 -0.153120
v 0.005125 0.037518 -0.152880
v 0.005125 0.037518 -0.153120
v 0.004864 0.037903 -0.152880
v 0.004864 0.037903 -0.153120
v 0.004656 0.038325 -0.152880
v 0.004656 0.038325 -0.153120
v 0.004502 0.038780 -0.152880
v 0.004502 0.038780 -0.153120
v 0.004407 0.039264 -0.152880
v 0.004407 0.039264 -0.153120
v 0.004375 0.039774 -0.152880
v 0.004375 0.039774 -0.153120
v 0.004407 0.040287 -0.152880
v 0.004407 0.040287 -0.153120
v 0.004502 0.040773 -0.152880
v 0.004502 0.040773 -0.153120
v 0.004656 0.041229 -0.152880
v 0.004656 0.041229 -0.153120
v 0.004864 0.041651 -0.152880
v 0.004864 0.041651 -0.153120
v 0.005125 0.042036 -0.152880
v 0.005125 0.042036 -0.153120
v 0.005434 0.042382 -0.152880
v 0.005434 0.042382 -0.153120
v 0.005787 0.042683 -0.152880
v 0.005787 0.042683 -0.153120
v 0.006182 0.042937 -0.152880
v 0.006182 0.042937 -0.153120
v 0.006613 0.043141 -0.152880
v 0.006613 0.043141 -0.153120
v 0.007079 0.043290 -0.152880
v 0.007079 0.043290 -0.153120
v 0.007576 0.043382 -0.152880
v 0.007576 0.043382 -0.153120
v 0.008099 0.043414 -0.152880
v 0.008099 0.043414 -0.153120
v 0.008619 0.043382 -0.152880
v 0.008619 0.043382 -0.153120
v 0.009113 0.043290 -0.152880
v 0.009113 0.043290 -0.153120
v 0.009576 0.043141 -0.152880
v 0.009576 0.043141 -0.153120
v 0.010007 0.042937 -0.152880
v 0.010007 0.042937 -0.153120
v 0.010400 0.042683 -0.152880
v 0.010400 0.042683 -0.153120
v 0.010752 0.042382 -0.152880
v 0.010752 0.042382 -0.153120
v 0.011060 0.042036 -0.152880
v 0.011060 0.042036 -0.153120
v 0.011320 0.041651 -0.152880
v 0.011320 0.041651 -0.153120
v 0.011529 0.041229 -0.152880
v 0.011529 0.041229 -0.153120
v 0.011682 0.040773 -0.152880
v 0.011682 0.040773 -0.153120
v 0.011777 0.040287 -0.152880
v 0.011777 0.040287 -0.153120
v 0.011809 0.039774 -0.152880
v 0.011809 0.039774 -0.153120
v 0.011777 0.039264 -0.152880
v 0.011777 0.039264 -0.153120
v 0.011682 0.038780 -0.152880
v 0.011682 0.038780 -0.153120
v 0.011529 0.038325 -0.152880
v 0.011529 0.038325 -0.153120
v 0.011320 0.037903 -0.152880
v 0.011320 0.037903 -0.153120
v 0.011060 0.037518 -0.152880
v 0.011060 0.037518 -0.153120
v 0.010752 0.037172 -0.152880
v 0.010752 0.037172 -0.153120
v 0.010400 0.036869 -0.152880
v 0.010400 0.036869 -0.153120
v 0.010007 0.036614 -0.152880
v 0.010007 0.036614 -0.153120
v 0.009576 0.036409 -0.152880
v 0.009576 0.036409 -0.153120
v 0.009113 0.036259 -0.152880
v 0.009113 0.036259 -0.153120
v 0.008619 0.036166 -0.152880
v 0.008619 0.036166 -0.153120
v 0.008099 0.036134 -0.152880
v 0.008099 0.036134 -0.153120
v -0.002583 0.043316 -0.152880
v -0.002583 0.043316 -0.153120
v -0.002583 0.035000 -0.152880
v -0.002583 0.035000 -0.153120
v -0.001211 0.035000 -0.152880
v -0.001211 0.035000 -0.153120
v -0.001211 0.043316 -0.152880
v -0.001211 0.043316 -0.153120
v 0.002093 0.043316 -0.152880
v 0.002093 0.043316 -0.153120
v 0.002093 0.044548 -0.152880
v 0.002093 0.044548 -0.153120
v -0.005887 0.044548 -0.152880
v -0.005887 0.044548 -0.153120
v -0.005887 0.043316 -0.152880
v -0.005887 0.043316 -0.153120
v -0.008547 0.043316 -0.152880
v -0.008547 0.043316 -0.153120
v -0.008547 0.040432 -0.152880
v -0.008547 0.040432 -0.153120
v -0.012453 0.040432 -0.152880
v -0.012453 0.040432 -0.153120
v -0.012453 0.039200 -0.152880
v -0.012453 0.039200 -0.153120
v -0.008547 0.039200 -0.152880
v -0.008547 0.039200 -0.153120
v -0.008547 0.036232 -0.152880
v -0.008547 0.036232 -0.153120
v -0.012719 0.036232 -0.152880
v -0.012719 0.036232 -0.153120
v -0.012719 0.035000 -0.152880
v -0.012719 0.035000 -0.153120
v -0.007175 0.035000 -0.152880
v -0.007175 0.035000 -0.153120
v -0.007175 0.044548 -0.152880
v -0.007175 0.044548 -0.153120
v -0.012593 0.044548 -0.152880
v -0.012593 0.044548 -0.153120
v -0.012593 0.043316 -0.152880
v -0.012593 0.043316 -0.153120
v -0.022168 0.038185 -0.152880
v -0.022168 0.038185 -0.153120
v -0.022080 0.037653 -0.152880
v -0.022080 0.037653 -0.153120
v -0.021934 0.037160 -0.152880
v -0.021934 0.037160 -0.153120
v -0.021729 0.036707 -0.152880
v -0.021729 0.036707 -0.153120
v -0.021465 0.036299 -0.152880
v -0.021465 0.036299 -0.153120
v -0.021142 0.035936 -0.152880
v -0.021142 0.035936 -0.153120
v -0.020759 0.035622 -0.152880
v -0.020759 0.035622 -0.153120
v -0.020318 0.035360 -0.152880
v -0.020318 0.035360 -0.153120
v -0.019817 0.035151 -0.152880
v -0.019817 0.035151 -0.153120
v -0.019256 0.034999 -0.152880
v -0.019256 0.034999 -0.153120
v -0.018635 0.034906 -0.152880
v -0.018635 0.034906 -0.153120
v -0.017955 0.034874 -0.152880
v -0.017955 0.034874 -0.153120
v -0.017453 0.034898 -0.152880
v -0.017453 0.034898 -0.153120
v -0.016960 0.034970 -0.152880
v -0.016960 0.034970 -0.153120
v -0.016483 0.035092 -0.152880
v -0.016483 0.035092 -0.153120
v -0.016028 0.035264 -0.152880
v -0.016028 0.035264 -0.153120
v -0.015602 0.035489 -0.152880
v -0.015602 0.035489 -0.153120
v -0.015211 0.035767 -0.152880
v -0.015211 0.035767 -0.153120
v -0.014862 0.036098 -0.152880
v -0.014862 0.036098 -0.153120
v -0.014562 0.036486 -0.152880
v -0.014562 0.036486 -0.153120
v -0.014317 0.036929 -0.152880
v -0.014317 0.036929 -0.153120
v -0.014134 0.037431 -0.152880
v -0.014134 0.037431 -0.153120
v -0.014019 0.037991 -0.152880
v -0.014019 0.037991 -0.153120
v -0.013979 0.038612 -0.152880
v -0.013979 0.038612 -0.153120
v -0.013979 0.044548 -0.152880
v -0.013979 0.044548 -0.153120
v -0.015351 0.044548 -0.152880
v -0.015351 0.044548 -0.153120
v -0.015351 0.038906 -0.152880
v -0.015351 0.038906 -0.153120
v -0.015354 0.038649 -0.152880
v -0.015354 0.038649 -0.153120
v -0.015363 0.038417 -0.152880
v -0.015363 0.038417 -0.153120
v -0.015380 0.038206 -0.152880
v -0.015380 0.038206 -0.153120
v -0.015403 0.038015 -0.152880
v -0.015403 0.038015 -0.153120
v -0.015435 0.037842 -0.152880
v -0.015435 0.037842 -0.153120
v -0.015475 0.037685 -0.152880
v -0.015475 0.037685 -0.153120
v -0.015524 0.037540 -0.152880
v -0.015524 0.037540 -0.153120
v -0.015583 0.037407 -0.152880
v -0.015583 0.037407 -0.153120
v -0.015652 0.037284 -0.152880
v -0.015652 0.037284 -0.153120
v -0.015732 0.037167 -0.152880
v -0.015732 0.037167 -0.153120
v -0.015823 0.037055 -0.152880
v -0.015823 0.037055 -0.153120
v -0.015925 0.036946 -0.152880
v -0.015925 0.036946 -0.153120
v -0.016064 0.036815 -0.152880
v -0.016064 0.036815 -0.153120
v -0.016210 0.036696 -0.152880
v -0.016210 0.036696 -0.153120
v -0.016361 0.036589 -0.152880
v -0.016361 0.036589 -0.153120
v -0.016518 0.036493 -0.152880
v -0.016518 0.036493 -0.153120
v -0.016680 0.036408 -0.152880
v -0.016680 0.036408 -0.153120
v -0.016849 0.036335 -0.152880
v -0.016849 0.036335 -0.153120
v -0.017023 0.036274 -0.152880
v -0.017023 0.036274 -0.153120
v -0.017204 0.036223 -0.152880
v -0.017204 0.036223 -0.153120
v -0.017390 0.036184 -0.152880
v -0.017390 0.036184 -0.153120
v -0.017582 0.036156 -0.152880
v -0.017582 0.036156 -0.153120
v -0.017779 0.036140 -0.152880
v -0.017779 0.036140 -0.153120
v -0.017983 0.036134 -0.152880
v -0.017983 0.036134 -0.153120
v -0.018239 0.036141 -0.152880
v -0.018239 0.036141 -0.153120
v -0.018483 0.036161 -0.152880
v -0.018483 0.036161 -0.153120
v -0.018715 0.036193 -0.152880
v -0.018715 0.036193 -0.153120
v -0.018934 0.036237 -0.152880
v -0.018934 0.036237 -0.153120
v -0.019140 0.036292 -0.152880
v -0.019140 0.036292 -0.153120
v -0.019334 0.036356 -0.152880
v -0.019334 0.036356 -0.153120
v -0.019515 0.036430 -0.152880
v -0.019515 0.036430 -0.153120
v -0.019683 0.036511 -0.152880
v -0.019683 0.036511 -0.153120
v -0.019838 0.036601 -0.152880
v -0.019838 0.036601 -0.153120
v -0.019979 0.036696 -0.152880
v -0.019979 0.036696 -0.153120
v -0.020108 0.036798 -0.152880
v -0.020108 0.036798 -0.153120
v -0.020223 0.036904 -0.152880
v -0.020223 0.036904 -0.153120
v -0.020338 0.037031 -0.152880
v -0.020338 0.037031 -0.153120
v -0.020438 0.037166 -0.152880
v -0.020438 0.037166 -0.153120
v -0.020524 0.037311 -0.152880
v -0.020524 0.037311 -0.153120
v -0.020597 0.037463 -0.152880
v -0.020597 0.037463 -0.153120
v -0.020658 0.037625 -0.152880
v -0.020658 0.037625 -0.153120
v -0.020708 0.037795 -0.152880
v -0.020708 0.037795 -0.153120
v -0.020747 0.037973 -0.152880
v -0.020747 0.037973 -0.153120
v -0.020778 0.038160 -0.152880
v -0.020778 0.038160 -0.153120
v -0.020800 0.038355 -0.152880
v -0.020800 0.038355 -0.153120
v -0.020814 0.038558 -0.152880
v -0.020814 0.038558 -0.153120
v -0.020823 0.038770 -0.152880
v -0.020823 0.038770 -0.153120
v -0.020825 0.038990 -0.152880
v -0.020825 0.038990 -0.153120
v -0.020825 0.044548 -0.152880
v -0.020825 0.044548 -0.153120
v -0.022197 0.044548 -0.152880
v -0.022197 0.044548 -0.153120
v -0.022197 0.038752 -0.152880
v -0.022197 0.038752 -0.153120
v -0.028421 0.042629 -0.152880
v -0.028421 0.042629 -0.153120
v -0.028220 0.042789 -0.152880
v -0.028220 0.042789 -0.153120
v -0.028021 0.042928 -0.152880
v -0.028021 0.042928 -0.153120
v -0.027824 0.043048 -0.152880
v -0.027824 0.043048 -0.153120
v -0.027631 0.043149 -0.152880
v -0.027631 0.043149 -0.153120
v -0.027440 0.043234 -0.152880
v -0.027440 0.043234 -0.153120
v -0.027253 0.043302 -0.152880
v -0.027253 0.043302 -0.153120
v -0.027070 0.043355 -0.152880
v -0.027070 0.043355 -0.153120
v -0.026891 0.043395 -0.152880
v -0.026891 0.043395 -0.153120
v -0.026716 0.043422 -0.152880
v -0.026716 0.043422 -0.153120
v -0.026547 0.043437 -0.152880
v -0.026547 0.043437 -0.153120
v -0.026383 0.043442 -0.152880
v -0.026383 0.043442 -0.153120
v -0.026168 0.043433 -0.152880
v -0.026168 0.043433 -0.153120
v -0.025965 0.043405 -0.152880
v -0.025965 0.043405 -0.153120
v -0.025775 0.043359 -0.152880
v -0.025775 0.043359 -0.153120
v -0.025599 0.043297 -0.152880
v -0.025599 0.043297 -0.153120
v -0.025439 0.043220 -0.152880
v -0.025439 0.043220 -0.153120
v -0.025296 0.043127 -0.152880
v -0.025296 0.043127 -0.153120
v -0.025172 0.043020 -0.152880
v -0.025172 0.043020 -0.153120
v -0.025067 0.042901 -0.152880
v -0.025067 0.042901 -0.153120
v -0.024983 0.042769 -0.152880
v -0.024983 0.042769 -0.153120
v -0.024922 0.042625 -0.152880
v -0.024922 0.042625 -0.153120
v -0.024884 0.042471 -0.152880
v -0.024884 0.042471 -0.153120
v -0.024871 0.042308 -0.152880
v -0.024871 0.042308 -0.153120
v -0.024952 0.041885 -0.152880
v -0.024952 0.041885 -0.153120
v -0.025177 0.041523 -0.152880
v -0.025177 0.041523 -0.153120
v -0.025516 0.041205 -0.152880
v -0.025516 0.041205 -0.153120
v -0.025942 0.040912 -0.152880
v -0.025942 0.040912 -0.153120
v -0.026425 0.040629 -0.152880
v -0.026425 0.040629 -0.153120
v -0.026936 0.040337 -0.152880
v -0.026936 0.040337 -0.153120
v -0.027447 0.040021 -0.152880
v -0.027447 0.040021 -0.153120
v -0.027930 0.039663 -0.152880
v -0.027930 0.039663 -0.153120
v -0.028356 0.039245 -0.152880
v -0.028356 0.039245 -0.153120
v -0.028695 0.038750 -0.152880
v -0.028695 0.038750 -0.153120
v -0.028920 0.038162 -0.152880
v -0.028920 0.038162 -0.153120
v -0.029001 0.037464 -0.152880
v -0.029001 0.037464 -0.153120
v -0.028978 0.037098 -0.152880
v -0.028978 0.037098 -0.153120
v -0.028910 0.036752 -0.152880
v -0.028910 0.036752 -0.153120
v -0.028800 0.036427 -0.152880
v -0.028800 0.036427 -0.153120
v -0.028650 0.036127 -0.152880
v -0.028650 0.036127 -0.153120
v -0.028463 0.035853 -0.152880
v -0.028463 0.035853 -0.153120
v -0.028242 0.035607 -0.152880
v -0.028242 0.035607 -0.153120
v -0.027988 0.035393 -0.152880
v -0.027988 0.035393 -0.153120
v -0.027705 0.035213 -0.152880
v -0.027705 0.035213 -0.153120
v -0.027395 0.035068 -0.152880
v -0.027395 0.035068 -0.153120
v -0.027060 0.034962 -0.152880
v -0.027060 0.034962 -0.153120
v -0.026703 0.034896 -0.152880
v -0.026703 0.034896 -0.153120
v -0.026327 0.034874 -0.152880
v -0.026327 0.034874 -0.153120
v -0.026072 0.034880 -0.152880
v -0.026072 0.034880 -0.153120
v -0.025825 0.034898 -0.152880
v -0.025825 0.034898 -0.153120
v -0.025584 0.034927 -0.152880
v -0.025584 0.034927 -0.153120
v -0.025351 0.034969 -0.152880
v -0.025351 0.034969 -0.153120
v -0.025123 0.035023 -0.152880
v -0.025123 0.035023 -0.153120
v -0.024901 0.035089 -0.152880
v -0.024901 0.035089 -0.153120
v -0.024684 0.035168 -0.152880
v -0.024684 0.035168 -0.153120
v -0.024471 0.035260 -0.152880
v -0.024471 0.035260 -0.153120
v -0.024262 0.035364 -0.152880
v -0.024262 0.035364 -0.153120
v -0.024056 0.035482 -0.152880
v -0.024056 0.035482 -0.153120
v -0.023853 0.035612 -0.152880
v -0.023853 0.035612 -0.153120
v -0.023653 0.035756 -0.152880
v -0.023653 0.035756 -0.153120
v -0.023653 0.037492 -0.152880
v -0.023653 0.037492 -0.153120
v -0.023832 0.037277 -0.152880
v -0.023832 0.037277 -0.153120
v -0.024018 0.037078 -0.152880
v -0.024018 0.037078 -0.153120
v -0.024210 0.036897 -0.152880
v -0.024210 0.036897 -0.153120
v -0.024409 0.036734 -0.152880
v -0.024409 0.036734 -0.153120
v -0.024614 0.036590 -0.152880
v -0.024614 0.036590 -0.153120
v -0.024824 0.036463 -0.152880
v -0.024824 0.036463 -0.153120
v -0.025039 0.036355 -0.152880
v -0.025039 0.036355 -0.153120
v -0.025258 0.036266 -0.152880
v -0.025258 0.036266 -0.153120
v -0.025482 0.036197 -0.152880
v -0.025482 0.036197 -0.153120
v -0.025709 0.036146 -0.152880
v -0.025709 0.036146 -0.153120
v -0.025940 0.036116 -0.152880
v -0.025940 0.036116 -0.153120
v -0.026173 0.036106 -0.152880
v -0.026173 0.036106 -0.153120
v -0.026427 0.036120 -0.152880
v -0.026427 0.036120 -0.153120
v -0.026658 0.036158 -0.152880
v -0.026658 0.036158 -0.153120
v -0.026865 0.036219 -0.152880
v -0.026865 0.036219 -0.153120
v -0.027049 0.036300 -0.152880
v -0.027049 0.036300 -0.153120
v -0.027210 0.036397 -0.152880
v -0.027210 0.036397 -0.153120
v -0.027349 0.036509 -0.152880
v -0.027349 0.036509 -0.153120
v -0.027466 0.036631 -0.152880
v -0.027466 0.036631 -0.153120
v -0.027561 0.036761 -0.152880
v -0.027561 0.036761 -0.153120
v -0.027634 0.036897 -0.152880
v -0.027634 0.036897 -0.153120
v -0.027686 0.037036 -0.152880
v -0.027686 0.037036 -0.153120
v -0.027717 0.037175 -0.152880
v -0.027717 0.037175 -0.153120
v -0.027727 0.037310 -0.152880
v -0.027727 0.037310 -0.153120
v -0.027646 0.037769 -0.152880
v -0.027646 0.037769 -0.153120
v -0.027421 0.038170 -0.152880
v -0.027421 0.038170 -0.153120
v -0.027082 0.038527 -0.152880
v -0.027082 0.038527 -0.153120
v -0.026656 0.038854 -0.152880
v -0.026656 0.038854 -0.153120
v -0.026173 0.039166 -0.152880
v -0.026173 0.039166 -0.153120
v -0.025662 0.039476 -0.152880
v -0.025662 0.039476 -0.153120
v -0.025151 0.039801 -0.152880
v -0.025151 0.039801 -0.153120
v -0.024668 0.040153 -0.152880
v -0.024668 0.040153 -0.153120
v -0.024242 0.040547 -0.152880
v -0.024242 0.040547 -0.153120
v -0.023903 0.040997 -0.152880
v -0.023903 0.040997 -0.153120
v -0.023678 0.041519 -0.152880
v -0.023678 0.041519 -0.153120
v -0.023597 0.042126 -0.152880
v -0.023597 0.042126 -0.153120
v -0.023621 0.042503 -0.152880
v -0.023621 0.042503 -0.153120
v -0.023690 0.042854 -0.152880
v -0.023690 0.042854 -0.153120
v -0.023804 0.043180 -0.152880
v -0.023804 0.043180 -0.153120
v -0.023959 0.043477 -0.152880
v -0.023959 0.043477 -0.153120
v -0.024155 0.043745 -0.152880
v -0.024155 0.043745 -0.153120
v -0.024390 0.043983 -0.152880
v -0.024390 0.043983 -0.153120
v -0.024661 0.044188 -0.152880
v -0.024661 0.044188 -0.153120
v -0.024966 0.044359 -0.152880
v -0.024966 0.044359 -0.153120
v -0.025304 0.044494 -0.152880
v -0.025304 0.044494 -0.153120
v -0.025673 0.044593 -0.152880
v -0.025673 0.044593 -0.153120
v -0.026070 0.044654 -0.152880
v -0.026070 0.044654 -0.153120
v -0.026495 0.044674 -0.152880
v -0.026495 0.044674 -0.153120
v -0.026677 0.044669 -0.152880
v -0.026677 0.044669 -0.153120
v -0.026859 0.044655 -0.152880
v -0.026859 0.044655 -0.153120
v -0.027040 0.044632 -0.152880
v -0.027040 0.044632 -0.153120
v -0.027221 0.044599 -0.152880
v -0.027221 0.044599 -0.153120
v -0.027401 0.044557 -0.152880
v -0.027401 0.044557 -0.153120
v -0.027580 0.044506 -0.152880
v -0.027580 0.044506 -0.153120
v -0.027758 0.044445 -0.152880
v -0.027758 0.044445 -0.153120
v -0.027934 0.044375 -0.152880
v -0.027934 0.044375 -0.153120
v -0.028109 0.044296 -0.152880
v -0.028109 0.044296 -0.153120
v -0.028283 0.044207 -0.152880
v -0.028283 0.044207 -0.153120
v -0.028454 0.044109 -0.152880
v -0.028454 0.044109 -0.153120
v -0.028623 0.044002 -0.152880
v -0.028623 0.044002 -0.153120
v -0.028623 0.042448 -0.152880
v -0.028623 0.042448 -0.153120
vn 0.0001 -0.0000 -1.0000
vn -0.0000 -0.0000 -1.0000
vn -0.0001 -0.0000 -1.0000
vn 0.0004 -0.0000 -1.0000
vn -0.0023 -0.0000 -1.0000
vn -0.0000 -0.0000 1.0000
vn -0.0001 -0.0000 1.0000
vn 0.0004 -0.0000 1.0000
vn 0.0002 -0.0000 1.0000
vn 0.0001 -0.0000 1.0000
vn -0.0002 -0.0000 1.0000
vn -0.2200 0.9755 -0.0000
vn -0.1053 0.9944 -0.0000
vn -0.3427 0.9395 -0.0000
vn -0.4688 0.8833 -0.0000
vn -0.5921 0.8058 -0.0000
vn -0.7056 0.7086 -0.0000
vn -0.8030 0.5960 -0.0000
vn -0.8804 0.4742 -0.0000
vn -0.9370 0.3494 -0.0000
vn -0.9739 0.2269 -0.0000
vn -0.9939 0.1102 -0.0000
vn -1.0000 -0.0019 -0.0000
vn -0.9930 -0.1183 -0.0000
vn -0.9698 -0.2437 -0.0000
vn -0.9273 -0.3743 -0.0000
vn -0.8631 -0.5050 -0.0000
vn -0.7775 -0.6289 -0.0000
vn -0.6734 -0.7393 -0.0000
vn -0.5568 -0.8307 -0.0000
vn -0.4348 -0.9005 -0.0000
vn -0.3142 -0.9494 -0.0000
vn -0.2000 -0.9798 -0.0000
vn -0.0952 -0.9955 -0.0000
vn -0.0227 -0.9997 -0.0000
vn -0.7071 -0.7071 -0.0000
vn 0.7071 -0.7071 -0.0000
vn 0.7071 0.7071 -0.0000
vn -0.0252 0.9997 -0.0000
vn 0.0946 0.9955 -0.0000
vn 0.0228 0.9997 -0.0000
vn 0.1970 0.9804 -0.0000
vn 0.3075 0.9516 -0.0000
vn 0.4241 0.9056 -0.0000
vn 0.5431 0.8397 -0.0000
vn 0.6588 0.7523 -0.0000
vn 0.7645 0.6446 -0.0000
vn 0.8536 0.5209 -0.0000
vn 0.9218 0.3876 -0.0000
vn 0.8537 0.5208 -0.0000
vn 0.9676 0.2525 -0.0000
vn 0.9925 0.1222 -0.0000
vn 1.0000 0.0063 -0.0000
vn 0.9954 -0.0956 -0.0000
vn 0.9801 -0.1986 -0.0000
vn 0.9505 -0.3106 -0.0000
vn 0.9028 -0.4300 -0.0000
vn 0.8333 -0.5528 -0.0000
vn 0.7405 -0.6721 -0.0000
vn 0.6265 -0.7795 -0.0000
vn 0.4976 -0.8674 -0.0000
vn 0.6264 -0.7795 -0.0000
vn 0.3629 -0.9318 -0.0000
vn 0.4975 -0.8674 -0.0000
vn 0.2314 -0.9729 -0.0000
vn 0.1098 -0.9940 -0.0000
vn 0.0260 -0.9997 -0.0000
vn -0.7071 0.7071 -0.0000
vn -0.1942 0.9810 -0.0000
vn -0.0934 0.9956 -0.0000
vn -0.3028 0.9531 -0.0000
vn -0.4172 0.9088 -0.0000
vn -0.3027 0.9531 -0.0000
vn -0.5343 0.8453 -0.0000
vn -0.6490 0.7608 -0.0000
vn -0.5344 0.8453 -0.0000
vn -0.7549 0.6558 -0.0000
vn -0.8457 0.5336 -0.0000
vn -0.9164 0.4002 -0.0000
vn -0.9649 0.2627 -0.0000
vn -0.9918 0.1279 -0.0000
vn -1.0000 0.0091 -0.0000
vn -0.9960 -0.0898 -0.0000
vn -1.0000 0.0090 -0.0000
vn -0.9830 -0.1836 -0.0000
vn -0.9599 -0.2804 -0.0000
vn -0.9258 -0.3780 -0.0000
vn -0.8806 -0.4739 -0.0000
vn -0.8247 -0.5655 -0.0000
vn -0.8805 -0.4740 -0.0000
vn -0.7596 -0.6504 -0.0000
vn -0.6872 -0.7265 -0.0000
vn -0.6098 -0.7926 -0.0000
vn -0.5297 -0.8482 -0.0000
vn -0.4491 -0.8935 -0.0000
vn -0.9951 -0.0991 -0.0000
vn -0.6079 0.7940 -0.0000
vn -0.9951 -0.0990 -0.0000
vn -0.6591 0.7520 -0.0000
vn -0.7038 0.7104 -0.0000
vn -0.6591 0.7521 -0.0000
vn -0.7417 0.6707 -0.0000
vn -0.7729 0.6346 -0.0000
vn -0.7978 0.6030 -0.0000
vn -0.8171 0.5766 -0.0000
vn -0.7978 0.6029 -0.0000
vn -0.8314 0.5556 -0.0000
vn -0.8417 0.5400 -0.0000
vn -0.8315 0.5556 -0.0000
vn -0.8483 0.5296 -0.0000
vn -0.8518 0.5239 -0.0000
vn -0.8509 0.5253 -0.0000
vn -0.8468 0.5320 -0.0000
vn -0.8510 0.5252 -0.0000
vn -0.8419 0.5396 -0.0000
vn -0.8365 0.5479 -0.0000
vn -0.8310 0.5563 -0.0000
vn -0.8256 0.5642 -0.0000
vn -0.8208 0.5712 -0.0000
vn -0.8169 0.5768 -0.0000
vn -0.8139 0.5810 -0.0000
vn -0.8119 0.5838 -0.0000
vn -0.8107 0.5854 -0.0000
vn -0.8103 0.5860 -0.0000
vn -0.8906 -0.4549 -0.0000
vn 0.4792 -0.8777 -0.0000
vn -0.8905 -0.4549 -0.0000
vn 0.8375 -0.5465 -0.0000
vn 0.8245 -0.5658 -0.0000
vn 0.8030 -0.5960 -0.0000
vn 0.8246 -0.5658 -0.0000
vn 0.7740 -0.6332 -0.0000
vn 0.7348 -0.6783 -0.0000
vn 0.6817 -0.7316 -0.0000
vn 0.6109 -0.7917 -0.0000
vn 0.5199 -0.8542 -0.0000
vn 0.6110 -0.7917 -0.0000
vn 0.4100 -0.9121 -0.0000
vn 0.2896 -0.9572 -0.0000
vn 0.1728 -0.9850 -0.0000
vn 0.0747 -0.9972 -0.0000
vn 0.0160 -0.9999 -0.0000
vn -0.0225 0.9997 -0.0000
vn 0.0944 0.9955 -0.0000
vn 0.0221 0.9998 -0.0000
vn 0.2017 0.9794 -0.0000
vn 0.3225 0.9466 -0.0000
vn 0.4529 0.8916 -0.0000
vn 0.3226 0.9465 -0.0000
vn 0.5851 0.8109 -0.0000
vn 0.7088 0.7054 -0.0000
vn 0.8139 0.5810 -0.0000
vn 0.8942 0.4477 -0.0000
vn 0.9489 0.3156 -0.0000
vn 0.9813 0.1924 -0.0000
vn 0.9967 0.0817 -0.0000
vn 0.9998 -0.0184 -0.0000
vn 0.9923 -0.1239 -0.0000
vn 0.9692 -0.2462 -0.0000
vn 0.9245 -0.3813 -0.0000
vn 0.8533 -0.5214 -0.0000
vn 0.7555 -0.6551 -0.0000
vn 0.6374 -0.7706 -0.0000
vn 0.5096 -0.8604 -0.0000
vn 0.6374 -0.7705 -0.0000
vn 0.3835 -0.9235 -0.0000
vn 0.2671 -0.9637 -0.0000
vn 0.1644 -0.9864 -0.0000
vn 0.0762 -0.9971 -0.0000
vn 0.0178 -0.9998 -0.0000
vn -0.2465 0.9692 -0.0000
vn -0.1217 0.9926 -0.0000
vn -0.3712 0.9285 -0.0000
vn -0.4921 0.8705 -0.0000
vn -0.6053 0.7960 -0.0000
vn -0.7076 0.7066 -0.0000
vn -0.7964 0.6047 -0.0000
vn -0.8700 0.4931 -0.0000
vn -0.7964 0.6048 -0.0000
vn -0.9273 0.3743 -0.0000
vn -0.9680 0.2510 -0.0000
vn -0.9921 0.1255 -0.0000
vn -1.0000 -0.0000 -0.0000
vn -0.9921 -0.1251 -0.0000
vn -0.9684 -0.2494 -0.0000
vn -0.9286 -0.3711 -0.0000
vn -0.8726 -0.4885 -0.0000
vn -0.8005 -0.5993 -0.0000
vn -0.7130 -0.7012 -0.0000
vn -0.6114 -0.7913 -0.0000
vn -0.4980 -0.8672 -0.0000
vn -0.3761 -0.9266 -0.0000
vn -0.2497 -0.9683 -0.0000
vn -0.1232 -0.9924 -0.0000
vn 0.0008 -1.0000 -0.0000
vn 0.1260 -0.9920 -0.0000
vn 0.2541 -0.9672 -0.0000
vn 0.3807 -0.9247 -0.0000
vn 0.5017 -0.8650 -0.0000
vn 0.6136 -0.7896 -0.0000
vn 0.7137 -0.7004 -0.0000
vn 0.8001 -0.5999 -0.0000
vn 0.8716 -0.4902 -0.0000
vn 0.9276 -0.3736 -0.0000
vn 0.8716 -0.4903 -0.0000
vn 0.9678 -0.2519 -0.0000
vn 0.9919 -0.1267 -0.0000
vn 1.0000 0.0003 -0.0000
vn 0.9918 0.1280 -0.0000
vn 0.9669 0.2551 -0.0000
vn 0.9255 0.3787 -0.0000
vn 0.8679 0.4968 -0.0000
vn 0.7947 0.6070 -0.0000
vn 0.8679 0.4967 -0.0000
vn 0.7069 0.7073 -0.0000
vn 0.6061 0.7954 -0.0000
vn 0.4944 0.8692 -0.0000
vn 0.3745 0.9272 -0.0000
vn 0.2498 0.9683 -0.0000
vn 0.1239 0.9923 -0.0000
vn 0.0007 1.0000 -0.0000
vn 0.2464 0.9692 -0.0000
vn 0.1226 0.9925 -0.0000
vn 0.3687 0.9295 -0.0000
vn 0.4869 0.8735 -0.0000
vn 0.5981 0.8015 -0.0000
vn 0.6996 0.7145 -0.0000
vn 0.7891 0.6143 -0.0000
vn 0.8644 0.5028 -0.0000
vn 0.9239 0.3825 -0.0000
vn 0.9665 0.2565 -0.0000
vn 1.0000 0.0002 -0.0000
vn 0.9918 -0.1274 -0.0000
vn 0.9667 -0.2558 -0.0000
vn 0.9241 -0.3821 -0.0000
vn 0.8644 -0.5028 -0.0000
vn 0.7887 -0.6148 -0.0000
vn 0.6986 -0.7155 -0.0000
vn 0.5966 -0.8026 -0.0000
vn 0.4850 -0.8745 -0.0000
vn 0.5966 -0.8025 -0.0000
vn 0.3668 -0.9303 -0.0000
vn 0.2448 -0.9696 -0.0000
vn 0.3669 -0.9303 -0.0000
vn 0.1217 -0.9926 -0.0000
vn -0.0002 -1.0000 -0.0000
vn -0.1224 -0.9925 -0.0000
vn -0.2459 -0.9693 -0.0000
vn -0.3682 -0.9297 -0.0000
vn -0.4864 -0.8737 -0.0000
vn -0.5978 -0.8017 -0.0000
vn -0.6996 -0.7145 -0.0000
vn -0.7893 -0.6140 -0.0000
vn -0.8648 -0.5022 -0.0000
vn -0.9243 -0.3817 -0.0000
vn -0.9668 -0.2556 -0.0000
vn -0.9919 -0.1274 -0.0000
vn -1.0000 0.0002 -0.0000
vn -0.9666 0.2563 -0.0000
vn -0.9241 0.3821 -0.0000
vn -0.8648 0.5022 -0.0000
vn -0.7897 0.6135 -0.0000
vn -0.7005 0.7136 -0.0000
vn -0.5993 0.8005 -0.0000
vn -0.4883 0.8727 -0.0000
vn -0.3701 0.9290 -0.0000
vn -0.2475 0.9689 -0.0000
vn -0.1233 0.9924 -0.0000
vn -0.0002 1.0000 -0.0000
vn -0.9746 -0.2240 -0.0000
vn -0.9942 -0.1072 -0.0000
vn -0.9369 -0.3495 -0.0000
vn -0.8778 -0.4791 -0.0000
vn -0.7957 -0.6057 -0.0000
vn -0.6927 -0.7213 -0.0000
vn -0.5744 -0.8185 -0.0000
vn -0.4489 -0.8936 -0.0000
vn -0.3239 -0.9461 -0.0000
vn -0.2057 -0.9786 -0.0000
vn -0.0977 -0.9952 -0.0000
vn 0.0005 -1.0000 -0.0000
vn 0.0963 -0.9953 -0.0000
vn 0.1964 -0.9805 -0.0000
vn 0.3014 -0.9535 -0.0000
vn 0.4110 -0.9116 -0.0000
vn 0.5236 -0.8520 -0.0000
vn 0.6357 -0.7720 -0.0000
vn 0.7418 -0.6706 -0.0000
vn 0.8353 -0.5497 -0.0000
vn 0.9101 -0.4145 -0.0000
vn 0.9621 -0.2726 -0.0000
vn 0.9912 -0.1326 -0.0000
vn 0.9995 -0.0320 -0.0000
vn -1.0000 0.0059 -0.0000
vn -0.9997 0.0260 -0.0000
vn -0.9983 0.0587 -0.0000
vn -0.9950 0.1002 -0.0000
vn -0.9884 0.1517 -0.0000
vn -0.9769 0.2137 -0.0000
vn -0.9584 0.2854 -0.0000
vn -0.9313 0.3644 -0.0000
vn -0.8949 0.4462 -0.0000
vn -0.9313 0.3643 -0.0000
vn -0.8508 0.5255 -0.0000
vn -0.8950 0.4462 -0.0000
vn -0.8021 0.5971 -0.0000
vn -0.7533 0.6576 -0.0000
vn -0.8022 0.5971 -0.0000
vn -0.7069 0.7074 -0.0000
vn -0.6593 0.7519 -0.0000
vn -0.7068 0.7074 -0.0000
vn -0.6072 0.7946 -0.0000
vn -0.6592 0.7519 -0.0000
vn -0.5511 0.8345 -0.0000
vn -0.4916 0.8708 -0.0000
vn -0.4295 0.9031 -0.0000
vn -0.3658 0.9307 -0.0000
vn -0.3015 0.9535 -0.0000
vn -0.2375 0.9714 -0.0000
vn -0.1747 0.9846 -0.0000
vn -0.1139 0.9935 -0.0000
vn -0.0557 0.9984 -0.0000
vn 0.0543 0.9985 -0.0000
vn 0.1102 0.9939 -0.0000
vn 0.1676 0.9859 -0.0000
vn 0.2262 0.9741 -0.0000
vn 0.2859 0.9582 -0.0000
vn 0.2263 0.9741 -0.0000
vn 0.3464 0.9381 -0.0000
vn 0.4074 0.9133 -0.0000
vn 0.4685 0.8835 -0.0000
vn 0.5295 0.8483 -0.0000
vn 0.5899 0.8075 -0.0000
vn 0.6493 0.7605 -0.0000
vn 0.7106 0.7036 -0.0000
vn 0.7742 0.6329 -0.0000
vn 0.8328 0.5535 -0.0000
vn 0.7742 0.6330 -0.0000
vn 0.8814 0.4724 -0.0000
vn 0.8328 0.5536 -0.0000
vn 0.9196 0.3929 -0.0000
vn 0.9481 0.3179 -0.0000
vn 0.9684 0.2496 -0.0000
vn 0.9820 0.1890 -0.0000
vn 0.9906 0.1364 -0.0000
vn 0.9958 0.0919 -0.0000
vn 0.9985 0.0548 -0.0000
vn 0.9997 0.0247 -0.0000
vn 1.0000 0.0057 -0.0000
vn -0.9997 -0.0257 -0.0000
vn 0.5982 -0.8014 -0.0000
vn 0.6452 -0.7640 -0.0000
vn 0.5472 -0.8370 -0.0000
vn 0.4924 -0.8704 -0.0000
vn 0.4344 -0.9007 -0.0000
vn 0.4925 -0.8703 -0.0000
vn 0.3738 -0.9275 -0.0000
vn 0.4345 -0.9007 -0.0000
vn 0.3113 -0.9503 -0.0000
vn 0.2478 -0.9688 -0.0000
vn 0.1842 -0.9829 -0.0000
vn 0.1212 -0.9926 -0.0000
vn 0.0598 -0.9982 -0.0000
vn -0.0072 -1.0000 -0.0000
vn -0.0900 -0.9959 -0.0000
vn -0.1842 -0.9829 -0.0000
vn -0.2828 -0.9592 -0.0000
vn -0.3856 -0.9227 -0.0000
vn -0.4915 -0.8709 -0.0000
vn -0.5985 -0.8011 -0.0000
vn -0.7033 -0.7109 -0.0000
vn -0.5986 -0.8011 -0.0000
vn -0.8008 -0.5990 -0.0000
vn -0.8845 -0.4665 -0.0000
vn -0.8007 -0.5990 -0.0000
vn -0.9482 -0.3175 -0.0000
vn -0.9872 -0.1593 -0.0000
vn -0.9985 0.0556 -0.0000
vn -0.9314 0.3641 -0.0000
vn -0.7737 0.6335 -0.0000
vn -0.6274 0.7787 -0.0000
vn -0.5367 0.8438 -0.0000
vn -0.5005 0.8657 -0.0000
vn -0.5106 0.8598 -0.0000
vn -0.5617 0.8274 -0.0000
vn -0.6500 0.7599 -0.0000
vn -0.7661 0.6427 -0.0000
vn -0.8854 0.4647 -0.0000
vn -0.9712 0.2381 -0.0000
vn -0.9997 0.0262 -0.0000
vn -0.9918 -0.1282 -0.0000
vn -0.9663 -0.2574 -0.0000
vn -0.9231 -0.3845 -0.0000
vn -0.8626 -0.5058 -0.0000
vn -0.7860 -0.6182 -0.0000
vn -0.6952 -0.7188 -0.0000
vn -0.5927 -0.8054 -0.0000
vn -0.4810 -0.8767 -0.0000
vn -0.3632 -0.9317 -0.0000
vn -0.2420 -0.9703 -0.0000
vn -0.1202 -0.9928 -0.0000
vn -0.0182 -0.9998 -0.0000
vn 0.0471 -0.9989 -0.0000
vn 0.0968 -0.9953 -0.0000
vn 0.1491 -0.9888 -0.0000
vn 0.2033 -0.9791 -0.0000
vn 0.2586 -0.9660 -0.0000
vn 0.3140 -0.9494 -0.0000
vn 0.3686 -0.9296 -0.0000
vn 0.4214 -0.9069 -0.0000
vn 0.4717 -0.8817 -0.0000
vn 0.5189 -0.8549 -0.0000
vn 0.4718 -0.8817 -0.0000
vn 0.5623 -0.8269 -0.0000
vn 0.5189 -0.8548 -0.0000
vn 0.8896 -0.4567 -0.0000
vn 0.3393 0.9407 -0.0000
vn -0.7500 0.6614 -0.0000
vn -0.7074 0.7069 -0.0000
vn -0.6596 0.7516 -0.0000
vn -0.7074 0.7068 -0.0000
vn -0.6063 0.7953 -0.0000
vn -0.5473 0.8369 -0.0000
vn -0.4825 0.8759 -0.0000
vn -0.5473 0.8370 -0.0000
vn -0.4122 0.9111 -0.0000
vn -0.3367 0.9416 -0.0000
vn -0.2566 0.9665 -0.0000
vn -0.1730 0.9849 -0.0000
vn -0.0870 0.9962 -0.0000
vn 0.0048 1.0000 -0.0000
vn 0.1096 0.9940 -0.0000
vn 0.2246 0.9744 -0.0000
vn 0.3426 0.9395 -0.0000
vn 0.4598 0.8880 -0.0000
vn 0.5721 0.8202 -0.0000
vn 0.6758 0.7371 -0.0000
vn 0.7680 0.6404 -0.0000
vn 0.8467 0.5321 -0.0000
vn 0.9105 0.4135 -0.0000
vn 0.9584 0.2853 -0.0000
vn 0.9891 0.1473 -0.0000
vn 0.9988 -0.0497 -0.0000
vn 0.9418 -0.3362 -0.0000
vn 0.8047 -0.5937 -0.0000
vn 0.6690 -0.7433 -0.0000
vn 0.5764 -0.8172 -0.0000
vn 0.5308 -0.8475 -0.0000
vn 0.5273 -0.8497 -0.0000
vn 0.5625 -0.8268 -0.0000
vn 0.6354 -0.7722 -0.0000
vn 0.7422 -0.6702 -0.0000
vn 0.8648 -0.5021 -0.0000
vn 0.9638 -0.2666 -0.0000
vn 0.9994 -0.0352 -0.0000
vn 0.9917 0.1285 -0.0000
vn 0.9650 0.2624 -0.0000
vn 0.9175 0.3977 -0.0000
vn 0.8490 0.5283 -0.0000
vn 0.7616 0.6481 -0.0000
vn 0.6592 0.7519 -0.0000
vn 0.5474 0.8369 -0.0000
vn 0.4315 0.9021 -0.0000
vn 0.3162 0.9487 -0.0000
vn 0.2047 0.9788 -0.0000
vn 0.0992 0.9951 -0.0000
vn 0.0112 0.9999 -0.0000
vn -0.0512 0.9987 -0.0000
vn -0.1022 0.9948 -0.0000
vn -0.1528 0.9883 -0.0000
vn -0.2026 0.9793 -0.0000
vn -0.1527 0.9883 -0.0000
vn -0.2515 0.9679 -0.0000
vn -0.2993 0.9542 -0.0000
vn -0.3458 0.9383 -0.0000
vn -0.3909 0.9204 -0.0000
vn -0.4344 0.9007 -0.0000
vn -0.4763 0.8793 -0.0000
vn -0.5164 0.8564 -0.0000
vn -0.8763 0.4818 -0.0000
vn -0.4078 -0.9131 -0.0000
vt 0.884298 0.000000
vt 0.900826 0.000000
vt 0.892562 0.000000
vt 0.909091 0.000000
vt 0.917355 0.000000
vt 0.876033 0.000000
vt 0.925620 0.000000
vt 0.933884 0.000000
vt 0.867769 0.000000
vt 0.942149 0.000000
vt 0.950413 0.000000
vt 0.859504 0.000000
vt 0.958678 0.000000
vt 0.966942 0.000000
vt 0.851240 0.000000
vt 0.975207 0.000000
vt 0.983471 0.000000
vt 0.842975 0.000000
vt 0.991736 0.000000
vt 0.057851 0.000000
vt 0.049587 0.000000
vt 0.041322 0.000000
vt 0.033058 0.000000
vt 0.024793 0.000000
vt 0.016529 0.000000
vt 0.008264 0.000000
vt 0.000000 0.000000
vt 1.000000 0.000000
vt 0.834711 0.000000
vt 0.074380 0.000000
vt 0.066116 0.000000
vt 0.826446 0.000000
vt 0.090909 0.000000
vt 0.082645 0.000000
vt 0.818182 0.000000
vt 0.099174 0.000000
vt 0.107438 0.000000
vt 0.115702 0.000000
vt 0.123967 0.000000
vt 0.132231 0.000000
vt 0.140496 0.000000
vt 0.809917 0.000000
vt 0.148760 0.000000
vt 0.157025 0.000000
vt 0.165289 0.000000
vt 0.801653 0.000000
vt 0.173554 0.000000
vt 0.181818 0.000000
vt 0.793388 0.000000
vt 0.190083 0.000000
vt 0.198347 0.000000
vt 0.785124 0.000000
vt 0.206612 0.000000
vt 0.214876 0.000000
vt 0.776860 0.000000
vt 0.223140 0.000000
vt 0.768595 0.000000
vt 0.231405 0.000000
vt 0.239669 0.000000
vt 0.760331 0.000000
vt 0.247934 0.000000
vt 0.752066 0.000000
vt 0.256198 0.000000
vt 0.743802 0.000000
vt 0.264463 0.000000
vt 0.735537 0.000000
vt 0.272727 0.000000
vt 0.727273 0.000000
vt 0.719008 0.000000
vt 0.280992 0.000000
vt 0.710744 0.000000
vt 0.702479 0.000000
vt 0.289256 0.000000
vt 0.694215 0.000000
vt 0.487603 0.000000
vt 0.504132 0.000000
vt 0.495868 0.000000
vt 0.297521 0.000000
vt 0.685950 0.000000
vt 0.512397 0.000000
vt 0.677686 0.000000
vt 0.305785 0.000000
vt 0.520661 0.000000
vt 0.669421 0.000000
vt 0.528926 0.000000
vt 0.661157 0.000000
vt 0.652893 0.000000
vt 0.314050 0.000000
vt 0.537190 0.000000
vt 0.644628 0.000000
vt 0.545455 0.000000
vt 0.636364 0.000000
vt 0.553719 0.000000
vt 0.322314 0.000000
vt 0.628099 0.000000
vt 0.561983 0.000000
vt 0.619835 0.000000
vt 0.570248 0.000000
vt 0.611570 0.000000
vt 0.578512 0.000000
vt 0.603306 0.000000
vt 0.586777 0.000000
vt 0.330579 0.000000
vt 0.595041 0.000000
vt 0.338843 0.000000
vt 0.479339 0.000000
vt 0.471074 0.000000
vt 0.347107 0.000000
vt 0.462810 0.000000
vt 0.355372 0.000000
vt 0.454545 0.000000
vt 0.446281 0.000000
vt 0.363636 0.000000
vt 0.438017 0.000000
vt 0.429752 0.000000
vt 0.371901 0.000000
vt 0.421488 0.000000
vt 0.413223 0.000000
vt 0.380165 0.000000
vt 0.404959 0.000000
vt 0.396694 0.000000
vt 0.388430 0.000000
vt 0.298701 0.000000
vt 0.324675 0.000000
vt 0.311688 0.000000
vt 0.337662 0.000000
vt 0.961039 0.000000
vt 0.987013 0.000000
vt 0.974026 0.000000
vt 0.948052 0.000000
vt 0.350649 0.000000
vt 0.935065 0.000000
vt 0.285714 0.000000
vt 0.922078 0.000000
vt 0.376623 0.000000
vt 0.389610 0.000000
vt 0.012987 0.000000
vt 0.896104 0.000000
vt 0.402597 0.000000
vt 0.883117 0.000000
vt 0.415584 0.000000
vt 0.870130 0.000000
vt 0.428571 0.000000
vt 0.025974 0.000000
vt 0.857143 0.000000
vt 0.441558 0.000000
vt 0.844156 0.000000
vt 0.259740 0.000000
vt 0.831169 0.000000
vt 0.467532 0.000000
vt 0.480519 0.000000
vt 0.038961 0.000000
vt 0.493506 0.000000
vt 0.805195 0.000000
vt 0.506494 0.000000
vt 0.246753 0.000000
vt 0.792208 0.000000
vt 0.519481 0.000000
vt 0.779221 0.000000
vt 0.051948 0.000000
vt 0.532468 0.000000
vt 0.766234 0.000000
vt 0.753247 0.000000
vt 0.740260 0.000000
vt 0.558442 0.000000
vt 0.233766 0.000000
vt 0.571429 0.000000
vt 0.714286 0.000000
vt 0.584416 0.000000
vt 0.064935 0.000000
vt 0.701299 0.000000
vt 0.597403 0.000000
vt 0.688312 0.000000
vt 0.610390 0.000000
vt 0.675325 0.000000
vt 0.623377 0.000000
vt 0.662338 0.000000
vt 0.649351 0.000000
vt 0.220779 0.000000
vt 0.077922 0.000000
vt 0.207792 0.000000
vt 0.194805 0.000000
vt 0.103896 0.000000
vt 0.116883 0.000000
vt 0.168831 0.000000
vt 0.129870 0.000000
vt 0.155844 0.000000
vt 0.142857 0.000000
vt 0.484211 0.000000
vt 0.494737 0.000000
vt 0.010526 0.000000
vt 0.473684 0.000000
vt 0.021053 0.000000
vt 0.463158 0.000000
vt 0.031579 0.000000
vt 0.452632 0.000000
vt 0.042105 0.000000
vt 0.442105 0.000000
vt 0.052632 0.000000
vt 0.431579 0.000000
vt 0.747368 0.000000
vt 0.757895 0.000000
vt 0.736842 0.000000
vt 0.768421 0.000000
vt 0.726316 0.000000
vt 0.778947 0.000000
vt 0.715789 0.000000
vt 0.063158 0.000000
vt 0.421053 0.000000
vt 0.789474 0.000000
vt 0.705263 0.000000
vt 0.800000 0.000000
vt 0.694737 0.000000
vt 0.073684 0.000000
vt 0.410526 0.000000
vt 0.810526 0.000000
vt 0.684211 0.000000
vt 0.821053 0.000000
vt 0.673684 0.000000
vt 0.084211 0.000000
vt 0.400000 0.000000
vt 0.831579 0.000000
vt 0.663158 0.000000
vt 0.094737 0.000000
vt 0.389474 0.000000
vt 0.842105 0.000000
vt 0.652632 0.000000
vt 0.852632 0.000000
vt 0.642105 0.000000
vt 0.105263 0.000000
vt 0.378947 0.000000
vt 0.863158 0.000000
vt 0.631579 0.000000
vt 0.115789 0.000000
vt 0.368421 0.000000
vt 0.621053 0.000000
vt 0.873684 0.000000
vt 0.357895 0.000000
vt 0.884211 0.000000
vt 0.610526 0.000000
vt 0.126316 0.000000
vt 0.894737 0.000000
vt 0.600000 0.000000
vt 0.136842 0.000000
vt 0.347368 0.000000
vt 0.905263 0.000000
vt 0.589474 0.000000
vt 0.147368 0.000000
vt 0.336842 0.000000
vt 0.915789 0.000000
vt 0.578947 0.000000
vt 0.157895 0.000000
vt 0.326316 0.000000
vt 0.926316 0.000000
vt 0.568421 0.000000
vt 0.936842 0.000000
vt 0.557895 0.000000
vt 0.168421 0.000000
vt 0.315789 0.000000
vt 0.947368 0.000000
vt 0.547368 0.000000
vt 0.957895 0.000000
vt 0.536842 0.000000
vt 0.178947 0.000000
vt 0.305263 0.000000
vt 0.968421 0.000000
vt 0.526316 0.000000
vt 0.978947 0.000000
vt 0.515789 0.000000
vt 0.189474 0.000000
vt 0.294737 0.000000
vt 0.989474 0.000000
vt 0.505263 0.000000
vt 0.200000 0.000000
vt 0.284211 0.000000
vt 0.210526 0.000000
vt 0.273684 0.000000
vt 0.221053 0.000000
vt 0.263158 0.000000
vt 0.231579 0.000000
vt 0.252632 0.000000
vt 0.242105 0.000000
vt 0.688172 0.000000
vt 0.989247 0.000000
vt 0.698925 0.000000
vt 0.709677 0.000000
vt 0.010753 0.000000
vt 0.021505 0.000000
vt 0.032258 0.000000
vt 0.043011 0.000000
vt 0.053763 0.000000
vt 0.064516 0.000000
vt 0.978495 0.000000
vt 0.075269 0.000000
vt 0.967742 0.000000
vt 0.956989 0.000000
vt 0.946237 0.000000
vt 0.086022 0.000000
vt 0.935484 0.000000
vt 0.924731 0.000000
vt 0.913979 0.000000
vt 0.096774 0.000000
vt 0.903226 0.000000
vt 0.892473 0.000000
vt 0.881720 0.000000
vt 0.107527 0.000000
vt 0.870968 0.000000
vt 0.860215 0.000000
vt 0.118280 0.000000
vt 0.849462 0.000000
vt 0.838710 0.000000
vt 0.129032 0.000000
vt 0.827957 0.000000
vt 0.139785 0.000000
vt 0.817204 0.000000
vt 0.806452 0.000000
vt 0.150538 0.000000
vt 0.795699 0.000000
vt 0.161290 0.000000
vt 0.784946 0.000000
vt 0.172043 0.000000
vt 0.774194 0.000000
vt 0.763441 0.000000
vt 0.182796 0.000000
vt 0.752688 0.000000
vt 0.741935 0.000000
vt 0.193548 0.000000
vt 0.731183 0.000000
vt 0.720430 0.000000
vt 0.666667 0.000000
vt 0.204301 0.000000
vt 0.215054 0.000000
vt 0.225806 0.000000
vt 0.236559 0.000000
vt 0.247312 0.000000
vt 0.258065 0.000000
vt 0.268817 0.000000
vt 0.655914 0.000000
vt 0.645161 0.000000
vt 0.279570 0.000000
vt 0.677419 0.000000
vt 0.634409 0.000000
vt 0.623656 0.000000
vt 0.612903 0.000000
vt 0.290323 0.000000
vt 0.602151 0.000000
vt 0.591398 0.000000
vt 0.301075 0.000000
vt 0.580645 0.000000
vt 0.311828 0.000000
vt 0.569892 0.000000
vt 0.322581 0.000000
vt 0.559140 0.000000
vt 0.333333 0.000000
vt 0.548387 0.000000
vt 0.344086 0.000000
vt 0.537634 0.000000
vt 0.354839 0.000000
vt 0.365591 0.000000
vt 0.526882 0.000000
vt 0.376344 0.000000
vt 0.516129 0.000000
vt 0.387097 0.000000
vt 0.397849 0.000000
vt 0.408602 0.000000
vt 0.419355 0.000000
vt 0.430108 0.000000
vt 0.440860 0.000000
vt 0.451613 0.000000
vt 0.462366 0.000000
vt 0.473118 0.000000
vt 0.483871 0.000000
vt 0.494624 0.000000
vt 0.505376 0.000000
vt 0.472727 0.000000
vt 0.981818 0.000000
vt 0.490909 0.000000
vt 0.509091 0.000000
vt 0.018182 0.000000
vt 0.036364 0.000000
vt 0.054545 0.000000
vt 0.072727 0.000000
vt 0.109091 0.000000
vt 0.963636 0.000000
vt 0.127273 0.000000
vt 0.945455 0.000000
vt 0.927273 0.000000
vt 0.145455 0.000000
vt 0.890909 0.000000
vt 0.872727 0.000000
vt 0.854545 0.000000
vt 0.163636 0.000000
vt 0.836364 0.000000
vt 0.781818 0.000000
vt 0.763636 0.000000
vt 0.745455 0.000000
vt 0.218182 0.000000
vt 0.709091 0.000000
vt 0.236364 0.000000
vt 0.690909 0.000000
vt 0.672727 0.000000
vt 0.254545 0.000000
vt 0.654545 0.000000
vt 0.618182 0.000000
vt 0.581818 0.000000
vt 0.563636 0.000000
vt 0.290909 0.000000
vt 0.527273 0.000000
vt 0.436364 0.000000
vt 0.309091 0.000000
vt 0.327273 0.000000
vt 0.345455 0.000000
vt 0.381818 0.000000
vt 0.418182 0.000000
vt 0.034483 1.000000
vt 0.000000 1.000000
vt 0.068966 1.000000
vt 0.034483 0.000000
vt 0.103448 1.000000
vt 0.068966 0.000000
vt 0.137931 1.000000
vt 0.103448 0.000000
vt 0.172414 1.000000
vt 0.137931 0.000000
vt 0.206897 1.000000
vt 0.172414 0.000000
vt 0.241379 1.000000
vt 0.206897 0.000000
vt 0.275862 1.000000
vt 0.241379 0.000000
vt 0.310345 1.000000
vt 0.275862 0.000000
vt 0.344828 1.000000
vt 0.310345 0.000000
vt 0.379310 1.000000
vt 0.344828 0.000000
vt 0.413793 1.000000
vt 0.379310 0.000000
vt 0.448276 1.000000
vt 0.413793 0.000000
vt 0.482759 1.000000
vt 0.448276 0.000000
vt 0.517241 1.000000
vt 0.482759 0.000000
vt 0.551724 1.000000
vt 0.517241 0.000000
vt 0.586207 1.000000
vt 0.551724 0.000000
vt 0.620690 1.000000
vt 0.586207 0.000000
vt 0.655172 1.000000
vt 0.620690 0.000000
vt 0.689655 1.000000
vt 0.655172 0.000000
vt 0.724138 1.000000
vt 0.689655 0.000000
vt 0.758621 1.000000
vt 0.724138 0.000000
vt 0.793103 1.000000
vt 0.758621 0.000000
vt 0.827586 1.000000
vt 0.793103 0.000000
vt 0.862069 1.000000
vt 0.827586 0.000000
vt 0.896552 1.000000
vt 0.862069 0.000000
vt 0.931035 1.000000
vt 0.896552 0.000000
vt 0.965517 1.000000
vt 0.931035 0.000000
vt 1.000000 1.000000
vt 0.965517 0.000000
vt 0.037037 1.000000
vt 0.074074 1.000000
vt 0.037037 0.000000
vt 0.111111 1.000000
vt 0.074074 0.000000
vt 0.148148 1.000000
vt 0.111111 0.000000
vt 0.185185 1.000000
vt 0.148148 0.000000
vt 0.222222 1.000000
vt 0.185185 0.000000
vt 0.259259 1.000000
vt 0.222222 0.000000
vt 0.296296 1.000000
vt 0.259259 0.000000
vt 0.333333 1.000000
vt 0.296296 0.000000
vt 0.370370 1.000000
vt 0.407407 1.000000
vt 0.370370 0.000000
vt 0.444444 1.000000
vt 0.407407 0.000000
vt 0.481481 1.000000
vt 0.444444 0.000000
vt 0.518519 1.000000
vt 0.481481 0.000000
vt 0.555556 1.000000
vt 0.518519 0.000000
vt 0.592593 1.000000
vt 0.555556 0.000000
vt 0.629630 1.000000
vt 0.592593 0.000000
vt 0.666667 1.000000
vt 0.629630 0.000000
vt 0.703704 1.000000
vt 0.740741 1.000000
vt 0.703704 0.000000
vt 0.777778 1.000000
vt 0.740741 0.000000
vt 0.814815 1.000000
vt 0.777778 0.000000
vt 0.851852 1.000000
vt 0.814815 0.000000
vt 0.888889 1.000000
vt 0.851852 0.000000
vt 0.925926 1.000000
vt 0.888889 0.000000
vt 0.962963 1.000000
vt 0.925926 0.000000
vt 0.962963 0.000000
vt 0.014925 1.000000
vt 0.029851 1.000000
vt 0.014925 0.000000
vt 0.044776 1.000000
vt 0.029851 0.000000
vt 0.059701 1.000000
vt 0.044776 0.000000
vt 0.074627 1.000000
vt 0.059701 0.000000
vt 0.089552 1.000000
vt 0.074627 0.000000
vt 0.104478 1.000000
vt 0.089552 0.000000
vt 0.119403 1.000000
vt 0.104478 0.000000
vt 0.134328 1.000000
vt 0.119403 0.000000
vt 0.149254 1.000000
vt 0.134328 0.000000
vt 0.164179 1.000000
vt 0.149254 0.000000
vt 0.179104 1.000000
vt 0.164179 0.000000
vt 0.194030 1.000000
vt 0.179104 0.000000
vt 0.208955 1.000000
vt 0.194030 0.000000
vt 0.223881 1.000000
vt 0.208955 0.000000
vt 0.238806 1.000000
vt 0.223881 0.000000
vt 0.253731 1.000000
vt 0.238806 0.000000
vt 0.268657 1.000000
vt 0.253731 0.000000
vt 0.283582 1.000000
vt 0.268657 0.000000
vt 0.298507 1.000000
vt 0.283582 0.000000
vt 0.313433 1.000000
vt 0.298507 0.000000
vt 0.328358 1.000000
vt 0.313433 0.000000
vt 0.343284 1.000000
vt 0.328358 0.000000
vt 0.358209 1.000000
vt 0.343284 0.000000
vt 0.373134 1.000000
vt 0.358209 0.000000
vt 0.388060 1.000000
vt 0.373134 0.000000
vt 0.402985 1.000000
vt 0.388060 0.000000
vt 0.417910 1.000000
vt 0.402985 0.000000
vt 0.432836 1.000000
vt 0.417910 0.000000
vt 0.447761 1.000000
vt 0.432836 0.000000
vt 0.462687 1.000000
vt 0.447761 0.000000
vt 0.477612 1.000000
vt 0.462687 0.000000
vt 0.492537 1.000000
vt 0.477612 0.000000
vt 0.507463 1.000000
vt 0.492537 0.000000
vt 0.522388 1.000000
vt 0.507463 0.000000
vt 0.537313 1.000000
vt 0.522388 0.000000
vt 0.552239 1.000000
vt 0.537313 0.000000
vt 0.567164 1.000000
vt 0.552239 0.000000
vt 0.582090 1.000000
vt 0.567164 0.000000
vt 0.597015 1.000000
vt 0.582090 0.000000
vt 0.611940 1.000000
vt 0.597015 0.000000
vt 0.626866 1.000000
vt 0.611940 0.000000
vt 0.641791 1.000000
vt 0.626866 0.000000
vt 0.656716 1.000000
vt 0.641791 0.000000
vt 0.671642 1.000000
vt 0.656716 0.000000
vt 0.686567 1.000000
vt 0.671642 0.000000
vt 0.701493 1.000000
vt 0.686567 0.000000
vt 0.716418 1.000000
vt 0.701493 0.000000
vt 0.731343 1.000000
vt 0.716418 0.000000
vt 0.746269 1.000000
vt 0.731343 0.000000
vt 0.761194 1.000000
vt 0.746269 0.000000
vt 0.776119 1.000000
vt 0.761194 0.000000
vt 0.791045 1.000000
vt 0.776119 0.000000
vt 0.805970 1.000000
vt 0.791045 0.000000
vt 0.820895 1.000000
vt 0.805970 0.000000
vt 0.835821 1.000000
vt 0.820895 0.000000
vt 0.850746 1.000000
vt 0.835821 0.000000
vt 0.865672 1.000000
vt 0.850746 0.000000
vt 0.880597 1.000000
vt 0.865672 0.000000
vt 0.895522 1.000000
vt 0.880597 0.000000
vt 0.910448 1.000000
vt 0.895522 0.000000
vt 0.925373 1.000000
vt 0.910448 0.000000
vt 0.940298 1.000000
vt 0.925373 0.000000
vt 0.955224 1.000000
vt 0.940298 0.000000
vt 0.970149 1.000000
vt 0.955224 0.000000
vt 0.985075 1.000000
vt 0.970149 0.000000
vt 0.985075 0.000000
vt 0.020833 1.000000
vt 0.041667 1.000000
vt 0.020833 0.000000
vt 0.062500 1.000000
vt 0.041667 0.000000
vt 0.083333 1.000000
vt 0.062500 0.000000
vt 0.104167 1.000000
vt 0.083333 0.000000
vt 0.125000 1.000000
vt 0.104167 0.000000
vt 0.145833 1.000000
vt 0.125000 0.000000
vt 0.166667 1.000000
vt 0.145833 0.000000
vt 0.187500 1.000000
vt 0.166667 0.000000
vt 0.208333 1.000000
vt 0.187500 0.000000
vt 0.229167 1.000000
vt 0.208333 0.000000
vt 0.250000 1.000000
vt 0.229167 0.000000
vt 0.270833 1.000000
vt 0.250000 0.000000
vt 0.291667 1.000000
vt 0.270833 0.000000
vt 0.312500 1.000000
vt 0.291667 0.000000
vt 0.312500 0.000000
vt 0.354167 1.000000
vt 0.375000 1.000000
vt 0.354167 0.000000
vt 0.395833 1.000000
vt 0.375000 0.000000
vt 0.416667 1.000000
vt 0.395833 0.000000
vt 0.437500 1.000000
vt 0.416667 0.000000
vt 0.458333 1.000000
vt 0.437500 0.000000
vt 0.479167 1.000000
vt 0.458333 0.000000
vt 0.500000 1.000000
vt 0.479167 0.000000
vt 0.520833 1.000000
vt 0.500000 0.000000
vt 0.541667 1.000000
vt 0.520833 0.000000
vt 0.562500 1.000000
vt 0.541667 0.000000
vt 0.583333 1.000000
vt 0.562500 0.000000
vt 0.604167 1.000000
vt 0.583333 0.000000
vt 0.625000 1.000000
vt 0.604167 0.000000
vt 0.645833 1.000000
vt 0.625000 0.000000
vt 0.645833 0.000000
vt 0.687500 1.000000
vt 0.708333 1.000000
vt 0.687500 0.000000
vt 0.729167 1.000000
vt 0.708333 0.000000
vt 0.750000 1.000000
vt 0.729167 0.000000
vt 0.770833 1.000000
vt 0.750000 0.000000
vt 0.791667 1.000000
vt 0.770833 0.000000
vt 0.812500 1.000000
vt 0.791667 0.000000
vt 0.833333 1.000000
vt 0.812500 0.000000
vt 0.854167 1.000000
vt 0.833333 0.000000
vt 0.875000 1.000000
vt 0.854167 0.000000
vt 0.895833 1.000000
vt 0.875000 0.000000
vt 0.916667 1.000000
vt 0.895833 0.000000
vt 0.937500 1.000000
vt 0.916667 0.000000
vt 0.958333 1.000000
vt 0.937500 0.000000
vt 0.979167 1.000000
vt 0.958333 0.000000
vt 0.979167 0.000000
vt 0.012821 1.000000
vt 0.025641 1.000000
vt 0.012821 0.000000
vt 0.038462 1.000000
vt 0.025641 0.000000
vt 0.051282 1.000000
vt 0.038462 0.000000
vt 0.064103 1.000000
vt 0.051282 0.000000
vt 0.076923 1.000000
vt 0.064103 0.000000
vt 0.089744 1.000000
vt 0.076923 0.000000
vt 0.102564 1.000000
vt 0.089744 0.000000
vt 0.115385 1.000000
vt 0.102564 0.000000
vt 0.128205 1.000000
vt 0.115385 0.000000
vt 0.141026 1.000000
vt 0.128205 0.000000
vt 0.153846 1.000000
vt 0.141026 0.000000
vt 0.153846 0.000000
vt 0.179487 1.000000
vt 0.192308 1.000000
vt 0.179487 0.000000
vt 0.205128 1.000000
vt 0.192308 0.000000
vt 0.217949 1.000000
vt 0.205128 0.000000
vt 0.230769 1.000000
vt 0.217949 0.000000
vt 0.243590 1.000000
vt 0.230769 0.000000
vt 0.256410 1.000000
vt 0.243590 0.000000
vt 0.269231 1.000000
vt 0.256410 0.000000
vt 0.282051 1.000000
vt 0.269231 0.000000
vt 0.294872 1.000000
vt 0.282051 0.000000
vt 0.307692 1.000000
vt 0.294872 0.000000
vt 0.320513 1.000000
vt 0.307692 0.000000
vt 0.320513 0.000000
vt 0.346154 1.000000
vt 0.358974 1.000000
vt 0.346154 0.000000
vt 0.371795 1.000000
vt 0.358974 0.000000
vt 0.384615 1.000000
vt 0.371795 0.000000
vt 0.397436 1.000000
vt 0.384615 0.000000
vt 0.410256 1.000000
vt 0.397436 0.000000
vt 0.423077 1.000000
vt 0.410256 0.000000
vt 0.435897 1.000000
vt 0.423077 0.000000
vt 0.448718 1.000000
vt 0.435897 0.000000
vt 0.461538 1.000000
vt 0.448718 0.000000
vt 0.474359 1.000000
vt 0.461538 0.000000
vt 0.487179 1.000000
vt 0.474359 0.000000
vt 0.487179 0.000000
vt 0.512821 1.000000
vt 0.525641 1.000000
vt 0.512821 0.000000
vt 0.538462 1.000000
vt 0.525641 0.000000
vt 0.551282 1.000000
vt 0.538462 0.000000
vt 0.564103 1.000000
vt 0.551282 0.000000
vt 0.576923 1.000000
vt 0.564103 0.000000
vt 0.589744 1.000000
vt 0.576923 0.000000
vt 0.602564 1.000000
vt 0.589744 0.000000
vt 0.615385 1.000000
vt 0.602564 0.000000
vt 0.628205 1.000000
vt 0.615385 0.000000
vt 0.641026 1.000000
vt 0.628205 0.000000
vt 0.653846 1.000000
vt 0.641026 0.000000
vt 0.653846 0.000000
vt 0.679487 1.000000
vt 0.692308 1.000000
vt 0.679487 0.000000
vt 0.705128 1.000000
vt 0.692308 0.000000
vt 0.717949 1.000000
vt 0.705128 0.000000
vt 0.730769 1.000000
vt 0.717949 0.000000
vt 0.743590 1.000000
vt 0.730769 0.000000
vt 0.756410 1.000000
vt 0.743590 0.000000
vt 0.769231 1.000000
vt 0.756410 0.000000
vt 0.782051 1.000000
vt 0.769231 0.000000
vt 0.794872 1.000000
vt 0.782051 0.000000
vt 0.807692 1.000000
vt 0.794872 0.000000
vt 0.820513 1.000000
vt 0.807692 0.000000
vt 0.820513 0.000000
vt 0.846154 1.000000
vt 0.858974 1.000000
vt 0.846154 0.000000
vt 0.871795 1.000000
vt 0.858974 0.000000
vt 0.884615 1.000000
vt 0.871795 0.000000
vt 0.897436 1.000000
vt 0.884615 0.000000
vt 0.910256 1.000000
vt 0.897436 0.000000
vt 0.923077 1.000000
vt 0.910256 0.000000
vt 0.935897 1.000000
vt 0.923077 0.000000
vt 0.948718 1.000000
vt 0.935897 0.000000
vt 0.961538 1.000000
vt 0.948718 0.000000
vt 0.974359 1.000000
vt 0.961538 0.000000
vt 0.987179 1.000000
vt 0.974359 0.000000
vt 0.987179 0.000000
vt 0.008197 1.000000
vt 0.016393 1.000000
vt 0.008197 0.000000
vt 0.024590 1.000000
vt 0.016393 0.000000
vt 0.032787 1.000000
vt 0.024590 0.000000
vt 0.040984 1.000000
vt 0.032787 0.000000
vt 0.049180 1.000000
vt 0.040984 0.000000
vt 0.057377 1.000000
vt 0.049180 0.000000
vt 0.065574 1.000000
vt 0.057377 0.000000
vt 0.073770 1.000000
vt 0.065574 0.000000
vt 0.081967 1.000000
vt 0.073770 0.000000
vt 0.090164 1.000000
vt 0.081967 0.000000
vt 0.098361 1.000000
vt 0.090164 0.000000
vt 0.106557 1.000000
vt 0.098361 0.000000
vt 0.114754 1.000000
vt 0.106557 0.000000
vt 0.122951 1.000000
vt 0.114754 0.000000
vt 0.131148 1.000000
vt 0.122951 0.000000
vt 0.139344 1.000000
vt 0.131148 0.000000
vt 0.147541 1.000000
vt 0.139344 0.000000
vt 0.155738 1.000000
vt 0.147541 0.000000
vt 0.163934 1.000000
vt 0.155738 0.000000
vt 0.172131 1.000000
vt 0.163934 0.000000
vt 0.180328 1.000000
vt 0.172131 0.000000
vt 0.188525 1.000000
vt 0.180328 0.000000
vt 0.196721 1.000000
vt 0.188525 0.000000
vt 0.204918 1.000000
vt 0.196721 0.000000
vt 0.213115 1.000000
vt 0.204918 0.000000
vt 0.221311 1.000000
vt 0.213115 0.000000
vt 0.229508 1.000000
vt 0.221311 0.000000
vt 0.237705 1.000000
vt 0.229508 0.000000
vt 0.245902 1.000000
vt 0.237705 0.000000
vt 0.254098 1.000000
vt 0.245902 0.000000
vt 0.262295 1.000000
vt 0.254098 0.000000
vt 0.270492 1.000000
vt 0.262295 0.000000
vt 0.278689 1.000000
vt 0.270492 0.000000
vt 0.286885 1.000000
vt 0.278689 0.000000
vt 0.295082 1.000000
vt 0.286885 0.000000
vt 0.303279 1.000000
vt 0.295082 0.000000
vt 0.311475 1.000000
vt 0.303279 0.000000
vt 0.319672 1.000000
vt 0.311475 0.000000
vt 0.327869 1.000000
vt 0.319672 0.000000
vt 0.336066 1.000000
vt 0.327869 0.000000
vt 0.344262 1.000000
vt 0.336066 0.000000
vt 0.352459 1.000000
vt 0.344262 0.000000
vt 0.360656 1.000000
vt 0.352459 0.000000
vt 0.368852 1.000000
vt 0.360656 0.000000
vt 0.377049 1.000000
vt 0.368852 0.000000
vt 0.385246 1.000000
vt 0.377049 0.000000
vt 0.393443 1.000000
vt 0.385246 0.000000
vt 0.401639 1.000000
vt 0.393443 0.000000
vt 0.409836 1.000000
vt 0.401639 0.000000
vt 0.418033 1.000000
vt 0.409836 0.000000
vt 0.426230 1.000000
vt 0.418033 0.000000
vt 0.434426 1.000000
vt 0.426230 0.000000
vt 0.442623 1.000000
vt 0.434426 0.000000
vt 0.450820 1.000000
vt 0.442623 0.000000
vt 0.459016 1.000000
vt 0.450820 0.000000
vt 0.467213 1.000000
vt 0.459016 0.000000
vt 0.475410 1.000000
vt 0.467213 0.000000
vt 0.483607 1.000000
vt 0.475410 0.000000
vt 0.491803 1.000000
vt 0.483607 0.000000
vt 0.491803 0.000000
vt 0.508197 1.000000
vt 0.516393 1.000000
vt 0.508197 0.000000
vt 0.524590 1.000000
vt 0.516393 0.000000
vt 0.532787 1.000000
vt 0.524590 0.000000
vt 0.540984 1.000000
vt 0.532787 0.000000
vt 0.549180 1.000000
vt 0.540984 0.000000
vt 0.557377 1.000000
vt 0.549180 0.000000
vt 0.565574 1.000000
vt 0.557377 0.000000
vt 0.573770 1.000000
vt 0.565574 0.000000
vt 0.581967 1.000000
vt 0.573770 0.000000
vt 0.590164 1.000000
vt 0.581967 0.000000
vt 0.598361 1.000000
vt 0.590164 0.000000
vt 0.606557 1.000000
vt 0.598361 0.000000
vt 0.614754 1.000000
vt 0.606557 0.000000
vt 0.622951 1.000000
vt 0.614754 0.000000
vt 0.631148 1.000000
vt 0.622951 0.000000
vt 0.639344 1.000000
vt 0.631148 0.000000
vt 0.647541 1.000000
vt 0.639344 0.000000
vt 0.655738 1.000000
vt 0.647541 0.000000
vt 0.663934 1.000000
vt 0.655738 0.000000
vt 0.672131 1.000000
vt 0.663934 0.000000
vt 0.680328 1.000000
vt 0.672131 0.000000
vt 0.688525 1.000000
vt 0.680328 0.000000
vt 0.696721 1.000000
vt 0.688525 0.000000
vt 0.704918 1.000000
vt 0.696721 0.000000
vt 0.713115 1.000000
vt 0.704918 0.000000
vt 0.721311 1.000000
vt 0.713115 0.000000
vt 0.729508 1.000000
vt 0.721311 0.000000
vt 0.737705 1.000000
vt 0.729508 0.000000
vt 0.745902 1.000000
vt 0.737705 0.000000
vt 0.754098 1.000000
vt 0.745902 0.000000
vt 0.762295 1.000000
vt 0.754098 0.000000
vt 0.770492 1.000000
vt 0.762295 0.000000
vt 0.778689 1.000000
vt 0.770492 0.000000
vt 0.786885 1.000000
vt 0.778689 0.000000
vt 0.795082 1.000000
vt 0.786885 0.000000
vt 0.803279 1.000000
vt 0.795082 0.000000
vt 0.811475 1.000000
vt 0.803279 0.000000
vt 0.819672 1.000000
vt 0.811475 0.000000
vt 0.827869 1.000000
vt 0.819672 0.000000
vt 0.836066 1.000000
vt 0.827869 0.000000
vt 0.844262 1.000000
vt 0.836066 0.000000
vt 0.852459 1.000000
vt 0.844262 0.000000
vt 0.860656 1.000000
vt 0.852459 0.000000
vt 0.868852 1.000000
vt 0.860656 0.000000
vt 0.877049 1.000000
vt 0.868852 0.000000
vt 0.885246 1.000000
vt 0.877049 0.000000
vt 0.893443 1.000000
vt 0.885246 0.000000
vt 0.901639 1.000000
vt 0.893443 0.000000
vt 0.909836 1.000000
vt 0.901639 0.000000
vt 0.918033 1.000000
vt 0.909836 0.000000
vt 0.926230 1.000000
vt 0.918033 0.000000
vt 0.934426 1.000000
vt 0.926230 0.000000
vt 0.942623 1.000000
vt 0.934426 0.000000
vt 0.950820 1.000000
vt 0.942623 0.000000
vt 0.959016 1.000000
vt 0.950820 0.000000
vt 0.967213 1.000000
vt 0.959016 0.000000
vt 0.975410 1.000000
vt 0.967213 0.000000
vt 0.983607 1.000000
vt 0.975410 0.000000
vt 0.991803 1.000000
vt 0.983607 0.000000
vt 0.991803 0.000000
s 0
f 108/1/1 110/2/1 109/3/1
f 108/1/2 111/4/2 110/2/2
f 108/1/2 112/5/2 111/4/2
f 107/6/2 112/5/2 108/1/2
f 107/6/2 113/7/2 112/5/2
f 107/6/2 114/8/2 113/7/2
f 106/9/2 114/8/2 107/6/2
f 106/9/2 115/10/2 114/8/2
f 106/9/2 116/11/2 115/10/2
f 105/12/2 116/11/2 106/9/2
f 105/12/2 117/13/2 116/11/2
f 105/12/2 118/14/2 117/13/2
f 104/15/2 118/14/2 105/12/2
f 104/15/2 119/16/2 118/14/2
f 104/15/2 120/17/2 119/16/2
f 103/18/2 120/17/2 104/15/2
f 103/18/2 121/19/2 120/17/2
f 103/18/2 8/20/2 121/19/2
f 8/20/2 7/21/2 121/19/2
f 7/21/1 6/22/1 121/19/1
f 6/22/3 5/23/3 121/19/3
f 5/23/2 4/24/2 121/19/2
f 4/24/2 3/25/2 121/19/2
f 3/25/1 2/26/1 121/19/1
f 2/26/2 1/27/2 121/19/2
f 1/27/3 122/28/3 121/19/3
f 102/29/2 10/30/2 103/18/2
f 10/30/4 9/31/4 103/18/4
f 9/31/5 8/20/5 103/18/5
f 101/32/2 12/33/2 102/29/2
f 12/33/2 11/34/2 102/29/2
f 11/34/2 10/30/2 102/29/2
f 100/35/2 13/36/2 101/32/2
f 13/36/2 12/33/2 101/32/2
f 100/35/1 14/37/1 13/36/1
f 100/35/2 15/38/2 14/37/2
f 100/35/2 16/39/2 15/38/2
f 100/35/2 17/40/2 16/39/2
f 100/35/2 18/41/2 17/40/2
f 99/42/2 18/41/2 100/35/2
f 99/42/2 19/43/2 18/41/2
f 99/42/2 20/44/2 19/43/2
f 99/42/2 21/45/2 20/44/2
f 98/46/2 21/45/2 99/42/2
f 98/46/2 22/47/2 21/45/2
f 98/46/2 23/48/2 22/47/2
f 97/49/2 23/48/2 98/46/2
f 97/49/2 24/50/2 23/48/2
f 97/49/2 25/51/2 24/50/2
f 96/52/2 25/51/2 97/49/2
f 96/52/2 26/53/2 25/51/2
f 96/52/2 27/54/2 26/53/2
f 95/55/2 27/54/2 96/52/2
f 95/55/2 28/56/2 27/54/2
f 94/57/2 28/56/2 95/55/2
f 94/57/2 29/58/2 28/56/2
f 94/57/2 30/59/2 29/58/2
f 93/60/2 30/59/2 94/57/2
f 93/60/2 31/61/2 30/59/2
f 92/62/2 31/61/2 93/60/2
f 92/62/2 32/63/2 31/61/2
f 91/64/2 32/63/2 92/62/2
f 91/64/2 33/65/2 32/63/2
f 90/66/2 33/65/2 91/64/2
f 90/66/2 34/67/2 33/65/2
f 89/68/2 34/67/2 90/66/2
f 88/69/2 34/67/2 89/68/2
f 88/69/2 35/70/2 34/67/2
f 87/71/2 35/70/2 88/69/2
f 86/72/2 35/70/2 87/71/2
f 86/72/2 36/73/2 35/70/2
f 85/74/2 36/73/2 86/72/2
f 60/75/2 62/76/2 61/77/2
f 85/74/2 37/78/2 36/73/2
f 84/79/2 37/78/2 85/74/2
f 60/75/2 63/80/2 62/76/2
f 83/81/2 37/78/2 84/79/2
f 83/81/2 38/82/2 37/78/2
f 60/75/2 64/83/2 63/80/2
f 82/84/2 38/82/2 83/81/2
f 60/75/2 65/85/2 64/83/2
f 81/86/2 38/82/2 82/84/2
f 80/87/2 38/82/2 81/86/2
f 80/87/2 39/88/2 38/82/2
f 60/75/1 66/89/1 65/85/1
f 79/90/2 39/88/2 80/87/2
f 60/75/3 67/91/3 66/89/3
f 78/92/2 39/88/2 79/90/2
f 60/75/2 68/93/2 67/91/2
f 78/92/2 40/94/2 39/88/2
f 77/95/2 40/94/2 78/92/2
f 60/75/2 69/96/2 68/93/2
f 76/97/2 40/94/2 77/95/2
f 60/75/2 70/98/2 69/96/2
f 75/99/2 40/94/2 76/97/2
f 60/75/2 71/100/2 70/98/2
f 74/101/2 40/94/2 75/99/2
f 60/75/2 72/102/2 71/100/2
f 74/101/2 41/103/2 40/94/2
f 73/104/2 41/103/2 74/101/2
f 60/75/2 73/104/2 72/102/2
f 60/75/2 41/103/2 73/104/2
f 60/75/2 42/105/2 41/103/2
f 59/106/2 42/105/2 60/75/2
f 58/107/2 42/105/2 59/106/2
f 58/107/2 43/108/2 42/105/2
f 57/109/2 43/108/2 58/107/2
f 57/109/2 44/110/2 43/108/2
f 56/111/2 44/110/2 57/109/2
f 55/112/2 44/110/2 56/111/2
f 55/112/2 45/113/2 44/110/2
f 54/114/2 45/113/2 55/112/2
f 53/115/2 45/113/2 54/114/2
f 53/115/2 46/116/2 45/113/2
f 52/117/2 46/116/2 53/115/2
f 51/118/2 46/116/2 52/117/2
f 51/118/2 47/119/2 46/116/2
f 50/120/2 47/119/2 51/118/2
f 49/121/2 47/119/2 50/120/2
f 49/121/2 48/122/2 47/119/2
f 146/123/2 148/124/2 147/125/2
f 146/123/2 149/126/2 148/124/2
f 197/127/2 199/128/2 198/129/2
f 197/127/2 200/28/2 199/128/2
f 196/130/2 200/28/2 197/127/2
f 146/123/2 150/131/2 149/126/2
f 195/132/2 200/28/2 196/130/2
f 195/132/2 123/27/2 200/28/2
f 146/123/2 151/113/2 150/131/2
f 145/133/2 151/113/2 146/123/2
f 194/134/2 123/27/2 195/132/2
f 145/133/2 152/135/2 151/113/2
f 193/4/2 123/27/2 194/134/2
f 145/133/2 153/136/2 152/135/2
f 193/4/2 124/137/2 123/27/2
f 192/138/2 124/137/2 193/4/2
f 145/133/2 154/139/2 153/136/2
f 144/67/2 154/139/2 145/133/2
f 191/140/2 124/137/2 192/138/2
f 144/67/2 155/141/2 154/139/2
f 190/142/2 124/137/2 191/140/2
f 144/67/2 156/143/2 155/141/2
f 190/142/2 125/144/2 124/137/2
f 189/145/1 125/144/1 190/142/1
f 144/67/2 157/146/2 156/143/2
f 188/147/2 125/144/2 189/145/2
f 143/148/2 157/146/2 144/67/2
f 143/148/2 158/111/2 157/146/2
f 187/149/2 125/144/2 188/147/2
f 143/148/2 159/150/2 158/111/2
f 143/148/2 160/151/2 159/150/2
f 186/35/2 125/144/2 187/149/2
f 186/35/2 126/152/2 125/144/2
f 143/148/2 161/153/2 160/151/2
f 185/154/2 126/152/2 186/35/2
f 143/148/2 162/155/2 161/153/2
f 142/156/2 162/155/2 143/148/2
f 184/157/2 126/152/2 185/154/2
f 142/156/2 163/158/2 162/155/2
f 183/159/2 126/152/2 184/157/2
f 183/159/2 127/160/2 126/152/2
f 142/156/2 164/161/2 163/158/2
f 182/162/2 127/160/2 183/159/2
f 181/163/2 127/160/2 182/162/2
f 142/156/2 165/91/2 164/161/2
f 180/164/2 127/160/2 181/163/2
f 142/156/2 166/165/2 165/91/2
f 141/166/2 166/165/2 142/156/2
f 179/68/2 127/160/2 180/164/2
f 141/166/2 167/167/2 166/165/2
f 178/168/2 127/160/2 179/68/2
f 141/166/2 168/169/2 167/167/2
f 178/168/2 128/170/2 127/160/2
f 177/171/2 128/170/2 178/168/2
f 141/166/2 169/172/2 168/169/2
f 176/173/2 128/170/2 177/171/2
f 141/166/2 170/174/2 169/172/2
f 175/175/2 128/170/2 176/173/2
f 141/166/2 171/176/2 170/174/2
f 174/177/3 128/170/3 175/175/3
f 141/166/2 172/92/2 171/176/2
f 173/178/2 128/170/2 174/177/2
f 141/166/2 173/178/2 172/92/2
f 141/166/2 128/170/2 173/178/2
f 140/179/2 128/170/2 141/166/2
f 140/179/2 129/180/2 128/170/2
f 139/181/2 129/180/2 140/179/2
f 139/181/2 130/33/2 129/180/2
f 138/182/2 130/33/2 139/181/2
f 138/182/2 131/183/2 130/33/2
f 137/48/2 131/183/2 138/182/2
f 137/48/2 132/184/2 131/183/2
f 136/185/2 132/184/2 137/48/2
f 136/185/2 133/186/2 132/184/2
f 135/187/2 133/186/2 136/185/2
f 135/187/2 134/188/2 133/186/2
f 209/68/2 201/27/2 210/35/2
f 201/27/2 211/4/2 210/35/2
f 201/27/2 212/28/2 211/4/2
f 209/68/2 202/33/2 201/27/2
f 209/68/2 205/113/2 202/33/2
f 205/113/2 203/48/2 202/33/2
f 205/113/2 204/67/2 203/48/2
f 209/68/2 206/111/2 205/113/2
f 209/68/2 207/91/2 206/111/2
f 209/68/2 208/92/2 207/91/2
f 217/167/2 219/145/2 218/168/2
f 217/167/2 220/28/2 219/145/2
f 216/143/6 220/28/6 217/167/6
f 215/133/2 213/27/2 216/143/2
f 213/27/6 220/28/6 216/143/6
f 215/133/2 214/188/2 213/27/2
f 267/189/2 221/27/2 268/190/2
f 267/189/2 222/191/2 221/27/2
f 266/192/2 222/191/2 267/189/2
f 266/192/2 223/193/2 222/191/2
f 265/194/2 223/193/2 266/192/2
f 265/194/2 224/195/2 223/193/2
f 264/196/2 224/195/2 265/194/2
f 264/196/2 225/197/2 224/195/2
f 263/198/2 225/197/2 264/196/2
f 263/198/2 226/199/2 225/197/2
f 262/200/2 292/201/2 263/198/2
f 292/201/2 226/199/2 263/198/2
f 262/200/1 293/202/1 292/201/1
f 291/203/2 226/199/2 292/201/2
f 262/200/2 294/204/2 293/202/2
f 290/205/2 226/199/2 291/203/2
f 262/200/2 295/206/2 294/204/2
f 289/207/2 226/199/2 290/205/2
f 289/207/2 227/208/2 226/199/2
f 261/209/2 295/206/2 262/200/2
f 261/209/2 296/210/2 295/206/2
f 288/211/2 227/208/2 289/207/2
f 261/209/2 297/212/2 296/210/2
f 287/213/2 227/208/2 288/211/2
f 287/213/2 228/214/2 227/208/2
f 260/215/2 297/212/2 261/209/2
f 260/215/2 298/216/2 297/212/2
f 286/217/2 228/214/2 287/213/2
f 260/215/2 299/218/2 298/216/2
f 285/219/2 228/214/2 286/217/2
f 285/219/2 229/220/2 228/214/2
f 259/221/2 299/218/2 260/215/2
f 259/221/2 300/222/2 299/218/2
f 284/223/2 229/220/2 285/219/2
f 284/223/2 230/224/2 229/220/2
f 258/225/2 300/222/2 259/221/2
f 258/225/2 301/226/2 300/222/2
f 283/227/2 230/224/2 284/223/2
f 258/225/2 302/228/2 301/226/2
f 282/229/2 230/224/2 283/227/2
f 282/229/2 231/230/2 230/224/2
f 257/231/2 302/228/2 258/225/2
f 257/231/2 303/232/2 302/228/2
f 281/233/2 231/230/2 282/229/2
f 281/233/2 232/234/2 231/230/2
f 256/235/2 303/232/2 257/231/2
f 280/236/2 232/234/2 281/233/2
f 256/235/2 304/237/2 303/232/2
f 255/238/2 304/237/2 256/235/2
f 255/238/2 305/239/2 304/237/2
f 279/240/2 232/234/2 280/236/2
f 279/240/2 233/241/2 232/234/2
f 255/238/2 306/242/2 305/239/2
f 278/243/2 233/241/2 279/240/2
f 278/243/2 234/244/2 233/241/2
f 254/245/2 306/242/2 255/238/2
f 254/245/2 307/246/2 306/242/2
f 277/247/2 234/244/2 278/243/2
f 277/247/2 235/248/2 234/244/2
f 253/249/2 307/246/2 254/245/2
f 253/249/2 308/250/2 307/246/2
f 276/251/2 235/248/2 277/247/2
f 276/251/2 236/252/2 235/248/2
f 252/253/2 308/250/2 253/249/2
f 252/253/2 309/254/2 308/250/2
f 275/255/2 236/252/2 276/251/2
f 252/253/2 310/256/2 309/254/2
f 274/257/2 236/252/2 275/255/2
f 274/257/2 237/258/2 236/252/2
f 251/259/2 310/256/2 252/253/2
f 251/259/2 311/260/2 310/256/2
f 273/261/2 237/258/2 274/257/2
f 251/259/2 312/262/2 311/260/2
f 272/263/2 237/258/2 273/261/2
f 272/263/2 238/264/2 237/258/2
f 250/265/2 312/262/2 251/259/2
f 250/265/2 313/266/2 312/262/2
f 271/267/2 238/264/2 272/263/2
f 250/265/2 314/268/2 313/266/2
f 270/269/2 238/264/2 271/267/2
f 270/269/2 239/270/2 238/264/2
f 249/271/2 314/268/2 250/265/2
f 249/271/2 315/272/2 314/268/2
f 269/273/2 239/270/2 270/269/2
f 249/271/2 316/28/2 315/272/2
f 316/28/2 239/270/2 269/273/2
f 249/271/2 239/270/2 316/28/2
f 249/271/2 240/274/2 239/270/2
f 248/275/2 240/274/2 249/271/2
f 248/275/2 241/276/2 240/274/2
f 247/277/2 241/276/2 248/275/2
f 247/277/2 242/278/2 241/276/2
f 246/279/2 242/278/2 247/277/2
f 246/279/2 243/280/2 242/278/2
f 245/281/2 243/280/2 246/279/2
f 245/281/2 244/282/2 243/280/2
f 381/283/2 409/284/2 382/285/2
f 409/284/2 383/286/2 382/285/2
f 409/284/2 317/27/2 383/286/2
f 409/284/2 318/287/2 317/27/2
f 409/284/2 319/288/2 318/287/2
f 409/284/2 320/289/2 319/288/2
f 409/284/2 321/290/2 320/289/2
f 409/284/2 322/291/2 321/290/2
f 409/284/2 323/292/2 322/291/2
f 409/284/2 408/293/2 323/292/2
f 408/293/2 324/294/2 323/292/2
f 381/283/2 410/28/2 409/284/2
f 407/295/2 324/294/2 408/293/2
f 406/296/2 324/294/2 407/295/2
f 405/297/2 324/294/2 406/296/2
f 405/297/2 325/298/2 324/294/2
f 404/299/2 325/298/2 405/297/2
f 403/300/2 325/298/2 404/299/2
f 402/301/2 325/298/2 403/300/2
f 402/301/2 326/302/2 325/298/2
f 401/303/2 326/302/2 402/301/2
f 400/304/2 326/302/2 401/303/2
f 399/305/2 326/302/2 400/304/2
f 399/305/2 327/306/2 326/302/2
f 398/307/2 327/306/2 399/305/2
f 397/308/2 327/306/2 398/307/2
f 397/308/2 328/309/2 327/306/2
f 396/310/2 328/309/2 397/308/2
f 395/311/2 328/309/2 396/310/2
f 395/311/2 329/312/2 328/309/2
f 394/313/2 329/312/2 395/311/2
f 394/313/2 330/314/2 329/312/2
f 393/315/2 330/314/2 394/313/2
f 392/316/2 330/314/2 393/315/2
f 392/316/2 331/317/2 330/314/2
f 391/318/2 331/317/2 392/316/2
f 391/318/2 332/319/2 331/317/2
f 390/320/2 332/319/2 391/318/2
f 390/320/2 333/321/2 332/319/2
f 389/322/2 333/321/2 390/320/2
f 388/323/2 333/321/2 389/322/2
f 388/323/2 334/324/2 333/321/2
f 387/325/2 334/324/2 388/323/2
f 386/326/2 334/324/2 387/325/2
f 386/326/2 335/327/2 334/324/2
f 385/328/2 335/327/2 386/326/2
f 384/329/2 335/327/2 385/328/2
f 381/283/2 379/330/2 410/28/2
f 379/330/2 384/329/2 410/28/2
f 379/330/2 335/327/2 384/329/2
f 379/330/2 336/331/2 335/327/2
f 379/330/2 337/332/2 336/331/2
f 379/330/2 338/333/2 337/332/2
f 379/330/2 339/334/2 338/333/2
f 379/330/2 340/335/2 339/334/2
f 379/330/2 341/336/2 340/335/2
f 379/330/2 342/337/2 341/336/2
f 379/330/2 378/338/2 342/337/2
f 378/338/2 377/339/2 342/337/2
f 377/339/2 343/340/2 342/337/2
f 381/283/2 380/341/2 379/330/2
f 376/342/2 343/340/2 377/339/2
f 375/343/2 343/340/2 376/342/2
f 374/344/2 343/340/2 375/343/2
f 374/344/2 344/345/2 343/340/2
f 373/346/2 344/345/2 374/344/2
f 372/347/2 344/345/2 373/346/2
f 372/347/2 345/348/2 344/345/2
f 371/349/2 345/348/2 372/347/2
f 371/349/2 346/350/2 345/348/2
f 370/351/2 346/350/2 371/349/2
f 370/351/2 347/352/2 346/350/2
f 369/353/2 347/352/2 370/351/2
f 369/353/2 348/354/2 347/352/2
f 368/355/2 348/354/2 369/353/2
f 368/355/2 349/356/2 348/354/2
f 367/357/2 349/356/2 368/355/2
f 367/357/2 350/358/2 349/356/2
f 367/357/2 351/359/2 350/358/2
f 366/360/2 351/359/2 367/357/2
f 366/360/2 352/361/2 351/359/2
f 365/362/2 352/361/2 366/360/2
f 365/362/2 353/363/2 352/361/2
f 365/362/3 354/364/3 353/363/3
f 365/362/2 355/365/2 354/364/2
f 365/362/1 356/366/1 355/365/1
f 365/362/2 357/367/2 356/366/2
f 365/362/3 358/368/3 357/367/3
f 365/362/2 359/369/2 358/368/2
f 365/362/2 360/370/2 359/369/2
f 365/362/2 361/371/2 360/370/2
f 365/362/2 362/372/2 361/371/2
f 365/362/2 363/373/2 362/372/2
f 365/362/2 364/374/2 363/373/2
f 437/375/2 465/376/2 438/377/2
f 465/376/2 439/378/2 438/377/2
f 465/376/2 411/27/2 439/378/2
f 465/376/2 412/379/2 411/27/2
f 465/376/2 413/380/2 412/379/2
f 465/376/2 414/381/2 413/380/2
f 465/376/2 415/382/2 414/381/2
f 465/376/2 416/33/2 415/382/2
f 465/376/2 417/383/2 416/33/2
f 465/376/2 464/384/2 417/383/2
f 464/384/2 418/385/2 417/383/2
f 437/375/2 466/28/2 465/376/2
f 463/386/2 418/385/2 464/384/2
f 462/387/2 418/385/2 463/386/2
f 461/4/2 418/385/2 462/387/2
f 461/4/2 419/388/2 418/385/2
f 460/389/2 419/388/2 461/4/2
f 459/390/2 419/388/2 460/389/2
f 458/391/2 419/388/2 459/390/2
f 458/391/2 420/392/2 419/388/2
f 457/393/2 420/392/2 458/391/2
f 456/35/2 420/392/2 457/393/2
f 455/212/2 420/392/2 456/35/2
f 455/212/2 421/48/2 420/392/2
f 454/394/2 421/48/2 455/212/2
f 453/395/2 421/48/2 454/394/2
f 453/395/2 422/274/2 421/48/2
f 452/396/2 422/274/2 453/395/2
f 451/68/2 422/274/2 452/396/2
f 451/68/2 423/397/2 422/274/2
f 450/398/2 423/397/2 451/68/2
f 450/398/2 424/399/2 423/397/2
f 449/400/2 424/399/2 450/398/2
f 448/401/2 424/399/2 449/400/2
f 448/401/2 425/402/2 424/399/2
f 447/403/2 425/402/2 448/401/2
f 446/92/2 425/402/2 447/403/2
f 446/92/2 426/67/2 425/402/2
f 445/404/2 426/67/2 446/92/2
f 444/243/2 426/67/2 445/404/2
f 443/405/2 426/67/2 444/243/2
f 442/406/2 426/67/2 443/405/2
f 442/406/2 427/407/2 426/67/2
f 441/91/2 427/407/2 442/406/2
f 440/408/2 427/407/2 441/91/2
f 437/375/2 435/409/2 466/28/2
f 435/409/2 440/408/2 466/28/2
f 435/409/2 427/407/2 440/408/2
f 435/409/2 428/410/2 427/407/2
f 435/409/2 429/411/2 428/410/2
f 435/409/2 430/412/2 429/411/2
f 435/409/2 431/113/2 430/412/2
f 435/409/2 432/413/2 431/113/2
f 435/409/2 433/221/2 432/413/2
f 435/409/2 434/414/2 433/221/2
f 437/375/2 436/111/2 435/409/2
f 574/1/6 575/3/6 576/2/6
f 574/1/6 576/2/6 577/4/6
f 574/1/6 577/4/6 578/5/6
f 573/6/6 574/1/6 578/5/6
f 573/6/6 578/5/6 579/7/6
f 573/6/6 579/7/6 580/8/6
f 572/9/6 573/6/6 580/8/6
f 572/9/6 580/8/6 581/10/6
f 572/9/6 581/10/6 582/11/6
f 571/12/6 572/9/6 582/11/6
f 571/12/6 582/11/6 583/13/6
f 571/12/6 583/13/6 584/14/6
f 570/15/6 571/12/6 584/14/6
f 570/15/6 584/14/6 585/16/6
f 570/15/6 585/16/6 586/17/6
f 569/18/6 570/15/6 586/17/6
f 569/18/6 586/17/6 587/19/6
f 569/18/6 587/19/6 474/20/6
f 474/20/6 587/19/6 473/21/6
f 473/21/6 587/19/6 472/22/6
f 472/22/6 587/19/6 471/23/6
f 471/23/6 587/19/6 470/24/6
f 470/24/6 587/19/6 469/25/6
f 469/25/6 587/19/6 468/26/6
f 468/26/6 587/19/6 467/27/6
f 467/27/7 587/19/7 588/28/7
f 568/29/6 569/18/6 476/30/6
f 476/30/8 569/18/8 475/31/8
f 475/31/6 569/18/6 474/20/6
f 567/32/6 568/29/6 478/33/6
f 478/33/9 568/29/9 477/34/9
f 477/34/6 568/29/6 476/30/6
f 566/35/6 567/32/6 479/36/6
f 479/36/6 567/32/6 478/33/6
f 566/35/10 479/36/10 480/37/10
f 566/35/6 480/37/6 481/38/6
f 566/35/6 481/38/6 482/39/6
f 566/35/6 482/39/6 483/40/6
f 566/35/6 483/40/6 484/41/6
f 565/42/6 566/35/6 484/41/6
f 565/42/6 484/41/6 485/43/6
f 565/42/6 485/43/6 486/44/6
f 565/42/6 486/44/6 487/45/6
f 564/46/6 565/42/6 487/45/6
f 564/46/6 487/45/6 488/47/6
f 564/46/6 488/47/6 489/48/6
f 563/49/6 564/46/6 489/48/6
f 563/49/6 489/48/6 490/50/6
f 563/49/6 490/50/6 491/51/6
f 562/52/6 563/49/6 491/51/6
f 562/52/6 491/51/6 492/53/6
f 562/52/6 492/53/6 493/54/6
f 561/55/6 562/52/6 493/54/6
f 561/55/6 493/54/6 494/56/6
f 560/57/6 561/55/6 494/56/6
f 560/57/6 494/56/6 495/58/6
f 560/57/6 495/58/6 496/59/6
f 559/60/6 560/57/6 496/59/6
f 559/60/6 496/59/6 497/61/6
f 558/62/6 559/60/6 497/61/6
f 558/62/6 497/61/6 498/63/6
f 557/64/6 558/62/6 498/63/6
f 557/64/6 498/63/6 499/65/6
f 556/66/6 557/64/6 499/65/6
f 556/66/6 499/65/6 500/67/6
f 555/68/6 556/66/6 500/67/6
f 554/69/6 555/68/6 500/67/6
f 554/69/6 500/67/6 501/70/6
f 553/71/6 554/69/6 501/70/6
f 552/72/6 553/71/6 501/70/6
f 552/72/6 501/70/6 502/73/6
f 551/74/6 552/72/6 502/73/6
f 526/75/7 527/77/7 528/76/7
f 551/74/6 502/73/6 503/78/6
f 550/79/6 551/74/6 503/78/6
f 526/75/6 528/76/6 529/80/6
f 549/81/6 550/79/6 503/78/6
f 549/81/6 503/78/6 504/82/6
f 526/75/6 529/80/6 530/83/6
f 548/84/6 549/81/6 504/82/6
f 526/75/6 530/83/6 531/85/6
f 547/86/6 548/84/6 504/82/6
f 546/87/6 547/86/6 504/82/6
f 546/87/6 504/82/6 505/88/6
f 526/75/6 531/85/6 532/89/6
f 545/90/6 546/87/6 505/88/6
f 526/75/6 532/89/6 533/91/6
f 544/92/6 545/90/6 505/88/6
f 526/75/6 533/91/6 534/93/6
f 544/92/6 505/88/6 506/94/6
f 543/95/6 544/92/6 506/94/6
f 526/75/6 534/93/6 535/96/6
f 542/97/6 543/95/6 506/94/6
f 526/75/6 535/96/6 536/98/6
f 541/99/6 542/97/6 506/94/6
f 526/75/6 536/98/6 537/100/6
f 540/101/6 541/99/6 506/94/6
f 526/75/6 537/100/6 538/102/6
f 540/101/6 506/94/6 507/103/6
f 539/104/6 540/101/6 507/103/6
f 526/75/6 538/102/6 539/104/6
f 526/75/6 539/104/6 507/103/6
f 526/75/6 507/103/6 508/105/6
f 525/106/6 526/75/6 508/105/6
f 524/107/6 525/106/6 508/105/6
f 524/107/6 508/105/6 509/108/6
f 523/109/6 524/107/6 509/108/6
f 523/109/6 509/108/6 510/110/6
f 522/111/6 523/109/6 510/110/6
f 521/112/6 522/111/6 510/110/6
f 521/112/6 510/110/6 511/113/6
f 520/114/6 521/112/6 511/113/6
f 519/115/6 520/114/6 511/113/6
f 519/115/6 511/113/6 512/116/6
f 518/117/6 519/115/6 512/116/6
f 517/118/6 518/117/6 512/116/6
f 517/118/6 512/116/6 513/119/6
f 516/120/6 517/118/6 513/119/6
f 515/121/6 516/120/6 513/119/6
f 515/121/6 513/119/6 514/122/6
f 612/123/6 613/125/6 614/124/6
f 612/123/6 614/124/6 615/126/6
f 663/127/6 664/129/6 665/128/6
f 663/127/6 665/128/6 666/28/6
f 662/130/6 663/127/6 666/28/6
f 612/123/6 615/126/6 616/131/6
f 661/132/6 662/130/6 666/28/6
f 661/132/6 666/28/6 589/27/6
f 612/123/6 616/131/6 617/113/6
f 611/133/6 612/123/6 617/113/6
f 660/134/6 661/132/6 589/27/6
f 611/133/6 617/113/6 618/135/6
f 659/4/6 660/134/6 589/27/6
f 611/133/6 618/135/6 619/136/6
f 659/4/6 589/27/6 590/137/6
f 658/138/6 659/4/6 590/137/6
f 611/133/6 619/136/6 620/139/6
f 610/67/6 611/133/6 620/139/6
f 657/140/6 658/138/6 590/137/6
f 610/67/6 620/139/6 621/141/6
f 656/142/6 657/140/6 590/137/6
f 610/67/6 621/141/6 622/143/6
f 656/142/6 590/137/6 591/144/6
f 655/145/6 656/142/6 591/144/6
f 610/67/6 622/143/6 623/146/6
f 654/147/6 655/145/6 591/144/6
f 609/148/6 610/67/6 623/146/6
f 609/148/6 623/146/6 624/111/6
f 653/149/6 654/147/6 591/144/6
f 609/148/6 624/111/6 625/150/6
f 609/148/6 625/150/6 626/151/6
f 652/35/6 653/149/6 591/144/6
f 652/35/6 591/144/6 592/152/6
f 609/148/6 626/151/6 627/153/6
f 651/154/6 652/35/6 592/152/6
f 609/148/6 627/153/6 628/155/6
f 608/156/6 609/148/6 628/155/6
f 650/157/6 651/154/6 592/152/6
f 608/156/6 628/155/6 629/158/6
f 649/159/6 650/157/6 592/152/6
f 649/159/6 592/152/6 593/160/6
f 608/156/6 629/158/6 630/161/6
f 648/162/6 649/159/6 593/160/6
f 647/163/6 648/162/6 593/160/6
f 608/156/6 630/161/6 631/91/6
f 646/164/6 647/163/6 593/160/6
f 608/156/6 631/91/6 632/165/6
f 607/166/6 608/156/6 632/165/6
f 645/68/6 646/164/6 593/160/6
f 607/166/6 632/165/6 633/167/6
f 644/168/6 645/68/6 593/160/6
f 607/166/6 633/167/6 634/169/6
f 644/168/6 593/160/6 594/170/6
f 643/171/6 644/168/6 594/170/6
f 607/166/6 634/169/6 635/172/6
f 642/173/6 643/171/6 594/170/6
f 607/166/6 635/172/6 636/174/6
f 641/175/7 642/173/7 594/170/7
f 607/166/6 636/174/6 637/176/6
f 640/177/6 641/175/6 594/170/6
f 607/166/6 637/176/6 638/92/6
f 639/178/6 640/177/6 594/170/6
f 607/166/6 638/92/6 639/178/6
f 607/166/6 639/178/6 594/170/6
f 606/179/6 607/166/6 594/170/6
f 606/179/6 594/170/6 595/180/6
f 605/181/6 606/179/6 595/180/6
f 605/181/6 595/180/6 596/33/6
f 604/182/6 605/181/6 596/33/6
f 604/182/6 596/33/6 597/183/6
f 603/48/6 604/182/6 597/183/6
f 603/48/6 597/183/6 598/184/6
f 602/185/6 603/48/6 598/184/6
f 602/185/6 598/184/6 599/186/6
f 601/187/6 602/185/6 599/186/6
f 601/187/6 599/186/6 600/188/6
f 675/68/6 676/35/6 667/27/6
f 667/27/6 676/35/6 677/4/6
f 667/27/6 677/4/6 678/28/6
f 675/68/6 667/27/6 668/33/6
f 675/68/6 668/33/6 671/113/6
f 671/113/6 668/33/6 669/48/6
f 671/113/6 669/48/6 670/67/6
f 675/68/6 671/113/6 672/111/6
f 675/68/6 672/111/6 673/91/6
f 675/68/6 673/91/6 674/92/6
f 683/167/6 684/168/6 685/145/6
f 683/167/6 685/145/6 686/28/6
f 682/143/6 683/167/6 686/28/6
f 681/133/6 682/143/6 679/27/6
f 679/27/6 682/143/6 686/28/6
f 681/133/6 679/27/6 680/188/6
f 733/189/6 734/190/6 687/27/6
f 733/189/6 687/27/6 688/191/6
f 732/192/6 733/189/6 688/191/6
f 732/192/6 688/191/6 689/193/6
f 731/194/6 732/192/6 689/193/6
f 731/194/6 689/193/6 690/195/6
f 730/196/6 731/194/6 690/195/6
f 730/196/6 690/195/6 691/197/6
f 729/198/6 730/196/6 691/197/6
f 729/198/6 691/197/6 692/199/6
f 728/200/6 729/198/6 758/201/6
f 758/201/6 729/198/6 692/199/6
f 728/200/6 758/201/6 759/202/6
f 757/203/6 758/201/6 692/199/6
f 728/200/6 759/202/6 760/204/6
f 756/205/6 757/203/6 692/199/6
f 728/200/6 760/204/6 761/206/6
f 755/207/6 756/205/6 692/199/6
f 755/207/6 692/199/6 693/208/6
f 727/209/6 728/200/6 761/206/6
f 727/209/6 761/206/6 762/210/6
f 754/211/6 755/207/6 693/208/6
f 727/209/6 762/210/6 763/212/6
f 753/213/6 754/211/6 693/208/6
f 753/213/6 693/208/6 694/214/6
f 726/215/6 727/209/6 763/212/6
f 726/215/6 763/212/6 764/216/6
f 752/217/6 753/213/6 694/214/6
f 726/215/6 764/216/6 765/218/6
f 751/219/6 752/217/6 694/214/6
f 751/219/6 694/214/6 695/220/6
f 725/221/6 726/215/6 765/218/6
f 725/221/6 765/218/6 766/222/6
f 750/223/6 751/219/6 695/220/6
f 750/223/6 695/220/6 696/224/6
f 724/225/6 725/221/6 766/222/6
f 724/225/6 766/222/6 767/226/6
f 749/227/6 750/223/6 696/224/6
f 724/225/6 767/226/6 768/228/6
f 748/229/6 749/227/6 696/224/6
f 748/229/6 696/224/6 697/230/6
f 723/231/6 724/225/6 768/228/6
f 723/231/6 768/228/6 769/232/6
f 747/233/6 748/229/6 697/230/6
f 747/233/6 697/230/6 698/234/6
f 722/235/6 723/231/6 769/232/6
f 746/236/6 747/233/6 698/234/6
f 722/235/6 769/232/6 770/237/6
f 721/238/6 722/235/6 770/237/6
f 721/238/6 770/237/6 771/239/6
f 745/240/6 746/236/6 698/234/6
f 745/240/6 698/234/6 699/241/6
f 721/238/6 771/239/6 772/242/6
f 744/243/6 745/240/6 699/241/6
f 744/243/6 699/241/6 700/244/6
f 720/245/6 721/238/6 772/242/6
f 720/245/6 772/242/6 773/246/6
f 743/247/6 744/243/6 700/244/6
f 743/247/6 700/244/6 701/248/6
f 719/249/6 720/245/6 773/246/6
f 719/249/6 773/246/6 774/250/6
f 742/251/6 743/247/6 701/248/6
f 742/251/6 701/248/6 702/252/6
f 718/253/6 719/249/6 774/250/6
f 718/253/6 774/250/6 775/254/6
f 741/255/6 742/251/6 702/252/6
f 718/253/6 775/254/6 776/256/6
f 740/257/6 741/255/6 702/252/6
f 740/257/6 702/252/6 703/258/6
f 717/259/6 718/253/6 776/256/6
f 717/259/6 776/256/6 777/260/6
f 739/261/6 740/257/6 703/258/6
f 717/259/6 777/260/6 778/262/6
f 738/263/6 739/261/6 703/258/6
f 738/263/6 703/258/6 704/264/6
f 716/265/6 717/259/6 778/262/6
f 716/265/6 778/262/6 779/266/6
f 737/267/6 738/263/6 704/264/6
f 716/265/6 779/266/6 780/268/6
f 736/269/6 737/267/6 704/264/6
f 736/269/6 704/264/6 705/270/6
f 715/271/6 716/265/6 780/268/6
f 715/271/6 780/268/6 781/272/6
f 735/273/6 736/269/6 705/270/6
f 715/271/6 781/272/6 782/28/6
f 782/28/6 735/273/6 705/270/6
f 715/271/6 782/28/6 705/270/6
f 715/271/6 705/270/6 706/274/6
f 714/275/6 715/271/6 706/274/6
f 714/275/6 706/274/6 707/276/6
f 713/277/6 714/275/6 707/276/6
f 713/277/6 707/276/6 708/278/6
f 712/279/6 713/277/6 708/278/6
f 712/279/6 708/278/6 709/280/6
f 711/281/6 712/279/6 709/280/6
f 711/281/6 709/280/6 710/282/6
f 847/283/6 848/285/6 875/284/6
f 875/284/6 848/285/6 849/286/6
f 875/284/6 849/286/6 783/27/6
f 875/284/6 783/27/6 784/287/6
f 875/284/6 784/287/6 785/288/6
f 875/284/6 785/288/6 786/289/6
f 875/284/6 786/289/6 787/290/6
f 875/284/6 787/290/6 788/291/6
f 875/284/6 788/291/6 789/292/6
f 875/284/6 789/292/6 874/293/6
f 874/293/6 789/292/6 790/294/6
f 847/283/6 875/284/6 876/28/6
f 873/295/6 874/293/6 790/294/6
f 872/296/6 873/295/6 790/294/6
f 871/297/6 872/296/6 790/294/6
f 871/297/6 790/294/6 791/298/6
f 870/299/10 871/297/10 791/298/10
f 869/300/6 870/299/6 791/298/6
f 868/301/6 869/300/6 791/298/6
f 868/301/6 791/298/6 792/302/6
f 867/303/6 868/301/6 792/302/6
f 866/304/6 867/303/6 792/302/6
f 865/305/6 866/304/6 792/302/6
f 865/305/6 792/302/6 793/306/6
f 864/307/6 865/305/6 793/306/6
f 863/308/6 864/307/6 793/306/6
f 863/308/6 793/306/6 794/309/6
f 862/310/6 863/308/6 794/309/6
f 861/311/6 862/310/6 794/309/6
f 861/311/6 794/309/6 795/312/6
f 860/313/6 861/311/6 795/312/6
f 860/313/6 795/312/6 796/314/6
f 859/315/6 860/313/6 796/314/6
f 858/316/6 859/315/6 796/314/6
f 858/316/6 796/314/6 797/317/6
f 857/318/6 858/316/6 797/317/6
f 857/318/6 797/317/6 798/319/6
f 856/320/6 857/318/6 798/319/6
f 856/320/6 798/319/6 799/321/6
f 855/322/6 856/320/6 799/321/6
f 854/323/6 855/322/6 799/321/6
f 854/323/6 799/321/6 800/324/6
f 853/325/6 854/323/6 800/324/6
f 852/326/6 853/325/6 800/324/6
f 852/326/6 800/324/6 801/327/6
f 851/328/6 852/326/6 801/327/6
f 850/329/6 851/328/6 801/327/6
f 847/283/6 876/28/6 845/330/6
f 845/330/6 876/28/6 850/329/6
f 845/330/6 850/329/6 801/327/6
f 845/330/6 801/327/6 802/331/6
f 845/330/6 802/331/6 803/332/6
f 845/330/6 803/332/6 804/333/6
f 845/330/6 804/333/6 805/334/6
f 845/330/10 805/334/10 806/335/10
f 845/330/6 806/335/6 807/336/6
f 845/330/6 807/336/6 808/337/6
f 845/330/6 808/337/6 844/338/6
f 844/338/6 808/337/6 843/339/6
f 843/339/6 808/337/6 809/340/6
f 847/283/6 845/330/6 846/341/6
f 842/342/6 843/339/6 809/340/6
f 841/343/6 842/342/6 809/340/6
f 840/344/6 841/343/6 809/340/6
f 840/344/6 809/340/6 810/345/6
f 839/346/6 840/344/6 810/345/6
f 838/347/6 839/346/6 810/345/6
f 838/347/6 810/345/6 811/348/6
f 837/349/6 838/347/6 811/348/6
f 837/349/6 811/348/6 812/350/6
f 836/351/6 837/349/6 812/350/6
f 836/351/6 812/350/6 813/352/6
f 835/353/6 836/351/6 813/352/6
f 835/353/6 813/352/6 814/354/6
f 834/355/6 835/353/6 814/354/6
f 834/355/6 814/354/6 815/356/6
f 833/357/6 834/355/6 815/356/6
f 833/357/6 815/356/6 816/358/6
f 833/357/6 816/358/6 817/359/6
f 832/360/6 833/357/6 817/359/6
f 832/360/6 817/359/6 818/361/6
f 831/362/6 832/360/6 818/361/6
f 831/362/11 818/361/11 819/363/11
f 831/362/10 819/363/10 820/364/10
f 831/362/7 820/364/7 821/365/7
f 831/362/10 821/365/10 822/366/10
f 831/362/7 822/366/7 823/367/7
f 831/362/6 823/367/6 824/368/6
f 831/362/6 824/368/6 825/369/6
f 831/362/6 825/369/6 826/370/6
f 831/362/6 826/370/6 827/371/6
f 831/362/6 827/371/6 828/372/6
f 831/362/6 828/372/6 829/373/6
f 831/362/6 829/373/6 830/374/6
f 903/375/6 904/377/6 931/376/6
f 931/376/6 904/377/6 905/378/6
f 931/376/6 905/378/6 877/27/6
f 931/376/6 877/27/6 878/379/6
f 931/376/6 878/379/6 879/380/6
f 931/376/6 879/380/6 880/381/6
f 931/376/6 880/381/6 881/382/6
f 931/376/6 881/382/6 882/33/6
f 931/376/6 882/33/6 883/383/6
f 931/376/6 883/383/6 930/384/6
f 930/384/6 883/383/6 884/385/6
f 903/375/6 931/376/6 932/28/6
f 929/386/6 930/384/6 884/385/6
f 928/387/6 929/386/6 884/385/6
f 927/4/6 928/387/6 884/385/6
f 927/4/6 884/385/6 885/388/6
f 926/389/6 927/4/6 885/388/6
f 925/390/6 926/389/6 885/388/6
f 924/391/6 925/390/6 885/388/6
f 924/391/6 885/388/6 886/392/6
f 923/393/6 924/391/6 886/392/6
f 922/35/6 923/393/6 886/392/6
f 921/212/6 922/35/6 886/392/6
f 921/212/6 886/392/6 887/48/6
f 920/394/6 921/212/6 887/48/6
f 919/395/6 920/394/6 887/48/6
f 919/395/6 887/48/6 888/274/6
f 918/396/6 919/395/6 888/274/6
f 917/68/6 918/396/6 888/274/6
f 917/68/6 888/274/6 889/397/6
f 916/398/6 917/68/6 889/397/6
f 916/398/6 889/397/6 890/399/6
f 915/400/6 916/398/6 890/399/6
f 914/401/6 915/400/6 890/399/6
f 914/401/6 890/399/6 891/402/6
f 913/403/6 914/401/6 891/402/6
f 912/92/6 913/403/6 891/402/6
f 912/92/6 891/402/6 892/67/6
f 911/404/6 912/92/6 892/67/6
f 910/243/6 911/404/6 892/67/6
f 909/405/6 910/243/6 892/67/6
f 908/406/6 909/405/6 892/67/6
f 908/406/6 892/67/6 893/407/6
f 907/91/6 908/406/6 893/407/6
f 906/408/6 907/91/6 893/407/6
f 903/375/6 932/28/6 901/409/6
f 901/409/6 932/28/6 906/408/6
f 901/409/6 906/408/6 893/407/6
f 901/409/6 893/407/6 894/410/6
f 901/409/6 894/410/6 895/411/6
f 901/409/6 895/411/6 896/412/6
f 901/409/6 896/412/6 897/113/6
f 901/409/6 897/113/6 898/413/6
f 901/409/6 898/413/6 899/221/6
f 901/409/6 899/221/6 900/414/6
f 903/375/6 901/409/6 902/111/6
s 1
f 936/415/12 933/27/13 934/416/13
f 938/417/14 935/418/12 936/415/12
f 940/419/15 937/420/14 938/417/14
f 942/421/16 939/422/15 940/419/15
f 944/423/17 941/424/16 942/421/16
f 946/425/18 943/426/17 944/423/17
f 948/427/19 945/428/18 946/425/18
f 950/429/20 947/430/19 948/427/19
f 952/431/21 949/432/20 950/429/20
f 954/433/22 951/434/21 952/431/21
f 956/435/23 953/436/22 954/433/22
f 958/437/24 955/438/23 956/435/23
f 960/439/25 957/440/24 958/437/24
f 962/441/26 959/442/25 960/439/25
f 964/443/27 961/444/26 962/441/26
f 966/445/28 963/446/27 964/443/27
f 968/447/29 965/448/28 966/445/28
f 970/449/30 967/450/29 968/447/29
f 972/451/31 969/452/30 970/449/30
f 974/453/32 971/454/31 972/451/31
f 976/455/33 973/456/32 974/453/32
f 978/457/34 975/458/33 976/455/33
f 980/459/35 977/460/34 978/457/34
f 982/461/36 979/462/35 980/459/35
f 984/463/36 981/464/36 982/461/36
f 986/465/37 983/466/36 984/463/36
f 988/467/38 985/468/37 986/465/37
f 990/469/39 987/470/38 988/467/38
f 934/471/13 989/472/39 990/469/39
f 994/473/40 991/27/41 992/416/41
f 996/474/42 993/475/40 994/473/40
f 998/476/43 995/477/42 996/474/42
f 1000/478/44 997/479/43 998/476/43
f 1002/480/45 999/481/44 1000/478/44
f 1004/482/46 1001/483/45 1002/480/45
f 1006/484/47 1003/485/46 1004/482/46
f 1008/486/48 1005/487/47 1006/484/47
f 1010/488/49 1007/489/50 1008/486/48
f 1012/490/51 1009/354/49 1010/488/49
f 1014/491/52 1011/492/51 1012/490/51
f 1016/493/53 1013/494/52 1014/491/52
f 1018/495/54 1015/496/53 1016/493/53
f 1020/497/55 1017/498/54 1018/495/54
f 1022/499/56 1019/500/55 1020/497/55
f 1024/501/57 1021/502/56 1022/499/56
f 1026/503/58 1023/504/57 1024/501/57
f 1028/505/59 1025/506/58 1026/503/58
f 1030/507/60 1027/330/59 1028/505/59
f 1032/508/61 1029/509/62 1030/507/60
f 1034/510/63 1031/511/64 1032/508/61
f 1036/512/65 1033/513/63 1034/510/63
f 1038/514/66 1035/515/65 1036/512/65
f 1040/516/67 1037/517/66 1038/514/66
f 1042/518/36 1039/519/67 1040/516/67
f 1044/520/68 1041/521/36 1042/518/36
f 992/471/41 1043/522/68 1044/520/68
f 1048/523/69 1045/27/70 1046/416/70
f 1050/524/71 1047/525/69 1048/523/69
f 1052/526/72 1049/527/73 1050/524/71
f 1054/528/74 1051/529/72 1052/526/72
f 1056/530/75 1053/531/76 1054/528/74
f 1058/532/77 1055/533/75 1056/530/75
f 1060/534/78 1057/535/77 1058/532/77
f 1062/536/79 1059/537/78 1060/534/78
f 1064/538/80 1061/539/79 1062/536/79
f 1066/540/81 1063/541/80 1064/538/80
f 1068/542/82 1065/543/81 1066/540/81
f 1070/544/83 1067/545/84 1068/542/82
f 1072/546/85 1069/547/83 1070/544/83
f 1074/548/86 1071/549/85 1072/546/85
f 1076/550/87 1073/551/86 1074/548/86
f 1078/552/88 1075/553/87 1076/550/87
f 1080/554/89 1077/555/90 1078/552/88
f 1082/556/91 1079/557/89 1080/554/89
f 1084/558/92 1081/559/91 1082/556/91
f 1086/560/93 1083/561/92 1084/558/92
f 1088/562/94 1085/563/93 1086/560/93
f 1090/564/95 1087/565/94 1088/562/94
f 1092/566/96 1089/567/95 1090/564/95
f 1094/568/97 1091/569/98 1092/566/96
f 1096/570/99 1093/571/97 1094/568/97
f 1098/572/100 1095/573/101 1096/570/99
f 1100/574/102 1097/575/100 1098/572/100
f 1102/576/103 1099/577/102 1100/574/102
f 1104/578/104 1101/579/103 1102/576/103
f 1106/580/105 1103/581/106 1104/578/104
f 1108/582/107 1105/583/105 1106/580/105
f 1110/584/108 1107/585/109 1108/582/107
f 1112/586/110 1109/587/108 1110/584/108
f 1114/588/111 1111/589/110 1112/586/110
f 1116/590/112 1113/591/111 1114/588/111
f 1118/592/113 1115/593/114 1116/590/112
f 1120/594/115 1117/595/113 1118/592/113
f 1122/596/116 1119/597/115 1120/594/115
f 1124/598/117 1121/599/116 1122/596/116
f 1126/600/118 1123/601/117 1124/598/117
f 1128/602/119 1125/603/118 1126/600/118
f 1130/604/120 1127/605/119 1128/602/119
f 1132/606/121 1129/607/120 1130/604/120
f 1134/608/122 1131/609/121 1132/606/121
f 1136/610/123 1133/611/122 1134/608/122
f 1138/612/124 1135/613/123 1136/610/123
f 1140/614/125 1137/615/124 1138/612/124
f 1142/616/126 1139/617/127 1140/614/125
f 1144/618/128 1141/619/126 1142/616/126
f 1146/620/129 1143/621/128 1144/618/128
f 1148/622/130 1145/623/131 1146/620/129
f 1150/624/132 1147/625/130 1148/622/130
f 1152/626/133 1149/627/132 1150/624/132
f 1154/628/134 1151/629/133 1152/626/133
f 1156/630/135 1153/631/134 1154/628/134
f 1158/632/136 1155/633/137 1156/630/135
f 1160/634/138 1157/635/136 1158/632/136
f 1162/636/139 1159/637/138 1160/634/138
f 1164/638/140 1161/639/139 1162/636/139
f 1166/640/141 1163/641/140 1164/638/140
f 1168/642/142 1165/643/141 1166/640/141
f 1170/644/36 1167/645/142 1168/642/142
f 1172/646/36 1169/647/36 1170/644/36
f 1174/648/37 1171/649/36 1172/646/36
f 1176/650/38 1173/651/37 1174/648/37
f 1178/652/143 1175/653/38 1176/650/38
f 1046/471/70 1177/654/143 1178/652/143
f 1182/473/144 1179/27/145 1180/416/145
f 1184/474/146 1181/475/144 1182/473/144
f 1186/476/147 1183/477/146 1184/474/146
f 1188/478/148 1185/479/149 1186/476/147
f 1190/480/150 1187/481/148 1188/478/148
f 1192/482/151 1189/483/150 1190/480/150
f 1194/484/152 1191/485/151 1192/482/151
f 1196/486/153 1193/487/152 1194/484/152
f 1198/488/154 1195/489/153 1196/486/153
f 1200/490/155 1197/354/154 1198/488/154
f 1202/491/156 1199/492/155 1200/490/155
f 1204/493/157 1201/494/156 1202/491/156
f 1206/495/158 1203/496/157 1204/493/157
f 1208/497/159 1205/498/158 1206/495/158
f 1210/499/160 1207/500/159 1208/497/159
f 1212/501/161 1209/502/160 1210/499/160
f 1214/503/162 1211/504/161 1212/501/161
f 1216/505/163 1213/506/162 1214/503/162
f 1218/507/164 1215/330/165 1216/505/163
f 1220/508/166 1217/509/164 1218/507/164
f 1222/510/167 1219/511/166 1220/508/166
f 1224/512/168 1221/513/167 1222/510/167
f 1226/514/169 1223/515/168 1224/512/168
f 1228/516/170 1225/517/169 1226/514/169
f 1230/518/36 1227/519/170 1228/516/170
f 1232/520/68 1229/521/36 1230/518/36
f 1180/471/145 1231/522/68 1232/520/68
f 1236/655/171 1233/27/172 1234/416/172
f 1238/656/173 1235/657/171 1236/655/171
f 1240/658/174 1237/659/173 1238/656/173
f 1242/660/175 1239/661/174 1240/658/174
f 1244/662/176 1241/663/175 1242/660/175
f 1246/664/177 1243/665/176 1244/662/176
f 1248/666/178 1245/667/179 1246/664/177
f 1250/668/180 1247/669/178 1248/666/178
f 1252/670/181 1249/671/180 1250/668/180
f 1254/672/182 1251/673/181 1252/670/181
f 1256/674/183 1253/675/182 1254/672/182
f 1258/676/184 1255/677/183 1256/674/183
f 1260/678/185 1257/679/184 1258/676/184
f 1262/680/186 1259/681/185 1260/678/185
f 1264/682/187 1261/683/186 1262/680/186
f 1266/488/188 1263/684/187 1264/682/187
f 1268/685/189 1265/354/188 1266/488/188
f 1270/686/190 1267/687/189 1268/685/189
f 1272/688/191 1269/689/190 1270/686/190
f 1274/690/192 1271/691/191 1272/688/191
f 1276/692/193 1273/693/192 1274/690/192
f 1278/694/194 1275/695/193 1276/692/193
f 1280/696/195 1277/697/194 1278/694/194
f 1282/698/196 1279/699/195 1280/696/195
f 1284/700/197 1281/701/196 1282/698/196
f 1286/702/198 1283/703/197 1284/700/197
f 1288/704/199 1285/705/198 1286/702/198
f 1290/706/200 1287/707/199 1288/704/199
f 1292/708/201 1289/709/200 1290/706/200
f 1294/710/202 1291/711/201 1292/708/201
f 1296/712/203 1293/713/202 1294/710/202
f 1298/505/204 1295/714/205 1296/712/203
f 1300/715/206 1297/330/204 1298/505/204
f 1302/716/207 1299/717/206 1300/715/206
f 1304/718/208 1301/719/207 1302/716/207
f 1306/720/209 1303/721/208 1304/718/208
f 1308/722/210 1305/723/209 1306/720/209
f 1310/724/211 1307/725/210 1308/722/210
f 1312/726/212 1309/727/211 1310/724/211
f 1314/728/213 1311/729/214 1312/726/212
f 1316/730/215 1313/731/213 1314/728/213
f 1318/732/216 1315/733/215 1316/730/215
f 1320/734/217 1317/735/216 1318/732/216
f 1322/736/218 1319/737/217 1320/734/217
f 1324/738/219 1321/739/218 1322/736/218
f 1326/740/220 1323/741/219 1324/738/219
f 1328/742/221 1325/743/220 1326/740/220
f 1234/471/172 1327/744/221 1328/742/221
f 1332/655/222 1329/27/223 1330/416/223
f 1334/656/224 1331/657/222 1332/655/222
f 1336/658/225 1333/659/224 1334/656/224
f 1338/660/226 1335/661/225 1336/658/225
f 1340/662/227 1337/663/226 1338/660/226
f 1342/664/228 1339/665/227 1340/662/227
f 1344/666/229 1341/667/228 1342/664/228
f 1346/668/230 1343/669/229 1344/666/229
f 1348/670/231 1345/671/230 1346/668/230
f 1350/672/209 1347/673/231 1348/670/231
f 1352/674/232 1349/675/209 1350/672/209
f 1354/676/233 1351/677/232 1352/674/232
f 1356/678/234 1353/679/233 1354/676/233
f 1358/680/235 1355/681/234 1356/678/234
f 1360/682/236 1357/683/235 1358/680/235
f 1362/488/237 1359/684/236 1360/682/236
f 1364/685/238 1361/354/237 1362/488/237
f 1366/686/239 1363/687/238 1364/685/238
f 1368/688/240 1365/689/241 1366/686/239
f 1370/690/242 1367/691/240 1368/688/240
f 1372/692/243 1369/693/244 1370/690/242
f 1374/694/245 1371/695/243 1372/692/243
f 1376/696/246 1373/697/245 1374/694/245
f 1378/698/247 1375/699/246 1376/696/246
f 1380/700/248 1377/701/247 1378/698/247
f 1382/702/249 1379/703/248 1380/700/248
f 1384/704/250 1381/705/249 1382/702/249
f 1386/706/251 1383/707/250 1384/704/250
f 1388/708/252 1385/709/251 1386/706/251
f 1390/710/253 1387/711/252 1388/708/252
f 1392/712/254 1389/713/253 1390/710/253
f 1394/505/255 1391/714/254 1392/712/254
f 1396/715/256 1393/330/255 1394/505/255
f 1398/716/257 1395/717/256 1396/715/256
f 1400/718/258 1397/719/257 1398/716/257
f 1402/720/81 1399/721/258 1400/718/258
f 1404/722/259 1401/723/81 1402/720/81
f 1406/724/260 1403/725/259 1404/722/259
f 1408/726/261 1405/727/260 1406/724/260
f 1410/728/262 1407/729/261 1408/726/261
f 1412/730/263 1409/731/262 1410/728/262
f 1414/732/264 1411/733/263 1412/730/263
f 1416/734/265 1413/735/264 1414/732/264
f 1418/736/266 1415/737/265 1416/734/265
f 1420/738/267 1417/739/266 1418/736/266
f 1422/740/268 1419/741/267 1420/738/267
f 1424/742/269 1421/743/268 1422/740/268
f 1330/471/223 1423/744/269 1424/742/269
f 1428/664/36 1425/27/36 1426/416/36
f 1430/676/37 1427/667/36 1428/664/36
f 1432/686/37 1429/679/37 1430/676/37
f 1434/698/37 1431/689/37 1432/686/37
f 1436/710/38 1433/701/37 1434/698/37
f 1438/720/68 1435/713/38 1436/710/38
f 1440/732/36 1437/723/68 1438/720/68
f 1426/471/36 1439/735/36 1440/732/36
f 1444/660/68 1441/27/36 1442/416/36
f 1446/668/68 1443/663/68 1444/660/68
f 1448/676/36 1445/671/68 1446/668/68
f 1450/488/36 1447/679/36 1448/676/36
f 1452/690/68 1449/354/36 1450/488/36
f 1454/698/68 1451/693/68 1452/690/68
f 1456/706/36 1453/701/68 1454/698/68
f 1458/505/37 1455/709/36 1456/706/36
f 1460/720/38 1457/330/37 1458/505/37
f 1462/728/68 1459/723/38 1460/720/38
f 1464/736/36 1461/731/68 1462/728/68
f 1442/471/36 1463/739/36 1464/736/36
f 1468/745/270 1465/27/271 1466/416/271
f 1470/746/272 1467/747/270 1468/745/270
f 1472/748/273 1469/749/272 1470/746/272
f 1474/750/274 1471/751/273 1472/748/273
f 1476/752/275 1473/753/274 1474/750/274
f 1478/754/276 1475/755/275 1476/752/275
f 1480/756/277 1477/757/276 1478/754/276
f 1482/758/278 1479/759/277 1480/756/277
f 1484/760/279 1481/761/278 1482/758/278
f 1486/762/280 1483/763/279 1484/760/279
f 1488/764/281 1485/765/280 1486/762/280
f 1490/766/282 1487/767/281 1488/764/281
f 1492/668/283 1489/768/282 1490/766/282
f 1494/769/284 1491/671/283 1492/668/283
f 1496/770/285 1493/771/284 1494/769/284
f 1498/772/286 1495/773/285 1496/770/285
f 1500/774/287 1497/775/286 1498/772/286
f 1502/776/288 1499/777/287 1500/774/287
f 1504/778/289 1501/779/288 1502/776/288
f 1506/780/290 1503/781/289 1504/778/289
f 1508/782/291 1505/783/290 1506/780/290
f 1510/784/292 1507/785/291 1508/782/291
f 1512/786/293 1509/787/292 1510/784/292
f 1514/788/38 1511/789/293 1512/786/293
f 1516/790/68 1513/791/38 1514/788/38
f 1518/488/294 1515/792/68 1516/790/68
f 1520/793/295 1517/354/294 1518/488/294
f 1522/794/296 1519/795/295 1520/793/295
f 1524/796/297 1521/797/296 1522/794/296
f 1526/798/298 1523/799/297 1524/796/297
f 1528/800/299 1525/801/298 1526/798/298
f 1530/802/300 1527/803/299 1528/800/299
f 1532/804/301 1529/805/300 1530/802/300
f 1534/806/302 1531/807/303 1532/804/301
f 1536/808/304 1533/809/305 1534/806/302
f 1538/810/306 1535/811/304 1536/808/304
f 1540/812/307 1537/813/308 1538/810/306
f 1542/814/309 1539/815/307 1540/812/307
f 1544/698/310 1541/816/311 1542/814/309
f 1546/817/312 1543/701/313 1544/698/310
f 1548/818/314 1545/819/312 1546/817/312
f 1550/820/315 1547/821/314 1548/818/314
f 1552/822/316 1549/823/315 1550/820/315
f 1554/824/317 1551/825/316 1552/822/316
f 1556/826/318 1553/827/317 1554/824/317
f 1558/828/319 1555/829/318 1556/826/318
f 1560/830/320 1557/831/319 1558/828/319
f 1562/832/321 1559/833/320 1560/830/320
f 1564/834/322 1561/835/321 1562/832/321
f 1566/836/269 1563/837/322 1564/834/322
f 1568/838/323 1565/839/269 1566/836/269
f 1570/505/324 1567/840/323 1568/838/323
f 1572/841/325 1569/330/324 1570/505/324
f 1574/842/326 1571/843/325 1572/841/325
f 1576/844/327 1573/845/328 1574/842/326
f 1578/846/329 1575/847/327 1576/844/327
f 1580/848/330 1577/849/329 1578/846/329
f 1582/850/331 1579/851/330 1580/848/330
f 1584/852/332 1581/853/331 1582/850/331
f 1586/854/333 1583/855/332 1584/852/332
f 1588/856/334 1585/857/333 1586/854/333
f 1590/858/335 1587/859/334 1588/856/334
f 1592/860/336 1589/861/335 1590/858/335
f 1594/862/337 1591/863/338 1592/860/336
f 1596/728/339 1593/864/340 1594/862/337
f 1598/865/341 1595/731/339 1596/728/339
f 1600/866/342 1597/867/341 1598/865/341
f 1602/868/343 1599/869/342 1600/866/342
f 1604/870/344 1601/871/343 1602/868/343
f 1606/872/345 1603/873/344 1604/870/344
f 1608/874/346 1605/875/345 1606/872/345
f 1610/876/347 1607/877/346 1608/874/346
f 1612/878/348 1609/879/347 1610/876/347
f 1614/880/349 1611/881/348 1612/878/348
f 1616/882/38 1613/883/349 1614/880/349
f 1618/884/68 1615/885/38 1616/882/38
f 1620/886/350 1617/887/68 1618/884/68
f 1466/471/271 1619/888/350 1620/886/350
f 1624/889/351 1621/27/352 1622/416/352
f 1626/890/353 1623/891/351 1624/889/351
f 1628/892/354 1625/893/353 1626/890/353
f 1630/894/355 1627/895/356 1628/892/354
f 1632/896/357 1629/897/358 1630/894/355
f 1634/898/359 1631/899/357 1632/896/357
f 1636/900/360 1633/901/359 1634/898/359
f 1638/902/361 1635/903/360 1636/900/360
f 1640/904/362 1637/905/361 1638/902/361
f 1642/906/363 1639/907/362 1640/904/362
f 1644/908/364 1641/909/363 1642/906/363
f 1646/910/365 1643/911/364 1644/908/364
f 1648/912/366 1645/913/365 1646/910/365
f 1650/914/367 1647/915/366 1648/912/366
f 1652/916/368 1649/917/367 1650/914/367
f 1654/918/369 1651/919/368 1652/916/368
f 1656/920/370 1653/921/369 1654/918/369
f 1658/922/371 1655/923/372 1656/920/370
f 1660/924/373 1657/925/371 1658/922/371
f 1662/926/374 1659/927/375 1660/924/373
f 1664/928/376 1661/929/374 1662/926/374
f 1666/930/377 1663/931/376 1664/928/376
f 1668/932/378 1665/933/377 1666/930/377
f 1670/934/379 1667/935/378 1668/932/378
f 1672/936/380 1669/937/379 1670/934/379
f 1674/938/381 1671/939/380 1672/936/380
f 1676/940/382 1673/941/381 1674/938/381
f 1678/942/383 1675/943/382 1676/940/382
f 1680/944/384 1677/945/383 1678/942/383
f 1682/946/385 1679/947/384 1680/944/384
f 1684/948/386 1681/949/385 1682/946/385
f 1686/950/387 1683/951/386 1684/948/386
f 1688/952/388 1685/953/387 1686/950/387
f 1690/954/389 1687/955/388 1688/952/388
f 1692/956/390 1689/957/389 1690/954/389
f 1694/958/391 1691/959/390 1692/956/390
f 1696/960/392 1693/961/391 1694/958/391
f 1698/962/393 1695/963/392 1696/960/392
f 1700/964/394 1697/965/393 1698/962/393
f 1702/966/395 1699/967/394 1700/964/394
f 1704/968/396 1701/969/395 1702/966/395
f 1706/970/397 1703/971/396 1704/968/396
f 1708/972/398 1705/973/397 1706/970/397
f 1710/974/399 1707/975/398 1708/972/398
f 1712/976/400 1709/977/399 1710/974/399
f 1714/978/401 1711/979/400 1712/976/400
f 1716/980/402 1713/981/401 1714/978/401
f 1718/982/403 1715/983/402 1716/980/402
f 1720/984/404 1717/985/403 1718/982/403
f 1722/986/405 1719/987/404 1720/984/404
f 1724/988/406 1721/989/405 1722/986/405
f 1726/990/407 1723/991/406 1724/988/406
f 1728/992/408 1725/993/407 1726/990/407
f 1730/994/409 1727/995/408 1728/992/408
f 1732/996/410 1729/997/409 1730/994/409
f 1734/998/411 1731/999/410 1732/996/410
f 1736/1000/412 1733/1001/413 1734/998/411
f 1738/1002/414 1735/1003/415 1736/1000/412
f 1740/1004/416 1737/1005/414 1738/1002/414
f 1742/1006/417 1739/1007/416 1740/1004/416
f 1744/698/418 1741/1008/417 1742/1006/417
f 1746/1009/419 1743/701/418 1744/698/418
f 1748/1010/420 1745/1011/421 1746/1009/419
f 1750/1012/422 1747/1013/420 1748/1010/420
f 1752/1014/423 1749/1015/422 1750/1012/422
f 1754/1016/424 1751/1017/425 1752/1014/423
f 1756/1018/426 1753/1019/424 1754/1016/424
f 1758/1020/427 1755/1021/426 1756/1018/426
f 1760/1022/428 1757/1023/427 1758/1020/427
f 1762/1024/429 1759/1025/428 1760/1022/428
f 1764/1026/430 1761/1027/429 1762/1024/429
f 1766/1028/431 1763/1029/430 1764/1026/430
f 1768/1030/432 1765/1031/431 1766/1028/431
f 1770/1032/433 1767/1033/432 1768/1030/432
f 1772/1034/434 1769/1035/433 1770/1032/433
f 1774/1036/435 1771/1037/434 1772/1034/434
f 1776/1038/436 1773/1039/435 1774/1036/435
f 1778/1040/437 1775/1041/436 1776/1038/436
f 1780/1042/438 1777/1043/437 1778/1040/437
f 1782/1044/439 1779/1045/438 1780/1042/438
f 1784/1046/440 1781/1047/439 1782/1044/439
f 1786/1048/441 1783/1049/440 1784/1046/440
f 1788/1050/442 1785/1051/441 1786/1048/441
f 1790/1052/443 1787/1053/442 1788/1050/442
f 1792/1054/444 1789/1055/443 1790/1052/443
f 1794/1056/445 1791/1057/444 1792/1054/444
f 1796/1058/446 1793/1059/445 1794/1056/445
f 1798/1060/447 1795/1061/446 1796/1058/446
f 1800/1062/448 1797/1063/447 1798/1060/447
f 1802/1064/449 1799/1065/448 1800/1062/448
f 1804/1066/450 1801/1067/449 1802/1064/449
f 1806/1068/451 1803/1069/450 1804/1066/450
f 1808/1070/452 1805/1071/451 1806/1068/451
f 1810/1072/453 1807/1073/452 1808/1070/452
f 1812/1074/454 1809/1075/453 1810/1072/453
f 1814/1076/455 1811/1077/454 1812/1074/454
f 1816/1078/456 1813/1079/455 1814/1076/455
f 1818/1080/457 1815/1081/456 1816/1078/456
f 1820/1082/458 1817/1083/457 1818/1080/457
f 1822/1084/459 1819/1085/458 1820/1082/458
f 1824/1086/460 1821/1087/459 1822/1084/459
f 1826/1088/461 1823/1089/460 1824/1086/460
f 1828/1090/462 1825/1091/461 1826/1088/461
f 1830/1092/463 1827/1093/462 1828/1090/462
f 1832/1094/464 1829/1095/463 1830/1092/463
f 1834/1096/465 1831/1097/464 1832/1094/464
f 1836/1098/466 1833/1099/465 1834/1096/465
f 1838/1100/467 1835/1101/466 1836/1098/466
f 1840/1102/468 1837/1103/467 1838/1100/467
f 1842/1104/469 1839/1105/468 1840/1102/468
f 1844/1106/470 1841/1107/469 1842/1104/469
f 1846/1108/471 1843/1109/472 1844/1106/470
f 1848/1110/473 1845/1111/471 1846/1108/471
f 1850/1112/474 1847/1113/473 1848/1110/473
f 1852/1114/475 1849/1115/474 1850/1112/474
f 1854/1116/476 1851/1117/475 1852/1114/475
f 1856/1118/477 1853/1119/476 1854/1116/476
f 1858/1120/478 1855/1121/477 1856/1118/477
f 1860/1122/479 1857/1123/478 1858/1120/478
f 1862/1124/480 1859/1125/479 1860/1122/479
f 1864/1126/481 1861/1127/480 1862/1124/480
f 1622/471/352 1863/1128/481 1864/1126/481
f 936/415/12 935/418/12 933/27/13
f 938/417/14 937/420/14 935/418/12
f 940/419/15 939/422/15 937/420/14
f 942/421/16 941/424/16 939/422/15
f 944/423/17 943/426/17 941/424/16
f 946/425/18 945/428/18 943/426/17
f 948/427/19 947/430/19 945/428/18
f 950/429/20 949/432/20 947/430/19
f 952/431/21 951/434/21 949/432/20
f 954/433/22 953/436/22 951/434/21
f 956/435/23 955/438/23 953/436/22
f 958/437/24 957/440/24 955/438/23
f 960/439/25 959/442/25 957/440/24
f 962/441/26 961/444/26 959/442/25
f 964/443/27 963/446/27 961/444/26
f 966/445/28 965/448/28 963/446/27
f 968/447/29 967/450/29 965/448/28
f 970/449/30 969/452/30 967/450/29
f 972/451/31 971/454/31 969/452/30
f 974/453/32 973/456/32 971/454/31
f 976/455/33 975/458/33 973/456/32
f 978/457/34 977/460/34 975/458/33
f 980/459/35 979/462/35 977/460/34
f 982/461/36 981/464/36 979/462/35
f 984/463/36 983/466/36 981/464/36
f 986/465/37 985/468/37 983/466/36
f 988/467/38 987/470/38 985/468/37
f 990/469/39 989/472/39 987/470/38
f 934/471/13 933/28/13 989/472/39
f 994/473/40 993/475/40 991/27/41
f 996/474/42 995/477/42 993/475/40
f 998/476/43 997/479/43 995/477/42
f 1000/478/44 999/481/44 997/479/43
f 1002/480/45 1001/483/45 999/481/44
f 1004/482/46 1003/485/46 1001/483/45
f 1006/484/47 1005/487/47 1003/485/46
f 1008/486/48 1007/489/50 1005/487/47
f 1010/488/49 1009/354/49 1007/489/50
f 1012/490/51 1011/492/51 1009/354/49
f 1014/491/52 1013/494/52 1011/492/51
f 1016/493/53 1015/496/53 1013/494/52
f 1018/495/54 1017/498/54 1015/496/53
f 1020/497/55 1019/500/55 1017/498/54
f 1022/499/56 1021/502/56 1019/500/55
f 1024/501/57 1023/504/57 1021/502/56
f 1026/503/58 1025/506/58 1023/504/57
f 1028/505/59 1027/330/59 1025/506/58
f 1030/507/60 1029/509/62 1027/330/59
f 1032/508/61 1031/511/64 1029/509/62
f 1034/510/63 1033/513/63 1031/511/64
f 1036/512/65 1035/515/65 1033/513/63
f 1038/514/66 1037/517/66 1035/515/65
f 1040/516/67 1039/519/67 1037/517/66
f 1042/518/36 1041/521/36 1039/519/67
f 1044/520/68 1043/522/68 1041/521/36
f 992/471/41 991/28/41 1043/522/68
f 1048/523/69 1047/525/69 1045/27/70
f 1050/524/71 1049/527/73 1047/525/69
f 1052/526/72 1051/529/72 1049/527/73
f 1054/528/74 1053/531/76 1051/529/72
f 1056/530/75 1055/533/75 1053/531/76
f 1058/532/77 1057/535/77 1055/533/75
f 1060/534/78 1059/537/78 1057/535/77
f 1062/536/79 1061/539/79 1059/537/78
f 1064/538/80 1063/541/80 1061/539/79
f 1066/540/81 1065/543/81 1063/541/80
f 1068/542/82 1067/545/84 1065/543/81
f 1070/544/83 1069/547/83 1067/545/84
f 1072/546/85 1071/549/85 1069/547/83
f 1074/548/86 1073/551/86 1071/549/85
f 1076/550/87 1075/553/87 1073/551/86
f 1078/552/88 1077/555/90 1075/553/87
f 1080/554/89 1079/557/89 1077/555/90
f 1082/556/91 1081/559/91 1079/557/89
f 1084/558/92 1083/561/92 1081/559/91
f 1086/560/93 1085/563/93 1083/561/92
f 1088/562/94 1087/565/94 1085/563/93
f 1090/564/95 1089/567/95 1087/565/94
f 1092/566/96 1091/569/98 1089/567/95
f 1094/568/97 1093/571/97 1091/569/98
f 1096/570/99 1095/573/101 1093/571/97
f 1098/572/100 1097/575/100 1095/573/101
f 1100/574/102 1099/577/102 1097/575/100
f 1102/576/103 1101/579/103 1099/577/102
f 1104/578/104 1103/581/106 1101/579/103
f 1106/580/105 1105/583/105 1103/581/106
f 1108/582/107 1107/585/109 1105/583/105
f 1110/584/108 1109/587/108 1107/585/109
f 1112/586/110 1111/589/110 1109/587/108
f 1114/588/111 1113/591/111 1111/589/110
f 1116/590/112 1115/593/114 1113/591/111
f 1118/592/113 1117/595/113 1115/593/114
f 1120/594/115 1119/597/115 1117/595/113
f 1122/596/116 1121/599/116 1119/597/115
f 1124/598/117 1123/601/117 1121/599/116
f 1126/600/118 1125/603/118 1123/601/117
f 1128/602/119 1127/605/119 1125/603/118
f 1130/604/120 1129/607/120 1127/605/119
f 1132/606/121 1131/609/121 1129/607/120
f 1134/608/122 1133/611/122 1131/609/121
f 1136/610/123 1135/613/123 1133/611/122
f 1138/612/124 1137/615/124 1135/613/123
f 1140/614/125 1139/617/127 1137/615/124
f 1142/616/126 1141/619/126 1139/617/127
f 1144/618/128 1143/621/128 1141/619/126
f 1146/620/129 1145/623/131 1143/621/128
f 1148/622/130 1147/625/130 1145/623/131
f 1150/624/132 1149/627/132 1147/625/130
f 1152/626/133 1151/629/133 1149/627/132
f 1154/628/134 1153/631/134 1151/629/133
f 1156/630/135 1155/633/137 1153/631/134
f 1158/632/136 1157/635/136 1155/633/137
f 1160/634/138 1159/637/138 1157/635/136
f 1162/636/139 1161/639/139 1159/637/138
f 1164/638/140 1163/641/140 1161/639/139
f 1166/640/141 1165/643/141 1163/641/140
f 1168/642/142 1167/645/142 1165/643/141
f 1170/644/36 1169/647/36 1167/645/142
f 1172/646/36 1171/649/36 1169/647/36
f 1174/648/37 1173/651/37 1171/649/36
f 1176/650/38 1175/653/38 1173/651/37
f 1178/652/143 1177/654/143 1175/653/38
f 1046/471/70 1045/28/70 1177/654/143
f 1182/473/144 1181/475/144 1179/27/145
f 1184/474/146 1183/477/146 1181/475/144
f 1186/476/147 1185/479/149 1183/477/146
f 1188/478/148 1187/481/148 1185/479/149
f 1190/480/150 1189/483/150 1187/481/148
f 1192/482/151 1191/485/151 1189/483/150
f 1194/484/152 1193/487/152 1191/485/151
f 1196/486/153 1195/489/153 1193/487/152
f 1198/488/154 1197/354/154 1195/489/153
f 1200/490/155 1199/492/155 1197/354/154
f 1202/491/156 1201/494/156 1199/492/155
f 1204/493/157 1203/496/157 1201/494/156
f 1206/495/158 1205/498/158 1203/496/157
f 1208/497/159 1207/500/159 1205/498/158
f 1210/499/160 1209/502/160 1207/500/159
f 1212/501/161 1211/504/161 1209/502/160
f 1214/503/162 1213/506/162 1211/504/161
f 1216/505/163 1215/330/165 1213/506/162
f 1218/507/164 1217/509/164 1215/330/165
f 1220/508/166 1219/511/166 1217/509/164
f 1222/510/167 1221/513/167 1219/511/166
f 1224/512/168 1223/515/168 1221/513/167
f 1226/514/169 1225/517/169 1223/515/168
f 1228/516/170 1227/519/170 1225/517/169
f 1230/518/36 1229/521/36 1227/519/170
f 1232/520/68 1231/522/68 1229/521/36
f 1180/471/145 1179/28/145 1231/522/68
f 1236/655/171 1235/657/171 1233/27/172
f 1238/656/173 1237/659/173 1235/657/171
f 1240/658/174 1239/661/174 1237/659/173
f 1242/660/175 1241/663/175 1239/661/174
f 1244/662/176 1243/665/176 1241/663/175
f 1246/664/177 1245/667/179 1243/665/176
f 1248/666/178 1247/669/178 1245/667/179
f 1250/668/180 1249/671/180 1247/669/178
f 1252/670/181 1251/673/181 1249/671/180
f 1254/672/182 1253/675/182 1251/673/181
f 1256/674/183 1255/677/183 1253/675/182
f 1258/676/184 1257/679/184 1255/677/183
f 1260/678/185 1259/681/185 1257/679/184
f 1262/680/186 1261/683/186 1259/681/185
f 1264/682/187 1263/684/187 1261/683/186
f 1266/488/188 1265/354/188 1263/684/187
f 1268/685/189 1267/687/189 1265/354/188
f 1270/686/190 1269/689/190 1267/687/189
f 1272/688/191 1271/691/191 1269/689/190
f 1274/690/192 1273/693/192 1271/691/191
f 1276/692/193 1275/695/193 1273/693/192
f 1278/694/194 1277/697/194 1275/695/193
f 1280/696/195 1279/699/195 1277/697/194
f 1282/698/196 1281/701/196 1279/699/195
f 1284/700/197 1283/703/197 1281/701/196
f 1286/702/198 1285/705/198 1283/703/197
f 1288/704/199 1287/707/199 1285/705/198
f 1290/706/200 1289/709/200 1287/707/199
f 1292/708/201 1291/711/201 1289/709/200
f 1294/710/202 1293/713/202 1291/711/201
f 1296/712/203 1295/714/205 1293/713/202
f 1298/505/204 1297/330/204 1295/714/205
f 1300/715/206 1299/717/206 1297/330/204
f 1302/716/207 1301/719/207 1299/717/206
f 1304/718/208 1303/721/208 1301/719/207
f 1306/720/209 1305/723/209 1303/721/208
f 1308/722/210 1307/725/210 1305/723/209
f 1310/724/211 1309/727/211 1307/725/210
f 1312/726/212 1311/729/214 1309/727/211
f 1314/728/213 1313/731/213 1311/729/214
f 1316/730/215 1315/733/215 1313/731/213
f 1318/732/216 1317/735/216 1315/733/215
f 1320/734/217 1319/737/217 1317/735/216
f 1322/736/218 1321/739/218 1319/737/217
f 1324/738/219 1323/741/219 1321/739/218
f 1326/740/220 1325/743/220 1323/741/219
f 1328/742/221 1327/744/221 1325/743/220
f 1234/471/172 1233/28/172 1327/744/221
f 1332/655/222 1331/657/222 1329/27/223
f 1334/656/224 1333/659/224 1331/657/222
f 1336/658/225 1335/661/225 1333/659/224
f 1338/660/226 1337/663/226 1335/661/225
f 1340/662/227 1339/665/227 1337/663/226
f 1342/664/228 1341/667/228 1339/665/227
f 1344/666/229 1343/669/229 1341/667/228
f 1346/668/230 1345/671/230 1343/669/229
f 1348/670/231 1347/673/231 1345/671/230
f 1350/672/209 1349/675/209 1347/673/231
f 1352/674/232 1351/677/232 1349/675/209
f 1354/676/233 1353/679/233 1351/677/232
f 1356/678/234 1355/681/234 1353/679/233
f 1358/680/235 1357/683/235 1355/681/234
f 1360/682/236 1359/684/236 1357/683/235
f 1362/488/237 1361/354/237 1359/684/236
f 1364/685/238 1363/687/238 1361/354/237
f 1366/686/239 1365/689/241 1363/687/238
f 1368/688/240 1367/691/240 1365/689/241
f 1370/690/242 1369/693/244 1367/691/240
f 1372/692/243 1371/695/243 1369/693/244
f 1374/694/245 1373/697/245 1371/695/243
f 1376/696/246 1375/699/246 1373/697/245
f 1378/698/247 1377/701/247 1375/699/246
f 1380/700/248 1379/703/248 1377/701/247
f 1382/702/249 1381/705/249 1379/703/248
f 1384/704/250 1383/707/250 1381/705/249
f 1386/706/251 1385/709/251 1383/707/250
f 1388/708/252 1387/711/252 1385/709/251
f 1390/710/253 1389/713/253 1387/711/252
f 1392/712/254 1391/714/254 1389/713/253
f 1394/505/255 1393/330/255 1391/714/254
f 1396/715/256 1395/717/256 1393/330/255
f 1398/716/257 1397/719/257 1395/717/256
f 1400/718/258 1399/721/258 1397/719/257
f 1402/720/81 1401/723/81 1399/721/258
f 1404/722/259 1403/725/259 1401/723/81
f 1406/724/260 1405/727/260 1403/725/259
f 1408/726/261 1407/729/261 1405/727/260
f 1410/728/262 1409/731/262 1407/729/261
f 1412/730/263 1411/733/263 1409/731/262
f 1414/732/264 1413/735/264 1411/733/263
f 1416/734/265 1415/737/265 1413/735/264
f 1418/736/266 1417/739/266 1415/737/265
f 1420/738/267 1419/741/267 1417/739/266
f 1422/740/268 1421/743/268 1419/741/267
f 1424/742/269 1423/744/269 1421/743/268
f 1330/471/223 1329/28/223 1423/744/269
f 1428/664/36 1427/667/36 1425/27/36
f 1430/676/37 1429/679/37 1427/667/36
f 1432/686/37 1431/689/37 1429/679/37
f 1434/698/37 1433/701/37 1431/689/37
f 1436/710/38 1435/713/38 1433/701/37
f 1438/720/68 1437/723/68 1435/713/38
f 1440/732/36 1439/735/36 1437/723/68
f 1426/471/36 1425/28/36 1439/735/36
f 1444/660/68 1443/663/68 1441/27/36
f 1446/668/68 1445/671/68 1443/663/68
f 1448/676/36 1447/679/36 1445/671/68
f 1450/488/36 1449/354/36 1447/679/36
f 1452/690/68 1451/693/68 1449/354/36
f 1454/698/68 1453/701/68 1451/693/68
f 1456/706/36 1455/709/36 1453/701/68
f 1458/505/37 1457/330/37 1455/709/36
f 1460/720/38 1459/723/38 1457/330/37
f 1462/728/68 1461/731/68 1459/723/38
f 1464/736/36 1463/739/36 1461/731/68
f 1442/471/36 1441/28/36 1463/739/36
f 1468/745/270 1467/747/270 1465/27/271
f 1470/746/272 1469/749/272 1467/747/270
f 1472/748/273 1471/751/273 1469/749/272
f 1474/750/274 1473/753/274 1471/751/273
f 1476/752/275 1475/755/275 1473/753/274
f 1478/754/276 1477/757/276 1475/755/275
f 1480/756/277 1479/759/277 1477/757/276
f 1482/758/278 1481/761/278 1479/759/277
f 1484/760/279 1483/763/279 1481/761/278
f 1486/762/280 1485/765/280 1483/763/279
f 1488/764/281 1487/767/281 1485/765/280
f 1490/766/282 1489/768/282 1487/767/281
f 1492/668/283 1491/671/283 1489/768/282
f 1494/769/284 1493/771/284 1491/671/283
f 1496/770/285 1495/773/285 1493/771/284
f 1498/772/286 1497/775/286 1495/773/285
f 1500/774/287 1499/777/287 1497/775/286
f 1502/776/288 1501/779/288 1499/777/287
f 1504/778/289 1503/781/289 1501/779/288
f 1506/780/290 1505/783/290 1503/781/289
f 1508/782/291 1507/785/291 1505/783/290
f 1510/784/292 1509/787/292 1507/785/291
f 1512/786/293 1511/789/293 1509/787/292
f 1514/788/38 1513/791/38 1511/789/293
f 1516/790/68 1515/792/68 1513/791/38
f 1518/488/294 1517/354/294 1515/792/68
f 1520/793/295 1519/795/295 1517/354/294
f 1522/794/296 1521/797/296 1519/795/295
f 1524/796/297 1523/799/297 1521/797/296
f 1526/798/298 1525/801/298 1523/799/297
f 1528/800/299 1527/803/299 1525/801/298
f 1530/802/300 1529/805/300 1527/803/299
f 1532/804/301 1531/807/303 1529/805/300
f 1534/806/302 1533/809/305 1531/807/303
f 1536/808/304 1535/811/304 1533/809/305
f 1538/810/306 1537/813/308 1535/811/304
f 1540/812/307 1539/815/307 1537/813/308
f 1542/814/309 1541/816/311 1539/815/307
f 1544/698/310 1543/701/313 1541/816/311
f 1546/817/312 1545/819/312 1543/701/313
f 1548/818/314 1547/821/314 1545/819/312
f 1550/820/315 1549/823/315 1547/821/314
f 1552/822/316 1551/825/316 1549/823/315
f 1554/824/317 1553/827/317 1551/825/316
f 1556/826/318 1555/829/318 1553/827/317
f 1558/828/319 1557/831/319 1555/829/318
f 1560/830/320 1559/833/320 1557/831/319
f 1562/832/321 1561/835/321 1559/833/320
f 1564/834/322 1563/837/322 1561/835/321
f 1566/836/269 1565/839/269 1563/837/322
f 1568/838/323 1567/840/323 1565/839/269
f 1570/505/324 1569/330/324 1567/840/323
f 1572/841/325 1571/843/325 1569/330/324
f 1574/842/326 1573/845/328 1571/843/325
f 1576/844/327 1575/847/327 1573/845/328
f 1578/846/329 1577/849/329 1575/847/327
f 1580/848/330 1579/851/330 1577/849/329
f 1582/850/331 1581/853/331 1579/851/330
f 1584/852/332 1583/855/332 1581/853/331
f 1586/854/333 1585/857/333 1583/855/332
f 1588/856/334 1587/859/334 1585/857/333
f 1590/858/335 1589/861/335 1587/859/334
f 1592/860/336 1591/863/338 1589/861/335
f 1594/862/337 1593/864/340 1591/863/338
f 1596/728/339 1595/731/339 1593/864/340
f 1598/865/341 1597/867/341 1595/731/339
f 1600/866/342 1599/869/342 1597/867/341
f 1602/868/343 1601/871/343 1599/869/342
f 1604/870/344 1603/873/344 1601/871/343
f 1606/872/345 1605/875/345 1603/873/344
f 1608/874/346 1607/877/346 1605/875/345
f 1610/876/347 1609/879/347 1607/877/346
f 1612/878/348 1611/881/348 1609/879/347
f 1614/880/349 1613/883/349 1611/881/348
f 1616/882/38 1615/885/38 1613/883/349
f 1618/884/68 1617/887/68 1615/885/38
f 1620/886/350 1619/888/350 1617/887/68
f 1466/471/271 1465/28/271 1619/888/350
f 1624/889/351 1623/891/351 1621/27/352
f 1626/890/353 1625/893/353 1623/891/351
f 1628/892/354 1627/895/356 1625/893/353
f 1630/894/355 1629/897/358 1627/895/356
f 1632/896/357 1631/899/357 1629/897/358
f 1634/898/359 1633/901/359 1631/899/357
f 1636/900/360 1635/903/360 1633/901/359
f 1638/902/361 1637/905/361 1635/903/360
f 1640/904/362 1639/907/362 1637/905/361
f 1642/906/363 1641/909/363 1639/907/362
f 1644/908/364 1643/911/364 1641/909/363
f 1646/910/365 1645/913/365 1643/911/364
f 1648/912/366 1647/915/366 1645/913/365
f 1650/914/367 1649/917/367 1647/915/366
f 1652/916/368 1651/919/368 1649/917/367
f 1654/918/369 1653/921/369 1651/919/368
f 1656/920/370 1655/923/372 1653/921/369
f 1658/922/371 1657/925/371 1655/923/372
f 1660/924/373 1659/927/375 1657/925/371
f 1662/926/374 1661/929/374 1659/927/375
f 1664/928/376 1663/931/376 1661/929/374
f 1666/930/377 1665/933/377 1663/931/376
f 1668/932/378 1667/935/378 1665/933/377
f 1670/934/379 1669/937/379 1667/935/378
f 1672/936/380 1671/939/380 1669/937/379
f 1674/938/381 1673/941/381 1671/939/380
f 1676/940/382 1675/943/382 1673/941/381
f 1678/942/383 1677/945/383 1675/943/382
f 1680/944/384 1679/947/384 1677/945/383
f 1682/946/385 1681/949/385 1679/947/384
f 1684/948/386 1683/951/386 1681/949/385
f 1686/950/387 1685/953/387 1683/951/386
f 1688/952/388 1687/955/388 1685/953/387
f 1690/954/389 1689/957/389 1687/955/388
f 1692/956/390 1691/959/390 1689/957/389
f 1694/958/391 1693/961/391 1691/959/390
f 1696/960/392 1695/963/392 1693/961/391
f 1698/962/393 1697/965/393 1695/963/392
f 1700/964/394 1699/967/394 1697/965/393
f 1702/966/395 1701/969/395 1699/967/394
f 1704/968/396 1703/971/396 1701/969/395
f 1706/970/397 1705/973/397 1703/971/396
f 1708/972/398 1707/975/398 1705/973/397
f 1710/974/399 1709/977/399 1707/975/398
f 1712/976/400 1711/979/400 1709/977/399
f 1714/978/401 1713/981/401 1711/979/400
f 1716/980/402 1715/983/402 1713/981/401
f 1718/982/403 1717/985/403 1715/983/402
f 1720/984/404 1719/987/404 1717/985/403
f 1722/986/405 1721/989/405 1719/987/404
f 1724/988/406 1723/991/406 1721/989/405
f 1726/990/407 1725/993/407 1723/991/406
f 1728/992/408 1727/995/408 1725/993/407
f 1730/994/409 1729/997/409 1727/995/408
f 1732/996/410 1731/999/410 1729/997/409
f 1734/998/411 1733/1001/413 1731/999/410
f 1736/1000/412 1735/1003/415 1733/1001/413
f 1738/1002/414 1737/1005/414 1735/1003/415
f 1740/1004/416 1739/1007/416 1737/1005/414
f 1742/1006/417 1741/1008/417 1739/1007/416
f 1744/698/418 1743/701/418 1741/1008/417
f 1746/1009/419 1745/1011/421 1743/701/418
f 1748/1010/420 1747/1013/420 1745/1011/421
f 1750/1012/422 1749/1015/422 1747/1013/420
f 1752/1014/423 1751/1017/425 1749/1015/422
f 1754/1016/424 1753/1019/424 1751/1017/425
f 1756/1018/426 1755/1021/426 1753/1019/424
f 1758/1020/427 1757/1023/427 1755/1021/426
f 1760/1022/428 1759/1025/428 1757/1023/427
f 1762/1024/429 1761/1027/429 1759/1025/428
f 1764/1026/430 1763/1029/430 1761/1027/429
f 1766/1028/431 1765/1031/431 1763/1029/430
f 1768/1030/432 1767/1033/432 1765/1031/431
f 1770/1032/433 1769/1035/433 1767/1033/432
f 1772/1034/434 1771/1037/434 1769/1035/433
f 1774/1036/435 1773/1039/435 1771/1037/434
f 1776/1038/436 1775/1041/436 1773/1039/435
f 1778/1040/437 1777/1043/437 1775/1041/436
f 1780/1042/438 1779/1045/438 1777/1043/437
f 1782/1044/439 1781/1047/439 1779/1045/438
f 1784/1046/440 1783/1049/440 1781/1047/439
f 1786/1048/441 1785/1051/441 1783/1049/440
f 1788/1050/442 1787/1053/442 1785/1051/441
f 1790/1052/443 1789/1055/443 1787/1053/442
f 1792/1054/444 1791/1057/444 1789/1055/443
f 1794/1056/445 1793/1059/445 1791/1057/444
f 1796/1058/446 1795/1061/446 1793/1059/445
f 1798/1060/447 1797/1063/447 1795/1061/446
f 1800/1062/448 1799/1065/448 1797/1063/447
f 1802/1064/449 1801/1067/449 1799/1065/448
f 1804/1066/450 1803/1069/450 1801/1067/449
f 1806/1068/451 1805/1071/451 1803/1069/450
f 1808/1070/452 1807/1073/452 1805/1071/451
f 1810/1072/453 1809/1075/453 1807/1073/452
f 1812/1074/454 1811/1077/454 1809/1075/453
f 1814/1076/455 1813/1079/455 1811/1077/454
f 1816/1078/456 1815/1081/456 1813/1079/455
f 1818/1080/457 1817/1083/457 1815/1081/456
f 1820/1082/458 1819/1085/458 1817/1083/457
f 1822/1084/459 1821/1087/459 1819/1085/458
f 1824/1086/460 1823/1089/460 1821/1087/459
f 1826/1088/461 1825/1091/461 1823/1089/460
f 1828/1090/462 1827/1093/462 1825/1091/461
f 1830/1092/463 1829/1095/463 1827/1093/462
f 1832/1094/464 1831/1097/464 1829/1095/463
f 1834/1096/465 1833/1099/465 1831/1097/464
f 1836/1098/466 1835/1101/466 1833/1099/465
f 1838/1100/467 1837/1103/467 1835/1101/466
f 1840/1102/468 1839/1105/468 1837/1103/467
f 1842/1104/469 1841/1107/469 1839/1105/468
f 1844/1106/470 1843/1109/472 1841/1107/469
f 1846/1108/471 1845/1111/471 1843/1109/472
f 1848/1110/473 1847/1113/473 1845/1111/471
f 1850/1112/474 1849/1115/474 1847/1113/473
f 1852/1114/475 1851/1117/475 1849/1115/474
f 1854/1116/476 1853/1119/476 1851/1117/475
f 1856/1118/477 1855/1121/477 1853/1119/476
f 1858/1120/478 1857/1123/478 1855/1121/477
f 1860/1122/479 1859/1125/479 1857/1123/478
f 1862/1124/480 1861/1127/480 1859/1125/479
f 1864/1126/481 1863/1128/481 1861/1127/480
f 1622/471/352 1621/28/352 1863/1128/481
o export_Reference_scale_label
v -0.028364 -0.044296 -0.153120
v -0.028364 -0.045000 -0.153120
v -0.025116 -0.045000 -0.153120
v -0.025116 -0.039544 -0.153120
v -0.025900 -0.039544 -0.153120
v -0.025900 -0.044296 -0.153120
v -0.021908 -0.040248 -0.153120
v -0.021908 -0.041896 -0.153120
v -0.024140 -0.041896 -0.153120
v -0.024140 -0.042600 -0.153120
v -0.021908 -0.042600 -0.153120
v -0.021908 -0.044296 -0.153120
v -0.024292 -0.044296 -0.153120
v -0.024292 -0.045000 -0.153120
v -0.021124 -0.045000 -0.153120
v -0.021124 -0.039544 -0.153120
v -0.024220 -0.039544 -0.153120
v -0.024220 -0.040248 -0.153120
v -0.017252 -0.039544 -0.153120
v -0.017733 -0.039573 -0.153120
v -0.018167 -0.039657 -0.153120
v -0.018556 -0.039789 -0.153120
v -0.018901 -0.039965 -0.153120
v -0.019202 -0.040179 -0.153120
v -0.019460 -0.040425 -0.153120
v -0.019676 -0.040698 -0.153120
v -0.019851 -0.040992 -0.153120
v -0.019986 -0.041302 -0.153120
v -0.020081 -0.041623 -0.153120
v -0.020137 -0.041948 -0.153120
v -0.020156 -0.042272 -0.153120
v -0.020133 -0.042620 -0.153120
v -0.020066 -0.042960 -0.153120
v -0.019957 -0.043289 -0.153120
v -0.019805 -0.043601 -0.153120
v -0.019614 -0.043894 -0.153120
v -0.019383 -0.044161 -0.153120
v -0.019115 -0.044399 -0.153120
v -0.018811 -0.044604 -0.153120
v -0.018472 -0.044771 -0.153120
v -0.018100 -0.044895 -0.153120
v -0.017695 -0.044973 -0.153120
v -0.017260 -0.045000 -0.153120
v -0.015132 -0.045000 -0.153120
v -0.015132 -0.039544 -0.153120
v -0.017164 -0.044296 -0.153120
v -0.017580 -0.044269 -0.153120
v -0.017942 -0.044193 -0.153120
v -0.018255 -0.044074 -0.153120
v -0.018520 -0.043921 -0.153120
v -0.018741 -0.043739 -0.153120
v -0.018922 -0.043536 -0.153120
v -0.019066 -0.043319 -0.153120
v -0.019176 -0.043095 -0.153120
v -0.019257 -0.042872 -0.153120
v -0.019310 -0.042655 -0.153120
v -0.019339 -0.042453 -0.153120
v -0.019348 -0.042272 -0.153120
v -0.019333 -0.042002 -0.153120
v -0.019289 -0.041742 -0.153120
v -0.019215 -0.041493 -0.153120
v -0.019111 -0.041260 -0.153120
v -0.018976 -0.041044 -0.153120
v -0.018809 -0.040849 -0.153120
v -0.018611 -0.040676 -0.153120
v -0.018380 -0.040529 -0.153120
v -0.018116 -0.040410 -0.153120
v -0.017819 -0.040322 -0.153120
v -0.017489 -0.040267 -0.153120
v -0.017124 -0.040248 -0.153120
v -0.015916 -0.040248 -0.153120
v -0.015916 -0.044296 -0.153120
v -0.011664 -0.039498 -0.153120
v -0.012070 -0.039574 -0.153120
v -0.012446 -0.039696 -0.153120
v -0.012789 -0.039860 -0.153120
v -0.013098 -0.040063 -0.153120
v -0.013371 -0.040302 -0.153120
v -0.013606 -0.040572 -0.153120
v -0.013803 -0.040871 -0.153120
v -0.013958 -0.041193 -0.153120
v -0.014072 -0.041537 -0.153120
v -0.014141 -0.041898 -0.153120
v -0.014164 -0.042272 -0.153120
v -0.014141 -0.042636 -0.153120
v -0.014074 -0.042991 -0.153120
v -0.013963 -0.043331 -0.153120
v -0.013809 -0.043652 -0.153120
v -0.013615 -0.043951 -0.153120
v -0.013381 -0.044224 -0.153120
v -0.013108 -0.044466 -0.153120
v -0.012799 -0.044673 -0.153120
v -0.012453 -0.044842 -0.153120
v -0.012072 -0.044967 -0.153120
v -0.011658 -0.045045 -0.153120
v -0.011212 -0.045072 -0.153120
v -0.010780 -0.045045 -0.153120
v -0.010377 -0.044967 -0.153120
v -0.010004 -0.044843 -0.153120
v -0.009664 -0.044675 -0.153120
v -0.009358 -0.044468 -0.153120
v -0.009087 -0.044227 -0.153120
v -0.008853 -0.043955 -0.153120
v -0.008659 -0.043656 -0.153120
v -0.008504 -0.043334 -0.153120
v -0.008392 -0.042993 -0.153120
v -0.008323 -0.042638 -0.153120
v -0.008300 -0.042272 -0.153120
v -0.008324 -0.041899 -0.153120
v -0.008394 -0.041540 -0.153120
v -0.008509 -0.041197 -0.153120
v -0.008666 -0.040874 -0.153120
v -0.008864 -0.040576 -0.153120
v -0.009101 -0.040305 -0.153120
v -0.009375 -0.040066 -0.153120
v -0.009683 -0.039862 -0.153120
v -0.010025 -0.039697 -0.153120
v -0.010397 -0.039574 -0.153120
v -0.010799 -0.039498 -0.153120
v -0.011228 -0.039472 -0.153120
v -0.011527 -0.044334 -0.153120
v -0.011811 -0.044281 -0.153120
v -0.012077 -0.044195 -0.153120
v -0.012324 -0.044078 -0.153120
v -0.012549 -0.043932 -0.153120
v -0.012751 -0.043759 -0.153120
v -0.012927 -0.043561 -0.153120
v -0.013076 -0.043341 -0.153120
v -0.013196 -0.043100 -0.153120
v -0.013283 -0.042840 -0.153120
v -0.013338 -0.042563 -0.153120
v -0.013356 -0.042272 -0.153120
v -0.013338 -0.041979 -0.153120
v -0.013283 -0.041701 -0.153120
v -0.013196 -0.041441 -0.153120
v -0.013076 -0.041199 -0.153120
v -0.012927 -0.040979 -0.153120
v -0.012751 -0.040782 -0.153120
v -0.012549 -0.040610 -0.153120
v -0.012324 -0.040465 -0.153120
v -0.012077 -0.040348 -0.153120
v -0.011811 -0.040263 -0.153120
v -0.011527 -0.040210 -0.153120
v -0.011228 -0.040192 -0.153120
v -0.010931 -0.040210 -0.153120
v -0.010649 -0.040263 -0.153120
v -0.010384 -0.040348 -0.153120
v -0.010138 -0.040465 -0.153120
v -0.009913 -0.040610 -0.153120
v -0.009712 -0.040782 -0.153120
v -0.009536 -0.040979 -0.153120
v -0.009387 -0.041199 -0.153120
v -0.009268 -0.041441 -0.153120
v -0.009181 -0.041701 -0.153120
v -0.009126 -0.041979 -0.153120
v -0.009108 -0.042272 -0.153120
v -0.009126 -0.042563 -0.153120
v -0.009181 -0.042840 -0.153120
v -0.009268 -0.043100 -0.153120
v -0.009387 -0.043341 -0.153120
v -0.009536 -0.043561 -0.153120
v -0.009712 -0.043759 -0.153120
v -0.009913 -0.043932 -0.153120
v -0.010138 -0.044078 -0.153120
v -0.010384 -0.044195 -0.153120
v -0.010649 -0.044281 -0.153120
v -0.010931 -0.044334 -0.153120
v -0.011228 -0.044352 -0.153120
v -0.006580 -0.045000 -0.153120
v -0.006580 -0.040752 -0.153120
v -0.006564 -0.040752 -0.153120
v -0.004884 -0.042864 -0.153120
v -0.004756 -0.042864 -0.153120
v -0.003076 -0.040752 -0.153120
v -0.003060 -0.040752 -0.153120
v -0.003060 -0.045000 -0.153120
v -0.002276 -0.045000 -0.153120
v -0.002276 -0.039544 -0.153120
v -0.003012 -0.039544 -0.153120
v -0.004820 -0.041784 -0.153120
v -0.006636 -0.039544 -0.153120
v -0.007364 -0.039544 -0.153120
v -0.007364 -0.045000 -0.153120
v 0.003392 -0.039498 -0.153120
v 0.002986 -0.039574 -0.153120
v 0.002610 -0.039696 -0.153120
v 0.002267 -0.039860 -0.153120
v 0.001958 -0.040063 -0.153120
v 0.001685 -0.040302 -0.153120
v 0.001450 -0.040572 -0.153120
v 0.001253 -0.040871 -0.153120
v 0.001098 -0.041193 -0.153120
v 0.000984 -0.041537 -0.153120
v 0.000915 -0.041898 -0.153120
v 0.000892 -0.042272 -0.153120
v 0.000915 -0.042636 -0.153120
v 0.000982 -0.042991 -0.153120
v 0.001093 -0.043331 -0.153120
v 0.001247 -0.043652 -0.153120
v 0.001441 -0.043951 -0.153120
v 0.001675 -0.044224 -0.153120
v 0.001948 -0.044466 -0.153120
v 0.002257 -0.044673 -0.153120
v 0.002603 -0.044842 -0.153120
v 0.002984 -0.044967 -0.153120
v 0.003398 -0.045045 -0.153120
v 0.003844 -0.045072 -0.153120
v 0.004276 -0.045045 -0.153120
v 0.004679 -0.044967 -0.153120
v 0.005052 -0.044843 -0.153120
v 0.005392 -0.044675 -0.153120
v 0.005698 -0.044468 -0.153120
v 0.005969 -0.044227 -0.153120
v 0.006203 -0.043955 -0.153120
v 0.006397 -0.043656 -0.153120
v 0.006552 -0.043334 -0.153120
v 0.006664 -0.042993 -0.153120
v 0.006733 -0.042638 -0.153120
v 0.006756 -0.042272 -0.153120
v 0.006732 -0.041899 -0.153120
v 0.006662 -0.041540 -0.153120
v 0.006547 -0.041197 -0.153120
v 0.006390 -0.040874 -0.153120
v 0.006192 -0.040576 -0.153120
v 0.005955 -0.040305 -0.153120
v 0.005681 -0.040066 -0.153120
v 0.005373 -0.039862 -0.153120
v 0.005031 -0.039697 -0.153120
v 0.004659 -0.039574 -0.153120
v 0.004257 -0.039498 -0.153120
v 0.003828 -0.039472 -0.153120
v 0.003529 -0.044334 -0.153120
v 0.003245 -0.044281 -0.153120
v 0.002979 -0.044195 -0.153120
v 0.002732 -0.044078 -0.153120
v 0.002507 -0.043932 -0.153120
v 0.002305 -0.043759 -0.153120
v 0.002129 -0.043561 -0.153120
v 0.001980 -0.043341 -0.153120
v 0.001860 -0.043100 -0.153120
v 0.001773 -0.042840 -0.153120
v 0.001718 -0.042563 -0.153120
v 0.001700 -0.042272 -0.153120
v 0.001718 -0.041979 -0.153120
v 0.001773 -0.041701 -0.153120
v 0.001860 -0.041441 -0.153120
v 0.001980 -0.041199 -0.153120
v 0.002129 -0.040979 -0.153120
v 0.002305 -0.040782 -0.153120
v 0.002507 -0.040610 -0.153120
v 0.002732 -0.040465 -0.153120
v 0.002979 -0.040348 -0.153120
v 0.003245 -0.040263 -0.153120
v 0.003529 -0.040210 -0.153120
v 0.003828 -0.040192 -0.153120
v 0.004125 -0.040210 -0.153120
v 0.004407 -0.040263 -0.153120
v 0.004672 -0.040348 -0.153120
v 0.004918 -0.040465 -0.153120
v 0.005143 -0.040610 -0.153120
v 0.005344 -0.040782 -0.153120
v 0.005520 -0.040979 -0.153120
v 0.005669 -0.041199 -0.153120
v 0.005788 -0.041441 -0.153120
v 0.005875 -0.041701 -0.153120
v 0.005930 -0.041979 -0.153120
v 0.005948 -0.042272 -0.153120
v 0.005930 -0.042563 -0.153120
v 0.005875 -0.042840 -0.153120
v 0.005788 -0.043100 -0.153120
v 0.005669 -0.043341 -0.153120
v 0.005520 -0.043561 -0.153120
v 0.005344 -0.043759 -0.153120
v 0.005143 -0.043932 -0.153120
v 0.004918 -0.044078 -0.153120
v 0.004672 -0.044195 -0.153120
v 0.004407 -0.044281 -0.153120
v 0.004125 -0.044334 -0.153120
v 0.003828 -0.044352 -0.153120
v 0.009140 -0.040248 -0.153120
v 0.009140 -0.045000 -0.153120
v 0.009924 -0.045000 -0.153120
v 0.009924 -0.040248 -0.153120
v 0.011812 -0.040248 -0.153120
v 0.011812 -0.039544 -0.153120
v 0.007252 -0.039544 -0.153120
v 0.007252 -0.040248 -0.153120
v 0.014808 -0.039498 -0.153120
v 0.014402 -0.039574 -0.153120
v 0.014026 -0.039696 -0.153120
v 0.013683 -0.039860 -0.153120
v 0.013374 -0.040063 -0.153120
v 0.013101 -0.040302 -0.153120
v 0.012866 -0.040572 -0.153120
v 0.012669 -0.040871 -0.153120
v 0.012514 -0.041193 -0.153120
v 0.012400 -0.041537 -0.153120
v 0.012331 -0.041898 -0.153120
v 0.012308 -0.042272 -0.153120
v 0.012331 -0.042636 -0.153120
v 0.012398 -0.042991 -0.153120
v 0.012509 -0.043331 -0.153120
v 0.012663 -0.043652 -0.153120
v 0.012857 -0.043951 -0.153120
v 0.013091 -0.044224 -0.153120
v 0.013364 -0.044466 -0.153120
v 0.013673 -0.044673 -0.153120
v 0.014019 -0.044842 -0.153120
v 0.014400 -0.044967 -0.153120
v 0.014814 -0.045045 -0.153120
v 0.015260 -0.045072 -0.153120
v 0.015692 -0.045045 -0.153120
v 0.016095 -0.044967 -0.153120
v 0.016468 -0.044843 -0.153120
v 0.016808 -0.044675 -0.153120
v 0.017114 -0.044468 -0.153120
v 0.017385 -0.044227 -0.153120
v 0.017619 -0.043955 -0.153120
v 0.017813 -0.043656 -0.153120
v 0.017968 -0.043334 -0.153120
v 0.018080 -0.042993 -0.153120
v 0.018149 -0.042638 -0.153120
v 0.018172 -0.042272 -0.153120
v 0.018148 -0.041899 -0.153120
v 0.018078 -0.041540 -0.153120
v 0.017963 -0.041197 -0.153120
v 0.017806 -0.040874 -0.153120
v 0.017608 -0.040576 -0.153120
v 0.017371 -0.040305 -0.153120
v 0.017097 -0.040066 -0.153120
v 0.016789 -0.039862 -0.153120
v 0.016447 -0.039697 -0.153120
v 0.016075 -0.039574 -0.153120
v 0.015673 -0.039498 -0.153120
v 0.015244 -0.039472 -0.153120
v 0.014945 -0.044334 -0.153120
v 0.014661 -0.044281 -0.153120
v 0.014395 -0.044195 -0.153120
v 0.014148 -0.044078 -0.153120
v 0.013923 -0.043932 -0.153120
v 0.013721 -0.043759 -0.153120
v 0.013545 -0.043561 -0.153120
v 0.013396 -0.043341 -0.153120
v 0.013276 -0.043100 -0.153120
v 0.013189 -0.042840 -0.153120
v 0.013134 -0.042563 -0.153120
v 0.013116 -0.042272 -0.153120
v 0.013134 -0.041979 -0.153120
v 0.013189 -0.041701 -0.153120
v 0.013276 -0.041441 -0.153120
v 0.013396 -0.041199 -0.153120
v 0.013545 -0.040979 -0.153120
v 0.013721 -0.040782 -0.153120
v 0.013923 -0.040610 -0.153120
v 0.014148 -0.040465 -0.153120
v 0.014395 -0.040348 -0.153120
v 0.014661 -0.040263 -0.153120
v 0.014945 -0.040210 -0.153120
v 0.015244 -0.040192 -0.153120
v 0.015541 -0.040210 -0.153120
v 0.015823 -0.040263 -0.153120
v 0.016088 -0.040348 -0.153120
v 0.016334 -0.040465 -0.153120
v 0.016559 -0.040610 -0.153120
v 0.016760 -0.040782 -0.153120
v 0.016936 -0.040979 -0.153120
v 0.017085 -0.041199 -0.153120
v 0.017204 -0.041441 -0.153120
v 0.017291 -0.041701 -0.153120
v 0.017346 -0.041979 -0.153120
v 0.017364 -0.042272 -0.153120
v 0.017346 -0.042563 -0.153120
v 0.017291 -0.042840 -0.153120
v 0.017204 -0.043100 -0.153120
v 0.017085 -0.043341 -0.153120
v 0.016936 -0.043561 -0.153120
v 0.016760 -0.043759 -0.153120
v 0.016559 -0.043932 -0.153120
v 0.016334 -0.044078 -0.153120
v 0.016088 -0.044195 -0.153120
v 0.015823 -0.044281 -0.153120
v 0.015541 -0.044334 -0.153120
v 0.015244 -0.044352 -0.153120
v 0.019924 -0.045000 -0.153120
v 0.019924 -0.042624 -0.153120
v 0.022980 -0.042624 -0.153120
v 0.022980 -0.045000 -0.153120
v 0.023764 -0.045000 -0.153120
v 0.023764 -0.039544 -0.153120
v 0.022980 -0.039544 -0.153120
v 0.022980 -0.041920 -0.153120
v 0.019924 -0.041920 -0.153120
v 0.019924 -0.039544 -0.153120
v 0.019140 -0.039544 -0.153120
v 0.019140 -0.045000 -0.153120
v 0.025895 -0.039558 -0.153120
v 0.025638 -0.039600 -0.153120
v 0.025406 -0.039668 -0.153120
v 0.025200 -0.039759 -0.153120
v 0.025020 -0.039871 -0.153120
v 0.024865 -0.040004 -0.153120
v 0.024735 -0.040155 -0.153120
v 0.024629 -0.040321 -0.153120
v 0.024548 -0.040502 -0.153120
v 0.024490 -0.040696 -0.153120
v 0.024455 -0.040900 -0.153120
v 0.024444 -0.041112 -0.153120
v 0.024456 -0.041322 -0.153120
v 0.024493 -0.041522 -0.153120
v 0.024554 -0.041712 -0.153120
v 0.024640 -0.041889 -0.153120
v 0.024752 -0.042051 -0.153120
v 0.024890 -0.042197 -0.153120
v 0.025054 -0.042325 -0.153120
v 0.025245 -0.042434 -0.153120
v 0.025463 -0.042522 -0.153120
v 0.025709 -0.042586 -0.153120
v 0.025982 -0.042626 -0.153120
v 0.026284 -0.042640 -0.153120
v 0.027100 -0.042640 -0.153120
v 0.027100 -0.045000 -0.153120
v 0.027884 -0.045000 -0.153120
v 0.027884 -0.039544 -0.153120
v 0.026180 -0.039544 -0.153120
v 0.026212 -0.041936 -0.153120
v 0.026070 -0.041930 -0.153120
v 0.025938 -0.041910 -0.153120
v 0.025816 -0.041879 -0.153120
v 0.025704 -0.041835 -0.153120
v 0.025602 -0.041779 -0.153120
v 0.025513 -0.041712 -0.153120
v 0.025436 -0.041633 -0.153120
v 0.025371 -0.041544 -0.153120
v 0.025320 -0.041443 -0.153120
v 0.025283 -0.041332 -0.153120
v 0.025260 -0.041211 -0.153120
v 0.025252 -0.041080 -0.153120
v 0.025257 -0.040980 -0.153120
v 0.025271 -0.040879 -0.153120
v 0.025297 -0.040781 -0.153120
v 0.025334 -0.040687 -0.153120
v 0.025385 -0.040597 -0.153120
v 0.025449 -0.040514 -0.153120
v 0.025528 -0.040439 -0.153120
v 0.025623 -0.040375 -0.153120
v 0.025735 -0.040322 -0.153120
v 0.025864 -0.040282 -0.153120
v 0.026012 -0.040257 -0.153120
v 0.026180 -0.040248 -0.153120
v 0.027100 -0.040248 -0.153120
v 0.027100 -0.041936 -0.153120
v -0.028364 -0.044296 -0.152880
v -0.028364 -0.045000 -0.152880
v -0.025116 -0.045000 -0.152880
v -0.025116 -0.039544 -0.152880
v -0.025900 -0.039544 -0.152880
v -0.025900 -0.044296 -0.152880
v -0.021908 -0.040248 -0.152880
v -0.021908 -0.041896 -0.152880
v -0.024140 -0.041896 -0.152880
v -0.024140 -0.042600 -0.152880
v -0.021908 -0.042600 -0.152880
v -0.021908 -0.044296 -0.152880
v -0.024292 -0.044296 -0.152880
v -0.024292 -0.045000 -0.152880
v -0.021124 -0.045000 -0.152880
v -0.021124 -0.039544 -0.152880
v -0.024220 -0.039544 -0.152880
v -0.024220 -0.040248 -0.152880
v -0.017252 -0.039544 -0.152880
v -0.017733 -0.039573 -0.152880
v -0.018167 -0.039657 -0.152880
v -0.018556 -0.039789 -0.152880
v -0.018901 -0.039965 -0.152880
v -0.019202 -0.040179 -0.152880
v -0.019460 -0.040425 -0.152880
v -0.019676 -0.040698 -0.152880
v -0.019851 -0.040992 -0.152880
v -0.019986 -0.041302 -0.152880
v -0.020081 -0.041623 -0.152880
v -0.020137 -0.041948 -0.152880
v -0.020156 -0.042272 -0.152880
v -0.020133 -0.042620 -0.152880
v -0.020066 -0.042960 -0.152880
v -0.019957 -0.043289 -0.152880
v -0.019805 -0.043601 -0.152880
v -0.019614 -0.043894 -0.152880
v -0.019383 -0.044161 -0.152880
v -0.019115 -0.044399 -0.152880
v -0.018811 -0.044604 -0.152880
v -0.018472 -0.044771 -0.152880
v -0.018100 -0.044895 -0.152880
v -0.017695 -0.044973 -0.152880
v -0.017260 -0.045000 -0.152880
v -0.015132 -0.045000 -0.152880
v -0.015132 -0.039544 -0.152880
v -0.017164 -0.044296 -0.152880
v -0.017580 -0.044269 -0.152880
v -0.017942 -0.044193 -0.152880
v -0.018255 -0.044074 -0.152880
v -0.018520 -0.043921 -0.152880
v -0.018741 -0.043739 -0.152880
v -0.018922 -0.043536 -0.152880
v -0.019066 -0.043319 -0.152880
v -0.019176 -0.043095 -0.152880
v -0.019257 -0.042872 -0.152880
v -0.019310 -0.042655 -0.152880
v -0.019339 -0.042453 -0.152880
v -0.019348 -0.042272 -0.152880
v -0.019333 -0.042002 -0.152880
v -0.019289 -0.041742 -0.152880
v -0.019215 -0.041493 -0.152880
v -0.019111 -0.041260 -0.152880
v -0.018976 -0.041044 -0.152880
v -0.018809 -0.040849 -0.152880
v -0.018611 -0.040676 -0.152880
v -0.018380 -0.040529 -0.152880
v -0.018116 -0.040410 -0.152880
v -0.017819 -0.040322 -0.152880
v -0.017489 -0.040267 -0.152880
v -0.017124 -0.040248 -0.152880
v -0.015916 -0.040248 -0.152880
v -0.015916 -0.044296 -0.152880
v -0.011664 -0.039498 -0.152880
v -0.012070 -0.039574 -0.152880
v -0.012446 -0.039696 -0.152880
v -0.012789 -0.039860 -0.152880
v -0.013098 -0.040063 -0.152880
v -0.013371 -0.040302 -0.152880
v -0.013606 -0.040572 -0.152880
v -0.013803 -0.040871 -0.152880
v -0.013958 -0.041193 -0.152880
v -0.014072 -0.041537 -0.152880
v -0.014141 -0.041898 -0.152880
v -0.014164 -0.042272 -0.152880
v -0.014141 -0.042636 -0.152880
v -0.014074 -0.042991 -0.152880
v -0.013963 -0.043331 -0.152880
v -0.013809 -0.043652 -0.152880
v -0.013615 -0.043951 -0.152880
v -0.013381 -0.044224 -0.152880
v -0.013108 -0.044466 -0.152880
v -0.012799 -0.044673 -0.152880
v -0.012453 -0.044842 -0.152880
v -0.012072 -0.044967 -0.152880
v -0.011658 -0.045045 -0.152880
v -0.011212 -0.045072 -0.152880
v -0.010780 -0.045045 -0.152880
v -0.010377 -0.044967 -0.152880
v -0.010004 -0.044843 -0.152880
v -0.009664 -0.044675 -0.152880
v -0.009358 -0.044468 -0.152880
v -0.009087 -0.044227 -0.152880
v -0.008853 -0.043955 -0.152880
v -0.008659 -0.043656 -0.152880
v -0.008504 -0.043334 -0.152880
v -0.008392 -0.042993 -0.152880
v -0.008323 -0.042638 -0.152880
v -0.008300 -0.042272 -0.152880
v -0.008324 -0.041899 -0.152880
v -0.008394 -0.041540 -0.152880
v -0.008509 -0.041197 -0.152880
v -0.008666 -0.040874 -0.152880
v -0.008864 -0.040576 -0.152880
v -0.009101 -0.040305 -0.152880
v -0.009375 -0.040066 -0.152880
v -0.009683 -0.039862 -0.152880
v -0.010025 -0.039697 -0.152880
v -0.010397 -0.039574 -0.152880
v -0.010799 -0.039498 -0.152880
v -0.011228 -0.039472 -0.152880
v -0.011527 -0.044334 -0.152880
v -0.011811 -0.044281 -0.152880
v -0.012077 -0.044195 -0.152880
v -0.012324 -0.044078 -0.152880
v -0.012549 -0.043932 -0.152880
v -0.012751 -0.043759 -0.152880
v -0.012927 -0.043561 -0.152880
v -0.013076 -0.043341 -0.152880
v -0.013196 -0.043100 -0.152880
v -0.013283 -0.042840 -0.152880
v -0.013338 -0.042563 -0.152880
v -0.013356 -0.042272 -0.152880
v -0.013338 -0.041979 -0.152880
v -0.013283 -0.041701 -0.152880
v -0.013196 -0.041441 -0.152880
v -0.013076 -0.041199 -0.152880
v -0.012927 -0.040979 -0.152880
v -0.012751 -0.040782 -0.152880
v -0.012549 -0.040610 -0.152880
v -0.012324 -0.040465 -0.152880
v -0.012077 -0.040348 -0.152880
v -0.011811 -0.040263 -0.152880
v -0.011527 -0.040210 -0.152880
v -0.011228 -0.040192 -0.152880
v -0.010931 -0.040210 -0.152880
v -0.010649 -0.040263 -0.152880
v -0.010384 -0.040348 -0.152880
v -0.010138 -0.040465 -0.152880
v -0.009913 -0.040610 -0.152880
v -0.009712 -0.040782 -0.152880
v -0.009536 -0.040979 -0.152880
v -0.009387 -0.041199 -0.152880
v -0.009268 -0.041441 -0.152880
v -0.009181 -0.041701 -0.152880
v -0.009126 -0.041979 -0.152880
v -0.009108 -0.042272 -0.152880
v -0.009126 -0.042563 -0.152880
v -0.009181 -0.042840 -0.152880
v -0.009268 -0.043100 -0.152880
v -0.009387 -0.043341 -0.152880
v -0.009536 -0.043561 -0.152880
v -0.009712 -0.043759 -0.152880
v -0.009913 -0.043932 -0.152880
v -0.010138 -0.044078 -0.152880
v -0.010384 -0.044195 -0.152880
v -0.010649 -0.044281 -0.152880
v -0.010931 -0.044334 -0.152880
v -0.011228 -0.044352 -0.152880
v -0.006580 -0.045000 -0.152880
v -0.006580 -0.040752 -0.152880
v -0.006564 -0.040752 -0.152880
v -0.004884 -0.042864 -0.152880
v -0.004756 -0.042864 -0.152880
v -0.003076 -0.040752 -0.152880
v -0.003060 -0.040752 -0.152880
v -0.003060 -0.045000 -0.152880
v -0.002276 -0.045000 -0.152880
v -0.002276 -0.039544 -0.152880
v -0.003012 -0.039544 -0.152880
v -0.004820 -0.041784 -0.152880
v -0.006636 -0.039544 -0.152880
v -0.007364 -0.039544 -0.152880
v -0.007364 -0.045000 -0.152880
v 0.003392 -0.039498 -0.152880
v 0.002986 -0.039574 -0.152880
v 0.002610 -0.039696 -0.152880
v 0.002267 -0.039860 -0.152880
v 0.001958 -0.040063 -0.152880
v 0.001685 -0.040302 -0.152880
v 0.001450 -0.040572 -0.152880
v 0.001253 -0.040871 -0.152880
v 0.001098 -0.041193 -0.152880
v 0.000984 -0.041537 -0.152880
v 0.000915 -0.041898 -0.152880
v 0.000892 -0.042272 -0.152880
v 0.000915 -0.042636 -0.152880
v 0.000982 -0.042991 -0.152880
v 0.001093 -0.043331 -0.152880
v 0.001247 -0.043652 -0.152880
v 0.001441 -0.043951 -0.152880
v 0.001675 -0.044224 -0.152880
v 0.001948 -0.044466 -0.152880
v 0.002257 -0.044673 -0.152880
v 0.002603 -0.044842 -0.152880
v 0.002984 -0.044967 -0.152880
v 0.003398 -0.045045 -0.152880
v 0.003844 -0.045072 -0.152880
v 0.004276 -0.045045 -0.152880
v 0.004679 -0.044967 -0.152880
v 0.005052 -0.044843 -0.152880
v 0.005392 -0.044675 -0.152880
v 0.005698 -0.044468 -0.152880
v 0.005969 -0.044227 -0.152880
v 0.006203 -0.043955 -0.152880
v 0.006397 -0.043656 -0.152880
v 0.006552 -0.043334 -0.152880
v 0.006664 -0.042993 -0.152880
v 0.006733 -0.042638 -0.152880
v 0.006756 -0.042272 -0.152880
v 0.006732 -0.041899 -0.152880
v 0.006662 -0.041540 -0.152880
v 0.006547 -0.041197 -0.152880
v 0.006390 -0.040874 -0.152880
v 0.006192 -0.040576 -0.152880
v 0.005955 -0.040305 -0.152880
v 0.005681 -0.040066 -0.152880
v 0.005373 -0.039862 -0.152880
v 0.005031 -0.039697 -0.152880
v 0.004659 -0.039574 -0.152880
v 0.004257 -0.039498 -0.152880
v 0.003828 -0.039472 -0.152880
v 0.003529 -0.044334 -0.152880
v 0.003245 -0.044281 -0.152880
v 0.002979 -0.044195 -0.152880
v 0.002732 -0.044078 -0.152880
v 0.002507 -0.043932 -0.152880
v 0.002305 -0.043759 -0.152880
v 0.002129 -0.043561 -0.152880
v 0.001980 -0.043341 -0.152880
v 0.001860 -0.043100 -0.152880
v 0.001773 -0.042840 -0.152880
v 0.001718 -0.042563 -0.152880
v 0.001700 -0.042272 -0.152880
v 0.001718 -0.041979 -0.152880
v 0.001773 -0.041701 -0.152880
v 0.001860 -0.041441 -0.152880
v 0.001980 -0.041199 -0.152880
v 0.002129 -0.040979 -0.152880
v 0.002305 -0.040782 -0.152880
v 0.002507 -0.040610 -0.152880
v 0.002732 -0.040465 -0.152880
v 0.002979 -0.040348 -0.152880
v 0.003245 -0.040263 -0.152880
v 0.003529 -0.040210 -0.152880
v 0.003828 -0.040192 -0.152880
v 0.004125 -0.040210 -0.152880
v 0.004407 -0.040263 -0.152880
v 0.004672 -0.040348 -0.152880
v 0.004918 -0.040465 -0.152880
v 0.005143 -0.040610 -0.152880
v 0.005344 -0.040782 -0.152880
v 0.005520 -0.040979 -0.152880
v 0.005669 -0.041199 -0.152880
v 0.005788 -0.041441 -0.152880
v 0.005875 -0.041701 -0.152880
v 0.005930 -0.041979 -0.152880
v 0.005948 -0.042272 -0.152880
v 0.005930 -0.042563 -0.152880
v 0.005875 -0.042840 -0.152880
v 0.005788 -0.043100 -0.152880
v 0.005669 -0.043341 -0.152880
v 0.005520 -0.043561 -0.152880
v 0.005344 -0.043759 -0.152880
v 0.005143 -0.043932 -0.152880
v 0.004918 -0.044078 -0.152880
v 0.004672 -0.044195 -0.152880
v 0.004407 -0.044281 -0.152880
v 0.004125 -0.044334 -0.152880
v 0.003828 -0.044352 -0.152880
v 0.009140 -0.040248 -0.152880
v 0.009140 -0.045000 -0.152880
v 0.009924 -0.045000 -0.152880
v 0.009924 -0.040248 -0.152880
v 0.011812 -0.040248 -0.152880
v 0.011812 -0.039544 -0.152880
v 0.007252 -0.039544 -0.152880
v 0.007252 -0.040248 -0.152880
v 0.014808 -0.039498 -0.152880
v 0.014402 -0.039574 -0.152880
v 0.014026 -0.039696 -0.152880
v 0.013683 -0.039860 -0.152880
v 0.013374 -0.040063 -0.152880
v 0.013101 -0.040302 -0.152880
v 0.012866 -0.040572 -0.152880
v 0.012669 -0.040871 -0.152880
v 0.012514 -0.041193 -0.152880
v 0.012400 -0.041537 -0.152880
v 0.012331 -0.041898 -0.152880
v 0.012308 -0.042272 -0.152880
v 0.012331 -0.042636 -0.152880
v 0.012398 -0.042991 -0.152880
v 0.012509 -0.043331 -0.152880
v 0.012663 -0.043652 -0.152880
v 0.012857 -0.043951 -0.152880
v 0.013091 -0.044224 -0.152880
v 0.013364 -0.044466 -0.152880
v 0.013673 -0.044673 -0.152880
v 0.014019 -0.044842 -0.152880
v 0.014400 -0.044967 -0.152880
v 0.014814 -0.045045 -0.152880
v 0.015260 -0.045072 -0.152880
v 0.015692 -0.045045 -0.152880
v 0.016095 -0.044967 -0.152880
v 0.016468 -0.044843 -0.152880
v 0.016808 -0.044675 -0.152880
v 0.017114 -0.044468 -0.152880
v 0.017385 -0.044227 -0.152880
v 0.017619 -0.043955 -0.152880
v 0.017813 -0.043656 -0.152880
v 0.017968 -0.043334 -0.152880
v 0.018080 -0.042993 -0.152880
v 0.018149 -0.042638 -0.152880
v 0.018172 -0.042272 -0.152880
v 0.018148 -0.041899 -0.152880
v 0.018078 -0.041540 -0.152880
v 0.017963 -0.041197 -0.152880
v 0.017806 -0.040874 -0.152880
v 0.017608 -0.040576 -0.152880
v 0.017371 -0.040305 -0.152880
v 0.017097 -0.040066 -0.152880
v 0.016789 -0.039862 -0.152880
v 0.016447 -0.039697 -0.152880
v 0.016075 -0.039574 -0.152880
v 0.015673 -0.039498 -0.152880
v 0.015244 -0.039472 -0.152880
v 0.014945 -0.044334 -0.152880
v 0.014661 -0.044281 -0.152880
v 0.014395 -0.044195 -0.152880
v 0.014148 -0.044078 -0.152880
v 0.013923 -0.043932 -0.152880
v 0.013721 -0.043759 -0.152880
v 0.013545 -0.043561 -0.152880
v 0.013396 -0.043341 -0.152880
v 0.013276 -0.043100 -0.152880
v 0.013189 -0.042840 -0.152880
v 0.013134 -0.042563 -0.152880
v 0.013116 -0.042272 -0.152880
v 0.013134 -0.041979 -0.152880
v 0.013189 -0.041701 -0.152880
v 0.013276 -0.041441 -0.152880
v 0.013396 -0.041199 -0.152880
v 0.013545 -0.040979 -0.152880
v 0.013721 -0.040782 -0.152880
v 0.013923 -0.040610 -0.152880
v 0.014148 -0.040465 -0.152880
v 0.014395 -0.040348 -0.152880
v 0.014661 -0.040263 -0.152880
v 0.014945 -0.040210 -0.152880
v 0.015244 -0.040192 -0.152880
v 0.015541 -0.040210 -0.152880
v 0.015823 -0.040263 -0.152880
v 0.016088 -0.040348 -0.152880
v 0.016334 -0.040465 -0.152880
v 0.016559 -0.040610 -0.152880
v 0.016760 -0.040782 -0.152880
v 0.016936 -0.040979 -0.152880
v 0.017085 -0.041199 -0.152880
v 0.017204 -0.041441 -0.152880
v 0.017291 -0.041701 -0.152880
v 0.017346 -0.041979 -0.152880
v 0.017364 -0.042272 -0.152880
v 0.017346 -0.042563 -0.152880
v 0.017291 -0.042840 -0.152880
v 0.017204 -0.043100 -0.152880
v 0.017085 -0.043341 -0.152880
v 0.016936 -0.043561 -0.152880
v 0.016760 -0.043759 -0.152880
v 0.016559 -0.043932 -0.152880
v 0.016334 -0.044078 -0.152880
v 0.016088 -0.044195 -0.152880
v 0.015823 -0.044281 -0.152880
v 0.015541 -0.044334 -0.152880
v 0.015244 -0.044352 -0.152880
v 0.019924 -0.045000 -0.152880
v 0.019924 -0.042624 -0.152880
v 0.022980 -0.042624 -0.152880
v 0.022980 -0.045000 -0.152880
v 0.023764 -0.045000 -0.152880
v 0.023764 -0.039544 -0.152880
v 0.022980 -0.039544 -0.152880
v 0.022980 -0.041920 -0.152880
v 0.019924 -0.041920 -0.152880
v 0.019924 -0.039544 -0.152880
v 0.019140 -0.039544 -0.152880
v 0.019140 -0.045000 -0.152880
v 0.025895 -0.039558 -0.152880
v 0.025638 -0.039600 -0.152880
v 0.025406 -0.039668 -0.152880
v 0.025200 -0.039759 -0.152880
v 0.025020 -0.039871 -0.152880
v 0.024865 -0.040004 -0.152880
v 0.024735 -0.040155 -0.152880
v 0.024629 -0.040321 -0.152880
v 0.024548 -0.040502 -0.152880
v 0.024490 -0.040696 -0.152880
v 0.024455 -0.040900 -0.152880
v 0.024444 -0.041112 -0.152880
v 0.024456 -0.041322 -0.152880
v 0.024493 -0.041522 -0.152880
v 0.024554 -0.041712 -0.152880
v 0.024640 -0.041889 -0.152880
v 0.024752 -0.042051 -0.152880
v 0.024890 -0.042197 -0.152880
v 0.025054 -0.042325 -0.152880
v 0.025245 -0.042434 -0.152880
v 0.025463 -0.042522 -0.152880
v 0.025709 -0.042586 -0.152880
v 0.025982 -0.042626 -0.152880
v 0.026284 -0.042640 -0.152880
v 0.027100 -0.042640 -0.152880
v 0.027100 -0.045000 -0.152880
v 0.027884 -0.045000 -0.152880
v 0.027884 -0.039544 -0.152880
v 0.026180 -0.039544 -0.152880
v 0.026212 -0.041936 -0.152880
v 0.026070 -0.041930 -0.152880
v 0.025938 -0.041910 -0.152880
v 0.025816 -0.041879 -0.152880
v 0.025704 -0.041835 -0.152880
v 0.025602 -0.041779 -0.152880
v 0.025513 -0.041712 -0.152880
v 0.025436 -0.041633 -0.152880
v 0.025371 -0.041544 -0.152880
v 0.025320 -0.041443 -0.152880
v 0.025283 -0.041332 -0.152880
v 0.025260 -0.041211 -0.152880
v 0.025252 -0.041080 -0.152880
v 0.025257 -0.040980 -0.152880
v 0.025271 -0.040879 -0.152880
v 0.025297 -0.040781 -0.152880
v 0.025334 -0.040687 -0.152880
v 0.025385 -0.040597 -0.152880
v 0.025449 -0.040514 -0.152880
v 0.025528 -0.040439 -0.152880
v 0.025623 -0.040375 -0.152880
v 0.025735 -0.040322 -0.152880
v 0.025864 -0.040282 -0.152880
v 0.026012 -0.040257 -0.152880
v 0.026180 -0.040248 -0.152880
v 0.027100 -0.040248 -0.152880
v 0.027100 -0.041936 -0.152880
v 0.025895 -0.039558 -0.152880
v 0.025895 -0.039558 -0.153120
v 0.025638 -0.039600 -0.152880
v 0.025638 -0.039600 -0.153120
v 0.025406 -0.039668 -0.152880
v 0.025406 -0.039668 -0.153120
v 0.025200 -0.039759 -0.152880
v 0.025200 -0.039759 -0.153120
v 0.025020 -0.039871 -0.152880
v 0.025020 -0.039871 -0.153120
v 0.024865 -0.040004 -0.152880
v 0.024865 -0.040004 -0.153120
v 0.024735 -0.040155 -0.152880
v 0.024735 -0.040155 -0.153120
v 0.024629 -0.040321 -0.152880
v 0.024629 -0.040321 -0.153120
v 0.024548 -0.040502 -0.152880
v 0.024548 -0.040502 -0.153120
v 0.024490 -0.040696 -0.152880
v 0.024490 -0.040696 -0.153120
v 0.024455 -0.040900 -0.152880
v 0.024455 -0.040900 -0.153120
v 0.024444 -0.041112 -0.152880
v 0.024444 -0.041112 -0.153120
v 0.024456 -0.041322 -0.152880
v 0.024456 -0.041322 -0.153120
v 0.024493 -0.041522 -0.152880
v 0.024493 -0.041522 -0.153120
v 0.024554 -0.041712 -0.152880
v 0.024554 -0.041712 -0.153120
v 0.024640 -0.041889 -0.152880
v 0.024640 -0.041889 -0.153120
v 0.024752 -0.042051 -0.152880
v 0.024752 -0.042051 -0.153120
v 0.024890 -0.042197 -0.152880
v 0.024890 -0.042197 -0.153120
v 0.025054 -0.042325 -0.152880
v 0.025054 -0.042325 -0.153120
v 0.025245 -0.042434 -0.152880
v 0.025245 -0.042434 -0.153120
v 0.025463 -0.042522 -0.152880
v 0.025463 -0.042522 -0.153120
v 0.025709 -0.042586 -0.152880
v 0.025709 -0.042586 -0.153120
v 0.025982 -0.042626 -0.152880
v 0.025982 -0.042626 -0.153120
v 0.026284 -0.042640 -0.152880
v 0.026284 -0.042640 -0.153120
v 0.027100 -0.042640 -0.152880
v 0.027100 -0.042640 -0.153120
v 0.027100 -0.045000 -0.152880
v 0.027100 -0.045000 -0.153120
v 0.027884 -0.045000 -0.152880
v 0.027884 -0.045000 -0.153120
v 0.027884 -0.039544 -0.152880
v 0.027884 -0.039544 -0.153120
v 0.026180 -0.039544 -0.152880
v 0.026180 -0.039544 -0.153120
v 0.026212 -0.041936 -0.152880
v 0.026212 -0.041936 -0.153120
v 0.026070 -0.041930 -0.152880
v 0.026070 -0.041930 -0.153120
v 0.025938 -0.041910 -0.152880
v 0.025938 -0.041910 -0.153120
v 0.025816 -0.041879 -0.152880
v 0.025816 -0.041879 -0.153120
v 0.025704 -0.041835 -0.152880
v 0.025704 -0.041835 -0.153120
v 0.025602 -0.041779 -0.152880
v 0.025602 -0.041779 -0.153120
v 0.025513 -0.041712 -0.152880
v 0.025513 -0.041712 -0.153120
v 0.025436 -0.041633 -0.152880
v 0.025436 -0.041633 -0.153120
v 0.025371 -0.041544 -0.152880
v 0.025371 -0.041544 -0.153120
v 0.025320 -0.041443 -0.152880
v 0.025320 -0.041443 -0.153120
v 0.025283 -0.041332 -0.152880
v 0.025283 -0.041332 -0.153120
v 0.025260 -0.041211 -0.152880
v 0.025260 -0.041211 -0.153120
v 0.025252 -0.041080 -0.152880
v 0.025252 -0.041080 -0.153120
v 0.025257 -0.040980 -0.152880
v 0.025257 -0.040980 -0.153120
v 0.025271 -0.040879 -0.152880
v 0.025271 -0.040879 -0.153120
v 0.025297 -0.040781 -0.152880
v 0.025297 -0.040781 -0.153120
v 0.025334 -0.040687 -0.152880
v 0.025334 -0.040687 -0.153120
v 0.025385 -0.040597 -0.152880
v 0.025385 -0.040597 -0.153120
v 0.025449 -0.040514 -0.152880
v 0.025449 -0.040514 -0.153120
v 0.025528 -0.040439 -0.152880
v 0.025528 -0.040439 -0.153120
v 0.025623 -0.040375 -0.152880
v 0.025623 -0.040375 -0.153120
v 0.025735 -0.040322 -0.152880
v 0.025735 -0.040322 -0.153120
v 0.025864 -0.040282 -0.152880
v 0.025864 -0.040282 -0.153120
v 0.026012 -0.040257 -0.152880
v 0.026012 -0.040257 -0.153120
v 0.026180 -0.040248 -0.152880
v 0.026180 -0.040248 -0.153120
v 0.027100 -0.040248 -0.152880
v 0.027100 -0.040248 -0.153120
v 0.027100 -0.041936 -0.152880
v 0.027100 -0.041936 -0.153120
v 0.019924 -0.045000 -0.152880
v 0.019924 -0.045000 -0.153120
v 0.019924 -0.042624 -0.152880
v 0.019924 -0.042624 -0.153120
v 0.022980 -0.042624 -0.152880
v 0.022980 -0.042624 -0.153120
v 0.022980 -0.045000 -0.152880
v 0.022980 -0.045000 -0.153120
v 0.023764 -0.045000 -0.152880
v 0.023764 -0.045000 -0.153120
v 0.023764 -0.039544 -0.152880
v 0.023764 -0.039544 -0.153120
v 0.022980 -0.039544 -0.152880
v 0.022980 -0.039544 -0.153120
v 0.022980 -0.041920 -0.152880
v 0.022980 -0.041920 -0.153120
v 0.019924 -0.041920 -0.152880
v 0.019924 -0.041920 -0.153120
v 0.019924 -0.039544 -0.152880
v 0.019924 -0.039544 -0.153120
v 0.019140 -0.039544 -0.152880
v 0.019140 -0.039544 -0.153120
v 0.019140 -0.045000 -0.152880
v 0.019140 -0.045000 -0.153120
v 0.014808 -0.039498 -0.152880
v 0.014808 -0.039498 -0.153120
v 0.014402 -0.039574 -0.152880
v 0.014402 -0.039574 -0.153120
v 0.014026 -0.039696 -0.152880
v 0.014026 -0.039696 -0.153120
v 0.013683 -0.039860 -0.152880
v 0.013683 -0.039860 -0.153120
v 0.013374 -0.040063 -0.152880
v 0.013374 -0.040063 -0.153120
v 0.013101 -0.040302 -0.152880
v 0.013101 -0.040302 -0.153120
v 0.012866 -0.040572 -0.152880
v 0.012866 -0.040572 -0.153120
v 0.012669 -0.040871 -0.152880
v 0.012669 -0.040871 -0.153120
v 0.012514 -0.041193 -0.152880
v 0.012514 -0.041193 -0.153120
v 0.012400 -0.041537 -0.152880
v 0.012400 -0.041537 -0.153120
v 0.012331 -0.041898 -0.152880
v 0.012331 -0.041898 -0.153120
v 0.012308 -0.042272 -0.152880
v 0.012308 -0.042272 -0.153120
v 0.012331 -0.042636 -0.152880
v 0.012331 -0.042636 -0.153120
v 0.012398 -0.042991 -0.152880
v 0.012398 -0.042991 -0.153120
v 0.012509 -0.043331 -0.152880
v 0.012509 -0.043331 -0.153120
v 0.012663 -0.043652 -0.152880
v 0.012663 -0.043652 -0.153120
v 0.012857 -0.043951 -0.152880
v 0.012857 -0.043951 -0.153120
v 0.013091 -0.044224 -0.152880
v 0.013091 -0.044224 -0.153120
v 0.013364 -0.044466 -0.152880
v 0.013364 -0.044466 -0.153120
v 0.013673 -0.044673 -0.152880
v 0.013673 -0.044673 -0.153120
v 0.014019 -0.044842 -0.152880
v 0.014019 -0.044842 -0.153120
v 0.014400 -0.044967 -0.152880
v 0.014400 -0.044967 -0.153120
v 0.014814 -0.045045 -0.152880
v 0.014814 -0.045045 -0.153120
v 0.015260 -0.045072 -0.152880
v 0.015260 -0.045072 -0.153120
v 0.015692 -0.045045 -0.152880
v 0.015692 -0.045045 -0.153120
v 0.016095 -0.044967 -0.152880
v 0.016095 -0.044967 -0.153120
v 0.016468 -0.044843 -0.152880
v 0.016468 -0.044843 -0.153120
v 0.016808 -0.044675 -0.152880
v 0.016808 -0.044675 -0.153120
v 0.017114 -0.044468 -0.152880
v 0.017114 -0.044468 -0.153120
v 0.017385 -0.044227 -0.152880
v 0.017385 -0.044227 -0.153120
v 0.017619 -0.043955 -0.152880
v 0.017619 -0.043955 -0.153120
v 0.017813 -0.043656 -0.152880
v 0.017813 -0.043656 -0.153120
v 0.017968 -0.043334 -0.152880
v 0.017968 -0.043334 -0.153120
v 0.018080 -0.042993 -0.152880
v 0.018080 -0.042993 -0.153120
v 0.018149 -0.042638 -0.152880
v 0.018149 -0.042638 -0.153120
v 0.018172 -0.042272 -0.152880
v 0.018172 -0.042272 -0.153120
v 0.018148 -0.041899 -0.152880
v 0.018148 -0.041899 -0.153120
v 0.018078 -0.041540 -0.152880
v 0.018078 -0.041540 -0.153120
v 0.017963 -0.041197 -0.152880
v 0.017963 -0.041197 -0.153120
v 0.017806 -0.040874 -0.152880
v 0.017806 -0.040874 -0.153120
v 0.017608 -0.040576 -0.152880
v 0.017608 -0.040576 -0.153120
v 0.017371 -0.040305 -0.152880
v 0.017371 -0.040305 -0.153120
v 0.017097 -0.040066 -0.152880
v 0.017097 -0.040066 -0.153120
v 0.016789 -0.039862 -0.152880
v 0.016789 -0.039862 -0.153120
v 0.016447 -0.039697 -0.152880
v 0.016447 -0.039697 -0.153120
v 0.016075 -0.039574 -0.152880
v 0.016075 -0.039574 -0.153120
v 0.015673 -0.039498 -0.152880
v 0.015673 -0.039498 -0.153120
v 0.015244 -0.039472 -0.152880
v 0.015244 -0.039472 -0.153120
v 0.014945 -0.044334 -0.152880
v 0.014945 -0.044334 -0.153120
v 0.014661 -0.044281 -0.152880
v 0.014661 -0.044281 -0.153120
v 0.014395 -0.044195 -0.152880
v 0.014395 -0.044195 -0.153120
v 0.014148 -0.044078 -0.152880
v 0.014148 -0.044078 -0.153120
v 0.013923 -0.043932 -0.152880
v 0.013923 -0.043932 -0.153120
v 0.013721 -0.043759 -0.152880
v 0.013721 -0.043759 -0.153120
v 0.013545 -0.043561 -0.152880
v 0.013545 -0.043561 -0.153120
v 0.013396 -0.043341 -0.152880
v 0.013396 -0.043341 -0.153120
v 0.013276 -0.043100 -0.152880
v 0.013276 -0.043100 -0.153120
v 0.013189 -0.042840 -0.152880
v 0.013189 -0.042840 -0.153120
v 0.013134 -0.042563 -0.152880
v 0.013134 -0.042563 -0.153120
v 0.013116 -0.042272 -0.152880
v 0.013116 -0.042272 -0.153120
v 0.013134 -0.041979 -0.152880
v 0.013134 -0.041979 -0.153120
v 0.013189 -0.041701 -0.152880
v 0.013189 -0.041701 -0.153120
v 0.013276 -0.041441 -0.152880
v 0.013276 -0.041441 -0.153120
v 0.013396 -0.041199 -0.152880
v 0.013396 -0.041199 -0.153120
v 0.013545 -0.040979 -0.152880
v 0.013545 -0.040979 -0.153120
v 0.013721 -0.040782 -0.152880
v 0.013721 -0.040782 -0.153120
v 0.013923 -0.040610 -0.152880
v 0.013923 -0.040610 -0.153120
v 0.014148 -0.040465 -0.152880
v 0.014148 -0.040465 -0.153120
v 0.014395 -0.040348 -0.152880
v 0.014395 -0.040348 -0.153120
v 0.014661 -0.040263 -0.152880
v 0.014661 -0.040263 -0.153120
v 0.014945 -0.040210 -0.152880
v 0.014945 -0.040210 -0.153120
v 0.015244 -0.040192 -0.152880
v 0.015244 -0.040192 -0.153120
v 0.015541 -0.040210 -0.152880
v 0.015541 -0.040210 -0.153120
v 0.015823 -0.040263 -0.152880
v 0.015823 -0.040263 -0.153120
v 0.016088 -0.040348 -0.152880
v 0.016088 -0.040348 -0.153120
v 0.016334 -0.040465 -0.152880
v 0.016334 -0.040465 -0.153120
v 0.016559 -0.040610 -0.152880
v 0.016559 -0.040610 -0.153120
v 0.016760 -0.040782 -0.152880
v 0.016760 -0.040782 -0.153120
v 0.016936 -0.040979 -0.152880
v 0.016936 -0.040979 -0.153120
v 0.017085 -0.041199 -0.152880
v 0.017085 -0.041199 -0.153120
v 0.017204 -0.041441 -0.152880
v 0.017204 -0.041441 -0.153120
v 0.017291 -0.041701 -0.152880
v 0.017291 -0.041701 -0.153120
v 0.017346 -0.041979 -0.152880
v 0.017346 -0.041979 -0.153120
v 0.017364 -0.042272 -0.152880
v 0.017364 -0.042272 -0.153120
v 0.017346 -0.042563 -0.152880
v 0.017346 -0.042563 -0.153120
v 0.017291 -0.042840 -0.152880
v 0.017291 -0.042840 -0.153120
v 0.017204 -0.043100 -0.152880
v 0.017204 -0.043100 -0.153120
v 0.017085 -0.043341 -0.152880
v 0.017085 -0.043341 -0.153120
v 0.016936 -0.043561 -0.152880
v 0.016936 -0.043561 -0.153120
v 0.016760 -0.043759 -0.152880
v 0.016760 -0.043759 -0.153120
v 0.016559 -0.043932 -0.152880
v 0.016559 -0.043932 -0.153120
v 0.016334 -0.044078 -0.152880
v 0.016334 -0.044078 -0.153120
v 0.016088 -0.044195 -0.152880
v 0.016088 -0.044195 -0.153120
v 0.015823 -0.044281 -0.152880
v 0.015823 -0.044281 -0.153120
v 0.015541 -0.044334 -0.152880
v 0.015541 -0.044334 -0.153120
v 0.015244 -0.044352 -0.152880
v 0.015244 -0.044352 -0.153120
v 0.009140 -0.040248 -0.152880
v 0.009140 -0.040248 -0.153120
v 0.009140 -0.045000 -0.152880
v 0.009140 -0.045000 -0.153120
v 0.009924 -0.045000 -0.152880
v 0.009924 -0.045000 -0.153120
v 0.009924 -0.040248 -0.152880
v 0.009924 -0.040248 -0.153120
v 0.011812 -0.040248 -0.152880
v 0.011812 -0.040248 -0.153120
v 0.011812 -0.039544 -0.152880
v 0.011812 -0.039544 -0.153120
v 0.007252 -0.039544 -0.152880
v 0.007252 -0.039544 -0.153120
v 0.007252 -0.040248 -0.152880
v 0.007252 -0.040248 -0.153120
v 0.003392 -0.039498 -0.152880
v 0.003392 -0.039498 -0.153120
v 0.002986 -0.039574 -0.152880
v 0.002986 -0.039574 -0.153120
v 0.002610 -0.039696 -0.152880
v 0.002610 -0.039696 -0.153120
v 0.002267 -0.039860 -0.152880
v 0.002267 -0.039860 -0.153120
v 0.001958 -0.040063 -0.152880
v 0.001958 -0.040063 -0.153120
v 0.001685 -0.040302 -0.152880
v 0.001685 -0.040302 -0.153120
v 0.001450 -0.040572 -0.152880
v 0.001450 -0.040572 -0.153120
v 0.001253 -0.040871 -0.152880
v 0.001253 -0.040871 -0.153120
v 0.001098 -0.041193 -0.152880
v 0.001098 -0.041193 -0.153120
v 0.000984 -0.041537 -0.152880
v 0.000984 -0.041537 -0.153120
v 0.000915 -0.041898 -0.152880
v 0.000915 -0.041898 -0.153120
v 0.000892 -0.042272 -0.152880
v 0.000892 -0.042272 -0.153120
v 0.000915 -0.042636 -0.152880
v 0.000915 -0.042636 -0.153120
v 0.000982 -0.042991 -0.152880
v 0.000982 -0.042991 -0.153120
v 0.001093 -0.043331 -0.152880
v 0.001093 -0.043331 -0.153120
v 0.001247 -0.043652 -0.152880
v 0.001247 -0.043652 -0.153120
v 0.001441 -0.043951 -0.152880
v 0.001441 -0.043951 -0.153120
v 0.001675 -0.044224 -0.152880
v 0.001675 -0.044224 -0.153120
v 0.001948 -0.044466 -0.152880
v 0.001948 -0.044466 -0.153120
v 0.002257 -0.044673 -0.152880
v 0.002257 -0.044673 -0.153120
v 0.002603 -0.044842 -0.152880
v 0.002603 -0.044842 -0.153120
v 0.002984 -0.044967 -0.152880
v 0.002984 -0.044967 -0.153120
v 0.003398 -0.045045 -0.152880
v 0.003398 -0.045045 -0.153120
v 0.003844 -0.045072 -0.152880
v 0.003844 -0.045072 -0.153120
v 0.004276 -0.045045 -0.152880
v 0.004276 -0.045045 -0.153120
v 0.004679 -0.044967 -0.152880
v 0.004679 -0.044967 -0.153120
v 0.005052 -0.044843 -0.152880
v 0.005052 -0.044843 -0.153120
v 0.005392 -0.044675 -0.152880
v 0.005392 -0.044675 -0.153120
v 0.005698 -0.044468 -0.152880
v 0.005698 -0.044468 -0.153120
v 0.005969 -0.044227 -0.152880
v 0.005969 -0.044227 -0.153120
v 0.006203 -0.043955 -0.152880
v 0.006203 -0.043955 -0.153120
v 0.006397 -0.043656 -0.152880
v 0.006397 -0.043656 -0.153120
v 0.006552 -0.043334 -0.152880
v 0.006552 -0.043334 -0.153120
v 0.006664 -0.042993 -0.152880
v 0.006664 -0.042993 -0.153120
v 0.006733 -0.042638 -0.152880
v 0.006733 -0.042638 -0.153120
v 0.006756 -0.042272 -0.152880
v 0.006756 -0.042272 -0.153120
v 0.006732 -0.041899 -0.152880
v 0.006732 -0.041899 -0.153120
v 0.006662 -0.041540 -0.152880
v 0.006662 -0.041540 -0.153120
v 0.006547 -0.041197 -0.152880
v 0.006547 -0.041197 -0.153120
v 0.006390 -0.040874 -0.152880
v 0.006390 -0.040874 -0.153120
v 0.006192 -0.040576 -0.152880
v 0.006192 -0.040576 -0.153120
v 0.005955 -0.040305 -0.152880
v 0.005955 -0.040305 -0.153120
v 0.005681 -0.040066 -0.152880
v 0.005681 -0.040066 -0.153120
v 0.005373 -0.039862 -0.152880
v 0.005373 -0.039862 -0.153120
v 0.005031 -0.039697 -0.152880
v 0.005031 -0.039697 -0.153120
v 0.004659 -0.039574 -0.152880
v 0.004659 -0.039574 -0.153120
v 0.004257 -0.039498 -0.152880
v 0.004257 -0.039498 -0.153120
v 0.003828 -0.039472 -0.152880
v 0.003828 -0.039472 -0.153120
v 0.003529 -0.044334 -0.152880
v 0.003529 -0.044334 -0.153120
v 0.003245 -0.044281 -0.152880
v 0.003245 -0.044281 -0.153120
v 0.002979 -0.044195 -0.152880
v 0.002979 -0.044195 -0.153120
v 0.002732 -0.044078 -0.152880
v 0.002732 -0.044078 -0.153120
v 0.002507 -0.043932 -0.152880
v 0.002507 -0.043932 -0.153120
v 0.002305 -0.043759 -0.152880
v 0.002305 -0.043759 -0.153120
v 0.002129 -0.043561 -0.152880
v 0.002129 -0.043561 -0.153120
v 0.001980 -0.043341 -0.152880
v 0.001980 -0.043341 -0.153120
v 0.001860 -0.043100 -0.152880
v 0.001860 -0.043100 -0.153120
v 0.001773 -0.042840 -0.152880
v 0.001773 -0.042840 -0.153120
v 0.001718 -0.042563 -0.152880
v 0.001718 -0.042563 -0.153120
v 0.001700 -0.042272 -0.152880
v 0.001700 -0.042272 -0.153120
v 0.001718 -0.041979 -0.152880
v 0.001718 -0.041979 -0.153120
v 0.001773 -0.041701 -0.152880
v 0.001773 -0.041701 -0.153120
v 0.001860 -0.041441 -0.152880
v 0.001860 -0.041441 -0.153120
v 0.001980 -0.041199 -0.152880
v 0.001980 -0.041199 -0.153120
v 0.002129 -0.040979 -0.152880
v 0.002129 -0.040979 -0.153120
v 0.002305 -0.040782 -0.152880
v 0.002305 -0.040782 -0.153120
v 0.002507 -0.040610 -0.152880
v 0.002507 -0.040610 -0.153120
v 0.002732 -0.040465 -0.152880
v 0.002732 -0.040465 -0.153120
v 0.002979 -0.040348 -0.152880
v 0.002979 -0.040348 -0.153120
v 0.003245 -0.040263 -0.152880
v 0.003245 -0.040263 -0.153120
v 0.003529 -0.040210 -0.152880
v 0.003529 -0.040210 -0.153120
v 0.003828 -0.040192 -0.152880
v 0.003828 -0.040192 -0.153120
v 0.004125 -0.040210 -0.152880
v 0.004125 -0.040210 -0.153120
v 0.004407 -0.040263 -0.152880
v 0.004407 -0.040263 -0.153120
v 0.004672 -0.040348 -0.152880
v 0.004672 -0.040348 -0.153120
v 0.004918 -0.040465 -0.152880
v 0.004918 -0.040465 -0.153120
v 0.005143 -0.040610 -0.152880
v 0.005143 -0.040610 -0.153120
v 0.005344 -0.040782 -0.152880
v 0.005344 -0.040782 -0.153120
v 0.005520 -0.040979 -0.152880
v 0.005520 -0.040979 -0.153120
v 0.005669 -0.041199 -0.152880
v 0.005669 -0.041199 -0.153120
v 0.005788 -0.041441 -0.152880
v 0.005788 -0.041441 -0.153120
v 0.005875 -0.041701 -0.152880
v 0.005875 -0.041701 -0.153120
v 0.005930 -0.041979 -0.152880
v 0.005930 -0.041979 -0.153120
v 0.005948 -0.042272 -0.152880
v 0.005948 -0.042272 -0.153120
v 0.005930 -0.042563 -0.152880
v 0.005930 -0.042563 -0.153120
v 0.005875 -0.042840 -0.152880
v 0.005875 -0.042840 -0.153120
v 0.005788 -0.043100 -0.152880
v 0.005788 -0.043100 -0.153120
v 0.005669 -0.043341 -0.152880
v 0.005669 -0.043341 -0.153120
v 0.005520 -0.043561 -0.152880
v 0.005520 -0.043561 -0.153120
v 0.005344 -0.043759 -0.152880
v 0.005344 -0.043759 -0.153120
v 0.005143 -0.043932 -0.152880
v 0.005143 -0.043932 -0.153120
v 0.004918 -0.044078 -0.152880
v 0.004918 -0.044078 -0.153120
v 0.004672 -0.044195 -0.152880
v 0.004672 -0.044195 -0.153120
v 0.004407 -0.044281 -0.152880
v 0.004407 -0.044281 -0.153120
v 0.004125 -0.044334 -0.152880
v 0.004125 -0.044334 -0.153120
v 0.003828 -0.044352 -0.152880
v 0.003828 -0.044352 -0.153120
v -0.006580 -0.045000 -0.152880
v -0.006580 -0.045000 -0.153120
v -0.006580 -0.040752 -0.152880
v -0.006580 -0.040752 -0.153120
v -0.006564 -0.040752 -0.152880
v -0.006564 -0.040752 -0.153120
v -0.004884 -0.042864 -0.152880
v -0.004884 -0.042864 -0.153120
v -0.004756 -0.042864 -0.152880
v -0.004756 -0.042864 -0.153120
v -0.003076 -0.040752 -0.152880
v -0.003076 -0.040752 -0.153120
v -0.003060 -0.040752 -0.152880
v -0.003060 -0.040752 -0.153120
v -0.003060 -0.045000 -0.152880
v -0.003060 -0.045000 -0.153120
v -0.002276 -0.045000 -0.152880
v -0.002276 -0.045000 -0.153120
v -0.002276 -0.039544 -0.152880
v -0.002276 -0.039544 -0.153120
v -0.003012 -0.039544 -0.152880
v -0.003012 -0.039544 -0.153120
v -0.004820 -0.041784 -0.152880
v -0.004820 -0.041784 -0.153120
v -0.006636 -0.039544 -0.152880
v -0.006636 -0.039544 -0.153120
v -0.007364 -0.039544 -0.152880
v -0.007364 -0.039544 -0.153120
v -0.007364 -0.045000 -0.152880
v -0.007364 -0.045000 -0.153120
v -0.011664 -0.039498 -0.152880
v -0.011664 -0.039498 -0.153120
v -0.012070 -0.039574 -0.152880
v -0.012070 -0.039574 -0.153120
v -0.012446 -0.039696 -0.152880
v -0.012446 -0.039696 -0.153120
v -0.012789 -0.039860 -0.152880
v -0.012789 -0.039860 -0.153120
v -0.013098 -0.040063 -0.152880
v -0.013098 -0.040063 -0.153120
v -0.013371 -0.040302 -0.152880
v -0.013371 -0.040302 -0.153120
v -0.013606 -0.040572 -0.152880
v -0.013606 -0.040572 -0.153120
v -0.013803 -0.040871 -0.152880
v -0.013803 -0.040871 -0.153120
v -0.013958 -0.041193 -0.152880
v -0.013958 -0.041193 -0.153120
v -0.014072 -0.041537 -0.152880
v -0.014072 -0.041537 -0.153120
v -0.014141 -0.041898 -0.152880
v -0.014141 -0.041898 -0.153120
v -0.014164 -0.042272 -0.152880
v -0.014164 -0.042272 -0.153120
v -0.014141 -0.042636 -0.152880
v -0.014141 -0.042636 -0.153120
v -0.014074 -0.042991 -0.152880
v -0.014074 -0.042991 -0.153120
v -0.013963 -0.043331 -0.152880
v -0.013963 -0.043331 -0.153120
v -0.013809 -0.043652 -0.152880
v -0.013809 -0.043652 -0.153120
v -0.013615 -0.043951 -0.152880
v -0.013615 -0.043951 -0.153120
v -0.013381 -0.044224 -0.152880
v -0.013381 -0.044224 -0.153120
v -0.013108 -0.044466 -0.152880
v -0.013108 -0.044466 -0.153120
v -0.012799 -0.044673 -0.152880
v -0.012799 -0.044673 -0.153120
v -0.012453 -0.044842 -0.152880
v -0.012453 -0.044842 -0.153120
v -0.012072 -0.044967 -0.152880
v -0.012072 -0.044967 -0.153120
v -0.011658 -0.045045 -0.152880
v -0.011658 -0.045045 -0.153120
v -0.011212 -0.045072 -0.152880
v -0.011212 -0.045072 -0.153120
v -0.010780 -0.045045 -0.152880
v -0.010780 -0.045045 -0.153120
v -0.010377 -0.044967 -0.152880
v -0.010377 -0.044967 -0.153120
v -0.010004 -0.044843 -0.152880
v -0.010004 -0.044843 -0.153120
v -0.009664 -0.044675 -0.152880
v -0.009664 -0.044675 -0.153120
v -0.009358 -0.044468 -0.152880
v -0.009358 -0.044468 -0.153120
v -0.009087 -0.044227 -0.152880
v -0.009087 -0.044227 -0.153120
v -0.008853 -0.043955 -0.152880
v -0.008853 -0.043955 -0.153120
v -0.008659 -0.043656 -0.152880
v -0.008659 -0.043656 -0.153120
v -0.008504 -0.043334 -0.152880
v -0.008504 -0.043334 -0.153120
v -0.008392 -0.042993 -0.152880
v -0.008392 -0.042993 -0.153120
v -0.008323 -0.042638 -0.152880
v -0.008323 -0.042638 -0.153120
v -0.008300 -0.042272 -0.152880
v -0.008300 -0.042272 -0.153120
v -0.008324 -0.041899 -0.152880
v -0.008324 -0.041899 -0.153120
v -0.008394 -0.041540 -0.152880
v -0.008394 -0.041540 -0.153120
v -0.008509 -0.041197 -0.152880
v -0.008509 -0.041197 -0.153120
v -0.008666 -0.040874 -0.152880
v -0.008666 -0.040874 -0.153120
v -0.008864 -0.040576 -0.152880
v -0.008864 -0.040576 -0.153120
v -0.009101 -0.040305 -0.152880
v -0.009101 -0.040305 -0.153120
v -0.009375 -0.040066 -0.152880
v -0.009375 -0.040066 -0.153120
v -0.009683 -0.039862 -0.152880
v -0.009683 -0.039862 -0.153120
v -0.010025 -0.039697 -0.152880
v -0.010025 -0.039697 -0.153120
v -0.010397 -0.039574 -0.152880
v -0.010397 -0.039574 -0.153120
v -0.010799 -0.039498 -0.152880
v -0.010799 -0.039498 -0.153120
v -0.011228 -0.039472 -0.152880
v -0.011228 -0.039472 -0.153120
v -0.011527 -0.044334 -0.152880
v -0.011527 -0.044334 -0.153120
v -0.011811 -0.044281 -0.152880
v -0.011811 -0.044281 -0.153120
v -0.012077 -0.044195 -0.152880
v -0.012077 -0.044195 -0.153120
v -0.012324 -0.044078 -0.152880
v -0.012324 -0.044078 -0.153120
v -0.012549 -0.043932 -0.152880
v -0.012549 -0.043932 -0.153120
v -0.012751 -0.043759 -0.152880
v -0.012751 -0.043759 -0.153120
v -0.012927 -0.043561 -0.152880
v -0.012927 -0.043561 -0.153120
v -0.013076 -0.043341 -0.152880
v -0.013076 -0.043341 -0.153120
v -0.013196 -0.043100 -0.152880
v -0.013196 -0.043100 -0.153120
v -0.013283 -0.042840 -0.152880
v -0.013283 -0.042840 -0.153120
v -0.013338 -0.042563 -0.152880
v -0.013338 -0.042563 -0.153120
v -0.013356 -0.042272 -0.152880
v -0.013356 -0.042272 -0.153120
v -0.013338 -0.041979 -0.152880
v -0.013338 -0.041979 -0.153120
v -0.013283 -0.041701 -0.152880
v -0.013283 -0.041701 -0.153120
v -0.013196 -0.041441 -0.152880
v -0.013196 -0.041441 -0.153120
v -0.013076 -0.041199 -0.152880
v -0.013076 -0.041199 -0.153120
v -0.012927 -0.040979 -0.152880
v -0.012927 -0.040979 -0.153120
v -0.012751 -0.040782 -0.152880
v -0.012751 -0.040782 -0.153120
v -0.012549 -0.040610 -0.152880
v -0.012549 -0.040610 -0.153120
v -0.012324 -0.040465 -0.152880
v -0.012324 -0.040465 -0.153120
v -0.012077 -0.040348 -0.152880
v -0.012077 -0.040348 -0.153120
v -0.011811 -0.040263 -0.152880
v -0.011811 -0.040263 -0.153120
v -0.011527 -0.040210 -0.152880
v -0.011527 -0.040210 -0.153120
v -0.011228 -0.040192 -0.152880
v -0.011228 -0.040192 -0.153120
v -0.010931 -0.040210 -0.152880
v -0.010931 -0.040210 -0.153120
v -0.010649 -0.040263 -0.152880
v -0.010649 -0.040263 -0.153120
v -0.010384 -0.040348 -0.152880
v -0.010384 -0.040348 -0.153120
v -0.010138 -0.040465 -0.152880
v -0.010138 -0.040465 -0.153120
v -0.009913 -0.040610 -0.152880
v -0.009913 -0.040610 -0.153120
v -0.009712 -0.040782 -0.152880
v -0.009712 -0.040782 -0.153120
v -0.009536 -0.040979 -0.152880
v -0.009536 -0.040979 -0.153120
v -0.009387 -0.041199 -0.152880
v -0.009387 -0.041199 -0.153120
v -0.009268 -0.041441 -0.152880
v -0.009268 -0.041441 -0.153120
v -0.009181 -0.041701 -0.152880
v -0.009181 -0.041701 -0.153120
v -0.009126 -0.041979 -0.152880
v -0.009126 -0.041979 -0.153120
v -0.009108 -0.042272 -0.152880
v -0.009108 -0.042272 -0.153120
v -0.009126 -0.042563 -0.152880
v -0.009126 -0.042563 -0.153120
v -0.009181 -0.042840 -0.152880
v -0.009181 -0.042840 -0.153120
v -0.009268 -0.043100 -0.152880
v -0.009268 -0.043100 -0.153120
v -0.009387 -0.043341 -0.152880
v -0.009387 -0.043341 -0.153120
v -0.009536 -0.043561 -0.152880
v -0.009536 -0.043561 -0.153120
v -0.009712 -0.043759 -0.152880
v -0.009712 -0.043759 -0.153120
v -0.009913 -0.043932 -0.152880
v -0.009913 -0.043932 -0.153120
v -0.010138 -0.044078 -0.152880
v -0.010138 -0.044078 -0.153120
v -0.010384 -0.044195 -0.152880
v -0.010384 -0.044195 -0.153120
v -0.010649 -0.044281 -0.152880
v -0.010649 -0.044281 -0.153120
v -0.010931 -0.044334 -0.152880
v -0.010931 -0.044334 -0.153120
v -0.011228 -0.044352 -0.152880
v -0.011228 -0.044352 -0.153120
v -0.017252 -0.039544 -0.152880
v -0.017252 -0.039544 -0.153120
v -0.017733 -0.039573 -0.152880
v -0.017733 -0.039573 -0.153120
v -0.018167 -0.039657 -0.152880
v -0.018167 -0.039657 -0.153120
v -0.018556 -0.039789 -0.152880
v -0.018556 -0.039789 -0.153120
v -0.018901 -0.039965 -0.152880
v -0.018901 -0.039965 -0.153120
v -0.019202 -0.040179 -0.152880
v -0.019202 -0.040179 -0.153120
v -0.019460 -0.040425 -0.152880
v -0.019460 -0.040425 -0.153120
v -0.019676 -0.040698 -0.152880
v -0.019676 -0.040698 -0.153120
v -0.019851 -0.040992 -0.152880
v -0.019851 -0.040992 -0.153120
v -0.019986 -0.041302 -0.152880
v -0.019986 -0.041302 -0.153120
v -0.020081 -0.041623 -0.152880
v -0.020081 -0.041623 -0.153120
v -0.020137 -0.041948 -0.152880
v -0.020137 -0.041948 -0.153120
v -0.020156 -0.042272 -0.152880
v -0.020156 -0.042272 -0.153120
v -0.020133 -0.042620 -0.152880
v -0.020133 -0.042620 -0.153120
v -0.020066 -0.042960 -0.152880
v -0.020066 -0.042960 -0.153120
v -0.019957 -0.043289 -0.152880
v -0.019957 -0.043289 -0.153120
v -0.019805 -0.043601 -0.152880
v -0.019805 -0.043601 -0.153120
v -0.019614 -0.043894 -0.152880
v -0.019614 -0.043894 -0.153120
v -0.019383 -0.044161 -0.152880
v -0.019383 -0.044161 -0.153120
v -0.019115 -0.044399 -0.152880
v -0.019115 -0.044399 -0.153120
v -0.018811 -0.044604 -0.152880
v -0.018811 -0.044604 -0.153120
v -0.018472 -0.044771 -0.152880
v -0.018472 -0.044771 -0.153120
v -0.018100 -0.044895 -0.152880
v -0.018100 -0.044895 -0.153120
v -0.017695 -0.044973 -0.152880
v -0.017695 -0.044973 -0.153120
v -0.017260 -0.045000 -0.152880
v -0.017260 -0.045000 -0.153120
v -0.015132 -0.045000 -0.152880
v -0.015132 -0.045000 -0.153120
v -0.015132 -0.039544 -0.152880
v -0.015132 -0.039544 -0.153120
v -0.017164 -0.044296 -0.152880
v -0.017164 -0.044296 -0.153120
v -0.017580 -0.044269 -0.152880
v -0.017580 -0.044269 -0.153120
v -0.017942 -0.044193 -0.152880
v -0.017942 -0.044193 -0.153120
v -0.018255 -0.044074 -0.152880
v -0.018255 -0.044074 -0.153120
v -0.018520 -0.043921 -0.152880
v -0.018520 -0.043921 -0.153120
v -0.018741 -0.043739 -0.152880
v -0.018741 -0.043739 -0.153120
v -0.018922 -0.043536 -0.152880
v -0.018922 -0.043536 -0.153120
v -0.019066 -0.043319 -0.152880
v -0.019066 -0.043319 -0.153120
v -0.019176 -0.043095 -0.152880
v -0.019176 -0.043095 -0.153120
v -0.019257 -0.042872 -0.152880
v -0.019257 -0.042872 -0.153120
v -0.019310 -0.042655 -0.152880
v -0.019310 -0.042655 -0.153120
v -0.019339 -0.042453 -0.152880
v -0.019339 -0.042453 -0.153120
v -0.019348 -0.042272 -0.152880
v -0.019348 -0.042272 -0.153120
v -0.019333 -0.042002 -0.152880
v -0.019333 -0.042002 -0.153120
v -0.019289 -0.041742 -0.152880
v -0.019289 -0.041742 -0.153120
v -0.019215 -0.041493 -0.152880
v -0.019215 -0.041493 -0.153120
v -0.019111 -0.041260 -0.152880
v -0.019111 -0.041260 -0.153120
v -0.018976 -0.041044 -0.152880
v -0.018976 -0.041044 -0.153120
v -0.018809 -0.040849 -0.152880
v -0.018809 -0.040849 -0.153120
v -0.018611 -0.040676 -0.152880
v -0.018611 -0.040676 -0.153120
v -0.018380 -0.040529 -0.152880
v -0.018380 -0.040529 -0.153120
v -0.018116 -0.040410 -0.152880
v -0.018116 -0.040410 -0.153120
v -0.017819 -0.040322 -0.152880
v -0.017819 -0.040322 -0.153120
v -0.017489 -0.040267 -0.152880
v -0.017489 -0.040267 -0.153120
v -0.017124 -0.040248 -0.152880
v -0.017124 -0.040248 -0.153120
v -0.015916 -0.040248 -0.152880
v -0.015916 -0.040248 -0.153120
v -0.015916 -0.044296 -0.152880
v -0.015916 -0.044296 -0.153120
v -0.021908 -0.040248 -0.152880
v -0.021908 -0.040248 -0.153120
v -0.021908 -0.041896 -0.152880
v -0.021908 -0.041896 -0.153120
v -0.024140 -0.041896 -0.152880
v -0.024140 -0.041896 -0.153120
v -0.024140 -0.042600 -0.152880
v -0.024140 -0.042600 -0.153120
v -0.021908 -0.042600 -0.152880
v -0.021908 -0.042600 -0.153120
v -0.021908 -0.044296 -0.152880
v -0.021908 -0.044296 -0.153120
v -0.024292 -0.044296 -0.152880
v -0.024292 -0.044296 -0.153120
v -0.024292 -0.045000 -0.152880
v -0.024292 -0.045000 -0.153120
v -0.021124 -0.045000 -0.152880
v -0.021124 -0.045000 -0.153120
v -0.021124 -0.039544 -0.152880
v -0.021124 -0.039544 -0.153120
v -0.024220 -0.039544 -0.152880
v -0.024220 -0.039544 -0.153120
v -0.024220 -0.040248 -0.152880
v -0.024220 -0.040248 -0.153120
v -0.028364 -0.044296 -0.152880
v -0.028364 -0.044296 -0.153120
v -0.028364 -0.045000 -0.152880
v -0.028364 -0.045000 -0.153120
v -0.025116 -0.045000 -0.152880
v -0.025116 -0.045000 -0.153120
v -0.025116 -0.039544 -0.152880
v -0.025116 -0.039544 -0.153120
v -0.025900 -0.039544 -0.152880
v -0.025900 -0.039544 -0.153120
v -0.025900 -0.044296 -0.152880
v -0.025900 -0.044296 -0.153120
vn -0.0000 -0.0000 -1.0000
vn -0.0001 -0.0000 -1.0000
vn 0.0001 -0.0000 -1.0000
vn -0.0000 -0.0000 1.0000
vn 0.0001 -0.0000 1.0000
vn -0.0006 -0.0000 1.0000
vn -0.0001 -0.0000 1.0000
vn -0.2200 0.9755 -0.0000
vn -0.1053 0.9944 -0.0000
vn -0.3427 0.9395 -0.0000
vn -0.4688 0.8833 -0.0000
vn -0.5921 0.8058 -0.0000
vn -0.7056 0.7087 -0.0000
vn -0.8030 0.5960 -0.0000
vn -0.7056 0.7086 -0.0000
vn -0.8804 0.4742 -0.0000
vn -0.9370 0.3494 -0.0000
vn -0.9739 0.2269 -0.0000
vn -0.9939 0.1102 -0.0000
vn -1.0000 -0.0019 -0.0000
vn -0.9930 -0.1183 -0.0000
vn -0.9698 -0.2437 -0.0000
vn -0.9273 -0.3743 -0.0000
vn -0.8632 -0.5049 -0.0000
vn -0.7775 -0.6289 -0.0000
vn -0.8631 -0.5049 -0.0000
vn -0.6734 -0.7393 -0.0000
vn -0.5568 -0.8307 -0.0000
vn -0.4348 -0.9005 -0.0000
vn -0.3142 -0.9494 -0.0000
vn -0.2000 -0.9798 -0.0000
vn -0.0952 -0.9955 -0.0000
vn -0.0227 -0.9997 -0.0000
vn -0.7071 -0.7071 -0.0000
vn 0.7071 -0.7071 -0.0000
vn 0.7071 0.7071 -0.0000
vn -0.0252 0.9997 -0.0000
vn 0.0946 0.9955 -0.0000
vn 0.0228 0.9997 -0.0000
vn 0.1970 0.9804 -0.0000
vn 0.3075 0.9515 -0.0000
vn 0.4241 0.9056 -0.0000
vn 0.3075 0.9516 -0.0000
vn 0.5431 0.8397 -0.0000
vn 0.6588 0.7523 -0.0000
vn 0.7645 0.6446 -0.0000
vn 0.8536 0.5209 -0.0000
vn 0.9218 0.3876 -0.0000
vn 0.8537 0.5208 -0.0000
vn 0.9676 0.2525 -0.0000
vn 0.9925 0.1222 -0.0000
vn 1.0000 0.0063 -0.0000
vn 0.9954 -0.0956 -0.0000
vn 0.9801 -0.1986 -0.0000
vn 0.9505 -0.3106 -0.0000
vn 0.9028 -0.4300 -0.0000
vn 0.9506 -0.3106 -0.0000
vn 0.8333 -0.5528 -0.0000
vn 0.7404 -0.6721 -0.0000
vn 0.6264 -0.7795 -0.0000
vn 0.7405 -0.6721 -0.0000
vn 0.4975 -0.8674 -0.0000
vn 0.3629 -0.9318 -0.0000
vn 0.4976 -0.8674 -0.0000
vn 0.2314 -0.9729 -0.0000
vn 0.1098 -0.9940 -0.0000
vn 0.0260 -0.9997 -0.0000
vn -0.7071 0.7071 -0.0000
vn -0.2465 0.9691 -0.0000
vn -0.1217 0.9926 -0.0000
vn -0.3712 0.9285 -0.0000
vn -0.2465 0.9692 -0.0000
vn -0.4921 0.8705 -0.0000
vn -0.6053 0.7960 -0.0000
vn -0.7076 0.7066 -0.0000
vn -0.7964 0.6047 -0.0000
vn -0.8700 0.4931 -0.0000
vn -0.9273 0.3743 -0.0000
vn -0.9680 0.2510 -0.0000
vn -0.9921 0.1255 -0.0000
vn -1.0000 -0.0000 -0.0000
vn -0.9921 -0.1251 -0.0000
vn -0.9684 -0.2494 -0.0000
vn -0.9286 -0.3711 -0.0000
vn -0.8726 -0.4885 -0.0000
vn -0.8005 -0.5993 -0.0000
vn -0.7130 -0.7012 -0.0000
vn -0.6114 -0.7913 -0.0000
vn -0.4980 -0.8672 -0.0000
vn -0.6114 -0.7914 -0.0000
vn -0.3761 -0.9266 -0.0000
vn -0.2497 -0.9683 -0.0000
vn -0.1232 -0.9924 -0.0000
vn 0.0008 -1.0000 -0.0000
vn 0.1260 -0.9920 -0.0000
vn 0.2541 -0.9672 -0.0000
vn 0.3807 -0.9247 -0.0000
vn 0.5017 -0.8650 -0.0000
vn 0.6136 -0.7896 -0.0000
vn 0.7137 -0.7004 -0.0000
vn 0.8001 -0.5999 -0.0000
vn 0.8716 -0.4903 -0.0000
vn 0.9276 -0.3736 -0.0000
vn 0.9678 -0.2519 -0.0000
vn 0.9919 -0.1267 -0.0000
vn 1.0000 0.0003 -0.0000
vn 0.9918 0.1281 -0.0000
vn 0.9669 0.2551 -0.0000
vn 0.9255 0.3787 -0.0000
vn 0.8679 0.4967 -0.0000
vn 0.7947 0.6070 -0.0000
vn 0.7070 0.7073 -0.0000
vn 0.6061 0.7954 -0.0000
vn 0.4944 0.8692 -0.0000
vn 0.3745 0.9272 -0.0000
vn 0.2498 0.9683 -0.0000
vn 0.1239 0.9923 -0.0000
vn 0.0007 1.0000 -0.0000
vn 0.2464 0.9692 -0.0000
vn 0.1226 0.9925 -0.0000
vn 0.3688 0.9295 -0.0000
vn 0.4869 0.8735 -0.0000
vn 0.5981 0.8015 -0.0000
vn 0.6996 0.7146 -0.0000
vn 0.5981 0.8014 -0.0000
vn 0.7891 0.6143 -0.0000
vn 0.6996 0.7145 -0.0000
vn 0.8644 0.5028 -0.0000
vn 0.9239 0.3825 -0.0000
vn 0.9665 0.2565 -0.0000
vn 0.9918 0.1280 -0.0000
vn 1.0000 0.0002 -0.0000
vn 0.9918 -0.1274 -0.0000
vn 0.9667 -0.2558 -0.0000
vn 0.9241 -0.3821 -0.0000
vn 0.8644 -0.5028 -0.0000
vn 0.7887 -0.6148 -0.0000
vn 0.6986 -0.7155 -0.0000
vn 0.5966 -0.8026 -0.0000
vn 0.4851 -0.8745 -0.0000
vn 0.5966 -0.8025 -0.0000
vn 0.3669 -0.9303 -0.0000
vn 0.2448 -0.9696 -0.0000
vn 0.3668 -0.9303 -0.0000
vn 0.1217 -0.9926 -0.0000
vn -0.0002 -1.0000 -0.0000
vn -0.1224 -0.9925 -0.0000
vn -0.2459 -0.9693 -0.0000
vn -0.3682 -0.9297 -0.0000
vn -0.4864 -0.8737 -0.0000
vn -0.5978 -0.8017 -0.0000
vn -0.6996 -0.7145 -0.0000
vn -0.5978 -0.8016 -0.0000
vn -0.7893 -0.6140 -0.0000
vn -0.8648 -0.5022 -0.0000
vn -0.9243 -0.3817 -0.0000
vn -0.9668 -0.2556 -0.0000
vn -0.9919 -0.1274 -0.0000
vn -1.0000 0.0002 -0.0000
vn -0.9918 0.1279 -0.0000
vn -0.9666 0.2563 -0.0000
vn -0.9241 0.3821 -0.0000
vn -0.8648 0.5022 -0.0000
vn -0.7897 0.6135 -0.0000
vn -0.7005 0.7136 -0.0000
vn -0.5993 0.8005 -0.0000
vn -0.4883 0.8727 -0.0000
vn -0.3701 0.9290 -0.0000
vn -0.2475 0.9689 -0.0000
vn -0.1233 0.9924 -0.0000
vn -0.0002 1.0000 -0.0000
vn 0.7069 0.7073 -0.0000
vn -0.4344 -0.9007 -0.0000
vn 0.4344 -0.9007 -0.0000
vn -0.4312 0.9022 -0.0000
vn -0.0011 1.0000 -0.0000
vn 0.4303 0.9027 -0.0000
vn 0.9240 0.3825 -0.0000
vn 0.7886 -0.6148 -0.0000
vn -0.6996 -0.7146 -0.0000
vn -0.1249 0.9922 -0.0000
vn -0.0302 0.9995 -0.0000
vn -0.2562 0.9666 -0.0000
vn -0.3895 0.9210 -0.0000
vn -0.5182 0.8552 -0.0000
vn -0.6363 0.7715 -0.0000
vn -0.5183 0.8552 -0.0000
vn -0.7389 0.6738 -0.0000
vn -0.6363 0.7714 -0.0000
vn -0.8236 0.5672 -0.0000
vn -0.8902 0.4556 -0.0000
vn -0.8236 0.5671 -0.0000
vn -0.9397 0.3421 -0.0000
vn -0.9736 0.2283 -0.0000
vn -0.9934 0.1145 -0.0000
vn -1.0000 -0.0037 -0.0000
vn -0.9916 -0.1291 -0.0000
vn -0.9668 -0.2554 -0.0000
vn -0.9261 -0.3773 -0.0000
vn -0.9668 -0.2555 -0.0000
vn -0.8699 -0.4933 -0.0000
vn -0.7985 -0.6020 -0.0000
vn -0.7124 -0.7018 -0.0000
vn -0.7985 -0.6021 -0.0000
vn -0.6126 -0.7904 -0.0000
vn -0.5010 -0.8654 -0.0000
vn -0.3802 -0.9249 -0.0000
vn -0.2537 -0.9673 -0.0000
vn -0.1257 -0.9921 -0.0000
vn -0.0309 -0.9995 -0.0000
vn 0.1357 0.9908 -0.0000
vn 0.0324 0.9995 -0.0000
vn 0.2813 0.9596 -0.0000
vn 0.4297 0.9030 -0.0000
vn 0.5699 0.8217 -0.0000
vn 0.6923 0.7216 -0.0000
vn 0.7915 0.6112 -0.0000
vn 0.6924 0.7216 -0.0000
vn 0.8666 0.4989 -0.0000
vn 0.9207 0.3903 -0.0000
vn 0.9577 0.2879 -0.0000
vn 0.9816 0.1911 -0.0000
vn 0.9953 0.0970 -0.0000
vn 1.0000 -0.0020 -0.0000
vn 0.9939 -0.1105 -0.0000
vn 0.9740 -0.2267 -0.0000
vn 0.9375 -0.3479 -0.0000
vn 0.8821 -0.4712 -0.0000
vn 0.8062 -0.5917 -0.0000
vn 0.8820 -0.4712 -0.0000
vn 0.7106 -0.7036 -0.0000
vn 0.5986 -0.8010 -0.0000
vn 0.4759 -0.8795 -0.0000
vn 0.3492 -0.9370 -0.0000
vn 0.2250 -0.9744 -0.0000
vn 0.3492 -0.9371 -0.0000
vn 0.1080 -0.9942 -0.0000
vn 0.0259 -0.9997 -0.0000
vt 0.400000 0.000000
vt 0.800000 0.000000
vt 0.600000 0.000000
vt 1.000000 0.000000
vt 0.000000 0.000000
vt 0.200000 0.000000
vt 0.727273 0.000000
vt 0.818182 0.000000
vt 0.909091 0.000000
vt 0.090909 0.000000
vt 0.363636 0.000000
vt 0.181818 0.000000
vt 0.272727 0.000000
vt 0.454545 0.000000
vt 0.545455 0.000000
vt 0.636364 0.000000
vt 0.471698 0.000000
vt 0.981132 0.000000
vt 0.490566 0.000000
vt 0.018868 0.000000
vt 0.037736 0.000000
vt 0.056604 0.000000
vt 0.075472 0.000000
vt 0.094340 0.000000
vt 0.962264 0.000000
vt 0.943396 0.000000
vt 0.113208 0.000000
vt 0.924528 0.000000
vt 0.905660 0.000000
vt 0.886792 0.000000
vt 0.132075 0.000000
vt 0.867925 0.000000
vt 0.849057 0.000000
vt 0.150943 0.000000
vt 0.830189 0.000000
vt 0.169811 0.000000
vt 0.811321 0.000000
vt 0.792453 0.000000
vt 0.188679 0.000000
vt 0.773585 0.000000
vt 0.207547 0.000000
vt 0.754717 0.000000
vt 0.226415 0.000000
vt 0.735849 0.000000
vt 0.716981 0.000000
vt 0.245283 0.000000
vt 0.698113 0.000000
vt 0.264151 0.000000
vt 0.679245 0.000000
vt 0.660377 0.000000
vt 0.283019 0.000000
vt 0.641509 0.000000
vt 0.301887 0.000000
vt 0.622642 0.000000
vt 0.603774 0.000000
vt 0.320755 0.000000
vt 0.584906 0.000000
vt 0.339623 0.000000
vt 0.566038 0.000000
vt 0.547170 0.000000
vt 0.358491 0.000000
vt 0.528302 0.000000
vt 0.509434 0.000000
vt 0.377358 0.000000
vt 0.396226 0.000000
vt 0.415094 0.000000
vt 0.433962 0.000000
vt 0.452830 0.000000
vt 0.484211 0.000000
vt 0.494737 0.000000
vt 0.010526 0.000000
vt 0.473684 0.000000
vt 0.021053 0.000000
vt 0.463158 0.000000
vt 0.031579 0.000000
vt 0.452632 0.000000
vt 0.042105 0.000000
vt 0.442105 0.000000
vt 0.052632 0.000000
vt 0.431579 0.000000
vt 0.747368 0.000000
vt 0.757895 0.000000
vt 0.736842 0.000000
vt 0.768421 0.000000
vt 0.726316 0.000000
vt 0.778947 0.000000
vt 0.715789 0.000000
vt 0.063158 0.000000
vt 0.421053 0.000000
vt 0.789474 0.000000
vt 0.705263 0.000000
vt 0.694737 0.000000
vt 0.073684 0.000000
vt 0.410526 0.000000
vt 0.810526 0.000000
vt 0.684211 0.000000
vt 0.821053 0.000000
vt 0.673684 0.000000
vt 0.084211 0.000000
vt 0.831579 0.000000
vt 0.663158 0.000000
vt 0.094737 0.000000
vt 0.389474 0.000000
vt 0.842105 0.000000
vt 0.652632 0.000000
vt 0.852632 0.000000
vt 0.642105 0.000000
vt 0.105263 0.000000
vt 0.378947 0.000000
vt 0.863158 0.000000
vt 0.631579 0.000000
vt 0.115789 0.000000
vt 0.368421 0.000000
vt 0.873684 0.000000
vt 0.621053 0.000000
vt 0.357895 0.000000
vt 0.884211 0.000000
vt 0.610526 0.000000
vt 0.126316 0.000000
vt 0.894737 0.000000
vt 0.136842 0.000000
vt 0.347368 0.000000
vt 0.905263 0.000000
vt 0.589474 0.000000
vt 0.147368 0.000000
vt 0.336842 0.000000
vt 0.915789 0.000000
vt 0.578947 0.000000
vt 0.157895 0.000000
vt 0.326316 0.000000
vt 0.926316 0.000000
vt 0.568421 0.000000
vt 0.936842 0.000000
vt 0.557895 0.000000
vt 0.168421 0.000000
vt 0.315789 0.000000
vt 0.947368 0.000000
vt 0.547368 0.000000
vt 0.957895 0.000000
vt 0.536842 0.000000
vt 0.178947 0.000000
vt 0.305263 0.000000
vt 0.968421 0.000000
vt 0.526316 0.000000
vt 0.978947 0.000000
vt 0.515789 0.000000
vt 0.189474 0.000000
vt 0.294737 0.000000
vt 0.989474 0.000000
vt 0.505263 0.000000
vt 0.284211 0.000000
vt 0.210526 0.000000
vt 0.273684 0.000000
vt 0.221053 0.000000
vt 0.263158 0.000000
vt 0.231579 0.000000
vt 0.252632 0.000000
vt 0.242105 0.000000
vt 0.571429 0.000000
vt 0.714286 0.000000
vt 0.642857 0.000000
vt 0.428571 0.000000
vt 0.357143 0.000000
vt 0.785714 0.000000
vt 0.928571 0.000000
vt 0.857143 0.000000
vt 0.142857 0.000000
vt 0.071429 0.000000
vt 0.500000 0.000000
vt 0.285714 0.000000
vt 0.214286 0.000000
vt 0.472727 0.000000
vt 0.981818 0.000000
vt 0.490909 0.000000
vt 0.509091 0.000000
vt 0.018182 0.000000
vt 0.036364 0.000000
vt 0.054545 0.000000
vt 0.072727 0.000000
vt 0.109091 0.000000
vt 0.963636 0.000000
vt 0.127273 0.000000
vt 0.945455 0.000000
vt 0.927273 0.000000
vt 0.145455 0.000000
vt 0.890909 0.000000
vt 0.872727 0.000000
vt 0.854545 0.000000
vt 0.163636 0.000000
vt 0.836364 0.000000
vt 0.781818 0.000000
vt 0.763636 0.000000
vt 0.745455 0.000000
vt 0.218182 0.000000
vt 0.709091 0.000000
vt 0.236364 0.000000
vt 0.690909 0.000000
vt 0.672727 0.000000
vt 0.254545 0.000000
vt 0.654545 0.000000
vt 0.618182 0.000000
vt 0.581818 0.000000
vt 0.563636 0.000000
vt 0.290909 0.000000
vt 0.527273 0.000000
vt 0.436364 0.000000
vt 0.309091 0.000000
vt 0.327273 0.000000
vt 0.345455 0.000000
vt 0.381818 0.000000
vt 0.418182 0.000000
vt 0.034483 1.000000
vt 0.000000 1.000000
vt 0.068966 1.000000
vt 0.034483 0.000000
vt 0.103448 1.000000
vt 0.068966 0.000000
vt 0.137931 1.000000
vt 0.103448 0.000000
vt 0.172414 1.000000
vt 0.137931 0.000000
vt 0.206897 1.000000
vt 0.172414 0.000000
vt 0.241379 1.000000
vt 0.206897 0.000000
vt 0.275862 1.000000
vt 0.241379 0.000000
vt 0.310345 1.000000
vt 0.275862 0.000000
vt 0.344828 1.000000
vt 0.310345 0.000000
vt 0.379310 1.000000
vt 0.344828 0.000000
vt 0.413793 1.000000
vt 0.379310 0.000000
vt 0.448276 1.000000
vt 0.413793 0.000000
vt 0.482759 1.000000
vt 0.448276 0.000000
vt 0.517241 1.000000
vt 0.482759 0.000000
vt 0.551724 1.000000
vt 0.517241 0.000000
vt 0.586207 1.000000
vt 0.551724 0.000000
vt 0.620690 1.000000
vt 0.586207 0.000000
vt 0.655172 1.000000
vt 0.620690 0.000000
vt 0.689655 1.000000
vt 0.655172 0.000000
vt 0.724138 1.000000
vt 0.689655 0.000000
vt 0.758621 1.000000
vt 0.724138 0.000000
vt 0.793103 1.000000
vt 0.758621 0.000000
vt 0.827586 1.000000
vt 0.793103 0.000000
vt 0.862069 1.000000
vt 0.827586 0.000000
vt 0.896552 1.000000
vt 0.862069 0.000000
vt 0.931035 1.000000
vt 0.896552 0.000000
vt 0.965517 1.000000
vt 0.931035 0.000000
vt 1.000000 1.000000
vt 0.965517 0.000000
vt 0.037037 1.000000
vt 0.074074 1.000000
vt 0.037037 0.000000
vt 0.111111 1.000000
vt 0.074074 0.000000
vt 0.148148 1.000000
vt 0.111111 0.000000
vt 0.185185 1.000000
vt 0.148148 0.000000
vt 0.222222 1.000000
vt 0.185185 0.000000
vt 0.259259 1.000000
vt 0.222222 0.000000
vt 0.296296 1.000000
vt 0.259259 0.000000
vt 0.333333 1.000000
vt 0.296296 0.000000
vt 0.370370 1.000000
vt 0.333333 0.000000
vt 0.407407 1.000000
vt 0.370370 0.000000
vt 0.444444 1.000000
vt 0.407407 0.000000
vt 0.481481 1.000000
vt 0.444444 0.000000
vt 0.518519 1.000000
vt 0.481481 0.000000
vt 0.555556 1.000000
vt 0.518519 0.000000
vt 0.592593 1.000000
vt 0.555556 0.000000
vt 0.629630 1.000000
vt 0.592593 0.000000
vt 0.666667 1.000000
vt 0.629630 0.000000
vt 0.703704 1.000000
vt 0.666667 0.000000
vt 0.740741 1.000000
vt 0.703704 0.000000
vt 0.777778 1.000000
vt 0.740741 0.000000
vt 0.814815 1.000000
vt 0.777778 0.000000
vt 0.851852 1.000000
vt 0.814815 0.000000
vt 0.888889 1.000000
vt 0.851852 0.000000
vt 0.925926 1.000000
vt 0.888889 0.000000
vt 0.962963 1.000000
vt 0.925926 0.000000
vt 0.962963 0.000000
vt 0.083333 1.000000
vt 0.166667 1.000000
vt 0.083333 0.000000
vt 0.250000 1.000000
vt 0.166667 0.000000
vt 0.250000 0.000000
vt 0.416667 1.000000
vt 0.500000 1.000000
vt 0.416667 0.000000
vt 0.583333 1.000000
vt 0.583333 0.000000
vt 0.750000 1.000000
vt 0.833333 1.000000
vt 0.750000 0.000000
vt 0.916667 1.000000
vt 0.833333 0.000000
vt 0.916667 0.000000
vt 0.020833 1.000000
vt 0.041667 1.000000
vt 0.020833 0.000000
vt 0.062500 1.000000
vt 0.041667 0.000000
vt 0.062500 0.000000
vt 0.104167 1.000000
vt 0.125000 1.000000
vt 0.104167 0.000000
vt 0.145833 1.000000
vt 0.125000 0.000000
vt 0.145833 0.000000
vt 0.187500 1.000000
vt 0.208333 1.000000
vt 0.187500 0.000000
vt 0.229167 1.000000
vt 0.208333 0.000000
vt 0.229167 0.000000
vt 0.270833 1.000000
vt 0.291667 1.000000
vt 0.270833 0.000000
vt 0.312500 1.000000
vt 0.291667 0.000000
vt 0.312500 0.000000
vt 0.354167 1.000000
vt 0.375000 1.000000
vt 0.354167 0.000000
vt 0.395833 1.000000
vt 0.375000 0.000000
vt 0.395833 0.000000
vt 0.437500 1.000000
vt 0.458333 1.000000
vt 0.437500 0.000000
vt 0.479167 1.000000
vt 0.458333 0.000000
vt 0.479167 0.000000
vt 0.520833 1.000000
vt 0.541667 1.000000
vt 0.520833 0.000000
vt 0.562500 1.000000
vt 0.541667 0.000000
vt 0.562500 0.000000
vt 0.604167 1.000000
vt 0.625000 1.000000
vt 0.604167 0.000000
vt 0.645833 1.000000
vt 0.625000 0.000000
vt 0.645833 0.000000
vt 0.687500 1.000000
vt 0.708333 1.000000
vt 0.687500 0.000000
vt 0.729167 1.000000
vt 0.708333 0.000000
vt 0.729167 0.000000
vt 0.770833 1.000000
vt 0.791667 1.000000
vt 0.770833 0.000000
vt 0.812500 1.000000
vt 0.791667 0.000000
vt 0.812500 0.000000
vt 0.854167 1.000000
vt 0.875000 1.000000
vt 0.854167 0.000000
vt 0.895833 1.000000
vt 0.875000 0.000000
vt 0.895833 0.000000
vt 0.937500 1.000000
vt 0.958333 1.000000
vt 0.937500 0.000000
vt 0.979167 1.000000
vt 0.958333 0.000000
vt 0.979167 0.000000
vt 0.066667 1.000000
vt 0.133333 1.000000
vt 0.066667 0.000000
vt 0.200000 1.000000
vt 0.133333 0.000000
vt 0.266667 1.000000
vt 0.266667 0.000000
vt 0.400000 1.000000
vt 0.466667 1.000000
vt 0.533333 1.000000
vt 0.466667 0.000000
vt 0.600000 1.000000
vt 0.533333 0.000000
vt 0.733333 1.000000
vt 0.800000 1.000000
vt 0.733333 0.000000
vt 0.866667 1.000000
vt 0.933333 1.000000
vt 0.866667 0.000000
vt 0.933333 0.000000
s 0
f 1867/1129/482 1869/1130/482 1868/1131/482
f 1867/1129/482 1870/1132/482 1869/1130/482
f 1867/1129/482 1865/1133/482 1870/1132/482
f 1867/1129/482 1866/1134/482 1865/1133/482
f 1879/1135/482 1871/1133/482 1880/1136/482
f 1871/1133/482 1881/1137/482 1880/1136/482
f 1871/1133/482 1882/1132/482 1881/1137/482
f 1879/1135/482 1872/1138/482 1871/1133/482
f 1879/1135/483 1875/1139/483 1872/1138/483
f 1875/1139/482 1873/1140/482 1872/1138/482
f 1875/1139/482 1874/1141/482 1873/1140/482
f 1879/1135/482 1876/1142/482 1875/1139/482
f 1879/1135/482 1877/1143/482 1876/1142/482
f 1879/1135/482 1878/1144/482 1877/1143/482
f 1908/1145/482 1935/1146/482 1909/1147/482
f 1935/1146/482 1883/1133/482 1909/1147/482
f 1935/1146/482 1884/1148/482 1883/1133/482
f 1935/1146/482 1885/1149/482 1884/1148/482
f 1935/1146/482 1886/1150/482 1885/1149/482
f 1935/1146/482 1887/1151/482 1886/1150/482
f 1935/1146/482 1888/1152/482 1887/1151/482
f 1935/1146/482 1934/1153/482 1888/1152/482
f 1934/1153/482 1933/1154/482 1888/1152/482
f 1933/1154/482 1889/1155/482 1888/1152/482
f 1908/1145/482 1936/1132/482 1935/1146/482
f 1932/1156/482 1889/1155/482 1933/1154/482
f 1931/1157/482 1889/1155/482 1932/1156/482
f 1930/1158/482 1889/1155/482 1931/1157/482
f 1930/1158/482 1890/1159/482 1889/1155/482
f 1929/1160/482 1890/1159/482 1930/1158/482
f 1928/1161/482 1890/1159/482 1929/1160/482
f 1928/1161/482 1891/1162/482 1890/1159/482
f 1927/1163/482 1891/1162/482 1928/1161/482
f 1927/1163/482 1892/1164/482 1891/1162/482
f 1926/1165/482 1892/1164/482 1927/1163/482
f 1925/1166/482 1892/1164/482 1926/1165/482
f 1925/1166/482 1893/1167/482 1892/1164/482
f 1924/1168/482 1893/1167/482 1925/1166/482
f 1924/1168/482 1894/1169/482 1893/1167/482
f 1923/1170/482 1894/1169/482 1924/1168/482
f 1923/1170/482 1895/1171/482 1894/1169/482
f 1922/1172/482 1895/1171/482 1923/1170/482
f 1921/1173/482 1895/1171/482 1922/1172/482
f 1921/1173/482 1896/1174/482 1895/1171/482
f 1920/1175/482 1896/1174/482 1921/1173/482
f 1920/1175/482 1897/1176/482 1896/1174/482
f 1919/1177/482 1897/1176/482 1920/1175/482
f 1918/1178/482 1897/1176/482 1919/1177/482
f 1918/1178/482 1898/1179/482 1897/1176/482
f 1917/1180/482 1898/1179/482 1918/1178/482
f 1917/1180/482 1899/1181/482 1898/1179/482
f 1916/1182/482 1899/1181/482 1917/1180/482
f 1915/1183/482 1899/1181/482 1916/1182/482
f 1915/1183/482 1900/1184/482 1899/1181/482
f 1914/1185/482 1900/1184/482 1915/1183/482
f 1914/1185/482 1901/1186/482 1900/1184/482
f 1913/1187/482 1901/1186/482 1914/1185/482
f 1912/1188/482 1901/1186/482 1913/1187/482
f 1912/1188/482 1902/1189/482 1901/1186/482
f 1911/1190/482 1902/1189/482 1912/1188/482
f 1910/1191/482 1902/1189/482 1911/1190/482
f 1908/1145/482 1910/1191/482 1936/1132/482
f 1908/1145/482 1902/1189/482 1910/1191/482
f 1908/1145/482 1903/1192/482 1902/1189/482
f 1908/1145/482 1904/1193/482 1903/1192/482
f 1908/1145/482 1905/1194/482 1904/1193/482
f 1908/1145/482 1906/1195/482 1905/1194/482
f 1908/1145/482 1907/1196/482 1906/1195/482
f 1983/1197/482 1937/1133/482 1984/1198/482
f 1983/1197/482 1938/1199/482 1937/1133/482
f 1982/1200/482 1938/1199/482 1983/1197/482
f 1982/1200/482 1939/1201/482 1938/1199/482
f 1981/1202/482 1939/1201/482 1982/1200/482
f 1981/1202/482 1940/1203/482 1939/1201/482
f 1980/1204/482 1940/1203/482 1981/1202/482
f 1980/1204/482 1941/1205/482 1940/1203/482
f 1979/1206/482 1941/1205/482 1980/1204/482
f 1979/1206/482 1942/1207/482 1941/1205/482
f 1978/1208/482 2008/1209/482 1979/1206/482
f 2008/1209/484 1942/1207/484 1979/1206/484
f 1978/1208/483 2009/1210/483 2008/1209/483
f 2007/1211/482 1942/1207/482 2008/1209/482
f 1978/1208/482 2010/1212/482 2009/1210/482
f 2006/1213/482 1942/1207/482 2007/1211/482
f 1978/1208/482 2011/1214/482 2010/1212/482
f 2005/1215/482 1942/1207/482 2006/1213/482
f 2005/1215/482 1943/1216/482 1942/1207/482
f 1977/1217/482 2011/1214/482 1978/1208/482
f 1977/1217/482 2012/1218/482 2011/1214/482
f 2004/1219/482 1943/1216/482 2005/1215/482
f 1977/1217/482 2013/1130/482 2012/1218/482
f 2003/1220/482 1943/1216/482 2004/1219/482
f 2003/1220/482 1944/1221/482 1943/1216/482
f 1976/1222/482 2013/1130/482 1977/1217/482
f 1976/1222/482 2014/1223/482 2013/1130/482
f 2002/1224/482 1944/1221/482 2003/1220/482
f 1976/1222/482 2015/1225/482 2014/1223/482
f 2001/1226/482 1944/1221/482 2002/1224/482
f 2001/1226/482 1945/1227/482 1944/1221/482
f 1975/1129/482 2015/1225/482 1976/1222/482
f 1975/1129/482 2016/1228/482 2015/1225/482
f 2000/1229/482 1945/1227/482 2001/1226/482
f 2000/1229/482 1946/1230/482 1945/1227/482
f 1974/1231/482 2016/1228/482 1975/1129/482
f 1974/1231/482 2017/1232/482 2016/1228/482
f 1999/1233/482 1946/1230/482 2000/1229/482
f 1974/1231/482 2018/1234/482 2017/1232/482
f 1998/1235/482 1946/1230/482 1999/1233/482
f 1998/1235/482 1947/1236/482 1946/1230/482
f 1973/1237/482 2018/1234/482 1974/1231/482
f 1973/1237/482 2019/1238/482 2018/1234/482
f 1997/1239/482 1947/1236/482 1998/1235/482
f 1997/1239/482 1948/1240/482 1947/1236/482
f 1972/1241/482 2019/1238/482 1973/1237/482
f 1972/1241/482 2020/1242/482 2019/1238/482
f 1996/1243/482 1948/1240/482 1997/1239/482
f 1971/1244/482 2020/1242/482 1972/1241/482
f 1971/1244/482 2021/1245/482 2020/1242/482
f 1995/1246/482 1948/1240/482 1996/1243/482
f 1995/1246/482 1949/1247/482 1948/1240/482
f 1971/1244/482 2022/1248/482 2021/1245/482
f 1994/1131/482 1949/1247/482 1995/1246/482
f 1994/1131/482 1950/1249/482 1949/1247/482
f 1970/1250/482 2022/1248/482 1971/1244/482
f 1970/1250/482 2023/1251/482 2022/1248/482
f 1993/1252/482 1950/1249/482 1994/1131/482
f 1993/1252/482 1951/1253/482 1950/1249/482
f 1969/1254/482 2023/1251/482 1970/1250/482
f 1969/1254/482 2024/1255/482 2023/1251/482
f 1992/1256/482 1951/1253/482 1993/1252/482
f 1992/1256/482 1952/1257/482 1951/1253/482
f 1968/1258/482 2024/1255/482 1969/1254/482
f 1968/1258/482 2025/1259/482 2024/1255/482
f 1991/1260/482 1952/1257/482 1992/1256/482
f 1968/1258/482 2026/1261/482 2025/1259/482
f 1990/1262/482 1952/1257/482 1991/1260/482
f 1990/1262/482 1953/1263/482 1952/1257/482
f 1967/1264/482 2026/1261/482 1968/1258/482
f 1967/1264/482 2027/1265/482 2026/1261/482
f 1989/1266/482 1953/1263/482 1990/1262/482
f 1967/1264/482 2028/1267/482 2027/1265/482
f 1988/1268/482 1953/1263/482 1989/1266/482
f 1988/1268/482 1954/1269/482 1953/1263/482
f 1966/1270/482 2028/1267/482 1967/1264/482
f 1966/1270/482 2029/1271/482 2028/1267/482
f 1987/1272/482 1954/1269/482 1988/1268/482
f 1966/1270/482 2030/1273/482 2029/1271/482
f 1986/1274/482 1954/1269/482 1987/1272/482
f 1986/1274/482 1955/1275/482 1954/1269/482
f 1965/1276/482 2030/1273/482 1966/1270/482
f 1965/1276/482 2031/1277/482 2030/1273/482
f 1985/1278/482 1955/1275/482 1986/1274/482
f 1965/1276/482 2032/1132/482 2031/1277/482
f 2032/1132/482 1955/1275/482 1985/1278/482
f 1965/1276/482 1955/1275/482 2032/1132/482
f 1965/1276/482 1956/1134/482 1955/1275/482
f 1964/1279/482 1956/1134/482 1965/1276/482
f 1964/1279/482 1957/1280/482 1956/1134/482
f 1963/1281/482 1957/1280/482 1964/1279/482
f 1963/1281/482 1958/1282/482 1957/1280/482
f 1962/1283/482 1958/1282/482 1963/1281/482
f 1962/1283/482 1959/1284/482 1958/1282/482
f 1961/1285/482 1959/1284/482 1962/1283/482
f 1961/1285/482 1960/1286/482 1959/1284/482
f 2041/1287/482 2043/1288/482 2042/1289/482
f 2041/1287/482 2039/1290/482 2043/1288/482
f 2039/1290/482 2038/1291/482 2043/1288/482
f 2038/1291/482 2044/1292/482 2043/1288/482
f 2044/1292/482 2046/1293/482 2045/1294/482
f 2044/1292/482 2035/1295/482 2046/1293/482
f 2035/1295/482 2034/1296/482 2046/1293/482
f 2034/1296/482 2047/1132/482 2046/1293/482
f 2041/1287/482 2040/1297/482 2039/1290/482
f 2037/1298/482 2044/1292/482 2038/1291/482
f 2044/1292/482 2036/1299/482 2035/1295/482
f 2033/1133/482 2047/1132/482 2034/1296/482
f 2037/1298/482 2036/1299/482 2044/1292/482
f 2094/1197/482 2048/1133/482 2095/1198/482
f 2094/1197/482 2049/1199/482 2048/1133/482
f 2093/1200/482 2049/1199/482 2094/1197/482
f 2093/1200/482 2050/1201/482 2049/1199/482
f 2092/1202/482 2050/1201/482 2093/1200/482
f 2092/1202/482 2051/1203/482 2050/1201/482
f 2091/1204/482 2051/1203/482 2092/1202/482
f 2091/1204/482 2052/1205/482 2051/1203/482
f 2090/1206/482 2052/1205/482 2091/1204/482
f 2090/1206/482 2053/1207/482 2052/1205/482
f 2089/1208/482 2119/1209/482 2090/1206/482
f 2119/1209/484 2053/1207/484 2090/1206/484
f 2089/1208/483 2120/1210/483 2119/1209/483
f 2118/1211/482 2053/1207/482 2119/1209/482
f 2089/1208/482 2121/1212/482 2120/1210/482
f 2117/1213/482 2053/1207/482 2118/1211/482
f 2089/1208/482 2122/1214/482 2121/1212/482
f 2116/1215/482 2053/1207/482 2117/1213/482
f 2116/1215/482 2054/1216/482 2053/1207/482
f 2088/1217/482 2122/1214/482 2089/1208/482
f 2088/1217/482 2123/1218/482 2122/1214/482
f 2115/1219/482 2054/1216/482 2116/1215/482
f 2088/1217/482 2124/1130/482 2123/1218/482
f 2114/1220/482 2054/1216/482 2115/1219/482
f 2114/1220/482 2055/1221/482 2054/1216/482
f 2087/1222/482 2124/1130/482 2088/1217/482
f 2087/1222/482 2125/1223/482 2124/1130/482
f 2113/1224/482 2055/1221/482 2114/1220/482
f 2087/1222/482 2126/1225/482 2125/1223/482
f 2112/1226/482 2055/1221/482 2113/1224/482
f 2112/1226/482 2056/1227/482 2055/1221/482
f 2086/1129/482 2126/1225/482 2087/1222/482
f 2086/1129/482 2127/1228/482 2126/1225/482
f 2111/1229/482 2056/1227/482 2112/1226/482
f 2111/1229/482 2057/1230/482 2056/1227/482
f 2085/1231/482 2127/1228/482 2086/1129/482
f 2085/1231/482 2128/1232/482 2127/1228/482
f 2110/1233/482 2057/1230/482 2111/1229/482
f 2085/1231/482 2129/1234/482 2128/1232/482
f 2109/1235/482 2057/1230/482 2110/1233/482
f 2109/1235/482 2058/1236/482 2057/1230/482
f 2084/1237/482 2129/1234/482 2085/1231/482
f 2084/1237/482 2130/1238/482 2129/1234/482
f 2108/1239/482 2058/1236/482 2109/1235/482
f 2108/1239/482 2059/1240/482 2058/1236/482
f 2083/1241/482 2130/1238/482 2084/1237/482
f 2083/1241/482 2131/1242/482 2130/1238/482
f 2107/1243/482 2059/1240/482 2108/1239/482
f 2082/1244/482 2131/1242/482 2083/1241/482
f 2082/1244/482 2132/1245/482 2131/1242/482
f 2106/1246/482 2059/1240/482 2107/1243/482
f 2106/1246/482 2060/1247/482 2059/1240/482
f 2082/1244/482 2133/1248/482 2132/1245/482
f 2105/1131/482 2060/1247/482 2106/1246/482
f 2105/1131/482 2061/1249/482 2060/1247/482
f 2081/1250/482 2133/1248/482 2082/1244/482
f 2081/1250/482 2134/1251/482 2133/1248/482
f 2104/1252/482 2061/1249/482 2105/1131/482
f 2104/1252/482 2062/1253/482 2061/1249/482
f 2080/1254/482 2134/1251/482 2081/1250/482
f 2080/1254/482 2135/1255/482 2134/1251/482
f 2103/1256/482 2062/1253/482 2104/1252/482
f 2103/1256/482 2063/1257/482 2062/1253/482
f 2079/1258/482 2135/1255/482 2080/1254/482
f 2079/1258/482 2136/1259/482 2135/1255/482
f 2102/1260/482 2063/1257/482 2103/1256/482
f 2079/1258/482 2137/1261/482 2136/1259/482
f 2101/1262/482 2063/1257/482 2102/1260/482
f 2101/1262/482 2064/1263/482 2063/1257/482
f 2078/1264/482 2137/1261/482 2079/1258/482
f 2078/1264/482 2138/1265/482 2137/1261/482
f 2100/1266/482 2064/1263/482 2101/1262/482
f 2078/1264/482 2139/1267/482 2138/1265/482
f 2099/1268/482 2064/1263/482 2100/1266/482
f 2099/1268/482 2065/1269/482 2064/1263/482
f 2077/1270/482 2139/1267/482 2078/1264/482
f 2077/1270/482 2140/1271/482 2139/1267/482
f 2098/1272/482 2065/1269/482 2099/1268/482
f 2077/1270/482 2141/1273/482 2140/1271/482
f 2097/1274/482 2065/1269/482 2098/1272/482
f 2097/1274/482 2066/1275/482 2065/1269/482
f 2076/1276/482 2141/1273/482 2077/1270/482
f 2076/1276/482 2142/1277/482 2141/1273/482
f 2096/1278/482 2066/1275/482 2097/1274/482
f 2076/1276/482 2143/1132/482 2142/1277/482
f 2143/1132/482 2066/1275/482 2096/1278/482
f 2076/1276/482 2066/1275/482 2143/1132/482
f 2076/1276/482 2067/1134/482 2066/1275/482
f 2075/1279/482 2067/1134/482 2076/1276/482
f 2075/1279/482 2068/1280/482 2067/1134/482
f 2074/1281/482 2068/1280/482 2075/1279/482
f 2074/1281/482 2069/1282/482 2068/1280/482
f 2073/1283/482 2069/1282/482 2074/1281/482
f 2073/1283/482 2070/1284/482 2069/1282/482
f 2072/1285/482 2070/1284/482 2073/1283/482
f 2072/1285/482 2071/1286/482 2070/1284/482
f 2148/1287/482 2150/1294/482 2149/1288/482
f 2148/1287/482 2151/1132/482 2150/1294/482
f 2147/1290/485 2151/1132/485 2148/1287/485
f 2146/1298/482 2144/1133/482 2147/1290/482
f 2144/1133/485 2151/1132/485 2147/1290/485
f 2146/1298/482 2145/1295/482 2144/1133/482
f 2198/1197/482 2152/1133/482 2199/1198/482
f 2198/1197/482 2153/1199/482 2152/1133/482
f 2197/1200/482 2153/1199/482 2198/1197/482
f 2197/1200/482 2154/1201/482 2153/1199/482
f 2196/1202/482 2154/1201/482 2197/1200/482
f 2196/1202/482 2155/1203/482 2154/1201/482
f 2195/1204/482 2155/1203/482 2196/1202/482
f 2195/1204/482 2156/1205/482 2155/1203/482
f 2194/1206/482 2156/1205/482 2195/1204/482
f 2194/1206/482 2157/1207/482 2156/1205/482
f 2193/1208/482 2223/1209/482 2194/1206/482
f 2223/1209/484 2157/1207/484 2194/1206/484
f 2193/1208/483 2224/1210/483 2223/1209/483
f 2222/1211/482 2157/1207/482 2223/1209/482
f 2193/1208/482 2225/1212/482 2224/1210/482
f 2221/1213/482 2157/1207/482 2222/1211/482
f 2193/1208/482 2226/1214/482 2225/1212/482
f 2220/1215/482 2157/1207/482 2221/1213/482
f 2220/1215/482 2158/1216/482 2157/1207/482
f 2192/1217/482 2226/1214/482 2193/1208/482
f 2192/1217/482 2227/1218/482 2226/1214/482
f 2219/1219/482 2158/1216/482 2220/1215/482
f 2192/1217/482 2228/1130/482 2227/1218/482
f 2218/1220/482 2158/1216/482 2219/1219/482
f 2218/1220/482 2159/1221/482 2158/1216/482
f 2191/1222/482 2228/1130/482 2192/1217/482
f 2191/1222/482 2229/1223/482 2228/1130/482
f 2217/1224/482 2159/1221/482 2218/1220/482
f 2191/1222/482 2230/1225/482 2229/1223/482
f 2216/1226/482 2159/1221/482 2217/1224/482
f 2216/1226/482 2160/1227/482 2159/1221/482
f 2190/1129/482 2230/1225/482 2191/1222/482
f 2190/1129/482 2231/1228/482 2230/1225/482
f 2215/1229/482 2160/1227/482 2216/1226/482
f 2215/1229/482 2161/1230/482 2160/1227/482
f 2189/1231/482 2231/1228/482 2190/1129/482
f 2189/1231/482 2232/1232/482 2231/1228/482
f 2214/1233/482 2161/1230/482 2215/1229/482
f 2189/1231/482 2233/1234/482 2232/1232/482
f 2213/1235/482 2161/1230/482 2214/1233/482
f 2213/1235/482 2162/1236/482 2161/1230/482
f 2188/1237/482 2233/1234/482 2189/1231/482
f 2188/1237/482 2234/1238/482 2233/1234/482
f 2212/1239/482 2162/1236/482 2213/1235/482
f 2212/1239/482 2163/1240/482 2162/1236/482
f 2187/1241/482 2234/1238/482 2188/1237/482
f 2187/1241/482 2235/1242/482 2234/1238/482
f 2211/1243/482 2163/1240/482 2212/1239/482
f 2186/1244/482 2235/1242/482 2187/1241/482
f 2186/1244/482 2236/1245/482 2235/1242/482
f 2210/1246/482 2163/1240/482 2211/1243/482
f 2210/1246/482 2164/1247/482 2163/1240/482
f 2186/1244/482 2237/1248/482 2236/1245/482
f 2209/1131/482 2164/1247/482 2210/1246/482
f 2209/1131/482 2165/1249/482 2164/1247/482
f 2185/1250/482 2237/1248/482 2186/1244/482
f 2185/1250/482 2238/1251/482 2237/1248/482
f 2208/1252/482 2165/1249/482 2209/1131/482
f 2208/1252/482 2166/1253/482 2165/1249/482
f 2184/1254/482 2238/1251/482 2185/1250/482
f 2184/1254/482 2239/1255/482 2238/1251/482
f 2207/1256/482 2166/1253/482 2208/1252/482
f 2207/1256/482 2167/1257/482 2166/1253/482
f 2183/1258/482 2239/1255/482 2184/1254/482
f 2183/1258/482 2240/1259/482 2239/1255/482
f 2206/1260/482 2167/1257/482 2207/1256/482
f 2183/1258/482 2241/1261/482 2240/1259/482
f 2205/1262/482 2167/1257/482 2206/1260/482
f 2205/1262/482 2168/1263/482 2167/1257/482
f 2182/1264/482 2241/1261/482 2183/1258/482
f 2182/1264/482 2242/1265/482 2241/1261/482
f 2204/1266/482 2168/1263/482 2205/1262/482
f 2182/1264/482 2243/1267/482 2242/1265/482
f 2203/1268/482 2168/1263/482 2204/1266/482
f 2203/1268/482 2169/1269/482 2168/1263/482
f 2181/1270/482 2243/1267/482 2182/1264/482
f 2181/1270/482 2244/1271/482 2243/1267/482
f 2202/1272/482 2169/1269/482 2203/1268/482
f 2181/1270/482 2245/1273/482 2244/1271/482
f 2201/1274/482 2169/1269/482 2202/1272/482
f 2201/1274/482 2170/1275/482 2169/1269/482
f 2180/1276/482 2245/1273/482 2181/1270/482
f 2180/1276/482 2246/1277/482 2245/1273/482
f 2200/1278/482 2170/1275/482 2201/1274/482
f 2180/1276/482 2247/1132/482 2246/1277/482
f 2247/1132/482 2170/1275/482 2200/1278/482
f 2180/1276/482 2170/1275/482 2247/1132/482
f 2180/1276/482 2171/1134/482 2170/1275/482
f 2179/1279/482 2171/1134/482 2180/1276/482
f 2179/1279/482 2172/1280/482 2171/1134/482
f 2178/1281/482 2172/1280/482 2179/1279/482
f 2178/1281/482 2173/1282/482 2172/1280/482
f 2177/1283/482 2173/1282/482 2178/1281/482
f 2177/1283/482 2174/1284/482 2173/1282/482
f 2176/1285/482 2174/1284/482 2177/1283/482
f 2176/1285/482 2175/1286/482 2174/1284/482
f 2252/1139/482 2254/1143/482 2253/1142/482
f 2252/1139/482 2255/1144/482 2254/1143/482
f 2256/1135/482 2258/1137/482 2257/1136/482
f 2256/1135/482 2259/1132/482 2258/1137/482
f 2252/1139/482 2250/1140/482 2255/1144/482
f 2250/1140/482 2256/1135/482 2255/1144/482
f 2250/1140/482 2249/1138/482 2256/1135/482
f 2249/1138/482 2259/1132/482 2256/1135/482
f 2252/1139/482 2251/1141/482 2250/1140/482
f 2248/1133/482 2259/1132/482 2249/1138/482
f 2286/1300/482 2314/1301/482 2287/1302/482
f 2314/1301/482 2288/1303/482 2287/1302/482
f 2314/1301/482 2260/1133/482 2288/1303/482
f 2314/1301/482 2261/1304/482 2260/1133/482
f 2314/1301/482 2262/1305/482 2261/1304/482
f 2314/1301/482 2263/1306/482 2262/1305/482
f 2314/1301/482 2264/1307/482 2263/1306/482
f 2314/1301/482 2265/1138/482 2264/1307/482
f 2314/1301/482 2266/1308/482 2265/1138/482
f 2314/1301/482 2313/1309/482 2266/1308/482
f 2313/1309/482 2267/1310/482 2266/1308/482
f 2286/1300/482 2315/1132/482 2314/1301/482
f 2312/1311/482 2267/1310/482 2313/1309/482
f 2311/1312/482 2267/1310/482 2312/1311/482
f 2310/1137/482 2267/1310/482 2311/1312/482
f 2310/1137/482 2268/1313/482 2267/1310/482
f 2309/1314/483 2268/1313/483 2310/1137/483
f 2308/1315/482 2268/1313/482 2309/1314/482
f 2307/1316/482 2268/1313/482 2308/1315/482
f 2307/1316/482 2269/1317/482 2268/1313/482
f 2306/1318/482 2269/1317/482 2307/1316/482
f 2305/1136/482 2269/1317/482 2306/1318/482
f 2304/1130/482 2269/1317/482 2305/1136/482
f 2304/1130/482 2270/1140/482 2269/1317/482
f 2303/1319/482 2270/1140/482 2304/1130/482
f 2302/1320/482 2270/1140/482 2303/1319/482
f 2302/1320/482 2271/1134/482 2270/1140/482
f 2301/1321/482 2271/1134/482 2302/1320/482
f 2300/1135/482 2271/1134/482 2301/1321/482
f 2300/1135/482 2272/1322/482 2271/1134/482
f 2299/1323/482 2272/1322/482 2300/1135/482
f 2299/1323/482 2273/1324/482 2272/1322/482
f 2298/1325/482 2273/1324/482 2299/1323/482
f 2297/1326/482 2273/1324/482 2298/1325/482
f 2297/1326/482 2274/1327/482 2273/1324/482
f 2296/1328/482 2274/1327/482 2297/1326/482
f 2295/1144/482 2274/1327/482 2296/1328/482
f 2295/1144/482 2275/1141/482 2274/1327/482
f 2294/1329/482 2275/1141/482 2295/1144/482
f 2293/1131/484 2275/1141/484 2294/1329/484
f 2292/1330/482 2275/1141/482 2293/1131/482
f 2291/1331/482 2275/1141/482 2292/1330/482
f 2291/1331/482 2276/1332/482 2275/1141/482
f 2290/1143/482 2276/1332/482 2291/1331/482
f 2289/1333/482 2276/1332/482 2290/1143/482
f 2286/1300/482 2284/1334/482 2315/1132/482
f 2284/1334/482 2289/1333/482 2315/1132/482
f 2284/1334/482 2276/1332/482 2289/1333/482
f 2284/1334/482 2277/1335/482 2276/1332/482
f 2284/1334/482 2278/1336/482 2277/1335/482
f 2284/1334/482 2279/1337/482 2278/1336/482
f 2284/1334/482 2280/1139/482 2279/1337/482
f 2284/1334/482 2281/1338/482 2280/1139/482
f 2284/1334/482 2282/1129/482 2281/1338/482
f 2284/1334/482 2283/1339/482 2282/1129/482
f 2286/1300/482 2285/1142/482 2284/1334/482
f 2318/1129/485 2319/1131/485 2320/1130/485
f 2318/1129/485 2320/1130/485 2321/1132/485
f 2318/1129/485 2321/1132/485 2316/1133/485
f 2318/1129/485 2316/1133/485 2317/1134/485
f 2330/1135/485 2331/1136/485 2322/1133/485
f 2322/1133/485 2331/1136/485 2332/1137/485
f 2322/1133/485 2332/1137/485 2333/1132/485
f 2330/1135/485 2322/1133/485 2323/1138/485
f 2330/1135/485 2323/1138/485 2326/1139/485
f 2326/1139/485 2323/1138/485 2324/1140/485
f 2326/1139/485 2324/1140/485 2325/1141/485
f 2330/1135/485 2326/1139/485 2327/1142/485
f 2330/1135/485 2327/1142/485 2328/1143/485
f 2330/1135/485 2328/1143/485 2329/1144/485
f 2359/1145/485 2360/1147/485 2386/1146/485
f 2386/1146/485 2360/1147/485 2334/1133/485
f 2386/1146/485 2334/1133/485 2335/1148/485
f 2386/1146/485 2335/1148/485 2336/1149/485
f 2386/1146/485 2336/1149/485 2337/1150/485
f 2386/1146/485 2337/1150/485 2338/1151/485
f 2386/1146/485 2338/1151/485 2339/1152/485
f 2386/1146/485 2339/1152/485 2385/1153/485
f 2385/1153/485 2339/1152/485 2384/1154/485
f 2384/1154/485 2339/1152/485 2340/1155/485
f 2359/1145/485 2386/1146/485 2387/1132/485
f 2383/1156/486 2384/1154/486 2340/1155/486
f 2382/1157/485 2383/1156/485 2340/1155/485
f 2381/1158/485 2382/1157/485 2340/1155/485
f 2381/1158/485 2340/1155/485 2341/1159/485
f 2380/1160/485 2381/1158/485 2341/1159/485
f 2379/1161/485 2380/1160/485 2341/1159/485
f 2379/1161/485 2341/1159/485 2342/1162/485
f 2378/1163/485 2379/1161/485 2342/1162/485
f 2378/1163/485 2342/1162/485 2343/1164/485
f 2377/1165/485 2378/1163/485 2343/1164/485
f 2376/1166/485 2377/1165/485 2343/1164/485
f 2376/1166/485 2343/1164/485 2344/1167/485
f 2375/1168/485 2376/1166/485 2344/1167/485
f 2375/1168/485 2344/1167/485 2345/1169/485
f 2374/1170/485 2375/1168/485 2345/1169/485
f 2374/1170/485 2345/1169/485 2346/1171/485
f 2373/1172/485 2374/1170/485 2346/1171/485
f 2372/1173/485 2373/1172/485 2346/1171/485
f 2372/1173/485 2346/1171/485 2347/1174/485
f 2371/1175/485 2372/1173/485 2347/1174/485
f 2371/1175/485 2347/1174/485 2348/1176/485
f 2370/1177/485 2371/1175/485 2348/1176/485
f 2369/1178/485 2370/1177/485 2348/1176/485
f 2369/1178/485 2348/1176/485 2349/1179/485
f 2368/1180/485 2369/1178/485 2349/1179/485
f 2368/1180/485 2349/1179/485 2350/1181/485
f 2367/1182/485 2368/1180/485 2350/1181/485
f 2366/1183/485 2367/1182/485 2350/1181/485
f 2366/1183/485 2350/1181/485 2351/1184/485
f 2365/1185/485 2366/1183/485 2351/1184/485
f 2365/1185/485 2351/1184/485 2352/1186/485
f 2364/1187/485 2365/1185/485 2352/1186/485
f 2363/1188/485 2364/1187/485 2352/1186/485
f 2363/1188/485 2352/1186/485 2353/1189/485
f 2362/1190/485 2363/1188/485 2353/1189/485
f 2361/1191/485 2362/1190/485 2353/1189/485
f 2359/1145/485 2387/1132/485 2361/1191/485
f 2359/1145/485 2361/1191/485 2353/1189/485
f 2359/1145/485 2353/1189/485 2354/1192/485
f 2359/1145/485 2354/1192/485 2355/1193/485
f 2359/1145/485 2355/1193/485 2356/1194/485
f 2359/1145/485 2356/1194/485 2357/1195/485
f 2359/1145/485 2357/1195/485 2358/1196/485
f 2434/1197/485 2435/1198/485 2388/1133/485
f 2434/1197/485 2388/1133/485 2389/1199/485
f 2433/1200/485 2434/1197/485 2389/1199/485
f 2433/1200/485 2389/1199/485 2390/1201/485
f 2432/1202/485 2433/1200/485 2390/1201/485
f 2432/1202/485 2390/1201/485 2391/1203/485
f 2431/1204/485 2432/1202/485 2391/1203/485
f 2431/1204/485 2391/1203/485 2392/1205/485
f 2430/1206/485 2431/1204/485 2392/1205/485
f 2430/1206/485 2392/1205/485 2393/1207/485
f 2429/1208/485 2430/1206/485 2459/1209/485
f 2459/1209/485 2430/1206/485 2393/1207/485
f 2429/1208/486 2459/1209/486 2460/1210/486
f 2458/1211/487 2459/1209/487 2393/1207/487
f 2429/1208/485 2460/1210/485 2461/1212/485
f 2457/1213/485 2458/1211/485 2393/1207/485
f 2429/1208/485 2461/1212/485 2462/1214/485
f 2456/1215/485 2457/1213/485 2393/1207/485
f 2456/1215/485 2393/1207/485 2394/1216/485
f 2428/1217/485 2429/1208/485 2462/1214/485
f 2428/1217/485 2462/1214/485 2463/1218/485
f 2455/1219/485 2456/1215/485 2394/1216/485
f 2428/1217/485 2463/1218/485 2464/1130/485
f 2454/1220/485 2455/1219/485 2394/1216/485
f 2454/1220/485 2394/1216/485 2395/1221/485
f 2427/1222/485 2428/1217/485 2464/1130/485
f 2427/1222/485 2464/1130/485 2465/1223/485
f 2453/1224/485 2454/1220/485 2395/1221/485
f 2427/1222/485 2465/1223/485 2466/1225/485
f 2452/1226/485 2453/1224/485 2395/1221/485
f 2452/1226/485 2395/1221/485 2396/1227/485
f 2426/1129/485 2427/1222/485 2466/1225/485
f 2426/1129/485 2466/1225/485 2467/1228/485
f 2451/1229/485 2452/1226/485 2396/1227/485
f 2451/1229/485 2396/1227/485 2397/1230/485
f 2425/1231/485 2426/1129/485 2467/1228/485
f 2425/1231/485 2467/1228/485 2468/1232/485
f 2450/1233/485 2451/1229/485 2397/1230/485
f 2425/1231/485 2468/1232/485 2469/1234/485
f 2449/1235/485 2450/1233/485 2397/1230/485
f 2449/1235/485 2397/1230/485 2398/1236/485
f 2424/1237/485 2425/1231/485 2469/1234/485
f 2424/1237/485 2469/1234/485 2470/1238/485
f 2448/1239/485 2449/1235/485 2398/1236/485
f 2448/1239/485 2398/1236/485 2399/1240/485
f 2423/1241/485 2424/1237/485 2470/1238/485
f 2423/1241/485 2470/1238/485 2471/1242/485
f 2447/1243/485 2448/1239/485 2399/1240/485
f 2422/1244/485 2423/1241/485 2471/1242/485
f 2422/1244/485 2471/1242/485 2472/1245/485
f 2446/1246/485 2447/1243/485 2399/1240/485
f 2446/1246/485 2399/1240/485 2400/1247/485
f 2422/1244/485 2472/1245/485 2473/1248/485
f 2445/1131/485 2446/1246/485 2400/1247/485
f 2445/1131/485 2400/1247/485 2401/1249/485
f 2421/1250/485 2422/1244/485 2473/1248/485
f 2421/1250/485 2473/1248/485 2474/1251/485
f 2444/1252/485 2445/1131/485 2401/1249/485
f 2444/1252/485 2401/1249/485 2402/1253/485
f 2420/1254/485 2421/1250/485 2474/1251/485
f 2420/1254/485 2474/1251/485 2475/1255/485
f 2443/1256/485 2444/1252/485 2402/1253/485
f 2443/1256/485 2402/1253/485 2403/1257/485
f 2419/1258/485 2420/1254/485 2475/1255/485
f 2419/1258/485 2475/1255/485 2476/1259/485
f 2442/1260/485 2443/1256/485 2403/1257/485
f 2419/1258/485 2476/1259/485 2477/1261/485
f 2441/1262/485 2442/1260/485 2403/1257/485
f 2441/1262/485 2403/1257/485 2404/1263/485
f 2418/1264/485 2419/1258/485 2477/1261/485
f 2418/1264/485 2477/1261/485 2478/1265/485
f 2440/1266/485 2441/1262/485 2404/1263/485
f 2418/1264/485 2478/1265/485 2479/1267/485
f 2439/1268/485 2440/1266/485 2404/1263/485
f 2439/1268/485 2404/1263/485 2405/1269/485
f 2417/1270/485 2418/1264/485 2479/1267/485
f 2417/1270/485 2479/1267/485 2480/1271/485
f 2438/1272/485 2439/1268/485 2405/1269/485
f 2417/1270/485 2480/1271/485 2481/1273/485
f 2437/1274/485 2438/1272/485 2405/1269/485
f 2437/1274/485 2405/1269/485 2406/1275/485
f 2416/1276/485 2417/1270/485 2481/1273/485
f 2416/1276/485 2481/1273/485 2482/1277/485
f 2436/1278/485 2437/1274/485 2406/1275/485
f 2416/1276/485 2482/1277/485 2483/1132/485
f 2483/1132/485 2436/1278/485 2406/1275/485
f 2416/1276/485 2483/1132/485 2406/1275/485
f 2416/1276/485 2406/1275/485 2407/1134/485
f 2415/1279/485 2416/1276/485 2407/1134/485
f 2415/1279/485 2407/1134/485 2408/1280/485
f 2414/1281/485 2415/1279/485 2408/1280/485
f 2414/1281/485 2408/1280/485 2409/1282/485
f 2413/1283/485 2414/1281/485 2409/1282/485
f 2413/1283/485 2409/1282/485 2410/1284/485
f 2412/1285/485 2413/1283/485 2410/1284/485
f 2412/1285/485 2410/1284/485 2411/1286/485
f 2492/1287/485 2493/1289/485 2494/1288/485
f 2492/1287/488 2494/1288/488 2490/1290/488
f 2490/1290/485 2494/1288/485 2489/1291/485
f 2489/1291/485 2494/1288/485 2495/1292/485
f 2495/1292/485 2496/1294/485 2497/1293/485
f 2495/1292/485 2497/1293/485 2486/1295/485
f 2486/1295/485 2497/1293/485 2485/1296/485
f 2485/1296/485 2497/1293/485 2498/1132/485
f 2492/1287/485 2490/1290/485 2491/1297/485
f 2488/1298/485 2489/1291/485 2495/1292/485
f 2495/1292/485 2486/1295/485 2487/1299/485
f 2484/1133/485 2485/1296/485 2498/1132/485
f 2488/1298/485 2495/1292/485 2487/1299/485
f 2545/1197/485 2546/1198/485 2499/1133/485
f 2545/1197/485 2499/1133/485 2500/1199/485
f 2544/1200/485 2545/1197/485 2500/1199/485
f 2544/1200/485 2500/1199/485 2501/1201/485
f 2543/1202/485 2544/1200/485 2501/1201/485
f 2543/1202/485 2501/1201/485 2502/1203/485
f 2542/1204/485 2543/1202/485 2502/1203/485
f 2542/1204/485 2502/1203/485 2503/1205/485
f 2541/1206/485 2542/1204/485 2503/1205/485
f 2541/1206/485 2503/1205/485 2504/1207/485
f 2540/1208/485 2541/1206/485 2570/1209/485
f 2570/1209/485 2541/1206/485 2504/1207/485
f 2540/1208/486 2570/1209/486 2571/1210/486
f 2569/1211/487 2570/1209/487 2504/1207/487
f 2540/1208/485 2571/1210/485 2572/1212/485
f 2568/1213/485 2569/1211/485 2504/1207/485
f 2540/1208/485 2572/1212/485 2573/1214/485
f 2567/1215/485 2568/1213/485 2504/1207/485
f 2567/1215/485 2504/1207/485 2505/1216/485
f 2539/1217/485 2540/1208/485 2573/1214/485
f 2539/1217/485 2573/1214/485 2574/1218/485
f 2566/1219/485 2567/1215/485 2505/1216/485
f 2539/1217/485 2574/1218/485 2575/1130/485
f 2565/1220/485 2566/1219/485 2505/1216/485
f 2565/1220/485 2505/1216/485 2506/1221/485
f 2538/1222/485 2539/1217/485 2575/1130/485
f 2538/1222/485 2575/1130/485 2576/1223/485
f 2564/1224/485 2565/1220/485 2506/1221/485
f 2538/1222/485 2576/1223/485 2577/1225/485
f 2563/1226/485 2564/1224/485 2506/1221/485
f 2563/1226/485 2506/1221/485 2507/1227/485
f 2537/1129/485 2538/1222/485 2577/1225/485
f 2537/1129/485 2577/1225/485 2578/1228/485
f 2562/1229/485 2563/1226/485 2507/1227/485
f 2562/1229/485 2507/1227/485 2508/1230/485
f 2536/1231/485 2537/1129/485 2578/1228/485
f 2536/1231/485 2578/1228/485 2579/1232/485
f 2561/1233/485 2562/1229/485 2508/1230/485
f 2536/1231/485 2579/1232/485 2580/1234/485
f 2560/1235/485 2561/1233/485 2508/1230/485
f 2560/1235/485 2508/1230/485 2509/1236/485
f 2535/1237/485 2536/1231/485 2580/1234/485
f 2535/1237/485 2580/1234/485 2581/1238/485
f 2559/1239/485 2560/1235/485 2509/1236/485
f 2559/1239/485 2509/1236/485 2510/1240/485
f 2534/1241/485 2535/1237/485 2581/1238/485
f 2534/1241/485 2581/1238/485 2582/1242/485
f 2558/1243/485 2559/1239/485 2510/1240/485
f 2533/1244/485 2534/1241/485 2582/1242/485
f 2533/1244/485 2582/1242/485 2583/1245/485
f 2557/1246/485 2558/1243/485 2510/1240/485
f 2557/1246/485 2510/1240/485 2511/1247/485
f 2533/1244/485 2583/1245/485 2584/1248/485
f 2556/1131/485 2557/1246/485 2511/1247/485
f 2556/1131/485 2511/1247/485 2512/1249/485
f 2532/1250/485 2533/1244/485 2584/1248/485
f 2532/1250/485 2584/1248/485 2585/1251/485
f 2555/1252/485 2556/1131/485 2512/1249/485
f 2555/1252/485 2512/1249/485 2513/1253/485
f 2531/1254/485 2532/1250/485 2585/1251/485
f 2531/1254/485 2585/1251/485 2586/1255/485
f 2554/1256/485 2555/1252/485 2513/1253/485
f 2554/1256/485 2513/1253/485 2514/1257/485
f 2530/1258/485 2531/1254/485 2586/1255/485
f 2530/1258/485 2586/1255/485 2587/1259/485
f 2553/1260/485 2554/1256/485 2514/1257/485
f 2530/1258/485 2587/1259/485 2588/1261/485
f 2552/1262/485 2553/1260/485 2514/1257/485
f 2552/1262/485 2514/1257/485 2515/1263/485
f 2529/1264/485 2530/1258/485 2588/1261/485
f 2529/1264/485 2588/1261/485 2589/1265/485
f 2551/1266/485 2552/1262/485 2515/1263/485
f 2529/1264/485 2589/1265/485 2590/1267/485
f 2550/1268/485 2551/1266/485 2515/1263/485
f 2550/1268/485 2515/1263/485 2516/1269/485
f 2528/1270/485 2529/1264/485 2590/1267/485
f 2528/1270/485 2590/1267/485 2591/1271/485
f 2549/1272/485 2550/1268/485 2516/1269/485
f 2528/1270/485 2591/1271/485 2592/1273/485
f 2548/1274/485 2549/1272/485 2516/1269/485
f 2548/1274/485 2516/1269/485 2517/1275/485
f 2527/1276/485 2528/1270/485 2592/1273/485
f 2527/1276/485 2592/1273/485 2593/1277/485
f 2547/1278/485 2548/1274/485 2517/1275/485
f 2527/1276/485 2593/1277/485 2594/1132/485
f 2594/1132/485 2547/1278/485 2517/1275/485
f 2527/1276/485 2594/1132/485 2517/1275/485
f 2527/1276/485 2517/1275/485 2518/1134/485
f 2526/1279/485 2527/1276/485 2518/1134/485
f 2526/1279/485 2518/1134/485 2519/1280/485
f 2525/1281/485 2526/1279/485 2519/1280/485
f 2525/1281/485 2519/1280/485 2520/1282/485
f 2524/1283/485 2525/1281/485 2520/1282/485
f 2524/1283/485 2520/1282/485 2521/1284/485
f 2523/1285/485 2524/1283/485 2521/1284/485
f 2523/1285/485 2521/1284/485 2522/1286/485
f 2599/1287/485 2600/1288/485 2601/1294/485
f 2599/1287/485 2601/1294/485 2602/1132/485
f 2598/1290/485 2599/1287/485 2602/1132/485
f 2597/1298/485 2598/1290/485 2595/1133/485
f 2595/1133/485 2598/1290/485 2602/1132/485
f 2597/1298/485 2595/1133/485 2596/1295/485
f 2649/1197/485 2650/1198/485 2603/1133/485
f 2649/1197/485 2603/1133/485 2604/1199/485
f 2648/1200/485 2649/1197/485 2604/1199/485
f 2648/1200/485 2604/1199/485 2605/1201/485
f 2647/1202/485 2648/1200/485 2605/1201/485
f 2647/1202/485 2605/1201/485 2606/1203/485
f 2646/1204/485 2647/1202/485 2606/1203/485
f 2646/1204/485 2606/1203/485 2607/1205/485
f 2645/1206/485 2646/1204/485 2607/1205/485
f 2645/1206/485 2607/1205/485 2608/1207/485
f 2644/1208/485 2645/1206/485 2674/1209/485
f 2674/1209/485 2645/1206/485 2608/1207/485
f 2644/1208/486 2674/1209/486 2675/1210/486
f 2673/1211/487 2674/1209/487 2608/1207/487
f 2644/1208/485 2675/1210/485 2676/1212/485
f 2672/1213/485 2673/1211/485 2608/1207/485
f 2644/1208/485 2676/1212/485 2677/1214/485
f 2671/1215/485 2672/1213/485 2608/1207/485
f 2671/1215/485 2608/1207/485 2609/1216/485
f 2643/1217/485 2644/1208/485 2677/1214/485
f 2643/1217/485 2677/1214/485 2678/1218/485
f 2670/1219/485 2671/1215/485 2609/1216/485
f 2643/1217/485 2678/1218/485 2679/1130/485
f 2669/1220/485 2670/1219/485 2609/1216/485
f 2669/1220/485 2609/1216/485 2610/1221/485
f 2642/1222/485 2643/1217/485 2679/1130/485
f 2642/1222/485 2679/1130/485 2680/1223/485
f 2668/1224/485 2669/1220/485 2610/1221/485
f 2642/1222/485 2680/1223/485 2681/1225/485
f 2667/1226/485 2668/1224/485 2610/1221/485
f 2667/1226/485 2610/1221/485 2611/1227/485
f 2641/1129/485 2642/1222/485 2681/1225/485
f 2641/1129/485 2681/1225/485 2682/1228/485
f 2666/1229/485 2667/1226/485 2611/1227/485
f 2666/1229/485 2611/1227/485 2612/1230/485
f 2640/1231/485 2641/1129/485 2682/1228/485
f 2640/1231/485 2682/1228/485 2683/1232/485
f 2665/1233/485 2666/1229/485 2612/1230/485
f 2640/1231/485 2683/1232/485 2684/1234/485
f 2664/1235/485 2665/1233/485 2612/1230/485
f 2664/1235/485 2612/1230/485 2613/1236/485
f 2639/1237/485 2640/1231/485 2684/1234/485
f 2639/1237/485 2684/1234/485 2685/1238/485
f 2663/1239/485 2664/1235/485 2613/1236/485
f 2663/1239/485 2613/1236/485 2614/1240/485
f 2638/1241/485 2639/1237/485 2685/1238/485
f 2638/1241/485 2685/1238/485 2686/1242/485
f 2662/1243/485 2663/1239/485 2614/1240/485
f 2637/1244/485 2638/1241/485 2686/1242/485
f 2637/1244/485 2686/1242/485 2687/1245/485
f 2661/1246/485 2662/1243/485 2614/1240/485
f 2661/1246/485 2614/1240/485 2615/1247/485
f 2637/1244/485 2687/1245/485 2688/1248/485
f 2660/1131/485 2661/1246/485 2615/1247/485
f 2660/1131/485 2615/1247/485 2616/1249/485
f 2636/1250/485 2637/1244/485 2688/1248/485
f 2636/1250/485 2688/1248/485 2689/1251/485
f 2659/1252/485 2660/1131/485 2616/1249/485
f 2659/1252/485 2616/1249/485 2617/1253/485
f 2635/1254/485 2636/1250/485 2689/1251/485
f 2635/1254/485 2689/1251/485 2690/1255/485
f 2658/1256/485 2659/1252/485 2617/1253/485
f 2658/1256/485 2617/1253/485 2618/1257/485
f 2634/1258/485 2635/1254/485 2690/1255/485
f 2634/1258/485 2690/1255/485 2691/1259/485
f 2657/1260/485 2658/1256/485 2618/1257/485
f 2634/1258/485 2691/1259/485 2692/1261/485
f 2656/1262/485 2657/1260/485 2618/1257/485
f 2656/1262/485 2618/1257/485 2619/1263/485
f 2633/1264/485 2634/1258/485 2692/1261/485
f 2633/1264/485 2692/1261/485 2693/1265/485
f 2655/1266/485 2656/1262/485 2619/1263/485
f 2633/1264/485 2693/1265/485 2694/1267/485
f 2654/1268/485 2655/1266/485 2619/1263/485
f 2654/1268/485 2619/1263/485 2620/1269/485
f 2632/1270/485 2633/1264/485 2694/1267/485
f 2632/1270/485 2694/1267/485 2695/1271/485
f 2653/1272/485 2654/1268/485 2620/1269/485
f 2632/1270/485 2695/1271/485 2696/1273/485
f 2652/1274/485 2653/1272/485 2620/1269/485
f 2652/1274/485 2620/1269/485 2621/1275/485
f 2631/1276/485 2632/1270/485 2696/1273/485
f 2631/1276/485 2696/1273/485 2697/1277/485
f 2651/1278/485 2652/1274/485 2621/1275/485
f 2631/1276/485 2697/1277/485 2698/1132/485
f 2698/1132/485 2651/1278/485 2621/1275/485
f 2631/1276/485 2698/1132/485 2621/1275/485
f 2631/1276/485 2621/1275/485 2622/1134/485
f 2630/1279/485 2631/1276/485 2622/1134/485
f 2630/1279/485 2622/1134/485 2623/1280/485
f 2629/1281/485 2630/1279/485 2623/1280/485
f 2629/1281/485 2623/1280/485 2624/1282/485
f 2628/1283/485 2629/1281/485 2624/1282/485
f 2628/1283/485 2624/1282/485 2625/1284/485
f 2627/1285/485 2628/1283/485 2625/1284/485
f 2627/1285/485 2625/1284/485 2626/1286/485
f 2703/1139/485 2704/1142/485 2705/1143/485
f 2703/1139/485 2705/1143/485 2706/1144/485
f 2707/1135/485 2708/1136/485 2709/1137/485
f 2707/1135/485 2709/1137/485 2710/1132/485
f 2703/1139/486 2706/1144/486 2701/1140/486
f 2701/1140/485 2706/1144/485 2707/1135/485
f 2701/1140/485 2707/1135/485 2700/1138/485
f 2700/1138/485 2707/1135/485 2710/1132/485
f 2703/1139/485 2701/1140/485 2702/1141/485
f 2699/1133/485 2700/1138/485 2710/1132/485
f 2737/1300/485 2738/1302/485 2765/1301/485
f 2765/1301/485 2738/1302/485 2739/1303/485
f 2765/1301/485 2739/1303/485 2711/1133/485
f 2765/1301/485 2711/1133/485 2712/1304/485
f 2765/1301/485 2712/1304/485 2713/1305/485
f 2765/1301/485 2713/1305/485 2714/1306/485
f 2765/1301/485 2714/1306/485 2715/1307/485
f 2765/1301/485 2715/1307/485 2716/1138/485
f 2765/1301/485 2716/1138/485 2717/1308/485
f 2765/1301/485 2717/1308/485 2764/1309/485
f 2764/1309/485 2717/1308/485 2718/1310/485
f 2737/1300/485 2765/1301/485 2766/1132/485
f 2763/1311/485 2764/1309/485 2718/1310/485
f 2762/1312/485 2763/1311/485 2718/1310/485
f 2761/1137/485 2762/1312/485 2718/1310/485
f 2761/1137/485 2718/1310/485 2719/1313/485
f 2760/1314/486 2761/1137/486 2719/1313/486
f 2759/1315/485 2760/1314/485 2719/1313/485
f 2758/1316/485 2759/1315/485 2719/1313/485
f 2758/1316/485 2719/1313/485 2720/1317/485
f 2757/1318/485 2758/1316/485 2720/1317/485
f 2756/1136/485 2757/1318/485 2720/1317/485
f 2755/1130/485 2756/1136/485 2720/1317/485
f 2755/1130/485 2720/1317/485 2721/1140/485
f 2754/1319/485 2755/1130/485 2721/1140/485
f 2753/1320/485 2754/1319/485 2721/1140/485
f 2753/1320/485 2721/1140/485 2722/1134/485
f 2752/1321/485 2753/1320/485 2722/1134/485
f 2751/1135/485 2752/1321/485 2722/1134/485
f 2751/1135/485 2722/1134/485 2723/1322/485
f 2750/1323/485 2751/1135/485 2723/1322/485
f 2750/1323/485 2723/1322/485 2724/1324/485
f 2749/1325/485 2750/1323/485 2724/1324/485
f 2748/1326/485 2749/1325/485 2724/1324/485
f 2748/1326/485 2724/1324/485 2725/1327/485
f 2747/1328/485 2748/1326/485 2725/1327/485
f 2746/1144/485 2747/1328/485 2725/1327/485
f 2746/1144/485 2725/1327/485 2726/1141/485
f 2745/1329/485 2746/1144/485 2726/1141/485
f 2744/1131/485 2745/1329/485 2726/1141/485
f 2743/1330/485 2744/1131/485 2726/1141/485
f 2742/1331/485 2743/1330/485 2726/1141/485
f 2742/1331/485 2726/1141/485 2727/1332/485
f 2741/1143/485 2742/1331/485 2727/1332/485
f 2740/1333/485 2741/1143/485 2727/1332/485
f 2737/1300/488 2766/1132/488 2735/1334/488
f 2735/1334/485 2766/1132/485 2740/1333/485
f 2735/1334/485 2740/1333/485 2727/1332/485
f 2735/1334/485 2727/1332/485 2728/1335/485
f 2735/1334/485 2728/1335/485 2729/1336/485
f 2735/1334/485 2729/1336/485 2730/1337/485
f 2735/1334/485 2730/1337/485 2731/1139/485
f 2735/1334/485 2731/1139/485 2732/1338/485
f 2735/1334/485 2732/1338/485 2733/1129/485
f 2735/1334/485 2733/1129/485 2734/1339/485
f 2737/1300/485 2735/1334/485 2736/1142/485
s 1
f 2770/1340/489 2767/1133/490 2768/1341/490
f 2772/1342/491 2769/1343/489 2770/1340/489
f 2774/1344/492 2771/1345/491 2772/1342/491
f 2776/1346/493 2773/1347/492 2774/1344/492
f 2778/1348/494 2775/1349/493 2776/1346/493
f 2780/1350/495 2777/1351/496 2778/1348/494
f 2782/1352/497 2779/1353/495 2780/1350/495
f 2784/1354/498 2781/1355/497 2782/1352/497
f 2786/1356/499 2783/1357/498 2784/1354/498
f 2788/1358/500 2785/1359/499 2786/1356/499
f 2790/1360/501 2787/1361/500 2788/1358/500
f 2792/1362/502 2789/1363/501 2790/1360/501
f 2794/1364/503 2791/1365/502 2792/1362/502
f 2796/1366/504 2793/1367/503 2794/1364/503
f 2798/1368/505 2795/1369/504 2796/1366/504
f 2800/1370/506 2797/1371/507 2798/1368/505
f 2802/1372/508 2799/1373/506 2800/1370/506
f 2804/1374/509 2801/1375/508 2802/1372/508
f 2806/1376/510 2803/1377/509 2804/1374/509
f 2808/1378/511 2805/1379/510 2806/1376/510
f 2810/1380/512 2807/1381/511 2808/1378/511
f 2812/1382/513 2809/1383/512 2810/1380/512
f 2814/1384/514 2811/1385/513 2812/1382/513
f 2816/1386/515 2813/1387/514 2814/1384/514
f 2818/1388/515 2815/1389/515 2816/1386/515
f 2820/1390/516 2817/1391/515 2818/1388/515
f 2822/1392/517 2819/1393/516 2820/1390/516
f 2824/1394/518 2821/1395/517 2822/1392/517
f 2768/1396/490 2823/1397/518 2824/1394/518
f 2828/1398/519 2825/1133/520 2826/1341/520
f 2830/1399/521 2827/1400/519 2828/1398/519
f 2832/1401/522 2829/1402/521 2830/1399/521
f 2834/1403/523 2831/1404/524 2832/1401/522
f 2836/1405/525 2833/1406/523 2834/1403/523
f 2838/1407/526 2835/1408/525 2836/1405/525
f 2840/1409/527 2837/1410/526 2838/1407/526
f 2842/1411/528 2839/1412/527 2840/1409/527
f 2844/1413/529 2841/1414/530 2842/1411/528
f 2846/1415/531 2843/1416/529 2844/1413/529
f 2848/1417/532 2845/1418/531 2846/1415/531
f 2850/1419/533 2847/1420/532 2848/1417/532
f 2852/1421/534 2849/1422/533 2850/1419/533
f 2854/1423/535 2851/1424/534 2852/1421/534
f 2856/1425/536 2853/1426/535 2854/1423/535
f 2858/1427/537 2855/1428/538 2856/1425/536
f 2860/1429/539 2857/1430/537 2858/1427/537
f 2862/1431/540 2859/1432/539 2860/1429/539
f 2864/1433/541 2861/1434/542 2862/1431/540
f 2866/1435/543 2863/1436/541 2864/1433/541
f 2868/1437/544 2865/1438/545 2866/1435/543
f 2870/1439/546 2867/1440/544 2868/1437/544
f 2872/1441/547 2869/1442/546 2870/1439/546
f 2874/1443/548 2871/1444/547 2872/1441/547
f 2876/1445/515 2873/1446/548 2874/1443/548
f 2878/1447/549 2875/1448/515 2876/1445/515
f 2826/1396/520 2877/1449/549 2878/1447/549
f 2882/1450/516 2879/1133/516 2880/1341/516
f 2884/1451/515 2881/1452/516 2882/1450/516
f 2886/1453/515 2883/1454/515 2884/1451/515
f 2888/1413/516 2885/1455/515 2886/1453/515
f 2890/1456/517 2887/1416/516 2888/1413/516
f 2892/1457/549 2889/1458/517 2890/1456/517
f 2894/1459/549 2891/1297/549 2892/1457/549
f 2896/1431/517 2893/1460/549 2894/1459/549
f 2898/1461/517 2895/1434/517 2896/1431/517
f 2900/1462/549 2897/1463/517 2898/1461/517
f 2902/1464/515 2899/1465/549 2900/1462/549
f 2880/1396/516 2901/1466/515 2902/1464/515
f 2906/1467/550 2903/1133/551 2904/1341/551
f 2908/1468/552 2905/1469/553 2906/1467/550
f 2910/1470/554 2907/1471/552 2908/1468/552
f 2912/1450/555 2909/1472/554 2910/1470/554
f 2914/1473/556 2911/1452/555 2912/1450/555
f 2916/1474/557 2913/1475/556 2914/1473/556
f 2918/1476/558 2915/1477/557 2916/1474/557
f 2920/1451/559 2917/1478/558 2918/1476/558
f 2922/1479/560 2919/1454/559 2920/1451/559
f 2924/1480/561 2921/1481/560 2922/1479/560
f 2926/1482/562 2923/1483/561 2924/1480/561
f 2928/1453/563 2925/1484/562 2926/1482/562
f 2930/1485/564 2927/1455/563 2928/1453/563
f 2932/1486/565 2929/1487/564 2930/1485/564
f 2934/1488/566 2931/1489/565 2932/1486/565
f 2936/1413/567 2933/1490/566 2934/1488/566
f 2938/1491/568 2935/1416/567 2936/1413/567
f 2940/1492/569 2937/1493/568 2938/1491/568
f 2942/1494/570 2939/1495/571 2940/1492/569
f 2944/1456/572 2941/1496/570 2942/1494/570
f 2946/1497/573 2943/1458/572 2944/1456/572
f 2948/1498/574 2945/1499/573 2946/1497/573
f 2950/1500/575 2947/1501/574 2948/1498/574
f 2952/1457/576 2949/1502/575 2950/1500/575
f 2954/1503/577 2951/1297/576 2952/1457/576
f 2956/1504/578 2953/1505/577 2954/1503/577
f 2958/1506/579 2955/1507/578 2956/1504/578
f 2960/1459/580 2957/1508/579 2958/1506/579
f 2962/1509/581 2959/1460/580 2960/1459/580
f 2964/1510/582 2961/1511/581 2962/1509/581
f 2966/1512/583 2963/1513/582 2964/1510/582
f 2968/1431/584 2965/1514/583 2966/1512/583
f 2970/1515/585 2967/1434/584 2968/1431/584
f 2972/1516/586 2969/1517/585 2970/1515/585
f 2974/1518/587 2971/1519/586 2972/1516/586
f 2976/1461/588 2973/1520/587 2974/1518/587
f 2978/1521/589 2975/1463/588 2976/1461/588
f 2980/1522/590 2977/1523/589 2978/1521/589
f 2982/1524/591 2979/1525/590 2980/1522/590
f 2984/1462/592 2981/1526/591 2982/1524/591
f 2986/1527/593 2983/1465/592 2984/1462/592
f 2988/1528/594 2985/1529/593 2986/1527/593
f 2990/1530/595 2987/1531/594 2988/1528/594
f 2992/1464/596 2989/1532/595 2990/1530/595
f 2994/1533/597 2991/1466/596 2992/1464/596
f 2996/1534/598 2993/1535/597 2994/1533/597
f 2998/1536/599 2995/1537/598 2996/1534/598
f 2904/1396/551 2997/1538/599 2998/1536/599
f 3002/1467/600 2999/1133/601 3000/1341/601
f 3004/1468/602 3001/1469/600 3002/1467/600
f 3006/1470/603 3003/1471/602 3004/1468/602
f 3008/1450/604 3005/1472/603 3006/1470/603
f 3010/1473/605 3007/1452/606 3008/1450/604
f 3012/1474/607 3009/1475/608 3010/1473/605
f 3014/1476/609 3011/1477/607 3012/1474/607
f 3016/1451/610 3013/1478/609 3014/1476/609
f 3018/1479/611 3015/1454/610 3016/1451/610
f 3020/1480/612 3017/1481/611 3018/1479/611
f 3022/1482/613 3019/1483/612 3020/1480/612
f 3024/1453/614 3021/1484/613 3022/1482/613
f 3026/1485/615 3023/1455/614 3024/1453/614
f 3028/1486/616 3025/1487/615 3026/1485/615
f 3030/1488/617 3027/1489/616 3028/1486/616
f 3032/1413/618 3029/1490/617 3030/1488/617
f 3034/1491/619 3031/1416/618 3032/1413/618
f 3036/1492/620 3033/1493/619 3034/1491/619
f 3038/1494/621 3035/1495/622 3036/1492/620
f 3040/1456/623 3037/1496/621 3038/1494/621
f 3042/1497/624 3039/1458/625 3040/1456/623
f 3044/1498/626 3041/1499/624 3042/1497/624
f 3046/1500/627 3043/1501/626 3044/1498/626
f 3048/1457/628 3045/1502/627 3046/1500/627
f 3050/1503/629 3047/1297/628 3048/1457/628
f 3052/1504/630 3049/1505/629 3050/1503/629
f 3054/1506/631 3051/1507/630 3052/1504/630
f 3056/1459/632 3053/1508/631 3054/1506/631
f 3058/1509/633 3055/1460/634 3056/1459/632
f 3060/1510/635 3057/1511/633 3058/1509/633
f 3062/1512/636 3059/1513/635 3060/1510/635
f 3064/1431/637 3061/1514/636 3062/1512/636
f 3066/1515/638 3063/1434/637 3064/1431/637
f 3068/1516/639 3065/1517/638 3066/1515/638
f 3070/1518/640 3067/1519/639 3068/1516/639
f 3072/1461/641 3069/1520/640 3070/1518/640
f 3074/1521/642 3071/1463/641 3072/1461/641
f 3076/1522/643 3073/1523/642 3074/1521/642
f 3078/1524/644 3075/1525/643 3076/1522/643
f 3080/1462/645 3077/1526/644 3078/1524/644
f 3082/1527/646 3079/1465/645 3080/1462/645
f 3084/1528/647 3081/1529/646 3082/1527/646
f 3086/1530/648 3083/1531/647 3084/1528/647
f 3088/1464/649 3085/1532/648 3086/1530/648
f 3090/1533/650 3087/1466/649 3088/1464/649
f 3092/1534/651 3089/1535/650 3090/1533/650
f 3094/1536/652 3091/1537/651 3092/1534/651
f 3000/1396/601 3093/1538/652 3094/1536/652
f 3098/1474/515 3095/1133/515 3096/1341/515
f 3100/1453/516 3097/1477/515 3098/1474/515
f 3102/1492/516 3099/1455/516 3100/1453/516
f 3104/1457/516 3101/1495/516 3102/1492/516
f 3106/1510/517 3103/1297/516 3104/1457/516
f 3108/1461/549 3105/1513/517 3106/1510/517
f 3110/1528/515 3107/1463/549 3108/1461/549
f 3096/1396/515 3109/1531/515 3110/1528/515
f 3114/1467/550 3111/1133/551 3112/1341/551
f 3116/1468/552 3113/1469/553 3114/1467/550
f 3118/1470/554 3115/1471/552 3116/1468/552
f 3120/1450/555 3117/1472/554 3118/1470/554
f 3122/1473/556 3119/1452/555 3120/1450/555
f 3124/1474/557 3121/1475/556 3122/1473/556
f 3126/1476/558 3123/1477/557 3124/1474/557
f 3128/1451/559 3125/1478/558 3126/1476/558
f 3130/1479/560 3127/1454/559 3128/1451/559
f 3132/1480/561 3129/1481/560 3130/1479/560
f 3134/1482/562 3131/1483/561 3132/1480/561
f 3136/1453/563 3133/1484/562 3134/1482/562
f 3138/1485/564 3135/1455/563 3136/1453/563
f 3140/1486/565 3137/1487/564 3138/1485/564
f 3142/1488/566 3139/1489/565 3140/1486/565
f 3144/1413/567 3141/1490/566 3142/1488/566
f 3146/1491/568 3143/1416/567 3144/1413/567
f 3148/1492/569 3145/1493/568 3146/1491/568
f 3150/1494/570 3147/1495/571 3148/1492/569
f 3152/1456/572 3149/1496/570 3150/1494/570
f 3154/1497/573 3151/1458/572 3152/1456/572
f 3156/1498/574 3153/1499/573 3154/1497/573
f 3158/1500/575 3155/1501/574 3156/1498/574
f 3160/1457/576 3157/1502/575 3158/1500/575
f 3162/1503/577 3159/1297/576 3160/1457/576
f 3164/1504/578 3161/1505/577 3162/1503/577
f 3166/1506/579 3163/1507/578 3164/1504/578
f 3168/1459/580 3165/1508/579 3166/1506/579
f 3170/1509/581 3167/1460/580 3168/1459/580
f 3172/1510/582 3169/1511/581 3170/1509/581
f 3174/1512/583 3171/1513/582 3172/1510/582
f 3176/1431/584 3173/1514/583 3174/1512/583
f 3178/1515/585 3175/1434/584 3176/1431/584
f 3180/1516/586 3177/1517/585 3178/1515/585
f 3182/1518/587 3179/1519/586 3180/1516/586
f 3184/1461/612 3181/1520/587 3182/1518/587
f 3186/1521/589 3183/1463/588 3184/1461/612
f 3188/1522/590 3185/1523/589 3186/1521/589
f 3190/1524/591 3187/1525/590 3188/1522/590
f 3192/1462/592 3189/1526/591 3190/1524/591
f 3194/1527/653 3191/1465/592 3192/1462/592
f 3196/1528/594 3193/1529/653 3194/1527/653
f 3198/1530/595 3195/1531/594 3196/1528/594
f 3200/1464/596 3197/1532/595 3198/1530/595
f 3202/1533/597 3199/1466/596 3200/1464/596
f 3204/1534/598 3201/1535/597 3202/1533/597
f 3206/1536/599 3203/1537/598 3204/1534/598
f 3112/1396/551 3205/1538/599 3206/1536/599
f 3210/1467/600 3207/1133/601 3208/1341/601
f 3212/1468/602 3209/1469/600 3210/1467/600
f 3214/1470/603 3211/1471/602 3212/1468/602
f 3216/1450/604 3213/1472/603 3214/1470/603
f 3218/1473/605 3215/1452/604 3216/1450/604
f 3220/1474/607 3217/1475/608 3218/1473/605
f 3222/1476/609 3219/1477/607 3220/1474/607
f 3224/1451/610 3221/1478/609 3222/1476/609
f 3226/1479/611 3223/1454/610 3224/1451/610
f 3228/1480/612 3225/1481/611 3226/1479/611
f 3230/1482/613 3227/1483/612 3228/1480/612
f 3232/1453/614 3229/1484/613 3230/1482/613
f 3234/1485/615 3231/1455/614 3232/1453/614
f 3236/1486/616 3233/1487/615 3234/1485/615
f 3238/1488/617 3235/1489/616 3236/1486/616
f 3240/1413/618 3237/1490/617 3238/1488/617
f 3242/1491/619 3239/1416/618 3240/1413/618
f 3244/1492/620 3241/1493/619 3242/1491/619
f 3246/1494/621 3243/1495/622 3244/1492/620
f 3248/1456/623 3245/1496/621 3246/1494/621
f 3250/1497/624 3247/1458/625 3248/1456/623
f 3252/1498/626 3249/1499/624 3250/1497/624
f 3254/1500/627 3251/1501/626 3252/1498/626
f 3256/1457/628 3253/1502/627 3254/1500/627
f 3258/1503/629 3255/1297/628 3256/1457/628
f 3260/1504/630 3257/1505/629 3258/1503/629
f 3262/1506/631 3259/1507/630 3260/1504/630
f 3264/1459/632 3261/1508/631 3262/1506/631
f 3266/1509/633 3263/1460/634 3264/1459/632
f 3268/1510/635 3265/1511/633 3266/1509/633
f 3270/1512/636 3267/1513/635 3268/1510/635
f 3272/1431/637 3269/1514/636 3270/1512/636
f 3274/1515/638 3271/1434/637 3272/1431/637
f 3276/1516/639 3273/1517/638 3274/1515/638
f 3278/1518/640 3275/1519/639 3276/1516/639
f 3280/1461/641 3277/1520/640 3278/1518/640
f 3282/1521/642 3279/1463/641 3280/1461/641
f 3284/1522/643 3281/1523/642 3282/1521/642
f 3286/1524/644 3283/1525/643 3284/1522/643
f 3288/1462/645 3285/1526/644 3286/1524/644
f 3290/1527/646 3287/1465/645 3288/1462/645
f 3292/1528/647 3289/1529/646 3290/1527/646
f 3294/1530/648 3291/1531/647 3292/1528/647
f 3296/1464/649 3293/1532/648 3294/1530/648
f 3298/1533/650 3295/1466/649 3296/1464/649
f 3300/1534/651 3297/1535/650 3298/1533/650
f 3302/1536/652 3299/1537/651 3300/1534/651
f 3208/1396/601 3301/1538/652 3302/1536/652
f 3306/1539/516 3303/1133/516 3304/1341/516
f 3308/1540/654 3305/1541/516 3306/1539/516
f 3310/1542/654 3307/1543/654 3308/1540/654
f 3312/1544/655 3309/1134/654 3310/1542/654
f 3314/1413/655 3311/1545/655 3312/1544/655
f 3316/1546/515 3313/1416/655 3314/1413/655
f 3318/1547/515 3315/1129/515 3316/1546/515
f 3320/1548/516 3317/1549/515 3318/1547/515
f 3322/1550/517 3319/1551/516 3320/1548/516
f 3324/1431/656 3321/1131/517 3322/1550/517
f 3326/1552/657 3323/1434/656 3324/1431/656
f 3328/1553/658 3325/1554/657 3326/1552/657
f 3330/1555/549 3327/1130/658 3328/1553/658
f 3332/1556/515 3329/1557/549 3330/1555/549
f 3304/1396/516 3331/1558/515 3332/1556/515
f 3336/1467/550 3333/1133/551 3334/1341/551
f 3338/1468/552 3335/1469/553 3336/1467/550
f 3340/1470/554 3337/1471/552 3338/1468/552
f 3342/1450/555 3339/1472/554 3340/1470/554
f 3344/1473/556 3341/1452/555 3342/1450/555
f 3346/1474/557 3343/1475/556 3344/1473/556
f 3348/1476/558 3345/1477/557 3346/1474/557
f 3350/1451/559 3347/1478/558 3348/1476/558
f 3352/1479/560 3349/1454/559 3350/1451/559
f 3354/1480/561 3351/1481/560 3352/1479/560
f 3356/1482/562 3353/1483/561 3354/1480/561
f 3358/1453/563 3355/1484/562 3356/1482/562
f 3360/1485/564 3357/1455/563 3358/1453/563
f 3362/1486/565 3359/1487/564 3360/1485/564
f 3364/1488/566 3361/1489/565 3362/1486/565
f 3366/1413/567 3363/1490/566 3364/1488/566
f 3368/1491/568 3365/1416/567 3366/1413/567
f 3370/1492/569 3367/1493/568 3368/1491/568
f 3372/1494/570 3369/1495/571 3370/1492/569
f 3374/1456/572 3371/1496/570 3372/1494/570
f 3376/1497/573 3373/1458/572 3374/1456/572
f 3378/1498/574 3375/1499/573 3376/1497/573
f 3380/1500/575 3377/1501/574 3378/1498/574
f 3382/1457/576 3379/1502/575 3380/1500/575
f 3384/1503/577 3381/1297/576 3382/1457/576
f 3386/1504/578 3383/1505/577 3384/1503/577
f 3388/1506/579 3385/1507/578 3386/1504/578
f 3390/1459/580 3387/1508/579 3388/1506/579
f 3392/1509/581 3389/1460/580 3390/1459/580
f 3394/1510/582 3391/1511/581 3392/1509/581
f 3396/1512/583 3393/1513/582 3394/1510/582
f 3398/1431/584 3395/1514/583 3396/1512/583
f 3400/1515/585 3397/1434/584 3398/1431/584
f 3402/1516/586 3399/1517/585 3400/1515/585
f 3404/1518/587 3401/1519/586 3402/1516/586
f 3406/1461/588 3403/1520/587 3404/1518/587
f 3408/1521/589 3405/1463/588 3406/1461/588
f 3410/1522/590 3407/1523/589 3408/1521/589
f 3412/1524/591 3409/1525/590 3410/1522/590
f 3414/1462/592 3411/1526/591 3412/1524/591
f 3416/1527/593 3413/1465/592 3414/1462/592
f 3418/1528/594 3415/1529/653 3416/1527/593
f 3420/1530/595 3417/1531/594 3418/1528/594
f 3422/1464/596 3419/1532/595 3420/1530/595
f 3424/1533/597 3421/1466/596 3422/1464/596
f 3426/1534/598 3423/1535/597 3424/1533/597
f 3428/1536/599 3425/1537/598 3426/1534/598
f 3334/1396/551 3427/1538/599 3428/1536/599
f 3432/1467/600 3429/1133/601 3430/1341/601
f 3434/1468/602 3431/1469/600 3432/1467/600
f 3436/1470/603 3433/1471/602 3434/1468/602
f 3438/1450/604 3435/1472/603 3436/1470/603
f 3440/1473/605 3437/1452/606 3438/1450/604
f 3442/1474/607 3439/1475/608 3440/1473/605
f 3444/1476/609 3441/1477/607 3442/1474/607
f 3446/1451/659 3443/1478/609 3444/1476/609
f 3448/1479/611 3445/1454/610 3446/1451/659
f 3450/1480/612 3447/1481/611 3448/1479/611
f 3452/1482/613 3449/1483/612 3450/1480/612
f 3454/1453/614 3451/1484/613 3452/1482/613
f 3456/1485/615 3453/1455/614 3454/1453/614
f 3458/1486/616 3455/1487/615 3456/1485/615
f 3460/1488/617 3457/1489/616 3458/1486/616
f 3462/1413/618 3459/1490/617 3460/1488/617
f 3464/1491/619 3461/1416/660 3462/1413/618
f 3466/1492/620 3463/1493/619 3464/1491/619
f 3468/1494/621 3465/1495/622 3466/1492/620
f 3470/1456/623 3467/1496/621 3468/1494/621
f 3472/1497/624 3469/1458/625 3470/1456/623
f 3474/1498/626 3471/1499/624 3472/1497/624
f 3476/1500/627 3473/1501/626 3474/1498/626
f 3478/1457/628 3475/1502/627 3476/1500/627
f 3480/1503/629 3477/1297/628 3478/1457/628
f 3482/1504/630 3479/1505/629 3480/1503/629
f 3484/1506/631 3481/1507/630 3482/1504/630
f 3486/1459/632 3483/1508/631 3484/1506/631
f 3488/1509/661 3485/1460/634 3486/1459/632
f 3490/1510/635 3487/1511/633 3488/1509/661
f 3492/1512/636 3489/1513/635 3490/1510/635
f 3494/1431/637 3491/1514/636 3492/1512/636
f 3496/1515/638 3493/1434/637 3494/1431/637
f 3498/1516/639 3495/1517/638 3496/1515/638
f 3500/1518/640 3497/1519/639 3498/1516/639
f 3502/1461/641 3499/1520/640 3500/1518/640
f 3504/1521/642 3501/1463/641 3502/1461/641
f 3506/1522/643 3503/1523/642 3504/1521/642
f 3508/1524/644 3505/1525/643 3506/1522/643
f 3510/1462/645 3507/1526/644 3508/1524/644
f 3512/1527/646 3509/1465/645 3510/1462/645
f 3514/1528/647 3511/1529/646 3512/1527/646
f 3516/1530/648 3513/1531/647 3514/1528/647
f 3518/1464/649 3515/1532/648 3516/1530/648
f 3520/1533/650 3517/1466/649 3518/1464/649
f 3522/1534/651 3519/1535/650 3520/1533/650
f 3524/1536/652 3521/1537/651 3522/1534/651
f 3430/1396/601 3523/1538/652 3524/1536/652
f 3528/1398/662 3525/1133/663 3526/1341/663
f 3530/1399/664 3527/1400/662 3528/1398/662
f 3532/1401/665 3529/1402/664 3530/1399/664
f 3534/1403/666 3531/1404/665 3532/1401/665
f 3536/1405/667 3533/1406/668 3534/1403/666
f 3538/1407/669 3535/1408/670 3536/1405/667
f 3540/1409/671 3537/1410/669 3538/1407/669
f 3542/1411/672 3539/1412/673 3540/1409/671
f 3544/1413/674 3541/1414/672 3542/1411/672
f 3546/1415/675 3543/1416/674 3544/1413/674
f 3548/1417/676 3545/1418/675 3546/1415/675
f 3550/1419/677 3547/1420/676 3548/1417/676
f 3552/1421/678 3549/1422/677 3550/1419/677
f 3554/1423/679 3551/1424/678 3552/1421/678
f 3556/1425/680 3553/1426/681 3554/1423/679
f 3558/1427/682 3555/1428/680 3556/1425/680
f 3560/1429/683 3557/1430/682 3558/1427/682
f 3562/1431/684 3559/1432/685 3560/1429/683
f 3564/1433/686 3561/1434/684 3562/1431/684
f 3566/1435/687 3563/1436/686 3564/1433/686
f 3568/1437/688 3565/1438/687 3566/1435/687
f 3570/1439/689 3567/1440/688 3568/1437/688
f 3572/1441/690 3569/1442/689 3570/1439/689
f 3574/1443/691 3571/1444/690 3572/1441/690
f 3576/1445/516 3573/1446/691 3574/1443/691
f 3578/1447/517 3575/1448/516 3576/1445/516
f 3526/1396/663 3577/1449/517 3578/1447/517
f 3582/1398/692 3579/1133/693 3580/1341/693
f 3584/1399/694 3581/1400/692 3582/1398/692
f 3586/1401/695 3583/1402/694 3584/1399/694
f 3588/1403/696 3585/1404/695 3586/1401/695
f 3590/1405/697 3587/1406/696 3588/1403/696
f 3592/1407/698 3589/1408/699 3590/1405/697
f 3594/1409/700 3591/1410/698 3592/1407/698
f 3596/1411/701 3593/1412/700 3594/1409/700
f 3598/1413/702 3595/1414/701 3596/1411/701
f 3600/1415/703 3597/1416/702 3598/1413/702
f 3602/1417/704 3599/1418/703 3600/1415/703
f 3604/1419/705 3601/1420/704 3602/1417/704
f 3606/1421/706 3603/1422/705 3604/1419/705
f 3608/1423/707 3605/1424/706 3606/1421/706
f 3610/1425/708 3607/1426/707 3608/1423/707
f 3612/1427/709 3609/1428/708 3610/1425/708
f 3614/1429/710 3611/1430/711 3612/1427/709
f 3616/1431/712 3613/1432/710 3614/1429/710
f 3618/1433/713 3615/1434/712 3616/1431/712
f 3620/1435/714 3617/1436/713 3618/1433/713
f 3622/1437/715 3619/1438/714 3620/1435/714
f 3624/1439/716 3621/1440/717 3622/1437/715
f 3626/1441/718 3623/1442/716 3624/1439/716
f 3628/1443/719 3625/1444/718 3626/1441/718
f 3630/1445/515 3627/1446/719 3628/1443/719
f 3632/1447/549 3629/1448/515 3630/1445/515
f 3580/1396/693 3631/1449/549 3632/1447/549
f 3636/1450/549 3633/1133/515 3634/1341/515
f 3638/1451/549 3635/1452/549 3636/1450/549
f 3640/1453/515 3637/1454/549 3638/1451/549
f 3642/1413/515 3639/1455/515 3640/1453/515
f 3644/1456/549 3641/1416/515 3642/1413/515
f 3646/1457/549 3643/1458/549 3644/1456/549
f 3648/1459/515 3645/1297/549 3646/1457/549
f 3650/1431/516 3647/1460/515 3648/1459/515
f 3652/1461/517 3649/1434/516 3650/1431/516
f 3654/1462/549 3651/1463/517 3652/1461/517
f 3656/1464/515 3653/1465/549 3654/1462/549
f 3634/1396/515 3655/1466/515 3656/1464/515
f 3660/1451/515 3657/1133/549 3658/1341/549
f 3662/1413/516 3659/1454/515 3660/1451/515
f 3664/1457/517 3661/1416/516 3662/1413/516
f 3666/1431/549 3663/1297/517 3664/1457/517
f 3668/1462/549 3665/1434/549 3666/1431/549
f 3658/1396/549 3667/1465/549 3668/1462/549
f 2770/1340/489 2769/1343/489 2767/1133/490
f 2772/1342/491 2771/1345/491 2769/1343/489
f 2774/1344/492 2773/1347/492 2771/1345/491
f 2776/1346/493 2775/1349/493 2773/1347/492
f 2778/1348/494 2777/1351/496 2775/1349/493
f 2780/1350/495 2779/1353/495 2777/1351/496
f 2782/1352/497 2781/1355/497 2779/1353/495
f 2784/1354/498 2783/1357/498 2781/1355/497
f 2786/1356/499 2785/1359/499 2783/1357/498
f 2788/1358/500 2787/1361/500 2785/1359/499
f 2790/1360/501 2789/1363/501 2787/1361/500
f 2792/1362/502 2791/1365/502 2789/1363/501
f 2794/1364/503 2793/1367/503 2791/1365/502
f 2796/1366/504 2795/1369/504 2793/1367/503
f 2798/1368/505 2797/1371/507 2795/1369/504
f 2800/1370/506 2799/1373/506 2797/1371/507
f 2802/1372/508 2801/1375/508 2799/1373/506
f 2804/1374/509 2803/1377/509 2801/1375/508
f 2806/1376/510 2805/1379/510 2803/1377/509
f 2808/1378/511 2807/1381/511 2805/1379/510
f 2810/1380/512 2809/1383/512 2807/1381/511
f 2812/1382/513 2811/1385/513 2809/1383/512
f 2814/1384/514 2813/1387/514 2811/1385/513
f 2816/1386/515 2815/1389/515 2813/1387/514
f 2818/1388/515 2817/1391/515 2815/1389/515
f 2820/1390/516 2819/1393/516 2817/1391/515
f 2822/1392/517 2821/1395/517 2819/1393/516
f 2824/1394/518 2823/1397/518 2821/1395/517
f 2768/1396/490 2767/1132/490 2823/1397/518
f 2828/1398/519 2827/1400/519 2825/1133/520
f 2830/1399/521 2829/1402/521 2827/1400/519
f 2832/1401/522 2831/1404/524 2829/1402/521
f 2834/1403/523 2833/1406/523 2831/1404/524
f 2836/1405/525 2835/1408/525 2833/1406/523
f 2838/1407/526 2837/1410/526 2835/1408/525
f 2840/1409/527 2839/1412/527 2837/1410/526
f 2842/1411/528 2841/1414/530 2839/1412/527
f 2844/1413/529 2843/1416/529 2841/1414/530
f 2846/1415/531 2845/1418/531 2843/1416/529
f 2848/1417/532 2847/1420/532 2845/1418/531
f 2850/1419/533 2849/1422/533 2847/1420/532
f 2852/1421/534 2851/1424/534 2849/1422/533
f 2854/1423/535 2853/1426/535 2851/1424/534
f 2856/1425/536 2855/1428/538 2853/1426/535
f 2858/1427/537 2857/1430/537 2855/1428/538
f 2860/1429/539 2859/1432/539 2857/1430/537
f 2862/1431/540 2861/1434/542 2859/1432/539
f 2864/1433/541 2863/1436/541 2861/1434/542
f 2866/1435/543 2865/1438/545 2863/1436/541
f 2868/1437/544 2867/1440/544 2865/1438/545
f 2870/1439/546 2869/1442/546 2867/1440/544
f 2872/1441/547 2871/1444/547 2869/1442/546
f 2874/1443/548 2873/1446/548 2871/1444/547
f 2876/1445/515 2875/1448/515 2873/1446/548
f 2878/1447/549 2877/1449/549 2875/1448/515
f 2826/1396/520 2825/1132/520 2877/1449/549
f 2882/1450/516 2881/1452/516 2879/1133/516
f 2884/1451/515 2883/1454/515 2881/1452/516
f 2886/1453/515 2885/1455/515 2883/1454/515
f 2888/1413/516 2887/1416/516 2885/1455/515
f 2890/1456/517 2889/1458/517 2887/1416/516
f 2892/1457/549 2891/1297/549 2889/1458/517
f 2894/1459/549 2893/1460/549 2891/1297/549
f 2896/1431/517 2895/1434/517 2893/1460/549
f 2898/1461/517 2897/1463/517 2895/1434/517
f 2900/1462/549 2899/1465/549 2897/1463/517
f 2902/1464/515 2901/1466/515 2899/1465/549
f 2880/1396/516 2879/1132/516 2901/1466/515
f 2906/1467/550 2905/1469/553 2903/1133/551
f 2908/1468/552 2907/1471/552 2905/1469/553
f 2910/1470/554 2909/1472/554 2907/1471/552
f 2912/1450/555 2911/1452/555 2909/1472/554
f 2914/1473/556 2913/1475/556 2911/1452/555
f 2916/1474/557 2915/1477/557 2913/1475/556
f 2918/1476/558 2917/1478/558 2915/1477/557
f 2920/1451/559 2919/1454/559 2917/1478/558
f 2922/1479/560 2921/1481/560 2919/1454/559
f 2924/1480/561 2923/1483/561 2921/1481/560
f 2926/1482/562 2925/1484/562 2923/1483/561
f 2928/1453/563 2927/1455/563 2925/1484/562
f 2930/1485/564 2929/1487/564 2927/1455/563
f 2932/1486/565 2931/1489/565 2929/1487/564
f 2934/1488/566 2933/1490/566 2931/1489/565
f 2936/1413/567 2935/1416/567 2933/1490/566
f 2938/1491/568 2937/1493/568 2935/1416/567
f 2940/1492/569 2939/1495/571 2937/1493/568
f 2942/1494/570 2941/1496/570 2939/1495/571
f 2944/1456/572 2943/1458/572 2941/1496/570
f 2946/1497/573 2945/1499/573 2943/1458/572
f 2948/1498/574 2947/1501/574 2945/1499/573
f 2950/1500/575 2949/1502/575 2947/1501/574
f 2952/1457/576 2951/1297/576 2949/1502/575
f 2954/1503/577 2953/1505/577 2951/1297/576
f 2956/1504/578 2955/1507/578 2953/1505/577
f 2958/1506/579 2957/1508/579 2955/1507/578
f 2960/1459/580 2959/1460/580 2957/1508/579
f 2962/1509/581 2961/1511/581 2959/1460/580
f 2964/1510/582 2963/1513/582 2961/1511/581
f 2966/1512/583 2965/1514/583 2963/1513/582
f 2968/1431/584 2967/1434/584 2965/1514/583
f 2970/1515/585 2969/1517/585 2967/1434/584
f 2972/1516/586 2971/1519/586 2969/1517/585
f 2974/1518/587 2973/1520/587 2971/1519/586
f 2976/1461/588 2975/1463/588 2973/1520/587
f 2978/1521/589 2977/1523/589 2975/1463/588
f 2980/1522/590 2979/1525/590 2977/1523/589
f 2982/1524/591 2981/1526/591 2979/1525/590
f 2984/1462/592 2983/1465/592 2981/1526/591
f 2986/1527/593 2985/1529/593 2983/1465/592
f 2988/1528/594 2987/1531/594 2985/1529/593
f 2990/1530/595 2989/1532/595 2987/1531/594
f 2992/1464/596 2991/1466/596 2989/1532/595
f 2994/1533/597 2993/1535/597 2991/1466/596
f 2996/1534/598 2995/1537/598 2993/1535/597
f 2998/1536/599 2997/1538/599 2995/1537/598
f 2904/1396/551 2903/1132/551 2997/1538/599
f 3002/1467/600 3001/1469/600 2999/1133/601
f 3004/1468/602 3003/1471/602 3001/1469/600
f 3006/1470/603 3005/1472/603 3003/1471/602
f 3008/1450/604 3007/1452/606 3005/1472/603
f 3010/1473/605 3009/1475/608 3007/1452/606
f 3012/1474/607 3011/1477/607 3009/1475/608
f 3014/1476/609 3013/1478/609 3011/1477/607
f 3016/1451/610 3015/1454/610 3013/1478/609
f 3018/1479/611 3017/1481/611 3015/1454/610
f 3020/1480/612 3019/1483/612 3017/1481/611
f 3022/1482/613 3021/1484/613 3019/1483/612
f 3024/1453/614 3023/1455/614 3021/1484/613
f 3026/1485/615 3025/1487/615 3023/1455/614
f 3028/1486/616 3027/1489/616 3025/1487/615
f 3030/1488/617 3029/1490/617 3027/1489/616
f 3032/1413/618 3031/1416/618 3029/1490/617
f 3034/1491/619 3033/1493/619 3031/1416/618
f 3036/1492/620 3035/1495/622 3033/1493/619
f 3038/1494/621 3037/1496/621 3035/1495/622
f 3040/1456/623 3039/1458/625 3037/1496/621
f 3042/1497/624 3041/1499/624 3039/1458/625
f 3044/1498/626 3043/1501/626 3041/1499/624
f 3046/1500/627 3045/1502/627 3043/1501/626
f 3048/1457/628 3047/1297/628 3045/1502/627
f 3050/1503/629 3049/1505/629 3047/1297/628
f 3052/1504/630 3051/1507/630 3049/1505/629
f 3054/1506/631 3053/1508/631 3051/1507/630
f 3056/1459/632 3055/1460/634 3053/1508/631
f 3058/1509/633 3057/1511/633 3055/1460/634
f 3060/1510/635 3059/1513/635 3057/1511/633
f 3062/1512/636 3061/1514/636 3059/1513/635
f 3064/1431/637 3063/1434/637 3061/1514/636
f 3066/1515/638 3065/1517/638 3063/1434/637
f 3068/1516/639 3067/1519/639 3065/1517/638
f 3070/1518/640 3069/1520/640 3067/1519/639
f 3072/1461/641 3071/1463/641 3069/1520/640
f 3074/1521/642 3073/1523/642 3071/1463/641
f 3076/1522/643 3075/1525/643 3073/1523/642
f 3078/1524/644 3077/1526/644 3075/1525/643
f 3080/1462/645 3079/1465/645 3077/1526/644
f 3082/1527/646 3081/1529/646 3079/1465/645
f 3084/1528/647 3083/1531/647 3081/1529/646
f 3086/1530/648 3085/1532/648 3083/1531/647
f 3088/1464/649 3087/1466/649 3085/1532/648
f 3090/1533/650 3089/1535/650 3087/1466/649
f 3092/1534/651 3091/1537/651 3089/1535/650
f 3094/1536/652 3093/1538/652 3091/1537/651
f 3000/1396/601 2999/1132/601 3093/1538/652
f 3098/1474/515 3097/1477/515 3095/1133/515
f 3100/1453/516 3099/1455/516 3097/1477/515
f 3102/1492/516 3101/1495/516 3099/1455/516
f 3104/1457/516 3103/1297/516 3101/1495/516
f 3106/1510/517 3105/1513/517 3103/1297/516
f 3108/1461/549 3107/1463/549 3105/1513/517
f 3110/1528/515 3109/1531/515 3107/1463/549
f 3096/1396/515 3095/1132/515 3109/1531/515
f 3114/1467/550 3113/1469/553 3111/1133/551
f 3116/1468/552 3115/1471/552 3113/1469/553
f 3118/1470/554 3117/1472/554 3115/1471/552
f 3120/1450/555 3119/1452/555 3117/1472/554
f 3122/1473/556 3121/1475/556 3119/1452/555
f 3124/1474/557 3123/1477/557 3121/1475/556
f 3126/1476/558 3125/1478/558 3123/1477/557
f 3128/1451/559 3127/1454/559 3125/1478/558
f 3130/1479/560 3129/1481/560 3127/1454/559
f 3132/1480/561 3131/1483/561 3129/1481/560
f 3134/1482/562 3133/1484/562 3131/1483/561
f 3136/1453/563 3135/1455/563 3133/1484/562
f 3138/1485/564 3137/1487/564 3135/1455/563
f 3140/1486/565 3139/1489/565 3137/1487/564
f 3142/1488/566 3141/1490/566 3139/1489/565
f 3144/1413/567 3143/1416/567 3141/1490/566
f 3146/1491/568 3145/1493/568 3143/1416/567
f 3148/1492/569 3147/1495/571 3145/1493/568
f 3150/1494/570 3149/1496/570 3147/1495/571
f 3152/1456/572 3151/1458/572 3149/1496/570
f 3154/1497/573 3153/1499/573 3151/1458/572
f 3156/1498/574 3155/1501/574 3153/1499/573
f 3158/1500/575 3157/1502/575 3155/1501/574
f 3160/1457/576 3159/1297/576 3157/1502/575
f 3162/1503/577 3161/1505/577 3159/1297/576
f 3164/1504/578 3163/1507/578 3161/1505/577
f 3166/1506/579 3165/1508/579 3163/1507/578
f 3168/1459/580 3167/1460/580 3165/1508/579
f 3170/1509/581 3169/1511/581 3167/1460/580
f 3172/1510/582 3171/1513/582 3169/1511/581
f 3174/1512/583 3173/1514/583 3171/1513/582
f 3176/1431/584 3175/1434/584 3173/1514/583
f 3178/1515/585 3177/1517/585 3175/1434/584
f 3180/1516/586 3179/1519/586 3177/1517/585
f 3182/1518/587 3181/1520/587 3179/1519/586
f 3184/1461/612 3183/1463/588 3181/1520/587
f 3186/1521/589 3185/1523/589 3183/1463/588
f 3188/1522/590 3187/1525/590 3185/1523/589
f 3190/1524/591 3189/1526/591 3187/1525/590
f 3192/1462/592 3191/1465/592 3189/1526/591
f 3194/1527/653 3193/1529/653 3191/1465/592
f 3196/1528/594 3195/1531/594 3193/1529/653
f 3198/1530/595 3197/1532/595 3195/1531/594
f 3200/1464/596 3199/1466/596 3197/1532/595
f 3202/1533/597 3201/1535/597 3199/1466/596
f 3204/1534/598 3203/1537/598 3201/1535/597
f 3206/1536/599 3205/1538/599 3203/1537/598
f 3112/1396/551 3111/1132/551 3205/1538/599
f 3210/1467/600 3209/1469/600 3207/1133/601
f 3212/1468/602 3211/1471/602 3209/1469/600
f 3214/1470/603 3213/1472/603 3211/1471/602
f 3216/1450/604 3215/1452/604 3213/1472/603
f 3218/1473/605 3217/1475/608 3215/1452/604
f 3220/1474/607 3219/1477/607 3217/1475/608
f 3222/1476/609 3221/1478/609 3219/1477/607
f 3224/1451/610 3223/1454/610 3221/1478/609
f 3226/1479/611 3225/1481/611 3223/1454/610
f 3228/1480/612 3227/1483/612 3225/1481/611
f 3230/1482/613 3229/1484/613 3227/1483/612
f 3232/1453/614 3231/1455/614 3229/1484/613
f 3234/1485/615 3233/1487/615 3231/1455/614
f 3236/1486/616 3235/1489/616 3233/1487/615
f 3238/1488/617 3237/1490/617 3235/1489/616
f 3240/1413/618 3239/1416/618 3237/1490/617
f 3242/1491/619 3241/1493/619 3239/1416/618
f 3244/1492/620 3243/1495/622 3241/1493/619
f 3246/1494/621 3245/1496/621 3243/1495/622
f 3248/1456/623 3247/1458/625 3245/1496/621
f 3250/1497/624 3249/1499/624 3247/1458/625
f 3252/1498/626 3251/1501/626 3249/1499/624
f 3254/1500/627 3253/1502/627 3251/1501/626
f 3256/1457/628 3255/1297/628 3253/1502/627
f 3258/1503/629 3257/1505/629 3255/1297/628
f 3260/1504/630 3259/1507/630 3257/1505/629
f 3262/1506/631 3261/1508/631 3259/1507/630
f 3264/1459/632 3263/1460/634 3261/1508/631
f 3266/1509/633 3265/1511/633 3263/1460/634
f 3268/1510/635 3267/1513/635 3265/1511/633
f 3270/1512/636 3269/1514/636 3267/1513/635
f 3272/1431/637 3271/1434/637 3269/1514/636
f 3274/1515/638 3273/1517/638 3271/1434/637
f 3276/1516/639 3275/1519/639 3273/1517/638
f 3278/1518/640 3277/1520/640 3275/1519/639
f 3280/1461/641 3279/1463/641 3277/1520/640
f 3282/1521/642 3281/1523/642 3279/1463/641
f 3284/1522/643 3283/1525/643 3281/1523/642
f 3286/1524/644 3285/1526/644 3283/1525/643
f 3288/1462/645 3287/1465/645 3285/1526/644
f 3290/1527/646 3289/1529/646 3287/1465/645
f 3292/1528/647 3291/1531/647 3289/1529/646
f 3294/1530/648 3293/1532/648 3291/1531/647
f 3296/1464/649 3295/1466/649 3293/1532/648
f 3298/1533/650 3297/1535/650 3295/1466/649
f 3300/1534/651 3299/1537/651 3297/1535/650
f 3302/1536/652 3301/1538/652 3299/1537/651
f 3208/1396/601 3207/1132/601 3301/1538/652
f 3306/1539/516 3305/1541/516 3303/1133/516
f 3308/1540/654 3307/1543/654 3305/1541/516
f 3310/1542/654 3309/1134/654 3307/1543/654
f 3312/1544/655 3311/1545/655 3309/1134/654
f 3314/1413/655 3313/1416/655 3311/1545/655
f 3316/1546/515 3315/1129/515 3313/1416/655
f 3318/1547/515 3317/1549/515 3315/1129/515
f 3320/1548/516 3319/1551/516 3317/1549/515
f 3322/1550/517 3321/1131/517 3319/1551/516
f 3324/1431/656 3323/1434/656 3321/1131/517
f 3326/1552/657 3325/1554/657 3323/1434/656
f 3328/1553/658 3327/1130/658 3325/1554/657
f 3330/1555/549 3329/1557/549 3327/1130/658
f 3332/1556/515 3331/1558/515 3329/1557/549
f 3304/1396/516 3303/1132/516 3331/1558/515
f 3336/1467/550 3335/1469/553 3333/1133/551
f 3338/1468/552 3337/1471/552 3335/1469/553
f 3340/1470/554 3339/1472/554 3337/1471/552
f 3342/1450/555 3341/1452/555 3339/1472/554
f 3344/1473/556 3343/1475/556 3341/1452/555
f 3346/1474/557 3345/1477/557 3343/1475/556
f 3348/1476/558 3347/1478/558 3345/1477/557
f 3350/1451/559 3349/1454/559 3347/1478/558
f 3352/1479/560 3351/1481/560 3349/1454/559
f 3354/1480/561 3353/1483/561 3351/1481/560
f 3356/1482/562 3355/1484/562 3353/1483/561
f 3358/1453/563 3357/1455/563 3355/1484/562
f 3360/1485/564 3359/1487/564 3357/1455/563
f 3362/1486/565 3361/1489/565 3359/1487/564
f 3364/1488/566 3363/1490/566 3361/1489/565
f 3366/1413/567 3365/1416/567 3363/1490/566
f 3368/1491/568 3367/1493/568 3365/1416/567
f 3370/1492/569 3369/1495/571 3367/1493/568
f 3372/1494/570 3371/1496/570 3369/1495/571
f 3374/1456/572 3373/1458/572 3371/1496/570
f 3376/1497/573 3375/1499/573 3373/1458/572
f 3378/1498/574 3377/1501/574 3375/1499/573
f 3380/1500/575 3379/1502/575 3377/1501/574
f 3382/1457/576 3381/1297/576 3379/1502/575
f 3384/1503/577 3383/1505/577 3381/1297/576
f 3386/1504/578 3385/1507/578 3383/1505/577
f 3388/1506/579 3387/1508/579 3385/1507/578
f 3390/1459/580 3389/1460/580 3387/1508/579
f 3392/1509/581 3391/1511/581 3389/1460/580
f 3394/1510/582 3393/1513/582 3391/1511/581
f 3396/1512/583 3395/1514/583 3393/1513/582
f 3398/1431/584 3397/1434/584 3395/1514/583
f 3400/1515/585 3399/1517/585 3397/1434/584
f 3402/1516/586 3401/1519/586 3399/1517/585
f 3404/1518/587 3403/1520/587 3401/1519/586
f 3406/1461/588 3405/1463/588 3403/1520/587
f 3408/1521/589 3407/1523/589 3405/1463/588
f 3410/1522/590 3409/1525/590 3407/1523/589
f 3412/1524/591 3411/1526/591 3409/1525/590
f 3414/1462/592 3413/1465/592 3411/1526/591
f 3416/1527/593 3415/1529/653 3413/1465/592
f 3418/1528/594 3417/1531/594 3415/1529/653
f 3420/1530/595 3419/1532/595 3417/1531/594
f 3422/1464/596 3421/1466/596 3419/1532/595
f 3424/1533/597 3423/1535/597 3421/1466/596
f 3426/1534/598 3425/1537/598 3423/1535/597
f 3428/1536/599 3427/1538/599 3425/1537/598
f 3334/1396/551 3333/1132/551 3427/1538/599
f 3432/1467/600 3431/1469/600 3429/1133/601
f 3434/1468/602 3433/1471/602 3431/1469/600
f 3436/1470/603 3435/1472/603 3433/1471/602
f 3438/1450/604 3437/1452/606 3435/1472/603
f 3440/1473/605 3439/1475/608 3437/1452/606
f 3442/1474/607 3441/1477/607 3439/1475/608
f 3444/1476/609 3443/1478/609 3441/1477/607
f 3446/1451/659 3445/1454/610 3443/1478/609
f 3448/1479/611 3447/1481/611 3445/1454/610
f 3450/1480/612 3449/1483/612 3447/1481/611
f 3452/1482/613 3451/1484/613 3449/1483/612
f 3454/1453/614 3453/1455/614 3451/1484/613
f 3456/1485/615 3455/1487/615 3453/1455/614
f 3458/1486/616 3457/1489/616 3455/1487/615
f 3460/1488/617 3459/1490/617 3457/1489/616
f 3462/1413/618 3461/1416/660 3459/1490/617
f 3464/1491/619 3463/1493/619 3461/1416/660
f 3466/1492/620 3465/1495/622 3463/1493/619
f 3468/1494/621 3467/1496/621 3465/1495/622
f 3470/1456/623 3469/1458/625 3467/1496/621
f 3472/1497/624 3471/1499/624 3469/1458/625
f 3474/1498/626 3473/1501/626 3471/1499/624
f 3476/1500/627 3475/1502/627 3473/1501/626
f 3478/1457/628 3477/1297/628 3475/1502/627
f 3480/1503/629 3479/1505/629 3477/1297/628
f 3482/1504/630 3481/1507/630 3479/1505/629
f 3484/1506/631 3483/1508/631 3481/1507/630
f 3486/1459/632 3485/1460/634 3483/1508/631
f 3488/1509/661 3487/1511/633 3485/1460/634
f 3490/1510/635 3489/1513/635 3487/1511/633
f 3492/1512/636 3491/1514/636 3489/1513/635
f 3494/1431/637 3493/1434/637 3491/1514/636
f 3496/1515/638 3495/1517/638 3493/1434/637
f 3498/1516/639 3497/1519/639 3495/1517/638
f 3500/1518/640 3499/1520/640 3497/1519/639
f 3502/1461/641 3501/1463/641 3499/1520/640
f 3504/1521/642 3503/1523/642 3501/1463/641
f 3506/1522/643 3505/1525/643 3503/1523/642
f 3508/1524/644 3507/1526/644 3505/1525/643
f 3510/1462/645 3509/1465/645 3507/1526/644
f 3512/1527/646 3511/1529/646 3509/1465/645
f 3514/1528/647 3513/1531/647 3511/1529/646
f 3516/1530/648 3515/1532/648 3513/1531/647
f 3518/1464/649 3517/1466/649 3515/1532/648
f 3520/1533/650 3519/1535/650 3517/1466/649
f 3522/1534/651 3521/1537/651 3519/1535/650
f 3524/1536/652 3523/1538/652 3521/1537/651
f 3430/1396/601 3429/1132/601 3523/1538/652
f 3528/1398/662 3527/1400/662 3525/1133/663
f 3530/1399/664 3529/1402/664 3527/1400/662
f 3532/1401/665 3531/1404/665 3529/1402/664
f 3534/1403/666 3533/1406/668 3531/1404/665
f 3536/1405/667 3535/1408/670 3533/1406/668
f 3538/1407/669 3537/1410/669 3535/1408/670
f 3540/1409/671 3539/1412/673 3537/1410/669
f 3542/1411/672 3541/1414/672 3539/1412/673
f 3544/1413/674 3543/1416/674 3541/1414/672
f 3546/1415/675 3545/1418/675 3543/1416/674
f 3548/1417/676 3547/1420/676 3545/1418/675
f 3550/1419/677 3549/1422/677 3547/1420/676
f 3552/1421/678 3551/1424/678 3549/1422/677
f 3554/1423/679 3553/1426/681 3551/1424/678
f 3556/1425/680 3555/1428/680 3553/1426/681
f 3558/1427/682 3557/1430/682 3555/1428/680
f 3560/1429/683 3559/1432/685 3557/1430/682
f 3562/1431/684 3561/1434/684 3559/1432/685
f 3564/1433/686 3563/1436/686 3561/1434/684
f 3566/1435/687 3565/1438/687 3563/1436/686
f 3568/1437/688 3567/1440/688 3565/1438/687
f 3570/1439/689 3569/1442/689 3567/1440/688
f 3572/1441/690 3571/1444/690 3569/1442/689
f 3574/1443/691 3573/1446/691 3571/1444/690
f 3576/1445/516 3575/1448/516 3573/1446/691
f 3578/1447/517 3577/1449/517 3575/1448/516
f 3526/1396/663 3525/1132/663 3577/1449/517
f 3582/1398/692 3581/1400/692 3579/1133/693
f 3584/1399/694 3583/1402/694 3581/1400/692
f 3586/1401/695 3585/1404/695 3583/1402/694
f 3588/1403/696 3587/1406/696 3585/1404/695
f 3590/1405/697 3589/1408/699 3587/1406/696
f 3592/1407/698 3591/1410/698 3589/1408/699
f 3594/1409/700 3593/1412/700 3591/1410/698
f 3596/1411/701 3595/1414/701 3593/1412/700
f 3598/1413/702 3597/1416/702 3595/1414/701
f 3600/1415/703 3599/1418/703 3597/1416/702
f 3602/1417/704 3601/1420/704 3599/1418/703
f 3604/1419/705 3603/1422/705 3601/1420/704
f 3606/1421/706 3605/1424/706 3603/1422/705
f 3608/1423/707 3607/1426/707 3605/1424/706
f 3610/1425/708 3609/1428/708 3607/1426/707
f 3612/1427/709 3611/1430/711 3609/1428/708
f 3614/1429/710 3613/1432/710 3611/1430/711
f 3616/1431/712 3615/1434/712 3613/1432/710
f 3618/1433/713 3617/1436/713 3615/1434/712
f 3620/1435/714 3619/1438/714 3617/1436/713
f 3622/1437/715 3621/1440/717 3619/1438/714
f 3624/1439/716 3623/1442/716 3621/1440/717
f 3626/1441/718 3625/1444/718 3623/1442/716
f 3628/1443/719 3627/1446/719 3625/1444/718
f 3630/1445/515 3629/1448/515 3627/1446/719
f 3632/1447/549 3631/1449/549 3629/1448/515
f 3580/1396/693 3579/1132/693 3631/1449/549
f 3636/1450/549 3635/1452/549 3633/1133/515
f 3638/1451/549 3637/1454/549 3635/1452/549
f 3640/1453/515 3639/1455/515 3637/1454/549
f 3642/1413/515 3641/1416/515 3639/1455/515
f 3644/1456/549 3643/1458/549 3641/1416/515
f 3646/1457/549 3645/1297/549 3643/1458/549
f 3648/1459/515 3647/1460/515 3645/1297/549
f 3650/1431/516 3649/1434/516 3647/1460/515
f 3652/1461/517 3651/1463/517 3649/1434/516
f 3654/1462/549 3653/1465/549 3651/1463/517
f 3656/1464/515 3655/1466/515 3653/1465/549
f 3634/1396/515 3633/1132/515 3655/1466/515
f 3660/1451/515 3659/1454/515 3657/1133/549
f 3662/1413/516 3661/1416/516 3659/1454/515
f 3664/1457/517 3663/1297/517 3661/1416/516
f 3666/1431/549 3665/1434/549 3663/1297/517
f 3668/1462/549 3667/1465/549 3665/1434/549
f 3658/1396/549 3657/1132/549 3667/1465/549
