# Blender 4.5.6 LTS
# www.blender.org
o export_Internal_power_wire
v -0.023786 -0.105701 -0.019535
v -0.024536 -0.106134 -0.019865
v -0.025464 -0.106134 -0.019865
v -0.026214 -0.105701 -0.019535
v -0.026500 -0.105000 -0.019000
v -0.026214 -0.104299 -0.018465
v -0.025464 -0.103866 -0.018135
v -0.024536 -0.103866 -0.018135
v -0.023786 -0.104299 -0.018465
v -0.023500 -0.105000 -0.019000
v -0.023786 -0.101673 -0.025268
v -0.024536 -0.102129 -0.025566
v -0.025464 -0.102129 -0.025566
v -0.026214 -0.101673 -0.025268
v -0.026500 -0.100934 -0.024786
v -0.026214 -0.100196 -0.024304
v -0.025464 -0.099740 -0.024006
v -0.024536 -0.099740 -0.024006
v -0.023786 -0.100196 -0.024304
v -0.023500 -0.100934 -0.024786
v -0.023786 -0.098188 -0.031029
v -0.024536 -0.098661 -0.031299
v -0.025464 -0.098661 -0.031299
v -0.026214 -0.098188 -0.031029
v -0.026500 -0.097422 -0.030592
v -0.026214 -0.096657 -0.030155
v -0.025464 -0.096184 -0.029884
v -0.024536 -0.096184 -0.029884
v -0.023786 -0.096657 -0.030155
v -0.023500 -0.097422 -0.030592
v -0.023786 -0.095097 -0.036770
v -0.024536 -0.095581 -0.037022
v -0.025464 -0.095581 -0.037022
v -0.026214 -0.095097 -0.036770
v -0.026500 -0.094315 -0.036364
v -0.026214 -0.093533 -0.035957
v -0.025464 -0.093049 -0.035706
v -0.024536 -0.093049 -0.035706
v -0.023786 -0.093533 -0.035957
v -0.023500 -0.094315 -0.036364
v -0.023786 -0.092253 -0.042442
v -0.024536 -0.092741 -0.042685
v -0.025464 -0.092741 -0.042685
v -0.026214 -0.092253 -0.042442
v -0.026500 -0.091464 -0.042049
v -0.026214 -0.090675 -0.041656
v -0.025464 -0.090187 -0.041413
v -0.024536 -0.090187 -0.041413
v -0.023786 -0.090675 -0.041656
v -0.023500 -0.091464 -0.042049
v -0.023786 -0.089506 -0.047993
v -0.024536 -0.089992 -0.048239
v -0.025464 -0.089992 -0.048239
v -0.026214 -0.089506 -0.047993
v -0.026500 -0.088719 -0.047593
v -0.026214 -0.087933 -0.047194
v -0.025464 -0.087447 -0.046947
v -0.024536 -0.087447 -0.046947
v -0.023786 -0.087933 -0.047194
v -0.023500 -0.088719 -0.047593
v -0.023786 -0.086705 -0.053370
v -0.024536 -0.087183 -0.053633
v -0.025464 -0.087183 -0.053633
v -0.026214 -0.086705 -0.053370
v -0.026500 -0.085933 -0.052944
v -0.026214 -0.085161 -0.052519
v -0.025464 -0.084684 -0.052255
v -0.024536 -0.084684 -0.052255
v -0.023786 -0.085161 -0.052519
v -0.023500 -0.085933 -0.052944
v -0.023786 -0.083701 -0.058521
v -0.024536 -0.084160 -0.058814
v -0.025464 -0.084160 -0.058814
v -0.026214 -0.083701 -0.058521
v -0.026500 -0.082956 -0.058048
v -0.026214 -0.082212 -0.057576
v -0.025464 -0.081752 -0.057283
v -0.024536 -0.081752 -0.057283
v -0.023786 -0.082212 -0.057576
v -0.023500 -0.082956 -0.058048
v -0.023786 -0.080339 -0.063390
v -0.024536 -0.080771 -0.063722
v -0.025464 -0.080771 -0.063722
v -0.026214 -0.080339 -0.063390
v -0.026500 -0.079640 -0.062852
v -0.026214 -0.078941 -0.062315
v -0.025464 -0.078509 -0.061982
v -0.024536 -0.078509 -0.061982
v -0.023786 -0.078941 -0.062315
v -0.023500 -0.079640 -0.062852
v -0.023786 -0.076468 -0.067916
v -0.024536 -0.076859 -0.068296
v -0.025464 -0.076859 -0.068296
v -0.026214 -0.076468 -0.067916
v -0.026500 -0.075835 -0.067303
v -0.026214 -0.075202 -0.066689
v -0.025464 -0.074811 -0.066310
v -0.024536 -0.074811 -0.066310
v -0.023786 -0.075202 -0.066689
v -0.023500 -0.075835 -0.067303
v -0.023786 -0.071940 -0.072038
v -0.024536 -0.072278 -0.072465
v -0.025464 -0.072278 -0.072465
v -0.026214 -0.071940 -0.072038
v -0.026500 -0.071392 -0.071346
v -0.026214 -0.070845 -0.070655
v -0.025464 -0.070507 -0.070228
v -0.024536 -0.070507 -0.070228
v -0.023786 -0.070845 -0.070655
v -0.023500 -0.071392 -0.071346
v -0.023786 -0.066611 -0.075690
v -0.024536 -0.066887 -0.076160
v -0.025464 -0.066887 -0.076160
v -0.026214 -0.066611 -0.075690
v -0.026500 -0.066164 -0.074930
v -0.026214 -0.065717 -0.074170
v -0.025464 -0.065441 -0.073700
v -0.024536 -0.065441 -0.073700
v -0.023786 -0.065717 -0.074170
v -0.023500 -0.066164 -0.074930
v -0.023786 -0.060345 -0.078811
v -0.024536 -0.060558 -0.079313
v -0.025464 -0.060558 -0.079313
v -0.026214 -0.060345 -0.078811
v -0.026500 -0.060000 -0.078000
v -0.026214 -0.059655 -0.077189
v -0.025464 -0.059442 -0.076687
v -0.024536 -0.059442 -0.076687
v -0.023786 -0.059655 -0.077189
v -0.023500 -0.060000 -0.078000
v -0.023786 -0.050484 -0.082325
v -0.024536 -0.050637 -0.082847
v -0.025464 -0.050637 -0.082847
v -0.026214 -0.050484 -0.082325
v -0.026500 -0.050236 -0.081478
v -0.026214 -0.049989 -0.080632
v -0.025464 -0.049835 -0.080109
v -0.024536 -0.049835 -0.080109
v -0.023786 -0.049989 -0.080632
v -0.023500 -0.050236 -0.081478
v -0.023786 -0.041007 -0.084519
v -0.024536 -0.041098 -0.085057
v -0.025464 -0.041098 -0.085057
v -0.026214 -0.041007 -0.084519
v -0.026500 -0.040858 -0.083650
v -0.026214 -0.040710 -0.082781
v -0.025464 -0.040619 -0.082244
v -0.024536 -0.040619 -0.082244
v -0.023786 -0.040710 -0.082781
v -0.023500 -0.040858 -0.083650
v -0.023786 -0.031830 -0.085535
v -0.024536 -0.031859 -0.086079
v -0.025464 -0.031859 -0.086079
v -0.026214 -0.031830 -0.085535
v -0.026500 -0.031783 -0.084654
v -0.026214 -0.031735 -0.083774
v -0.025464 -0.031706 -0.083230
v -0.024536 -0.031706 -0.083230
v -0.023786 -0.031735 -0.083774
v -0.023500 -0.031783 -0.084654
v -0.023786 -0.022879 -0.085509
v -0.024536 -0.022850 -0.086054
v -0.025464 -0.022850 -0.086054
v -0.026214 -0.022879 -0.085509
v -0.026500 -0.022926 -0.084629
v -0.026214 -0.022974 -0.083749
v -0.025464 -0.023003 -0.083205
v -0.024536 -0.023003 -0.083205
v -0.023786 -0.022974 -0.083749
v -0.023500 -0.022926 -0.084629
v -0.023786 -0.014077 -0.084585
v -0.024536 -0.013997 -0.085124
v -0.025464 -0.013997 -0.085124
v -0.026214 -0.014077 -0.084585
v -0.026500 -0.014206 -0.083713
v -0.026214 -0.014336 -0.082841
v -0.025464 -0.014416 -0.082302
v -0.024536 -0.014416 -0.082302
v -0.023786 -0.014336 -0.082841
v -0.023500 -0.014206 -0.083713
v -0.023786 -0.005344 -0.082905
v -0.024536 -0.005223 -0.083436
v -0.025464 -0.005223 -0.083436
v -0.026214 -0.005344 -0.082905
v -0.026500 -0.005539 -0.082045
v -0.026214 -0.005735 -0.081185
v -0.025464 -0.005855 -0.080654
v -0.024536 -0.005855 -0.080654
v -0.023786 -0.005735 -0.081185
v -0.023500 -0.005539 -0.082045
v -0.023786 0.003401 -0.080610
v -0.024536 0.003552 -0.081134
v -0.025464 0.003552 -0.081134
v -0.026214 0.003401 -0.080610
v -0.026500 0.003158 -0.079763
v -0.026214 0.002914 -0.078916
v -0.025464 0.002764 -0.078392
v -0.024536 0.002764 -0.078392
v -0.023786 0.002914 -0.078916
v -0.023500 0.003158 -0.079763
v -0.023786 0.012243 -0.077844
v -0.024536 0.012412 -0.078362
v -0.025464 0.012412 -0.078362
v -0.026214 0.012243 -0.077844
v -0.026500 0.011968 -0.077006
v -0.026214 0.011693 -0.076168
v -0.025464 0.011523 -0.075651
v -0.024536 0.011523 -0.075651
v -0.023786 0.011693 -0.076168
v -0.023500 0.011968 -0.077006
v -0.023786 0.021264 -0.074745
v -0.024536 0.021444 -0.075260
v -0.025464 0.021444 -0.075260
v -0.026214 0.021264 -0.074745
v -0.026500 0.020974 -0.073913
v -0.026214 0.020683 -0.073080
v -0.025464 0.020504 -0.072566
v -0.024536 0.020504 -0.072566
v -0.023786 0.020683 -0.073080
v -0.023500 0.020974 -0.073913
v -0.023786 0.030551 -0.071454
v -0.024536 0.030731 -0.071968
v -0.025464 0.030731 -0.071968
v -0.026214 0.030551 -0.071454
v -0.026500 0.030259 -0.070622
v -0.026214 0.029967 -0.069790
v -0.025464 0.029787 -0.069276
v -0.024536 0.029787 -0.069276
v -0.023786 0.029967 -0.069790
v -0.023500 0.030259 -0.070622
v -0.023786 0.040187 -0.068107
v -0.024536 0.040361 -0.068624
v -0.025464 0.040361 -0.068624
v -0.026214 0.040187 -0.068107
v -0.026500 0.039907 -0.067271
v -0.026214 0.039626 -0.066435
v -0.025464 0.039453 -0.065919
v -0.024536 0.039453 -0.065919
v -0.023786 0.039626 -0.066435
v -0.023500 0.039907 -0.067271
v -0.023786 0.050275 -0.064838
v -0.024536 0.050445 -0.065355
v -0.025464 0.050445 -0.065355
v -0.026214 0.050275 -0.064838
v -0.026500 0.050000 -0.064000
v -0.026214 0.049725 -0.063162
v -0.025464 0.049555 -0.062645
v -0.024536 0.049555 -0.062645
v -0.023786 0.049725 -0.063162
v -0.023500 0.050000 -0.064000
v -0.023786 0.055807 -0.062998
v -0.024536 0.055990 -0.063511
v -0.025464 0.055990 -0.063511
v -0.026214 0.055807 -0.062998
v -0.026500 0.055510 -0.062168
v -0.026214 0.055212 -0.061338
v -0.025464 0.055029 -0.060825
v -0.024536 0.055029 -0.060825
v -0.023786 0.055212 -0.061338
v -0.023500 0.055510 -0.062168
v -0.023786 0.060913 -0.061039
v -0.024536 0.061119 -0.061543
v -0.025464 0.061119 -0.061543
v -0.026214 0.060913 -0.061039
v -0.026500 0.060579 -0.060223
v -0.026214 0.060245 -0.059407
v -0.025464 0.060038 -0.058903
v -0.024536 0.060038 -0.058903
v -0.023786 0.060245 -0.059407
v -0.023500 0.060579 -0.060223
v -0.023786 0.065658 -0.058971
v -0.024536 0.065886 -0.059466
v -0.025464 0.065886 -0.059466
v -0.026214 0.065658 -0.058971
v -0.026500 0.065289 -0.058170
v -0.026214 0.064920 -0.057370
v -0.025464 0.064692 -0.056875
v -0.024536 0.064692 -0.056875
v -0.023786 0.064920 -0.057370
v -0.023500 0.065289 -0.058170
v -0.023786 0.070121 -0.056804
v -0.024536 0.070368 -0.057290
v -0.025464 0.070368 -0.057290
v -0.026214 0.070121 -0.056804
v -0.026500 0.069722 -0.056018
v -0.026214 0.069323 -0.055232
v -0.025464 0.069077 -0.054746
v -0.024536 0.069077 -0.054746
v -0.023786 0.069323 -0.055232
v -0.023500 0.069722 -0.056018
v -0.023786 0.074383 -0.054546
v -0.024536 0.074645 -0.055024
v -0.025464 0.074645 -0.055024
v -0.026214 0.074383 -0.054546
v -0.026500 0.073960 -0.053772
v -0.026214 0.073536 -0.052999
v -0.025464 0.073274 -0.052521
v -0.024536 0.073274 -0.052521
v -0.023786 0.073536 -0.052999
v -0.023500 0.073960 -0.053772
v -0.023786 0.078524 -0.052203
v -0.024536 0.078797 -0.052675
v -0.025464 0.078797 -0.052675
v -0.026214 0.078524 -0.052203
v -0.026500 0.078083 -0.051440
v -0.026214 0.077642 -0.050676
v -0.025464 0.077370 -0.050205
v -0.024536 0.077370 -0.050205
v -0.023786 0.077642 -0.050676
v -0.023500 0.078083 -0.051440
v -0.023786 0.082625 -0.049785
v -0.024536 0.082904 -0.050254
v -0.025464 0.082904 -0.050254
v -0.026214 0.082625 -0.049785
v -0.026500 0.082174 -0.049028
v -0.026214 0.081723 -0.048270
v -0.025464 0.081445 -0.047802
v -0.024536 0.081445 -0.047802
v -0.023786 0.081723 -0.048270
v -0.023500 0.082174 -0.049028
v -0.023786 0.086768 -0.047298
v -0.024536 0.087048 -0.047766
v -0.025464 0.087048 -0.047766
v -0.026214 0.086768 -0.047298
v -0.026500 0.086315 -0.046542
v -0.026214 0.085862 -0.045785
v -0.025464 0.085582 -0.045318
v -0.024536 0.085582 -0.045318
v -0.023786 0.085862 -0.045785
v -0.023500 0.086315 -0.046542
v -0.023786 0.091034 -0.044749
v -0.024536 0.091311 -0.045218
v -0.025464 0.091311 -0.045218
v -0.026214 0.091034 -0.044749
v -0.026500 0.090586 -0.043989
v -0.026214 0.090138 -0.043230
v -0.025464 0.089861 -0.042761
v -0.024536 0.089861 -0.042761
v -0.023786 0.090138 -0.043230
v -0.023500 0.090586 -0.043989
v -0.023786 0.095506 -0.042143
v -0.024536 0.095776 -0.042617
v -0.025464 0.095776 -0.042617
v -0.026214 0.095506 -0.042143
v -0.026500 0.095069 -0.041377
v -0.026214 0.094633 -0.040611
v -0.025464 0.094363 -0.040138
v -0.024536 0.094363 -0.040138
v -0.023786 0.094633 -0.040611
v -0.023500 0.095069 -0.041377
v -0.023786 0.100267 -0.039487
v -0.024536 0.100527 -0.039966
v -0.025464 0.100527 -0.039966
v -0.026214 0.100267 -0.039487
v -0.026500 0.099847 -0.038712
v -0.026214 0.099427 -0.037937
v -0.025464 0.099167 -0.037458
v -0.024536 0.099167 -0.037458
v -0.023786 0.099427 -0.037937
v -0.023500 0.099847 -0.038712
v -0.023786 0.105400 -0.036786
v -0.024536 0.105647 -0.037271
v -0.025464 0.105647 -0.037271
v -0.026214 0.105400 -0.036786
v -0.026500 0.105000 -0.036000
v -0.026214 0.104600 -0.035214
v -0.025464 0.104353 -0.034729
v -0.024536 0.104353 -0.034729
v -0.023786 0.104600 -0.035214
v -0.023500 0.105000 -0.036000
vn 0.8125 -0.4770 -0.3352
vn 0.3111 -0.7776 -0.5464
vn -0.3111 -0.7776 -0.5464
vn -0.8125 -0.4770 -0.3352
vn -1.0000 0.0063 0.0044
vn -0.8052 0.4852 0.3410
vn -0.3066 0.7788 0.5473
vn 0.3066 0.7788 0.5473
vn 0.8052 0.4852 0.3410
vn 1.0000 0.0063 0.0044
vn 0.8122 -0.4885 -0.3188
vn 0.3110 -0.7959 -0.5194
vn -0.3110 -0.7959 -0.5194
vn -0.8122 -0.4885 -0.3188
vn -1.0000 0.0056 0.0037
vn -0.8058 0.4959 0.3237
vn -0.3071 0.7969 0.5202
vn 0.3071 0.7969 0.5202
vn 0.8058 0.4959 0.3237
vn 1.0000 0.0056 0.0037
vn 0.8114 -0.5076 -0.2899
vn 0.3105 -0.8255 -0.4714
vn -0.3105 -0.8255 -0.4714
vn -0.8114 -0.5076 -0.2899
vn -1.0000 0.0043 0.0024
vn -0.8067 0.5132 0.2931
vn -0.3076 0.8262 0.4720
vn 0.3076 0.8262 0.4720
vn 0.8067 0.5132 0.2931
vn 1.0000 0.0043 0.0025
vn 0.8104 -0.5199 -0.2702
vn 0.3099 -0.8436 -0.4385
vn -0.3099 -0.8436 -0.4385
vn -0.8104 -0.5199 -0.2702
vn -1.0000 0.0025 0.0013
vn -0.8077 0.5232 0.2720
vn -0.3082 0.8441 0.4388
vn 0.3082 0.8441 0.4388
vn 0.8077 0.5232 0.2720
vn 1.0000 0.0025 0.0013
vn 0.8093 -0.5258 -0.2620
vn 0.3092 -0.8512 -0.4241
vn -0.3092 -0.8512 -0.4241
vn -0.8093 -0.5258 -0.2620
vn -1.0000 0.0005 0.0002
vn -0.8088 0.5264 0.2623
vn -0.3089 0.8513 0.4242
vn 0.3089 0.8513 0.4242
vn 0.8088 0.5264 0.2623
vn 1.0000 0.0005 0.0002
vn 0.8081 -0.5253 -0.2667
vn 0.3084 -0.8482 -0.4307
vn -0.3084 -0.8482 -0.4307
vn -0.8081 -0.5253 -0.2667
vn -1.0000 -0.0018 -0.0009
vn -0.8100 0.5229 0.2655
vn -0.3096 0.8479 0.4305
vn 0.3096 0.8479 0.4305
vn 0.8100 0.5229 0.2655
vn 1.0000 -0.0018 -0.0009
vn 0.8068 -0.5174 -0.2854
vn 0.3076 -0.8331 -0.4596
vn -0.3076 -0.8331 -0.4596
vn -0.8068 -0.5174 -0.2854
vn -1.0000 -0.0041 -0.0023
vn -0.8113 0.5120 0.2823
vn -0.3104 0.8324 0.4590
vn 0.3104 0.8324 0.4590
vn 0.8113 0.5120 0.2823
vn 1.0000 -0.0041 -0.0023
vn 0.8055 -0.5002 -0.3179
vn 0.3068 -0.8032 -0.5106
vn -0.3068 -0.8032 -0.5106
vn -0.8055 -0.5002 -0.3179
vn -1.0000 -0.0063 -0.0040
vn -0.8126 0.4919 0.3126
vn -0.3112 0.8021 0.5096
vn 0.3112 0.8021 0.5096
vn 0.8126 0.4919 0.3126
vn 1.0000 -0.0063 -0.0040
vn 0.8042 -0.4710 -0.3625
vn 0.3061 -0.7544 -0.5806
vn -0.3061 -0.7544 -0.5806
vn -0.8042 -0.4710 -0.3625
vn -0.9999 -0.0080 -0.0062
vn -0.8139 0.4606 0.3543
vn -0.3120 0.7531 0.5792
vn 0.3120 0.7531 0.5792
vn 0.8139 0.4606 0.3543
vn 0.9999 -0.0080 -0.0062
vn 0.8032 -0.4277 -0.4147
vn 0.3055 -0.6836 -0.6628
vn -0.3055 -0.6836 -0.6628
vn -0.8032 -0.4277 -0.4147
vn -0.9999 -0.0088 -0.0086
vn -0.8149 0.4162 0.4034
vn -0.3127 0.6821 0.6611
vn 0.3127 0.6821 0.6611
vn 0.8149 0.4162 0.4034
vn 0.9999 -0.0088 -0.0086
vn 0.8026 -0.3702 -0.4677
vn 0.3051 -0.5911 -0.7467
vn -0.3051 -0.5911 -0.7467
vn -0.8026 -0.3702 -0.4677
vn -0.9999 -0.0084 -0.0106
vn -0.8155 0.3593 0.4538
vn -0.3131 0.5895 0.7446
vn 0.3131 0.5895 0.7446
vn 0.8155 0.3593 0.4538
vn 0.9999 -0.0084 -0.0106
vn 0.8026 -0.3024 -0.5143
vn 0.3051 -0.4827 -0.8209
vn -0.3051 -0.4827 -0.8209
vn -0.8026 -0.3024 -0.5143
vn -0.9999 -0.0069 -0.0117
vn -0.8155 0.2933 0.4989
vn -0.3131 0.4813 0.8187
vn 0.3131 0.4813 0.8187
vn 0.8155 0.2933 0.4989
vn 0.9999 -0.0069 -0.0117
vn 0.8034 -0.2331 -0.5479
vn 0.3056 -0.3728 -0.8762
vn -0.3056 -0.3728 -0.8762
vn -0.8034 -0.2331 -0.5479
vn -0.9999 -0.0046 -0.0108
vn -0.8146 0.2270 0.5337
vn -0.3125 0.3718 0.8741
vn 0.3125 0.3718 0.8741
vn 0.8146 0.2270 0.5337
vn 0.9999 -0.0046 -0.0108
vn 0.8037 -0.1673 -0.5711
vn 0.3058 -0.2676 -0.9137
vn -0.3058 -0.2676 -0.9137
vn -0.8037 -0.1673 -0.5711
vn -0.9999 -0.0032 -0.0108
vn -0.8144 0.1631 0.5569
vn -0.3124 0.2670 0.9117
vn 0.3124 0.2670 0.9117
vn 0.8144 0.1631 0.5569
vn 0.9999 -0.0032 -0.0108
vn 0.8035 -0.1000 -0.5868
vn 0.3057 -0.1600 -0.9386
vn -0.3057 -0.1600 -0.9386
vn -0.8036 -0.1001 -0.5868
vn -0.9999 -0.0019 -0.0114
vn -0.8145 0.0975 0.5719
vn -0.3125 0.1597 0.9364
vn 0.3125 0.1597 0.9364
vn 0.8145 0.0975 0.5719
vn 0.9999 -0.0019 -0.0114
vn 0.8037 -0.0319 -0.5941
vn 0.3058 -0.0511 -0.9507
vn -0.3058 -0.0511 -0.9507
vn -0.8038 -0.0319 -0.5941
vn -0.9999 -0.0006 -0.0111
vn -0.8143 0.0311 0.5796
vn -0.3123 0.0509 0.9486
vn 0.3123 0.0509 0.9486
vn 0.8143 0.0311 0.5796
vn 0.9999 -0.0006 -0.0111
vn 0.8043 0.0319 -0.5934
vn 0.3061 0.0511 -0.9506
vn -0.3061 0.0511 -0.9506
vn -0.8043 0.0319 -0.5934
vn -1.0000 0.0005 -0.0100
vn -0.8138 -0.0312 0.5803
vn -0.3120 -0.0511 0.9487
vn 0.3120 -0.0511 0.9487
vn 0.8138 -0.0312 0.5803
vn 0.9999 0.0005 -0.0100
vn 0.8050 0.0871 -0.5868
vn 0.3066 0.1398 -0.9415
vn -0.3066 0.1398 -0.9415
vn -0.8050 0.0871 -0.5868
vn -1.0000 0.0012 -0.0083
vn -0.8130 -0.0855 0.5759
vn -0.3115 -0.1396 0.9399
vn 0.3115 -0.1396 0.9399
vn 0.8130 -0.0855 0.5759
vn 1.0000 0.0012 -0.0083
vn 0.8059 0.1311 -0.5773
vn 0.3071 0.2108 -0.9280
vn -0.3071 0.2108 -0.9280
vn -0.8059 0.1311 -0.5773
vn -1.0000 0.0014 -0.0064
vn -0.8121 -0.1293 0.5690
vn -0.3109 -0.2106 0.9268
vn 0.3110 -0.2106 0.9268
vn 0.8121 -0.1293 0.5690
vn 1.0000 0.0014 -0.0064
vn 0.8068 0.1632 -0.5678
vn 0.3077 0.2629 -0.9145
vn -0.3077 0.2629 -0.9145
vn -0.8068 0.1632 -0.5678
vn -1.0000 0.0013 -0.0044
vn -0.8112 -0.1616 0.5620
vn -0.3104 -0.2627 0.9136
vn 0.3104 -0.2627 0.9136
vn 0.8112 -0.1616 0.5620
vn 1.0000 0.0013 -0.0044
vn 0.8077 0.1838 -0.5602
vn 0.3082 0.2966 -0.9039
vn -0.3082 0.2966 -0.9039
vn -0.8077 0.1838 -0.5602
vn -1.0000 0.0008 -0.0026
vn -0.8103 -0.1827 0.5568
vn -0.3098 -0.2964 0.9034
vn 0.3098 -0.2964 0.9034
vn 0.8103 -0.1827 0.5568
vn 1.0000 0.0008 -0.0026
vn 0.8086 0.1939 -0.5556
vn 0.3087 0.3134 -0.8980
vn -0.3087 0.3134 -0.8980
vn -0.8086 0.1939 -0.5556
vn -1.0000 0.0003 -0.0009
vn -0.8095 -0.1935 0.5544
vn -0.3093 -0.3133 0.8979
vn 0.3093 -0.3133 0.8979
vn 0.8095 -0.1935 0.5544
vn 1.0000 0.0003 -0.0009
vn 0.8093 0.1945 -0.5542
vn 0.3092 0.3149 -0.8974
vn -0.3092 0.3149 -0.8974
vn -0.8093 0.1945 -0.5542
vn -1.0000 -0.0002 0.0006
vn -0.8087 -0.1947 0.5550
vn -0.3088 -0.3149 0.8975
vn 0.3088 -0.3149 0.8975
vn 0.8087 -0.1947 0.5550
vn 1.0000 -0.0002 0.0006
vn 0.8100 0.1866 -0.5560
vn 0.3096 0.3026 -0.9014
vn -0.3096 0.3026 -0.9014
vn -0.8100 0.1866 -0.5560
vn -1.0000 -0.0007 0.0019
vn -0.8080 -0.1875 0.5585
vn -0.3084 -0.3027 0.9018
vn 0.3084 -0.3027 0.9018
vn 0.8080 -0.1875 0.5585
vn 1.0000 -0.0007 0.0019
vn 0.8087 0.1835 -0.5589
vn 0.3088 0.2967 -0.9037
vn -0.3088 0.2967 -0.9037
vn -0.8087 0.1835 -0.5589
vn -1.0000 0.0002 -0.0007
vn -0.8094 -0.1832 0.5580
vn -0.3092 -0.2966 0.9035
vn 0.3092 -0.2966 0.9036
vn 0.8094 -0.1832 0.5580
vn 1.0000 0.0002 -0.0007
vn 0.8069 0.1991 -0.5561
vn 0.3077 0.3207 -0.8958
vn -0.3077 0.3207 -0.8958
vn -0.8069 0.1991 -0.5561
vn -1.0000 0.0015 -0.0042
vn -0.8111 -0.1971 0.5506
vn -0.3103 -0.3203 0.8950
vn 0.3103 -0.3203 0.8950
vn 0.8111 -0.1971 0.5506
vn 1.0000 0.0015 -0.0042
vn 0.8069 0.2238 -0.5466
vn 0.3077 0.3606 -0.8805
vn -0.3077 0.3606 -0.8805
vn -0.8069 0.2238 -0.5466
vn -1.0000 0.0017 -0.0040
vn -0.8111 -0.2217 0.5413
vn -0.3103 -0.3603 0.8797
vn 0.3103 -0.3603 0.8797
vn 0.8111 -0.2217 0.5413
vn 1.0000 0.0017 -0.0040
vn 0.8071 0.2469 -0.5363
vn 0.3078 0.3979 -0.8643
vn -0.3078 0.3979 -0.8643
vn -0.8071 0.2469 -0.5363
vn -1.0000 0.0017 -0.0037
vn -0.8109 -0.2447 0.5315
vn -0.3102 -0.3976 0.8635
vn 0.3102 -0.3976 0.8635
vn 0.8109 -0.2447 0.5315
vn 1.0000 0.0017 -0.0037
vn 0.8074 0.2670 -0.5262
vn 0.3080 0.4306 -0.8484
vn -0.3080 0.4306 -0.8484
vn -0.8074 0.2670 -0.5262
vn -1.0000 0.0016 -0.0031
vn -0.8107 -0.2650 0.5221
vn -0.3100 -0.4303 0.8478
vn 0.3100 -0.4303 0.8478
vn 0.8107 -0.2650 0.5221
vn 1.0000 0.0016 -0.0031
vn 0.8077 0.2832 -0.5171
vn 0.3082 0.4569 -0.8344
vn -0.3082 0.4569 -0.8344
vn -0.8077 0.2832 -0.5171
vn -1.0000 0.0013 -0.0024
vn -0.8103 -0.2815 0.5140
vn -0.3098 -0.4567 0.8339
vn 0.3098 -0.4567 0.8339
vn 0.8103 -0.2815 0.5140
vn 1.0000 0.0013 -0.0024
vn 0.8082 0.2946 -0.5100
vn 0.3085 0.4758 -0.8237
vn -0.3085 0.4758 -0.8237
vn -0.8082 0.2946 -0.5100
vn -1.0000 0.0009 -0.0015
vn -0.8099 -0.2934 0.5080
vn -0.3095 -0.4756 0.8234
vn 0.3095 -0.4756 0.8234
vn 0.8099 -0.2934 0.5080
vn 1.0000 0.0009 -0.0015
vn 0.8086 0.3008 -0.5056
vn 0.3088 0.4863 -0.8174
vn -0.3088 0.4863 -0.8174
vn -0.8086 0.3008 -0.5056
vn -1.0000 0.0004 -0.0007
vn -0.8094 -0.3003 0.5047
vn -0.3092 -0.4863 0.8173
vn 0.3092 -0.4863 0.8173
vn 0.8094 -0.3003 0.5047
vn 1.0000 0.0004 -0.0007
vn 0.8091 0.3020 -0.5041
vn 0.3091 0.4887 -0.8159
vn -0.3091 0.4887 -0.8159
vn -0.8091 0.3020 -0.5041
vn -1.0000 -0.0001 0.0002
vn -0.8089 -0.3021 0.5044
vn -0.3090 -0.4887 0.8159
vn 0.3090 -0.4887 0.8159
vn 0.8089 -0.3021 0.5044
vn 1.0000 -0.0001 0.0002
vn 0.8095 0.2983 -0.5056
vn 0.3093 0.4833 -0.8190
vn -0.3093 0.4833 -0.8190
vn -0.8095 0.2983 -0.5056
vn -1.0000 -0.0006 0.0009
vn -0.8085 -0.2991 0.5068
vn -0.3087 -0.4834 0.8192
vn 0.3087 -0.4834 0.8192
vn 0.8085 -0.2991 0.5068
vn 1.0000 -0.0006 0.0009
vn 0.8099 0.2906 -0.5096
vn 0.3096 0.4710 -0.8260
vn -0.3096 0.4710 -0.8260
vn -0.8099 0.2906 -0.5096
vn -1.0000 -0.0009 0.0016
vn -0.8081 -0.2917 0.5117
vn -0.3085 -0.4712 0.8263
vn 0.3085 -0.4712 0.8263
vn 0.8081 -0.2917 0.5117
vn 1.0000 -0.0009 0.0016
vn 0.8102 0.2793 -0.5154
vn 0.3097 0.4531 -0.8359
vn -0.3097 0.4531 -0.8359
vn -0.8102 0.2793 -0.5154
vn -1.0000 -0.0011 0.0021
vn -0.8079 -0.2808 0.5181
vn -0.3083 -0.4533 0.8364
vn 0.3083 -0.4533 0.8364
vn 0.8079 -0.2808 0.5181
vn 1.0000 -0.0011 0.0021
vn 0.8103 0.2729 -0.5186
vn 0.3098 0.4428 -0.8414
vn -0.3098 0.4428 -0.8414
vn -0.8103 0.2729 -0.5186
vn -1.0000 -0.0012 0.0024
vn -0.8077 -0.2746 0.5217
vn -0.3082 -0.4430 0.8419
vn 0.3082 -0.4430 0.8419
vn 0.8077 -0.2746 0.5217
vn 1.0000 -0.0012 0.0024
vt 0.000000 1.000000
vt 0.027778 0.900000
vt 0.000000 0.900000
vt 0.000000 0.100000
vt 0.027778 0.000000
vt 0.000000 0.000000
vt 0.027778 0.200000
vt 0.000000 0.200000
vt 0.027778 0.300000
vt 0.000000 0.300000
vt 0.027778 0.400000
vt 0.000000 0.400000
vt 0.027778 0.500000
vt 0.000000 0.500000
vt 0.027778 0.600000
vt 0.000000 0.600000
vt 0.027778 0.700000
vt 0.000000 0.700000
vt 0.000000 0.800000
vt 0.027778 0.800000
vt 0.027778 1.000000
vt 0.055556 0.900000
vt 0.027778 0.100000
vt 0.055556 0.000000
vt 0.055556 0.200000
vt 0.055556 0.300000
vt 0.055556 0.400000
vt 0.055556 0.500000
vt 0.055556 0.600000
vt 0.055556 0.700000
vt 0.055556 0.800000
vt 0.055556 1.000000
vt 0.083333 0.900000
vt 0.055556 0.100000
vt 0.083333 0.000000
vt 0.083333 0.200000
vt 0.083333 0.300000
vt 0.083333 0.400000
vt 0.083333 0.500000
vt 0.083333 0.600000
vt 0.083333 0.700000
vt 0.083333 0.800000
vt 0.083333 1.000000
vt 0.111111 0.900000
vt 0.083333 0.100000
vt 0.111111 0.000000
vt 0.111111 0.200000
vt 0.111111 0.300000
vt 0.111111 0.400000
vt 0.111111 0.500000
vt 0.111111 0.600000
vt 0.111111 0.700000
vt 0.111111 0.800000
vt 0.111111 1.000000
vt 0.138889 0.900000
vt 0.111111 0.100000
vt 0.138889 0.000000
vt 0.138889 0.200000
vt 0.138889 0.300000
vt 0.138889 0.400000
vt 0.138889 0.500000
vt 0.138889 0.600000
vt 0.138889 0.700000
vt 0.138889 0.800000
vt 0.138889 1.000000
vt 0.166667 0.900000
vt 0.138889 0.100000
vt 0.166667 0.000000
vt 0.166667 0.200000
vt 0.166667 0.300000
vt 0.166667 0.400000
vt 0.166667 0.500000
vt 0.166667 0.600000
vt 0.166667 0.700000
vt 0.166667 0.800000
vt 0.166667 1.000000
vt 0.194444 0.900000
vt 0.166667 0.100000
vt 0.194444 0.000000
vt 0.194444 0.200000
vt 0.194444 0.300000
vt 0.194444 0.400000
vt 0.194444 0.500000
vt 0.194444 0.600000
vt 0.194444 0.700000
vt 0.194444 0.800000
vt 0.194444 1.000000
vt 0.222222 0.900000
vt 0.194444 0.100000
vt 0.222222 0.000000
vt 0.222222 0.200000
vt 0.222222 0.300000
vt 0.222222 0.400000
vt 0.222222 0.500000
vt 0.222222 0.600000
vt 0.222222 0.700000
vt 0.222222 0.800000
vt 0.222222 1.000000
vt 0.250000 0.900000
vt 0.222222 0.100000
vt 0.250000 0.000000
vt 0.250000 0.200000
vt 0.250000 0.300000
vt 0.250000 0.400000
vt 0.250000 0.500000
vt 0.250000 0.600000
vt 0.250000 0.700000
vt 0.250000 0.800000
vt 0.250000 1.000000
vt 0.277778 0.900000
vt 0.250000 0.100000
vt 0.277778 0.000000
vt 0.277778 0.200000
vt 0.277778 0.300000
vt 0.277778 0.400000
vt 0.277778 0.500000
vt 0.277778 0.600000
vt 0.277778 0.700000
vt 0.277778 0.800000
vt 0.277778 1.000000
vt 0.305556 0.900000
vt 0.277778 0.100000
vt 0.305556 0.000000
vt 0.305556 0.200000
vt 0.305556 0.300000
vt 0.305556 0.400000
vt 0.305556 0.500000
vt 0.305556 0.600000
vt 0.305556 0.700000
vt 0.305556 0.800000
vt 0.333333 1.000000
vt 0.305556 1.000000
vt 0.333333 0.100000
vt 0.305556 0.100000
vt 0.333333 0.200000
vt 0.333333 0.300000
vt 0.333333 0.400000
vt 0.333333 0.500000
vt 0.333333 0.700000
vt 0.333333 0.800000
vt 0.333333 0.900000
vt 0.361111 1.000000
vt 0.361111 0.100000
vt 0.333333 0.000000
vt 0.361111 0.200000
vt 0.361111 0.300000
vt 0.361111 0.400000
vt 0.333333 0.600000
vt 0.361111 0.500000
vt 0.361111 0.700000
vt 0.361111 0.800000
vt 0.361111 0.900000
vt 0.388889 0.900000
vt 0.388889 0.000000
vt 0.361111 0.000000
vt 0.388889 0.200000
vt 0.388889 0.300000
vt 0.388889 0.400000
vt 0.388889 0.500000
vt 0.388889 0.600000
vt 0.361111 0.600000
vt 0.388889 0.700000
vt 0.388889 0.800000
vt 0.416667 1.000000
vt 0.388889 1.000000
vt 0.416667 0.100000
vt 0.388889 0.100000
vt 0.416667 0.200000
vt 0.416667 0.300000
vt 0.416667 0.400000
vt 0.416667 0.500000
vt 0.416667 0.700000
vt 0.416667 0.800000
vt 0.416667 0.900000
vt 0.444444 1.000000
vt 0.444444 0.100000
vt 0.416667 0.000000
vt 0.444444 0.200000
vt 0.444444 0.300000
vt 0.444444 0.400000
vt 0.416667 0.600000
vt 0.444444 0.500000
vt 0.444444 0.700000
vt 0.444444 0.800000
vt 0.444444 0.900000
vt 0.472222 1.000000
vt 0.472222 0.100000
vt 0.444444 0.000000
vt 0.472222 0.200000
vt 0.472222 0.300000
vt 0.472222 0.400000
vt 0.444444 0.600000
vt 0.472222 0.500000
vt 0.472222 0.700000
vt 0.472222 0.800000
vt 0.472222 0.900000
vt 0.500000 1.000000
vt 0.500000 0.100000
vt 0.472222 0.000000
vt 0.500000 0.200000
vt 0.500000 0.300000
vt 0.500000 0.400000
vt 0.472222 0.600000
vt 0.500000 0.500000
vt 0.500000 0.700000
vt 0.500000 0.800000
vt 0.500000 0.900000
vt 0.527778 1.000000
vt 0.527778 0.100000
vt 0.500000 0.000000
vt 0.527778 0.200000
vt 0.527778 0.300000
vt 0.527778 0.400000
vt 0.500000 0.600000
vt 0.527778 0.500000
vt 0.527778 0.700000
vt 0.527778 0.800000
vt 0.527778 0.900000
vt 0.555556 1.000000
vt 0.555556 0.100000
vt 0.527778 0.000000
vt 0.555556 0.200000
vt 0.555556 0.300000
vt 0.555556 0.400000
vt 0.527778 0.600000
vt 0.555556 0.500000
vt 0.555556 0.700000
vt 0.555556 0.800000
vt 0.555556 0.900000
vt 0.583333 1.000000
vt 0.583333 0.100000
vt 0.555556 0.000000
vt 0.583333 0.200000
vt 0.583333 0.300000
vt 0.583333 0.400000
vt 0.555556 0.600000
vt 0.583333 0.500000
vt 0.583333 0.700000
vt 0.583333 0.800000
vt 0.583333 0.900000
vt 0.611111 1.000000
vt 0.611111 0.100000
vt 0.583333 0.000000
vt 0.611111 0.200000
vt 0.611111 0.300000
vt 0.611111 0.400000
vt 0.583333 0.600000
vt 0.611111 0.500000
vt 0.611111 0.700000
vt 0.611111 0.800000
vt 0.611111 0.900000
vt 0.638889 1.000000
vt 0.638889 0.100000
vt 0.611111 0.000000
vt 0.638889 0.200000
vt 0.638889 0.300000
vt 0.638889 0.400000
vt 0.611111 0.600000
vt 0.638889 0.500000
vt 0.638889 0.700000
vt 0.638889 0.800000
vt 0.638889 0.900000
vt 0.666667 0.900000
vt 0.666667 0.000000
vt 0.638889 0.000000
vt 0.666667 0.200000
vt 0.666667 0.300000
vt 0.666667 0.400000
vt 0.666667 0.500000
vt 0.666667 0.600000
vt 0.638889 0.600000
vt 0.666667 0.700000
vt 0.666667 0.800000
vt 0.666667 1.000000
vt 0.694444 0.900000
vt 0.666667 0.100000
vt 0.694444 0.000000
vt 0.694444 0.100000
vt 0.694444 0.300000
vt 0.694444 0.400000
vt 0.694444 0.500000
vt 0.694444 0.600000
vt 0.694444 0.700000
vt 0.694444 0.800000
vt 0.722222 1.000000
vt 0.694444 1.000000
vt 0.722222 0.100000
vt 0.722222 0.200000
vt 0.694444 0.200000
vt 0.722222 0.300000
vt 0.722222 0.400000
vt 0.722222 0.500000
vt 0.722222 0.700000
vt 0.722222 0.800000
vt 0.722222 0.900000
vt 0.750000 1.000000
vt 0.750000 0.100000
vt 0.722222 0.000000
vt 0.750000 0.200000
vt 0.750000 0.300000
vt 0.750000 0.400000
vt 0.722222 0.600000
vt 0.750000 0.500000
vt 0.750000 0.600000
vt 0.750000 0.800000
vt 0.750000 0.900000
vt 0.777778 1.000000
vt 0.777778 0.100000
vt 0.750000 0.000000
vt 0.777778 0.200000
vt 0.777778 0.300000
vt 0.777778 0.400000
vt 0.777778 0.500000
vt 0.777778 0.700000
vt 0.750000 0.700000
vt 0.777778 0.800000
vt 0.777778 0.900000
vt 0.805556 1.000000
vt 0.805556 0.100000
vt 0.777778 0.000000
vt 0.805556 0.200000
vt 0.805556 0.300000
vt 0.805556 0.400000
vt 0.777778 0.600000
vt 0.805556 0.500000
vt 0.805556 0.700000
vt 0.805556 0.800000
vt 0.805556 0.900000
vt 0.833333 1.000000
vt 0.833333 0.100000
vt 0.805556 0.000000
vt 0.833333 0.200000
vt 0.833333 0.300000
vt 0.833333 0.400000
vt 0.805556 0.600000
vt 0.833333 0.500000
vt 0.833333 0.700000
vt 0.833333 0.800000
vt 0.833333 0.900000
vt 0.861111 1.000000
vt 0.861111 0.100000
vt 0.833333 0.000000
vt 0.861111 0.200000
vt 0.861111 0.300000
vt 0.861111 0.400000
vt 0.833333 0.600000
vt 0.861111 0.500000
vt 0.861111 0.700000
vt 0.861111 0.800000
vt 0.861111 0.900000
vt 0.888889 1.000000
vt 0.888889 0.100000
vt 0.861111 0.000000
vt 0.888889 0.200000
vt 0.888889 0.300000
vt 0.888889 0.400000
vt 0.861111 0.600000
vt 0.888889 0.500000
vt 0.888889 0.700000
vt 0.888889 0.800000
vt 0.888889 0.900000
vt 0.916667 1.000000
vt 0.916667 0.100000
vt 0.888889 0.000000
vt 0.916667 0.200000
vt 0.916667 0.300000
vt 0.916667 0.400000
vt 0.888889 0.600000
vt 0.916667 0.500000
vt 0.916667 0.700000
vt 0.916667 0.800000
vt 0.916667 0.900000
vt 0.944444 1.000000
vt 0.944444 0.100000
vt 0.916667 0.000000
vt 0.944444 0.200000
vt 0.944444 0.300000
vt 0.944444 0.400000
vt 0.916667 0.600000
vt 0.944444 0.500000
vt 0.944444 0.700000
vt 0.944444 0.800000
vt 0.944444 0.900000
vt 0.972222 1.000000
vt 0.972222 0.100000
vt 0.944444 0.000000
vt 0.972222 0.200000
vt 0.972222 0.300000
vt 0.972222 0.400000
vt 0.944444 0.600000
vt 0.972222 0.500000
vt 0.972222 0.700000
vt 0.972222 0.800000
vt 0.972222 0.900000
vt 1.000000 1.000000
vt 1.000000 0.100000
vt 0.972222 0.000000
vt 1.000000 0.200000
vt 1.000000 0.300000
vt 1.000000 0.400000
vt 0.972222 0.600000
vt 1.000000 0.500000
vt 1.000000 0.700000
vt 1.000000 0.800000
vt 1.000000 0.900000
vt 1.000000 0.000000
vt 1.000000 0.600000
s 1
f 1/1/1 20/2/20 10/3/10
f 2/4/2 11/5/11 1/6/1
f 13/7/13 2/4/2 3/8/3
f 14/9/14 3/8/3 4/10/4
f 15/11/15 4/10/4 5/12/5
f 16/13/16 5/12/5 6/14/6
f 17/15/17 6/14/6 7/16/7
f 18/17/18 7/16/7 8/18/8
f 9/19/9 18/17/18 8/18/8
f 10/3/10 19/20/19 9/19/9
f 11/21/11 30/22/30 20/2/20
f 12/23/12 21/24/21 11/5/11
f 23/25/23 12/23/12 13/7/13
f 24/26/24 13/7/13 14/9/14
f 25/27/25 14/9/14 15/11/15
f 26/28/26 15/11/15 16/13/16
f 27/29/27 16/13/16 17/15/17
f 28/30/28 17/15/17 18/17/18
f 19/20/19 28/30/28 18/17/18
f 20/2/20 29/31/29 19/20/19
f 21/32/21 40/33/40 30/22/30
f 22/34/22 31/35/31 21/24/21
f 33/36/33 22/34/22 23/25/23
f 34/37/34 23/25/23 24/26/24
f 35/38/35 24/26/24 25/27/25
f 36/39/36 25/27/25 26/28/26
f 37/40/37 26/28/26 27/29/27
f 38/41/38 27/29/27 28/30/28
f 29/31/29 38/41/38 28/30/28
f 30/22/30 39/42/39 29/31/29
f 31/43/31 50/44/50 40/33/40
f 32/45/32 41/46/41 31/35/31
f 43/47/43 32/45/32 33/36/33
f 44/48/44 33/36/33 34/37/34
f 45/49/45 34/37/34 35/38/35
f 46/50/46 35/38/35 36/39/36
f 47/51/47 36/39/36 37/40/37
f 48/52/48 37/40/37 38/41/38
f 39/42/39 48/52/48 38/41/38
f 40/33/40 49/53/49 39/42/39
f 41/54/41 60/55/60 50/44/50
f 42/56/42 51/57/51 41/46/41
f 53/58/53 42/56/42 43/47/43
f 54/59/54 43/47/43 44/48/44
f 55/60/55 44/48/44 45/49/45
f 56/61/56 45/49/45 46/50/46
f 57/62/57 46/50/46 47/51/47
f 58/63/58 47/51/47 48/52/48
f 49/53/49 58/63/58 48/52/48
f 50/44/50 59/64/59 49/53/49
f 51/65/51 70/66/70 60/55/60
f 52/67/52 61/68/61 51/57/51
f 63/69/63 52/67/52 53/58/53
f 64/70/64 53/58/53 54/59/54
f 65/71/65 54/59/54 55/60/55
f 66/72/66 55/60/55 56/61/56
f 67/73/67 56/61/56 57/62/57
f 68/74/68 57/62/57 58/63/58
f 59/64/59 68/74/68 58/63/58
f 60/55/60 69/75/69 59/64/59
f 61/76/61 80/77/80 70/66/70
f 62/78/62 71/79/71 61/68/61
f 73/80/73 62/78/62 63/69/63
f 74/81/74 63/69/63 64/70/64
f 75/82/75 64/70/64 65/71/65
f 76/83/76 65/71/65 66/72/66
f 77/84/77 66/72/66 67/73/67
f 78/85/78 67/73/67 68/74/68
f 69/75/69 78/85/78 68/74/68
f 70/66/70 79/86/79 69/75/69
f 71/87/71 90/88/90 80/77/80
f 72/89/72 81/90/81 71/79/71
f 83/91/83 72/89/72 73/80/73
f 84/92/84 73/80/73 74/81/74
f 85/93/85 74/81/74 75/82/75
f 86/94/86 75/82/75 76/83/76
f 87/95/87 76/83/76 77/84/77
f 88/96/88 77/84/77 78/85/78
f 79/86/79 88/96/88 78/85/78
f 80/77/80 89/97/89 79/86/79
f 81/98/81 100/99/100 90/88/90
f 82/100/82 91/101/91 81/90/81
f 93/102/93 82/100/82 83/91/83
f 94/103/94 83/91/83 84/92/84
f 95/104/95 84/92/84 85/93/85
f 96/105/96 85/93/85 86/94/86
f 97/106/97 86/94/86 87/95/87
f 98/107/98 87/95/87 88/96/88
f 89/97/89 98/107/98 88/96/88
f 90/88/90 99/108/99 89/97/89
f 91/109/91 110/110/110 100/99/100
f 92/111/92 101/112/101 91/101/91
f 103/113/103 92/111/92 93/102/93
f 104/114/104 93/102/93 94/103/94
f 105/115/105 94/103/94 95/104/95
f 106/116/106 95/104/95 96/105/96
f 107/117/107 96/105/96 97/106/97
f 108/118/108 97/106/97 98/107/98
f 99/108/99 108/118/108 98/107/98
f 100/99/100 109/119/109 99/108/99
f 101/120/101 120/121/120 110/110/110
f 102/122/102 111/123/111 101/112/101
f 113/124/113 102/122/102 103/113/103
f 114/125/114 103/113/103 104/114/104
f 115/126/115 104/114/104 105/115/105
f 116/127/116 105/115/105 106/116/106
f 117/128/117 106/116/106 107/117/107
f 118/129/118 107/117/107 108/118/108
f 109/119/109 118/129/118 108/118/108
f 110/110/110 119/130/119 109/119/109
f 121/131/121 120/121/120 111/132/111
f 122/133/122 111/123/111 112/134/112
f 123/135/123 112/134/112 113/124/113
f 114/125/114 123/135/123 113/124/113
f 115/126/115 124/136/124 114/125/114
f 116/127/116 125/137/125 115/126/115
f 117/128/117 126/138/126 116/127/116
f 128/139/128 117/128/117 118/129/118
f 129/140/129 118/129/118 119/130/119
f 130/141/130 119/130/119 120/121/120
f 131/142/131 130/141/130 121/131/121
f 132/143/132 121/144/121 122/133/122
f 133/145/133 122/133/122 123/135/123
f 124/136/124 133/145/133 123/135/123
f 125/137/125 134/146/134 124/136/124
f 126/138/126 135/147/135 125/137/125
f 127/148/127 136/149/136 126/138/126
f 138/150/138 127/148/127 128/139/128
f 139/151/139 128/139/128 129/140/129
f 140/152/140 129/140/129 130/141/130
f 131/142/131 150/153/150 140/152/140
f 132/143/132 141/154/141 131/155/131
f 143/156/143 132/143/132 133/145/133
f 144/157/144 133/145/133 134/146/134
f 145/158/145 134/146/134 135/147/135
f 146/159/146 135/147/135 136/149/136
f 147/160/147 136/149/136 137/161/137
f 148/162/148 137/161/137 138/150/138
f 139/151/139 148/162/148 138/150/138
f 140/152/140 149/163/149 139/151/139
f 151/164/151 150/153/150 141/165/141
f 152/166/152 141/154/141 142/167/142
f 153/168/153 142/167/142 143/156/143
f 144/157/144 153/168/153 143/156/143
f 145/158/145 154/169/154 144/157/144
f 146/159/146 155/170/155 145/158/145
f 147/160/147 156/171/156 146/159/146
f 158/172/158 147/160/147 148/162/148
f 159/173/159 148/162/148 149/163/149
f 160/174/160 149/163/149 150/153/150
f 161/175/161 160/174/160 151/164/151
f 162/176/162 151/177/151 152/166/152
f 163/178/163 152/166/152 153/168/153
f 154/169/154 163/178/163 153/168/153
f 155/170/155 164/179/164 154/169/154
f 156/171/156 165/180/165 155/170/155
f 157/181/157 166/182/166 156/171/156
f 168/183/168 157/181/157 158/172/158
f 169/184/169 158/172/158 159/173/159
f 170/185/170 159/173/159 160/174/160
f 171/186/171 170/185/170 161/175/161
f 172/187/172 161/188/161 162/176/162
f 173/189/173 162/176/162 163/178/163
f 164/179/164 173/189/173 163/178/163
f 165/180/165 174/190/174 164/179/164
f 166/182/166 175/191/175 165/180/165
f 167/192/167 176/193/176 166/182/166
f 178/194/178 167/192/167 168/183/168
f 179/195/179 168/183/168 169/184/169
f 180/196/180 169/184/169 170/185/170
f 181/197/181 180/196/180 171/186/171
f 182/198/182 171/199/171 172/187/172
f 183/200/183 172/187/172 173/189/173
f 174/190/174 183/200/183 173/189/173
f 175/191/175 184/201/184 174/190/174
f 176/193/176 185/202/185 175/191/175
f 177/203/177 186/204/186 176/193/176
f 188/205/188 177/203/177 178/194/178
f 189/206/189 178/194/178 179/195/179
f 190/207/190 179/195/179 180/196/180
f 191/208/191 190/207/190 181/197/181
f 192/209/192 181/210/181 182/198/182
f 193/211/193 182/198/182 183/200/183
f 184/201/184 193/211/193 183/200/183
f 185/202/185 194/212/194 184/201/184
f 186/204/186 195/213/195 185/202/185
f 187/214/187 196/215/196 186/204/186
f 198/216/198 187/214/187 188/205/188
f 199/217/199 188/205/188 189/206/189
f 200/218/200 189/206/189 190/207/190
f 201/219/201 200/218/200 191/208/191
f 202/220/202 191/221/191 192/209/192
f 203/222/203 192/209/192 193/211/193
f 194/212/194 203/222/203 193/211/193
f 195/213/195 204/223/204 194/212/194
f 196/215/196 205/224/205 195/213/195
f 197/225/197 206/226/206 196/215/196
f 208/227/208 197/225/197 198/216/198
f 209/228/209 198/216/198 199/217/199
f 210/229/210 199/217/199 200/218/200
f 211/230/211 210/229/210 201/219/201
f 212/231/212 201/232/201 202/220/202
f 213/233/213 202/220/202 203/222/203
f 204/223/204 213/233/213 203/222/203
f 205/224/205 214/234/214 204/223/204
f 206/226/206 215/235/215 205/224/205
f 207/236/207 216/237/216 206/226/206
f 218/238/218 207/236/207 208/227/208
f 219/239/219 208/227/208 209/228/209
f 220/240/220 209/228/209 210/229/210
f 221/241/221 220/240/220 211/230/211
f 222/242/222 211/243/211 212/231/212
f 223/244/223 212/231/212 213/233/213
f 214/234/214 223/244/223 213/233/213
f 215/235/215 224/245/224 214/234/214
f 216/237/216 225/246/225 215/235/215
f 217/247/217 226/248/226 216/237/216
f 228/249/228 217/247/217 218/238/218
f 229/250/229 218/238/218 219/239/219
f 230/251/230 219/239/219 220/240/220
f 231/252/231 230/251/230 221/241/221
f 232/253/232 221/254/221 222/242/222
f 233/255/233 222/242/222 223/244/223
f 224/245/224 233/255/233 223/244/223
f 225/246/225 234/256/234 224/245/224
f 226/248/226 235/257/235 225/246/225
f 227/258/227 236/259/236 226/248/226
f 238/260/238 227/258/227 228/249/228
f 239/261/239 228/249/228 229/250/229
f 240/262/240 229/250/229 230/251/230
f 231/252/231 250/263/250 240/262/240
f 232/253/232 241/264/241 231/265/231
f 243/266/243 232/253/232 233/255/233
f 244/267/244 233/255/233 234/256/234
f 245/268/245 234/256/234 235/257/235
f 246/269/246 235/257/235 236/259/236
f 247/270/247 236/259/236 237/271/237
f 248/272/248 237/271/237 238/260/238
f 239/261/239 248/272/248 238/260/238
f 240/262/240 249/273/249 239/261/239
f 241/274/241 260/275/260 250/263/250
f 242/276/242 251/277/251 241/264/241
f 243/266/243 252/278/252 242/276/242
f 254/279/254 243/266/243 244/267/244
f 255/280/255 244/267/244 245/268/245
f 256/281/256 245/268/245 246/269/246
f 257/282/257 246/269/246 247/270/247
f 258/283/258 247/270/247 248/272/248
f 249/273/249 258/283/258 248/272/248
f 250/263/250 259/284/259 249/273/249
f 261/285/261 260/275/260 251/286/251
f 262/287/262 251/277/251 252/278/252
f 263/288/263 252/278/252 253/289/253
f 254/279/254 263/288/263 253/289/253
f 255/280/255 264/290/264 254/279/254
f 256/281/256 265/291/265 255/280/255
f 257/282/257 266/292/266 256/281/256
f 268/293/268 257/282/257 258/283/258
f 269/294/269 258/283/258 259/284/259
f 270/295/270 259/284/259 260/275/260
f 271/296/271 270/295/270 261/285/261
f 272/297/272 261/298/261 262/287/262
f 273/299/273 262/287/262 263/288/263
f 264/290/264 273/299/273 263/288/263
f 265/291/265 274/300/274 264/290/264
f 266/292/266 275/301/275 265/291/265
f 267/302/267 276/303/276 266/292/266
f 268/293/268 277/304/277 267/302/267
f 279/305/279 268/293/268 269/294/269
f 280/306/280 269/294/269 270/295/270
f 281/307/281 280/306/280 271/296/271
f 282/308/282 271/309/271 272/297/272
f 283/310/283 272/297/272 273/299/273
f 274/300/274 283/310/283 273/299/273
f 275/301/275 284/311/284 274/300/274
f 276/303/276 285/312/285 275/301/275
f 277/304/277 286/313/286 276/303/276
f 288/314/288 277/304/277 278/315/278
f 289/316/289 278/315/278 279/305/279
f 290/317/290 279/305/279 280/306/280
f 291/318/291 290/317/290 281/307/281
f 292/319/292 281/320/281 282/308/282
f 293/321/293 282/308/282 283/310/283
f 284/311/284 293/321/293 283/310/283
f 285/312/285 294/322/294 284/311/284
f 286/313/286 295/323/295 285/312/285
f 287/324/287 296/325/296 286/313/286
f 298/326/298 287/324/287 288/314/288
f 299/327/299 288/314/288 289/316/289
f 300/328/300 289/316/289 290/317/290
f 301/329/301 300/328/300 291/318/291
f 302/330/302 291/331/291 292/319/292
f 303/332/303 292/319/292 293/321/293
f 294/322/294 303/332/303 293/321/293
f 295/323/295 304/333/304 294/322/294
f 296/325/296 305/334/305 295/323/295
f 297/335/297 306/336/306 296/325/296
f 308/337/308 297/335/297 298/326/298
f 309/338/309 298/326/298 299/327/299
f 310/339/310 299/327/299 300/328/300
f 311/340/311 310/339/310 301/329/301
f 312/341/312 301/342/301 302/330/302
f 313/343/313 302/330/302 303/332/303
f 304/333/304 313/343/313 303/332/303
f 305/334/305 314/344/314 304/333/304
f 306/336/306 315/345/315 305/334/305
f 307/346/307 316/347/316 306/336/306
f 318/348/318 307/346/307 308/337/308
f 319/349/319 308/337/308 309/338/309
f 320/350/320 309/338/309 310/339/310
f 321/351/321 320/350/320 311/340/311
f 322/352/322 311/353/311 312/341/312
f 323/354/323 312/341/312 313/343/313
f 314/344/314 323/354/323 313/343/313
f 315/345/315 324/355/324 314/344/314
f 316/347/316 325/356/325 315/345/315
f 317/357/317 326/358/326 316/347/316
f 328/359/328 317/357/317 318/348/318
f 329/360/329 318/348/318 319/349/319
f 330/361/330 319/349/319 320/350/320
f 331/362/331 330/361/330 321/351/321
f 332/363/332 321/364/321 322/352/322
f 333/365/333 322/352/322 323/354/323
f 324/355/324 333/365/333 323/354/323
f 325/356/325 334/366/334 324/355/324
f 326/358/326 335/367/335 325/356/325
f 327/368/327 336/369/336 326/358/326
f 338/370/338 327/368/327 328/359/328
f 339/371/339 328/359/328 329/360/329
f 340/372/340 329/360/329 330/361/330
f 341/373/341 340/372/340 331/362/331
f 342/374/342 331/375/331 332/363/332
f 343/376/343 332/363/332 333/365/333
f 334/366/334 343/376/343 333/365/333
f 335/367/335 344/377/344 334/366/334
f 336/369/336 345/378/345 335/367/335
f 337/379/337 346/380/346 336/369/336
f 348/381/348 337/379/337 338/370/338
f 349/382/349 338/370/338 339/371/339
f 350/383/350 339/371/339 340/372/340
f 351/384/351 350/383/350 341/373/341
f 352/385/352 341/386/341 342/374/342
f 353/387/353 342/374/342 343/376/343
f 344/377/344 353/387/353 343/376/343
f 345/378/345 354/388/354 344/377/344
f 346/380/346 355/389/355 345/378/345
f 347/390/347 356/391/356 346/380/346
f 358/392/358 347/390/347 348/381/348
f 359/393/359 348/381/348 349/382/349
f 360/394/360 349/382/349 350/383/350
f 361/395/361 360/394/360 351/384/351
f 362/396/362 351/397/351 352/385/352
f 363/398/363 352/385/352 353/387/353
f 354/388/354 363/398/363 353/387/353
f 355/389/355 364/399/364 354/388/354
f 356/391/356 365/400/365 355/389/355
f 357/401/357 366/402/366 356/391/356
f 368/403/368 357/401/357 358/392/358
f 369/404/369 358/392/358 359/393/359
f 370/405/370 359/393/359 360/394/360
f 1/1/1 11/21/11 20/2/20
f 2/4/2 12/23/12 11/5/11
f 13/7/13 12/23/12 2/4/2
f 14/9/14 13/7/13 3/8/3
f 15/11/15 14/9/14 4/10/4
f 16/13/16 15/11/15 5/12/5
f 17/15/17 16/13/16 6/14/6
f 18/17/18 17/15/17 7/16/7
f 9/19/9 19/20/19 18/17/18
f 10/3/10 20/2/20 19/20/19
f 11/21/11 21/32/21 30/22/30
f 12/23/12 22/34/22 21/24/21
f 23/25/23 22/34/22 12/23/12
f 24/26/24 23/25/23 13/7/13
f 25/27/25 24/26/24 14/9/14
f 26/28/26 25/27/25 15/11/15
f 27/29/27 26/28/26 16/13/16
f 28/30/28 27/29/27 17/15/17
f 19/20/19 29/31/29 28/30/28
f 20/2/20 30/22/30 29/31/29
f 21/32/21 31/43/31 40/33/40
f 22/34/22 32/45/32 31/35/31
f 33/36/33 32/45/32 22/34/22
f 34/37/34 33/36/33 23/25/23
f 35/38/35 34/37/34 24/26/24
f 36/39/36 35/38/35 25/27/25
f 37/40/37 36/39/36 26/28/26
f 38/41/38 37/40/37 27/29/27
f 29/31/29 39/42/39 38/41/38
f 30/22/30 40/33/40 39/42/39
f 31/43/31 41/54/41 50/44/50
f 32/45/32 42/56/42 41/46/41
f 43/47/43 42/56/42 32/45/32
f 44/48/44 43/47/43 33/36/33
f 45/49/45 44/48/44 34/37/34
f 46/50/46 45/49/45 35/38/35
f 47/51/47 46/50/46 36/39/36
f 48/52/48 47/51/47 37/40/37
f 39/42/39 49/53/49 48/52/48
f 40/33/40 50/44/50 49/53/49
f 41/54/41 51/65/51 60/55/60
f 42/56/42 52/67/52 51/57/51
f 53/58/53 52/67/52 42/56/42
f 54/59/54 53/58/53 43/47/43
f 55/60/55 54/59/54 44/48/44
f 56/61/56 55/60/55 45/49/45
f 57/62/57 56/61/56 46/50/46
f 58/63/58 57/62/57 47/51/47
f 49/53/49 59/64/59 58/63/58
f 50/44/50 60/55/60 59/64/59
f 51/65/51 61/76/61 70/66/70
f 52/67/52 62/78/62 61/68/61
f 63/69/63 62/78/62 52/67/52
f 64/70/64 63/69/63 53/58/53
f 65/71/65 64/70/64 54/59/54
f 66/72/66 65/71/65 55/60/55
f 67/73/67 66/72/66 56/61/56
f 68/74/68 67/73/67 57/62/57
f 59/64/59 69/75/69 68/74/68
f 60/55/60 70/66/70 69/75/69
f 61/76/61 71/87/71 80/77/80
f 62/78/62 72/89/72 71/79/71
f 73/80/73 72/89/72 62/78/62
f 74/81/74 73/80/73 63/69/63
f 75/82/75 74/81/74 64/70/64
f 76/83/76 75/82/75 65/71/65
f 77/84/77 76/83/76 66/72/66
f 78/85/78 77/84/77 67/73/67
f 69/75/69 79/86/79 78/85/78
f 70/66/70 80/77/80 79/86/79
f 71/87/71 81/98/81 90/88/90
f 72/89/72 82/100/82 81/90/81
f 83/91/83 82/100/82 72/89/72
f 84/92/84 83/91/83 73/80/73
f 85/93/85 84/92/84 74/81/74
f 86/94/86 85/93/85 75/82/75
f 87/95/87 86/94/86 76/83/76
f 88/96/88 87/95/87 77/84/77
f 79/86/79 89/97/89 88/96/88
f 80/77/80 90/88/90 89/97/89
f 81/98/81 91/109/91 100/99/100
f 82/100/82 92/111/92 91/101/91
f 93/102/93 92/111/92 82/100/82
f 94/103/94 93/102/93 83/91/83
f 95/104/95 94/103/94 84/92/84
f 96/105/96 95/104/95 85/93/85
f 97/106/97 96/105/96 86/94/86
f 98/107/98 97/106/97 87/95/87
f 89/97/89 99/108/99 98/107/98
f 90/88/90 100/99/100 99/108/99
f 91/109/91 101/120/101 110/110/110
f 92/111/92 102/122/102 101/112/101
f 103/113/103 102/122/102 92/111/92
f 104/114/104 103/113/103 93/102/93
f 105/115/105 104/114/104 94/103/94
f 106/116/106 105/115/105 95/104/95
f 107/117/107 106/116/106 96/105/96
f 108/118/108 107/117/107 97/106/97
f 99/108/99 109/119/109 108/118/108
f 100/99/100 110/110/110 109/119/109
f 101/120/101 111/132/111 120/121/120
f 102/122/102 112/134/112 111/123/111
f 113/124/113 112/134/112 102/122/102
f 114/125/114 113/124/113 103/113/103
f 115/126/115 114/125/114 104/114/104
f 116/127/116 115/126/115 105/115/105
f 117/128/117 116/127/116 106/116/106
f 118/129/118 117/128/117 107/117/107
f 109/119/109 119/130/119 118/129/118
f 110/110/110 120/121/120 119/130/119
f 121/131/121 130/141/130 120/121/120
f 122/133/122 121/144/121 111/123/111
f 123/135/123 122/133/122 112/134/112
f 114/125/114 124/136/124 123/135/123
f 115/126/115 125/137/125 124/136/124
f 116/127/116 126/138/126 125/137/125
f 117/128/117 127/148/127 126/138/126
f 128/139/128 127/148/127 117/128/117
f 129/140/129 128/139/128 118/129/118
f 130/141/130 129/140/129 119/130/119
f 131/142/131 140/152/140 130/141/130
f 132/143/132 131/155/131 121/144/121
f 133/145/133 132/143/132 122/133/122
f 124/136/124 134/146/134 133/145/133
f 125/137/125 135/147/135 134/146/134
f 126/138/126 136/149/136 135/147/135
f 127/148/127 137/161/137 136/149/136
f 138/150/138 137/161/137 127/148/127
f 139/151/139 138/150/138 128/139/128
f 140/152/140 139/151/139 129/140/129
f 131/142/131 141/165/141 150/153/150
f 132/143/132 142/167/142 141/154/141
f 143/156/143 142/167/142 132/143/132
f 144/157/144 143/156/143 133/145/133
f 145/158/145 144/157/144 134/146/134
f 146/159/146 145/158/145 135/147/135
f 147/160/147 146/159/146 136/149/136
f 148/162/148 147/160/147 137/161/137
f 139/151/139 149/163/149 148/162/148
f 140/152/140 150/153/150 149/163/149
f 151/164/151 160/174/160 150/153/150
f 152/166/152 151/177/151 141/154/141
f 153/168/153 152/166/152 142/167/142
f 144/157/144 154/169/154 153/168/153
f 145/158/145 155/170/155 154/169/154
f 146/159/146 156/171/156 155/170/155
f 147/160/147 157/181/157 156/171/156
f 158/172/158 157/181/157 147/160/147
f 159/173/159 158/172/158 148/162/148
f 160/174/160 159/173/159 149/163/149
f 161/175/161 170/185/170 160/174/160
f 162/176/162 161/188/161 151/177/151
f 163/178/163 162/176/162 152/166/152
f 154/169/154 164/179/164 163/178/163
f 155/170/155 165/180/165 164/179/164
f 156/171/156 166/182/166 165/180/165
f 157/181/157 167/192/167 166/182/166
f 168/183/168 167/192/167 157/181/157
f 169/184/169 168/183/168 158/172/158
f 170/185/170 169/184/169 159/173/159
f 171/186/171 180/196/180 170/185/170
f 172/187/172 171/199/171 161/188/161
f 173/189/173 172/187/172 162/176/162
f 164/179/164 174/190/174 173/189/173
f 165/180/165 175/191/175 174/190/174
f 166/182/166 176/193/176 175/191/175
f 167/192/167 177/203/177 176/193/176
f 178/194/178 177/203/177 167/192/167
f 179/195/179 178/194/178 168/183/168
f 180/196/180 179/195/179 169/184/169
f 181/197/181 190/207/190 180/196/180
f 182/198/182 181/210/181 171/199/171
f 183/200/183 182/198/182 172/187/172
f 174/190/174 184/201/184 183/200/183
f 175/191/175 185/202/185 184/201/184
f 176/193/176 186/204/186 185/202/185
f 177/203/177 187/214/187 186/204/186
f 188/205/188 187/214/187 177/203/177
f 189/206/189 188/205/188 178/194/178
f 190/207/190 189/206/189 179/195/179
f 191/208/191 200/218/200 190/207/190
f 192/209/192 191/221/191 181/210/181
f 193/211/193 192/209/192 182/198/182
f 184/201/184 194/212/194 193/211/193
f 185/202/185 195/213/195 194/212/194
f 186/204/186 196/215/196 195/213/195
f 187/214/187 197/225/197 196/215/196
f 198/216/198 197/225/197 187/214/187
f 199/217/199 198/216/198 188/205/188
f 200/218/200 199/217/199 189/206/189
f 201/219/201 210/229/210 200/218/200
f 202/220/202 201/232/201 191/221/191
f 203/222/203 202/220/202 192/209/192
f 194/212/194 204/223/204 203/222/203
f 195/213/195 205/224/205 204/223/204
f 196/215/196 206/226/206 205/224/205
f 197/225/197 207/236/207 206/226/206
f 208/227/208 207/236/207 197/225/197
f 209/228/209 208/227/208 198/216/198
f 210/229/210 209/228/209 199/217/199
f 211/230/211 220/240/220 210/229/210
f 212/231/212 211/243/211 201/232/201
f 213/233/213 212/231/212 202/220/202
f 204/223/204 214/234/214 213/233/213
f 205/224/205 215/235/215 214/234/214
f 206/226/206 216/237/216 215/235/215
f 207/236/207 217/247/217 216/237/216
f 218/238/218 217/247/217 207/236/207
f 219/239/219 218/238/218 208/227/208
f 220/240/220 219/239/219 209/228/209
f 221/241/221 230/251/230 220/240/220
f 222/242/222 221/254/221 211/243/211
f 223/244/223 222/242/222 212/231/212
f 214/234/214 224/245/224 223/244/223
f 215/235/215 225/246/225 224/245/224
f 216/237/216 226/248/226 225/246/225
f 217/247/217 227/258/227 226/248/226
f 228/249/228 227/258/227 217/247/217
f 229/250/229 228/249/228 218/238/218
f 230/251/230 229/250/229 219/239/219
f 231/252/231 240/262/240 230/251/230
f 232/253/232 231/265/231 221/254/221
f 233/255/233 232/253/232 222/242/222
f 224/245/224 234/256/234 233/255/233
f 225/246/225 235/257/235 234/256/234
f 226/248/226 236/259/236 235/257/235
f 227/258/227 237/271/237 236/259/236
f 238/260/238 237/271/237 227/258/227
f 239/261/239 238/260/238 228/249/228
f 240/262/240 239/261/239 229/250/229
f 231/252/231 241/274/241 250/263/250
f 232/253/232 242/276/242 241/264/241
f 243/266/243 242/276/242 232/253/232
f 244/267/244 243/266/243 233/255/233
f 245/268/245 244/267/244 234/256/234
f 246/269/246 245/268/245 235/257/235
f 247/270/247 246/269/246 236/259/236
f 248/272/248 247/270/247 237/271/237
f 239/261/239 249/273/249 248/272/248
f 240/262/240 250/263/250 249/273/249
f 241/274/241 251/286/251 260/275/260
f 242/276/242 252/278/252 251/277/251
f 243/266/243 253/289/253 252/278/252
f 254/279/254 253/289/253 243/266/243
f 255/280/255 254/279/254 244/267/244
f 256/281/256 255/280/255 245/268/245
f 257/282/257 256/281/256 246/269/246
f 258/283/258 257/282/257 247/270/247
f 249/273/249 259/284/259 258/283/258
f 250/263/250 260/275/260 259/284/259
f 261/285/261 270/295/270 260/275/260
f 262/287/262 261/298/261 251/277/251
f 263/288/263 262/287/262 252/278/252
f 254/279/254 264/290/264 263/288/263
f 255/280/255 265/291/265 264/290/264
f 256/281/256 266/292/266 265/291/265
f 257/282/257 267/302/267 266/292/266
f 268/293/268 267/302/267 257/282/257
f 269/294/269 268/293/268 258/283/258
f 270/295/270 269/294/269 259/284/259
f 271/296/271 280/306/280 270/295/270
f 272/297/272 271/309/271 261/298/261
f 273/299/273 272/297/272 262/287/262
f 264/290/264 274/300/274 273/299/273
f 265/291/265 275/301/275 274/300/274
f 266/292/266 276/303/276 275/301/275
f 267/302/267 277/304/277 276/303/276
f 268/293/268 278/315/278 277/304/277
f 279/305/279 278/315/278 268/293/268
f 280/306/280 279/305/279 269/294/269
f 281/307/281 290/317/290 280/306/280
f 282/308/282 281/320/281 271/309/271
f 283/310/283 282/308/282 272/297/272
f 274/300/274 284/311/284 283/310/283
f 275/301/275 285/312/285 284/311/284
f 276/303/276 286/313/286 285/312/285
f 277/304/277 287/324/287 286/313/286
f 288/314/288 287/324/287 277/304/277
f 289/316/289 288/314/288 278/315/278
f 290/317/290 289/316/289 279/305/279
f 291/318/291 300/328/300 290/317/290
f 292/319/292 291/331/291 281/320/281
f 293/321/293 292/319/292 282/308/282
f 284/311/284 294/322/294 293/321/293
f 285/312/285 295/323/295 294/322/294
f 286/313/286 296/325/296 295/323/295
f 287/324/287 297/335/297 296/325/296
f 298/326/298 297/335/297 287/324/287
f 299/327/299 298/326/298 288/314/288
f 300/328/300 299/327/299 289/316/289
f 301/329/301 310/339/310 300/328/300
f 302/330/302 301/342/301 291/331/291
f 303/332/303 302/330/302 292/319/292
f 294/322/294 304/333/304 303/332/303
f 295/323/295 305/334/305 304/333/304
f 296/325/296 306/336/306 305/334/305
f 297/335/297 307/346/307 306/336/306
f 308/337/308 307/346/307 297/335/297
f 309/338/309 308/337/308 298/326/298
f 310/339/310 309/338/309 299/327/299
f 311/340/311 320/350/320 310/339/310
f 312/341/312 311/353/311 301/342/301
f 313/343/313 312/341/312 302/330/302
f 304/333/304 314/344/314 313/343/313
f 305/334/305 315/345/315 314/344/314
f 306/336/306 316/347/316 315/345/315
f 307/346/307 317/357/317 316/347/316
f 318/348/318 317/357/317 307/346/307
f 319/349/319 318/348/318 308/337/308
f 320/350/320 319/349/319 309/338/309
f 321/351/321 330/361/330 320/350/320
f 322/352/322 321/364/321 311/353/311
f 323/354/323 322/352/322 312/341/312
f 314/344/314 324/355/324 323/354/323
f 315/345/315 325/356/325 324/355/324
f 316/347/316 326/358/326 325/356/325
f 317/357/317 327/368/327 326/358/326
f 328/359/328 327/368/327 317/357/317
f 329/360/329 328/359/328 318/348/318
f 330/361/330 329/360/329 319/349/319
f 331/362/331 340/372/340 330/361/330
f 332/363/332 331/375/331 321/364/321
f 333/365/333 332/363/332 322/352/322
f 324/355/324 334/366/334 333/365/333
f 325/356/325 335/367/335 334/366/334
f 326/358/326 336/369/336 335/367/335
f 327/368/327 337/379/337 336/369/336
f 338/370/338 337/379/337 327/368/327
f 339/371/339 338/370/338 328/359/328
f 340/372/340 339/371/339 329/360/329
f 341/373/341 350/383/350 340/372/340
f 342/374/342 341/386/341 331/375/331
f 343/376/343 342/374/342 332/363/332
f 334/366/334 344/377/344 343/376/343
f 335/367/335 345/378/345 344/377/344
f 336/369/336 346/380/346 345/378/345
f 337/379/337 347/390/347 346/380/346
f 348/381/348 347/390/347 337/379/337
f 349/382/349 348/381/348 338/370/338
f 350/383/350 349/382/349 339/371/339
f 351/384/351 360/394/360 350/383/350
f 352/385/352 351/397/351 341/386/341
f 353/387/353 352/385/352 342/374/342
f 344/377/344 354/388/354 353/387/353
f 345/378/345 355/389/355 354/388/354
f 346/380/346 356/391/356 355/389/355
f 347/390/347 357/401/357 356/391/356
f 358/392/358 357/401/357 347/390/347
f 359/393/359 358/392/358 348/381/348
f 360/394/360 359/393/359 349/382/349
f 361/395/361 370/405/370 360/394/360
f 362/396/362 361/406/361 351/397/351
f 363/398/363 362/396/362 352/385/352
f 354/388/354 364/399/364 363/398/363
f 355/389/355 365/400/365 364/399/364
f 356/391/356 366/402/366 365/400/365
f 357/401/357 367/407/367 366/402/366
f 368/403/368 367/407/367 357/401/357
f 369/404/369 368/403/368 358/392/358
f 370/405/370 369/404/369 359/393/359
o export_Internal_power_wire.001
v 0.026214 -0.105701 -0.019535
v 0.025464 -0.106134 -0.019865
v 0.024536 -0.106134 -0.019865
v 0.023786 -0.105701 -0.019535
v 0.023500 -0.105000 -0.019000
v 0.023786 -0.104299 -0.018465
v 0.024536 -0.103866 -0.018135
v 0.025464 -0.103866 -0.018135
v 0.026214 -0.104299 -0.018465
v 0.026500 -0.105000 -0.019000
v 0.026214 -0.101673 -0.025268
v 0.025464 -0.102129 -0.025566
v 0.024536 -0.102129 -0.025566
v 0.023786 -0.101673 -0.025268
v 0.023500 -0.100934 -0.024786
v 0.023786 -0.100196 -0.024304
v 0.024536 -0.099740 -0.024006
v 0.025464 -0.099740 -0.024006
v 0.026214 -0.100196 -0.024304
v 0.026500 -0.100934 -0.024786
v 0.026214 -0.098188 -0.031029
v 0.025464 -0.098661 -0.031299
v 0.024536 -0.098661 -0.031299
v 0.023786 -0.098188 -0.031029
v 0.023500 -0.097422 -0.030592
v 0.023786 -0.096657 -0.030155
v 0.024536 -0.096184 -0.029884
v 0.025464 -0.096184 -0.029884
v 0.026214 -0.096657 -0.030155
v 0.026500 -0.097422 -0.030592
v 0.026214 -0.095097 -0.036770
v 0.025464 -0.095581 -0.037022
v 0.024536 -0.095581 -0.037022
v 0.023786 -0.095097 -0.036770
v 0.023500 -0.094315 -0.036364
v 0.023786 -0.093533 -0.035957
v 0.024536 -0.093049 -0.035706
v 0.025464 -0.093049 -0.035706
v 0.026214 -0.093533 -0.035957
v 0.026500 -0.094315 -0.036364
v 0.026214 -0.092253 -0.042442
v 0.025464 -0.092741 -0.042685
v 0.024536 -0.092741 -0.042685
v 0.023786 -0.092253 -0.042442
v 0.023500 -0.091464 -0.042049
v 0.023786 -0.090675 -0.041656
v 0.024536 -0.090187 -0.041413
v 0.025464 -0.090187 -0.041413
v 0.026214 -0.090675 -0.041656
v 0.026500 -0.091464 -0.042049
v 0.026214 -0.089506 -0.047993
v 0.025464 -0.089992 -0.048239
v 0.024536 -0.089992 -0.048239
v 0.023786 -0.089506 -0.047993
v 0.023500 -0.088719 -0.047593
v 0.023786 -0.087933 -0.047194
v 0.024536 -0.087447 -0.046947
v 0.025464 -0.087447 -0.046947
v 0.026214 -0.087933 -0.047194
v 0.026500 -0.088719 -0.047593
v 0.026214 -0.086705 -0.053370
v 0.025464 -0.087183 -0.053633
v 0.024536 -0.087183 -0.053633
v 0.023786 -0.086705 -0.053370
v 0.023500 -0.085933 -0.052944
v 0.023786 -0.085161 -0.052519
v 0.024536 -0.084684 -0.052255
v 0.025464 -0.084684 -0.052255
v 0.026214 -0.085161 -0.052519
v 0.026500 -0.085933 -0.052944
v 0.026214 -0.083701 -0.058521
v 0.025464 -0.084160 -0.058814
v 0.024536 -0.084160 -0.058814
v 0.023786 -0.083701 -0.058521
v 0.023500 -0.082956 -0.058048
v 0.023786 -0.082212 -0.057576
v 0.024536 -0.081752 -0.057283
v 0.025464 -0.081752 -0.057283
v 0.026214 -0.082212 -0.057576
v 0.026500 -0.082956 -0.058048
v 0.026214 -0.080339 -0.063390
v 0.025464 -0.080771 -0.063722
v 0.024536 -0.080771 -0.063722
v 0.023786 -0.080339 -0.063390
v 0.023500 -0.079640 -0.062852
v 0.023786 -0.078941 -0.062315
v 0.024536 -0.078509 -0.061982
v 0.025464 -0.078509 -0.061982
v 0.026214 -0.078941 -0.062315
v 0.026500 -0.079640 -0.062852
v 0.026214 -0.076468 -0.067916
v 0.025464 -0.076859 -0.068296
v 0.024536 -0.076859 -0.068296
v 0.023786 -0.076468 -0.067916
v 0.023500 -0.075835 -0.067303
v 0.023786 -0.075202 -0.066689
v 0.024536 -0.074811 -0.066310
v 0.025464 -0.074811 -0.066310
v 0.026214 -0.075202 -0.066689
v 0.026500 -0.075835 -0.067303
v 0.026214 -0.071940 -0.072038
v 0.025464 -0.072278 -0.072465
v 0.024536 -0.072278 -0.072465
v 0.023786 -0.071940 -0.072038
v 0.023500 -0.071392 -0.071346
v 0.023786 -0.070845 -0.070655
v 0.024536 -0.070507 -0.070228
v 0.025464 -0.070507 -0.070228
v 0.026214 -0.070845 -0.070655
v 0.026500 -0.071392 -0.071346
v 0.026214 -0.066611 -0.075690
v 0.025464 -0.066887 -0.076160
v 0.024536 -0.066887 -0.076160
v 0.023786 -0.066611 -0.075690
v 0.023500 -0.066164 -0.074930
v 0.023786 -0.065717 -0.074170
v 0.024536 -0.065441 -0.073700
v 0.025464 -0.065441 -0.073700
v 0.026214 -0.065717 -0.074170
v 0.026500 -0.066164 -0.074930
v 0.026214 -0.060345 -0.078811
v 0.025464 -0.060558 -0.079313
v 0.024536 -0.060558 -0.079313
v 0.023786 -0.060345 -0.078811
v 0.023500 -0.060000 -0.078000
v 0.023786 -0.059655 -0.077189
v 0.024536 -0.059442 -0.076687
v 0.025464 -0.059442 -0.076687
v 0.026214 -0.059655 -0.077189
v 0.026500 -0.060000 -0.078000
v 0.026214 -0.050484 -0.082325
v 0.025464 -0.050637 -0.082847
v 0.024536 -0.050637 -0.082847
v 0.023786 -0.050484 -0.082325
v 0.023500 -0.050236 -0.081478
v 0.023786 -0.049989 -0.080632
v 0.024536 -0.049835 -0.080109
v 0.025464 -0.049835 -0.080109
v 0.026214 -0.049989 -0.080632
v 0.026500 -0.050236 -0.081478
v 0.026214 -0.041007 -0.084519
v 0.025464 -0.041098 -0.085057
v 0.024536 -0.041098 -0.085057
v 0.023786 -0.041007 -0.084519
v 0.023500 -0.040858 -0.083650
v 0.023786 -0.040710 -0.082781
v 0.024536 -0.040619 -0.082244
v 0.025464 -0.040619 -0.082244
v 0.026214 -0.040710 -0.082781
v 0.026500 -0.040858 -0.083650
v 0.026214 -0.031830 -0.085535
v 0.025464 -0.031859 -0.086079
v 0.024536 -0.031859 -0.086079
v 0.023786 -0.031830 -0.085535
v 0.023500 -0.031783 -0.084654
v 0.023786 -0.031735 -0.083774
v 0.024536 -0.031706 -0.083230
v 0.025464 -0.031706 -0.083230
v 0.026214 -0.031735 -0.083774
v 0.026500 -0.031783 -0.084654
v 0.026214 -0.022879 -0.085509
v 0.025464 -0.022850 -0.086054
v 0.024536 -0.022850 -0.086054
v 0.023786 -0.022879 -0.085509
v 0.023500 -0.022926 -0.084629
v 0.023786 -0.022974 -0.083749
v 0.024536 -0.023003 -0.083205
v 0.025464 -0.023003 -0.083205
v 0.026214 -0.022974 -0.083749
v 0.026500 -0.022926 -0.084629
v 0.026214 -0.014077 -0.084585
v 0.025464 -0.013997 -0.085124
v 0.024536 -0.013997 -0.085124
v 0.023786 -0.014077 -0.084585
v 0.023500 -0.014206 -0.083713
v 0.023786 -0.014336 -0.082841
v 0.024536 -0.014416 -0.082302
v 0.025464 -0.014416 -0.082302
v 0.026214 -0.014336 -0.082841
v 0.026500 -0.014206 -0.083713
v 0.026214 -0.005344 -0.082905
v 0.025464 -0.005223 -0.083436
v 0.024536 -0.005223 -0.083436
v 0.023786 -0.005344 -0.082905
v 0.023500 -0.005539 -0.082045
v 0.023786 -0.005735 -0.081185
v 0.024536 -0.005855 -0.080654
v 0.025464 -0.005855 -0.080654
v 0.026214 -0.005735 -0.081185
v 0.026500 -0.005539 -0.082045
v 0.026214 0.003401 -0.080610
v 0.025464 0.003552 -0.081134
v 0.024536 0.003552 -0.081134
v 0.023786 0.003401 -0.080610
v 0.023500 0.003158 -0.079763
v 0.023786 0.002914 -0.078916
v 0.024536 0.002764 -0.078392
v 0.025464 0.002764 -0.078392
v 0.026214 0.002914 -0.078916
v 0.026500 0.003158 -0.079763
v 0.026214 0.012243 -0.077844
v 0.025464 0.012412 -0.078362
v 0.024536 0.012412 -0.078362
v 0.023786 0.012243 -0.077844
v 0.023500 0.011968 -0.077006
v 0.023786 0.011693 -0.076168
v 0.024536 0.011523 -0.075651
v 0.025464 0.011523 -0.075651
v 0.026214 0.011693 -0.076168
v 0.026500 0.011968 -0.077006
v 0.026214 0.021264 -0.074745
v 0.025464 0.021444 -0.075260
v 0.024536 0.021444 -0.075260
v 0.023786 0.021264 -0.074745
v 0.023500 0.020974 -0.073913
v 0.023786 0.020683 -0.073080
v 0.024536 0.020504 -0.072566
v 0.025464 0.020504 -0.072566
v 0.026214 0.020683 -0.073080
v 0.026500 0.020974 -0.073913
v 0.026214 0.030551 -0.071454
v 0.025464 0.030731 -0.071968
v 0.024536 0.030731 -0.071968
v 0.023786 0.030551 -0.071454
v 0.023500 0.030259 -0.070622
v 0.023786 0.029967 -0.069790
v 0.024536 0.029787 -0.069276
v 0.025464 0.029787 -0.069276
v 0.026214 0.029967 -0.069790
v 0.026500 0.030259 -0.070622
v 0.026214 0.040187 -0.068107
v 0.025464 0.040361 -0.068624
v 0.024536 0.040361 -0.068624
v 0.023786 0.040187 -0.068107
v 0.023500 0.039907 -0.067271
v 0.023786 0.039626 -0.066435
v 0.024536 0.039453 -0.065919
v 0.025464 0.039453 -0.065919
v 0.026214 0.039626 -0.066435
v 0.026500 0.039907 -0.067271
v 0.026214 0.050275 -0.064838
v 0.025464 0.050445 -0.065355
v 0.024536 0.050445 -0.065355
v 0.023786 0.050275 -0.064838
v 0.023500 0.050000 -0.064000
v 0.023786 0.049725 -0.063162
v 0.024536 0.049555 -0.062645
v 0.025464 0.049555 -0.062645
v 0.026214 0.049725 -0.063162
v 0.026500 0.050000 -0.064000
v 0.026214 0.055807 -0.062998
v 0.025464 0.055990 -0.063511
v 0.024536 0.055990 -0.063511
v 0.023786 0.055807 -0.062998
v 0.023500 0.055510 -0.062168
v 0.023786 0.055212 -0.061338
v 0.024536 0.055029 -0.060825
v 0.025464 0.055029 -0.060825
v 0.026214 0.055212 -0.061338
v 0.026500 0.055510 -0.062168
v 0.026214 0.060913 -0.061039
v 0.025464 0.061119 -0.061543
v 0.024536 0.061119 -0.061543
v 0.023786 0.060913 -0.061039
v 0.023500 0.060579 -0.060223
v 0.023786 0.060245 -0.059407
v 0.024536 0.060038 -0.058903
v 0.025464 0.060038 -0.058903
v 0.026214 0.060245 -0.059407
v 0.026500 0.060579 -0.060223
v 0.026214 0.065658 -0.058971
v 0.025464 0.065886 -0.059466
v 0.024536 0.065886 -0.059466
v 0.023786 0.065658 -0.058971
v 0.023500 0.065289 -0.058170
v 0.023786 0.064920 -0.057370
v 0.024536 0.064692 -0.056875
v 0.025464 0.064692 -0.056875
v 0.026214 0.064920 -0.057370
v 0.026500 0.065289 -0.058170
v 0.026214 0.070121 -0.056804
v 0.025464 0.070368 -0.057290
v 0.024536 0.070368 -0.057290
v 0.023786 0.070121 -0.056804
v 0.023500 0.069722 -0.056018
v 0.023786 0.069323 -0.055232
v 0.024536 0.069077 -0.054746
v 0.025464 0.069077 -0.054746
v 0.026214 0.069323 -0.055232
v 0.026500 0.069722 -0.056018
v 0.026214 0.074383 -0.054546
v 0.025464 0.074645 -0.055024
v 0.024536 0.074645 -0.055024
v 0.023786 0.074383 -0.054546
v 0.023500 0.073960 -0.053772
v 0.023786 0.073536 -0.052999
v 0.024536 0.073274 -0.052521
v 0.025464 0.073274 -0.052521
v 0.026214 0.073536 -0.052999
v 0.026500 0.073960 -0.053772
v 0.026214 0.078524 -0.052203
v 0.025464 0.078797 -0.052675
v 0.024536 0.078797 -0.052675
v 0.023786 0.078524 -0.052203
v 0.023500 0.078083 -0.051440
v 0.023786 0.077642 -0.050676
v 0.024536 0.077370 -0.050205
v 0.025464 0.077370 -0.050205
v 0.026214 0.077642 -0.050676
v 0.026500 0.078083 -0.051440
v 0.026214 0.082625 -0.049785
v 0.025464 0.082904 -0.050254
v 0.024536 0.082904 -0.050254
v 0.023786 0.082625 -0.049785
v 0.023500 0.082174 -0.049028
v 0.023786 0.081723 -0.048270
v 0.024536 0.081445 -0.047802
v 0.025464 0.081445 -0.047802
v 0.026214 0.081723 -0.048270
v 0.026500 0.082174 -0.049028
v 0.026214 0.086768 -0.047298
v 0.025464 0.087048 -0.047766
v 0.024536 0.087048 -0.047766
v 0.023786 0.086768 -0.047298
v 0.023500 0.086315 -0.046542
v 0.023786 0.085862 -0.045785
v 0.024536 0.085582 -0.045318
v 0.025464 0.085582 -0.045318
v 0.026214 0.085862 -0.045785
v 0.026500 0.086315 -0.046542
v 0.026214 0.091034 -0.044749
v 0.025464 0.091311 -0.045218
v 0.024536 0.091311 -0.045218
v 0.023786 0.091034 -0.044749
v 0.023500 0.090586 -0.043989
v 0.023786 0.090138 -0.043230
v 0.024536 0.089861 -0.042761
v 0.025464 0.089861 -0.042761
v 0.026214 0.090138 -0.043230
v 0.026500 0.090586 -0.043989
v 0.026214 0.095506 -0.042143
v 0.025464 0.095776 -0.042617
v 0.024536 0.095776 -0.042617
v 0.023786 0.095506 -0.042143
v 0.023500 0.095069 -0.041377
v 0.023786 0.094633 -0.040611
v 0.024536 0.094363 -0.040138
v 0.025464 0.094363 -0.040138
v 0.026214 0.094633 -0.040611
v 0.026500 0.095069 -0.041377
v 0.026214 0.100267 -0.039487
v 0.025464 0.100527 -0.039966
v 0.024536 0.100527 -0.039966
v 0.023786 0.100267 -0.039487
v 0.023500 0.099847 -0.038712
v 0.023786 0.099427 -0.037937
v 0.024536 0.099167 -0.037458
v 0.025464 0.099167 -0.037458
v 0.026214 0.099427 -0.037937
v 0.026500 0.099847 -0.038712
v 0.026214 0.105400 -0.036786
v 0.025464 0.105647 -0.037271
v 0.024536 0.105647 -0.037271
v 0.023786 0.105400 -0.036786
v 0.023500 0.105000 -0.036000
v 0.023786 0.104600 -0.035214
v 0.024536 0.104353 -0.034729
v 0.025464 0.104353 -0.034729
v 0.026214 0.104600 -0.035214
v 0.026500 0.105000 -0.036000
vn 0.8125 -0.4770 -0.3352
vn 0.3111 -0.7776 -0.5464
vn -0.3111 -0.7776 -0.5464
vn -0.8125 -0.4770 -0.3352
vn -1.0000 0.0063 0.0044
vn -0.8052 0.4852 0.3410
vn -0.3066 0.7788 0.5473
vn 0.3066 0.7788 0.5473
vn 0.8052 0.4852 0.3410
vn 1.0000 0.0063 0.0044
vn 0.8122 -0.4885 -0.3188
vn 0.3110 -0.7959 -0.5194
vn -0.3110 -0.7959 -0.5194
vn -0.8122 -0.4885 -0.3188
vn -1.0000 0.0056 0.0037
vn -0.8058 0.4959 0.3237
vn -0.3071 0.7969 0.5202
vn 0.3071 0.7969 0.5202
vn 0.8058 0.4959 0.3237
vn 1.0000 0.0056 0.0037
vn 0.8114 -0.5076 -0.2899
vn 0.3105 -0.8255 -0.4714
vn -0.3105 -0.8255 -0.4714
vn -0.8114 -0.5076 -0.2899
vn -1.0000 0.0043 0.0024
vn -0.8067 0.5132 0.2931
vn -0.3076 0.8262 0.4720
vn 0.3076 0.8262 0.4720
vn 0.8067 0.5132 0.2931
vn 1.0000 0.0043 0.0024
vn 0.8104 -0.5199 -0.2702
vn 0.3099 -0.8436 -0.4385
vn -0.3099 -0.8436 -0.4385
vn -0.8104 -0.5199 -0.2702
vn -1.0000 0.0025 0.0013
vn -0.8077 0.5232 0.2720
vn -0.3082 0.8441 0.4388
vn 0.3082 0.8441 0.4388
vn 0.8077 0.5232 0.2720
vn 1.0000 0.0025 0.0013
vn 0.8093 -0.5258 -0.2620
vn 0.3092 -0.8512 -0.4241
vn -0.3092 -0.8512 -0.4241
vn -0.8093 -0.5258 -0.2620
vn -1.0000 0.0005 0.0002
vn -0.8088 0.5264 0.2623
vn -0.3089 0.8513 0.4242
vn 0.3089 0.8513 0.4242
vn 0.8088 0.5264 0.2623
vn 1.0000 0.0005 0.0002
vn 0.8081 -0.5253 -0.2667
vn 0.3084 -0.8482 -0.4307
vn -0.3084 -0.8482 -0.4307
vn -0.8081 -0.5253 -0.2667
vn -1.0000 -0.0018 -0.0009
vn -0.8100 0.5229 0.2655
vn -0.3096 0.8479 0.4305
vn 0.3096 0.8478 0.4305
vn 0.8100 0.5229 0.2655
vn 1.0000 -0.0018 -0.0009
vn 0.8068 -0.5174 -0.2854
vn 0.3076 -0.8331 -0.4596
vn -0.3076 -0.8331 -0.4596
vn -0.8068 -0.5174 -0.2854
vn -1.0000 -0.0041 -0.0023
vn -0.8113 0.5120 0.2823
vn -0.3104 0.8324 0.4590
vn 0.3104 0.8324 0.4590
vn 0.8113 0.5120 0.2823
vn 1.0000 -0.0041 -0.0023
vn 0.8055 -0.5002 -0.3179
vn 0.3068 -0.8032 -0.5106
vn -0.3068 -0.8032 -0.5106
vn -0.8055 -0.5002 -0.3179
vn -1.0000 -0.0063 -0.0040
vn -0.8126 0.4919 0.3126
vn -0.3112 0.8021 0.5096
vn 0.3112 0.8021 0.5096
vn 0.8126 0.4919 0.3126
vn 1.0000 -0.0063 -0.0040
vn 0.8042 -0.4710 -0.3625
vn 0.3061 -0.7544 -0.5806
vn -0.3061 -0.7544 -0.5806
vn -0.8042 -0.4710 -0.3625
vn -0.9999 -0.0080 -0.0062
vn -0.8139 0.4606 0.3543
vn -0.3120 0.7531 0.5792
vn 0.3120 0.7531 0.5792
vn 0.8139 0.4606 0.3543
vn 0.9999 -0.0080 -0.0062
vn 0.8032 -0.4277 -0.4147
vn 0.3055 -0.6836 -0.6628
vn -0.3055 -0.6836 -0.6628
vn -0.8032 -0.4277 -0.4147
vn -0.9999 -0.0088 -0.0086
vn -0.8149 0.4162 0.4034
vn -0.3127 0.6821 0.6611
vn 0.3127 0.6821 0.6611
vn 0.8149 0.4162 0.4034
vn 0.9999 -0.0088 -0.0086
vn 0.8026 -0.3702 -0.4677
vn 0.3051 -0.5911 -0.7467
vn -0.3051 -0.5911 -0.7467
vn -0.8026 -0.3702 -0.4677
vn -0.9999 -0.0084 -0.0106
vn -0.8155 0.3593 0.4538
vn -0.3131 0.5895 0.7446
vn 0.3131 0.5895 0.7446
vn 0.8155 0.3593 0.4538
vn 0.9999 -0.0084 -0.0106
vn 0.8026 -0.3024 -0.5143
vn 0.3051 -0.4827 -0.8209
vn -0.3051 -0.4827 -0.8209
vn -0.8026 -0.3024 -0.5143
vn -0.9999 -0.0069 -0.0117
vn -0.8155 0.2933 0.4989
vn -0.3131 0.4813 0.8187
vn 0.3131 0.4813 0.8187
vn 0.8155 0.2933 0.4989
vn 0.9999 -0.0069 -0.0118
vn 0.8034 -0.2331 -0.5479
vn 0.3056 -0.3728 -0.8762
vn -0.3056 -0.3728 -0.8762
vn -0.8034 -0.2331 -0.5479
vn -0.9999 -0.0046 -0.0108
vn -0.8146 0.2270 0.5337
vn -0.3125 0.3718 0.8741
vn 0.3125 0.3718 0.8741
vn 0.8146 0.2270 0.5337
vn 0.9999 -0.0046 -0.0108
vn 0.8037 -0.1673 -0.5711
vn 0.3058 -0.2676 -0.9137
vn -0.3058 -0.2676 -0.9137
vn -0.8037 -0.1673 -0.5711
vn -0.9999 -0.0032 -0.0108
vn -0.8144 0.1631 0.5569
vn -0.3124 0.2670 0.9117
vn 0.3124 0.2670 0.9117
vn 0.8144 0.1631 0.5569
vn 0.9999 -0.0032 -0.0108
vn 0.8035 -0.1001 -0.5868
vn 0.3057 -0.1600 -0.9386
vn -0.3057 -0.1600 -0.9386
vn -0.8036 -0.1001 -0.5868
vn -0.9999 -0.0019 -0.0114
vn -0.8145 0.0975 0.5719
vn -0.3125 0.1597 0.9364
vn 0.3125 0.1597 0.9364
vn 0.8145 0.0975 0.5719
vn 0.9999 -0.0019 -0.0114
vn 0.8037 -0.0319 -0.5941
vn 0.3058 -0.0511 -0.9507
vn -0.3058 -0.0511 -0.9507
vn -0.8038 -0.0319 -0.5941
vn -0.9999 -0.0006 -0.0111
vn -0.8143 0.0311 0.5796
vn -0.3123 0.0509 0.9486
vn 0.3123 0.0509 0.9486
vn 0.8143 0.0311 0.5796
vn 0.9999 -0.0006 -0.0111
vn 0.8043 0.0319 -0.5934
vn 0.3061 0.0511 -0.9506
vn -0.3061 0.0511 -0.9506
vn -0.8043 0.0319 -0.5934
vn -1.0000 0.0005 -0.0100
vn -0.8138 -0.0312 0.5803
vn -0.3120 -0.0511 0.9487
vn 0.3120 -0.0511 0.9487
vn 0.8138 -0.0312 0.5803
vn 0.9999 0.0005 -0.0100
vn 0.8050 0.0871 -0.5868
vn 0.3066 0.1398 -0.9415
vn -0.3066 0.1398 -0.9415
vn -0.8050 0.0871 -0.5868
vn -1.0000 0.0012 -0.0083
vn -0.8130 -0.0855 0.5759
vn -0.3115 -0.1396 0.9399
vn 0.3115 -0.1396 0.9399
vn 0.8130 -0.0855 0.5759
vn 1.0000 0.0012 -0.0083
vn 0.8059 0.1311 -0.5773
vn 0.3071 0.2108 -0.9280
vn -0.3071 0.2108 -0.9280
vn -0.8059 0.1311 -0.5773
vn -1.0000 0.0014 -0.0064
vn -0.8121 -0.1293 0.5690
vn -0.3109 -0.2106 0.9268
vn 0.3110 -0.2106 0.9268
vn 0.8121 -0.1293 0.5690
vn 1.0000 0.0014 -0.0064
vn 0.8068 0.1632 -0.5678
vn 0.3077 0.2629 -0.9145
vn -0.3077 0.2629 -0.9145
vn -0.8068 0.1632 -0.5678
vn -1.0000 0.0013 -0.0044
vn -0.8112 -0.1616 0.5620
vn -0.3104 -0.2627 0.9136
vn 0.3104 -0.2627 0.9136
vn 0.8112 -0.1616 0.5620
vn 1.0000 0.0013 -0.0044
vn 0.8077 0.1838 -0.5602
vn 0.3082 0.2966 -0.9039
vn -0.3082 0.2966 -0.9039
vn -0.8077 0.1838 -0.5602
vn -1.0000 0.0008 -0.0026
vn -0.8103 -0.1827 0.5568
vn -0.3098 -0.2964 0.9034
vn 0.3098 -0.2964 0.9034
vn 0.8103 -0.1827 0.5568
vn 1.0000 0.0008 -0.0026
vn 0.8086 0.1939 -0.5556
vn 0.3087 0.3134 -0.8980
vn -0.3087 0.3134 -0.8980
vn -0.8086 0.1939 -0.5556
vn -1.0000 0.0003 -0.0009
vn -0.8095 -0.1935 0.5544
vn -0.3093 -0.3133 0.8979
vn 0.3093 -0.3133 0.8979
vn 0.8095 -0.1935 0.5544
vn 1.0000 0.0003 -0.0009
vn 0.8093 0.1945 -0.5542
vn 0.3092 0.3149 -0.8974
vn -0.3092 0.3149 -0.8974
vn -0.8093 0.1945 -0.5542
vn -1.0000 -0.0002 0.0006
vn -0.8087 -0.1947 0.5550
vn -0.3088 -0.3149 0.8975
vn 0.3088 -0.3149 0.8975
vn 0.8087 -0.1947 0.5550
vn 1.0000 -0.0002 0.0006
vn 0.8100 0.1866 -0.5560
vn 0.3096 0.3026 -0.9014
vn -0.3096 0.3026 -0.9014
vn -0.8100 0.1866 -0.5560
vn -1.0000 -0.0007 0.0019
vn -0.8080 -0.1875 0.5585
vn -0.3084 -0.3027 0.9018
vn 0.3084 -0.3027 0.9018
vn 0.8080 -0.1875 0.5585
vn 1.0000 -0.0007 0.0019
vn 0.8087 0.1835 -0.5589
vn 0.3088 0.2967 -0.9037
vn -0.3088 0.2967 -0.9037
vn -0.8087 0.1835 -0.5589
vn -1.0000 0.0002 -0.0007
vn -0.8094 -0.1832 0.5580
vn -0.3092 -0.2966 0.9035
vn 0.3092 -0.2966 0.9036
vn 0.8094 -0.1832 0.5580
vn 1.0000 0.0002 -0.0007
vn 0.8069 0.1991 -0.5561
vn 0.3077 0.3207 -0.8958
vn -0.3077 0.3207 -0.8958
vn -0.8069 0.1991 -0.5561
vn -1.0000 0.0015 -0.0042
vn -0.8111 -0.1971 0.5506
vn -0.3103 -0.3203 0.8950
vn 0.3103 -0.3203 0.8950
vn 0.8111 -0.1971 0.5506
vn 1.0000 0.0015 -0.0042
vn 0.8069 0.2238 -0.5466
vn 0.3077 0.3606 -0.8805
vn -0.3077 0.3606 -0.8805
vn -0.8069 0.2238 -0.5466
vn -1.0000 0.0017 -0.0040
vn -0.8111 -0.2217 0.5413
vn -0.3103 -0.3603 0.8797
vn 0.3103 -0.3603 0.8797
vn 0.8111 -0.2217 0.5413
vn 1.0000 0.0017 -0.0040
vn 0.8071 0.2469 -0.5363
vn 0.3078 0.3979 -0.8643
vn -0.3078 0.3979 -0.8643
vn -0.8071 0.2469 -0.5363
vn -1.0000 0.0017 -0.0037
vn -0.8109 -0.2447 0.5315
vn -0.3102 -0.3976 0.8635
vn 0.3102 -0.3976 0.8635
vn 0.8109 -0.2447 0.5315
vn 1.0000 0.0017 -0.0037
vn 0.8074 0.2670 -0.5262
vn 0.3080 0.4306 -0.8484
vn -0.3080 0.4306 -0.8484
vn -0.8074 0.2670 -0.5262
vn -1.0000 0.0016 -0.0031
vn -0.8107 -0.2650 0.5221
vn -0.3100 -0.4303 0.8478
vn 0.3100 -0.4303 0.8478
vn 0.8107 -0.2650 0.5221
vn 1.0000 0.0016 -0.0031
vn 0.8077 0.2832 -0.5171
vn 0.3082 0.4569 -0.8344
vn -0.3082 0.4569 -0.8344
vn -0.8077 0.2832 -0.5171
vn -1.0000 0.0013 -0.0024
vn -0.8103 -0.2815 0.5140
vn -0.3098 -0.4567 0.8339
vn 0.3098 -0.4567 0.8339
vn 0.8103 -0.2815 0.5140
vn 1.0000 0.0013 -0.0024
vn 0.8082 0.2946 -0.5100
vn 0.3085 0.4758 -0.8237
vn -0.3085 0.4758 -0.8237
vn -0.8082 0.2946 -0.5100
vn -1.0000 0.0009 -0.0015
vn -0.8099 -0.2934 0.5080
vn -0.3095 -0.4756 0.8234
vn 0.3095 -0.4756 0.8234
vn 0.8099 -0.2934 0.5080
vn 1.0000 0.0009 -0.0015
vn 0.8086 0.3008 -0.5056
vn 0.3088 0.4863 -0.8174
vn -0.3088 0.4863 -0.8174
vn -0.8086 0.3008 -0.5056
vn -1.0000 0.0004 -0.0007
vn -0.8094 -0.3003 0.5047
vn -0.3092 -0.4863 0.8173
vn 0.3092 -0.4863 0.8173
vn 0.8094 -0.3003 0.5047
vn 1.0000 0.0004 -0.0007
vn 0.8091 0.3020 -0.5041
vn 0.3091 0.4887 -0.8159
vn -0.3091 0.4887 -0.8159
vn -0.8091 0.3020 -0.5041
vn -1.0000 -0.0001 0.0002
vn -0.8089 -0.3021 0.5044
vn -0.3090 -0.4887 0.8159
vn 0.3090 -0.4887 0.8159
vn 0.8089 -0.3021 0.5044
vn 1.0000 -0.0001 0.0002
vn 0.8095 0.2983 -0.5056
vn 0.3093 0.4833 -0.8190
vn -0.3093 0.4833 -0.8190
vn -0.8095 0.2984 -0.5056
vn -1.0000 -0.0006 0.0009
vn -0.8085 -0.2991 0.5068
vn -0.3087 -0.4834 0.8192
vn 0.3087 -0.4834 0.8192
vn 0.8085 -0.2991 0.5068
vn 1.0000 -0.0006 0.0009
vn 0.8099 0.2906 -0.5096
vn 0.3096 0.4710 -0.8260
vn -0.3096 0.4710 -0.8260
vn -0.8099 0.2906 -0.5096
vn -1.0000 -0.0009 0.0016
vn -0.8081 -0.2917 0.5117
vn -0.3085 -0.4712 0.8263
vn 0.3085 -0.4712 0.8263
vn 0.8081 -0.2917 0.5117
vn 1.0000 -0.0009 0.0016
vn 0.8102 0.2793 -0.5154
vn 0.3097 0.4531 -0.8359
vn -0.3097 0.4531 -0.8359
vn -0.8102 0.2793 -0.5154
vn -1.0000 -0.0011 0.0021
vn -0.8079 -0.2808 0.5181
vn -0.3083 -0.4533 0.8364
vn 0.3083 -0.4533 0.8364
vn 0.8079 -0.2808 0.5181
vn 1.0000 -0.0011 0.0021
vn 0.8103 0.2729 -0.5186
vn 0.3098 0.4428 -0.8414
vn -0.3098 0.4428 -0.8414
vn -0.8103 0.2729 -0.5186
vn -1.0000 -0.0012 0.0024
vn -0.8077 -0.2746 0.5217
vn -0.3082 -0.4430 0.8419
vn 0.3082 -0.4430 0.8419
vn 0.8077 -0.2746 0.5217
vn 1.0000 -0.0012 0.0024
vt 0.000000 1.000000
vt 0.027778 0.900000
vt 0.000000 0.900000
vt 0.000000 0.100000
vt 0.027778 0.000000
vt 0.000000 0.000000
vt 0.027778 0.200000
vt 0.000000 0.200000
vt 0.027778 0.300000
vt 0.000000 0.300000
vt 0.027778 0.400000
vt 0.000000 0.400000
vt 0.027778 0.500000
vt 0.000000 0.500000
vt 0.027778 0.600000
vt 0.000000 0.600000
vt 0.027778 0.700000
vt 0.000000 0.700000
vt 0.000000 0.800000
vt 0.027778 0.800000
vt 0.027778 1.000000
vt 0.055556 0.900000
vt 0.027778 0.100000
vt 0.055556 0.000000
vt 0.055556 0.200000
vt 0.055556 0.300000
vt 0.055556 0.400000
vt 0.055556 0.500000
vt 0.055556 0.600000
vt 0.055556 0.700000
vt 0.055556 0.800000
vt 0.055556 1.000000
vt 0.083333 0.900000
vt 0.055556 0.100000
vt 0.083333 0.000000
vt 0.083333 0.200000
vt 0.083333 0.300000
vt 0.083333 0.400000
vt 0.083333 0.500000
vt 0.083333 0.600000
vt 0.083333 0.700000
vt 0.083333 0.800000
vt 0.083333 1.000000
vt 0.111111 0.900000
vt 0.083333 0.100000
vt 0.111111 0.000000
vt 0.111111 0.200000
vt 0.111111 0.300000
vt 0.111111 0.400000
vt 0.111111 0.500000
vt 0.111111 0.600000
vt 0.111111 0.700000
vt 0.111111 0.800000
vt 0.111111 1.000000
vt 0.138889 0.900000
vt 0.111111 0.100000
vt 0.138889 0.000000
vt 0.138889 0.200000
vt 0.138889 0.300000
vt 0.138889 0.400000
vt 0.138889 0.500000
vt 0.138889 0.600000
vt 0.138889 0.700000
vt 0.138889 0.800000
vt 0.138889 1.000000
vt 0.166667 0.900000
vt 0.138889 0.100000
vt 0.166667 0.000000
vt 0.166667 0.200000
vt 0.166667 0.300000
vt 0.166667 0.400000
vt 0.166667 0.500000
vt 0.166667 0.600000
vt 0.166667 0.700000
vt 0.166667 0.800000
vt 0.166667 1.000000
vt 0.194444 0.900000
vt 0.166667 0.100000
vt 0.194444 0.000000
vt 0.194444 0.200000
vt 0.194444 0.300000
vt 0.194444 0.400000
vt 0.194444 0.500000
vt 0.194444 0.600000
vt 0.194444 0.700000
vt 0.194444 0.800000
vt 0.194444 1.000000
vt 0.222222 0.900000
vt 0.194444 0.100000
vt 0.222222 0.000000
vt 0.222222 0.200000
vt 0.222222 0.300000
vt 0.222222 0.400000
vt 0.222222 0.500000
vt 0.222222 0.600000
vt 0.222222 0.700000
vt 0.222222 0.800000
vt 0.222222 1.000000
vt 0.250000 0.900000
vt 0.222222 0.100000
vt 0.250000 0.000000
vt 0.250000 0.200000
vt 0.250000 0.300000
vt 0.250000 0.400000
vt 0.250000 0.500000
vt 0.250000 0.600000
vt 0.250000 0.700000
vt 0.250000 0.800000
vt 0.250000 1.000000
vt 0.277778 0.900000
vt 0.250000 0.100000
vt 0.277778 0.000000
vt 0.277778 0.200000
vt 0.277778 0.300000
vt 0.277778 0.400000
vt 0.277778 0.500000
vt 0.277778 0.600000
vt 0.277778 0.700000
vt 0.277778 0.800000
vt 0.277778 1.000000
vt 0.305556 0.900000
vt 0.277778 0.100000
vt 0.305556 0.000000
vt 0.305556 0.200000
vt 0.305556 0.300000
vt 0.305556 0.400000
vt 0.305556 0.500000
vt 0.305556 0.600000
vt 0.305556 0.700000
vt 0.305556 0.800000
vt 0.333333 1.000000
vt 0.305556 1.000000
vt 0.333333 0.100000
vt 0.305556 0.100000
vt 0.333333 0.200000
vt 0.333333 0.300000
vt 0.333333 0.400000
vt 0.333333 0.500000
vt 0.333333 0.700000
vt 0.333333 0.800000
vt 0.333333 0.900000
vt 0.361111 1.000000
vt 0.361111 0.100000
vt 0.333333 0.000000
vt 0.361111 0.200000
vt 0.361111 0.300000
vt 0.361111 0.400000
vt 0.333333 0.600000
vt 0.361111 0.500000
vt 0.361111 0.700000
vt 0.361111 0.800000
vt 0.361111 0.900000
vt 0.388889 0.900000
vt 0.388889 0.000000
vt 0.361111 0.000000
vt 0.388889 0.200000
vt 0.388889 0.300000
vt 0.388889 0.400000
vt 0.388889 0.500000
vt 0.388889 0.600000
vt 0.361111 0.600000
vt 0.388889 0.700000
vt 0.388889 0.800000
vt 0.416667 1.000000
vt 0.388889 1.000000
vt 0.416667 0.100000
vt 0.388889 0.100000
vt 0.416667 0.200000
vt 0.416667 0.300000
vt 0.416667 0.400000
vt 0.416667 0.500000
vt 0.416667 0.700000
vt 0.416667 0.800000
vt 0.416667 0.900000
vt 0.444444 1.000000
vt 0.444444 0.100000
vt 0.416667 0.000000
vt 0.444444 0.200000
vt 0.444444 0.300000
vt 0.444444 0.400000
vt 0.416667 0.600000
vt 0.444444 0.500000
vt 0.444444 0.700000
vt 0.444444 0.800000
vt 0.444444 0.900000
vt 0.472222 1.000000
vt 0.472222 0.100000
vt 0.444444 0.000000
vt 0.472222 0.200000
vt 0.472222 0.300000
vt 0.472222 0.400000
vt 0.444444 0.600000
vt 0.472222 0.500000
vt 0.472222 0.700000
vt 0.472222 0.800000
vt 0.472222 0.900000
vt 0.500000 1.000000
vt 0.500000 0.100000
vt 0.472222 0.000000
vt 0.500000 0.200000
vt 0.500000 0.300000
vt 0.500000 0.400000
vt 0.472222 0.600000
vt 0.500000 0.500000
vt 0.500000 0.700000
vt 0.500000 0.800000
vt 0.500000 0.900000
vt 0.527778 1.000000
vt 0.527778 0.100000
vt 0.500000 0.000000
vt 0.527778 0.200000
vt 0.527778 0.300000
vt 0.527778 0.400000
vt 0.500000 0.600000
vt 0.527778 0.500000
vt 0.527778 0.700000
vt 0.527778 0.800000
vt 0.527778 0.900000
vt 0.555556 1.000000
vt 0.555556 0.100000
vt 0.527778 0.000000
vt 0.555556 0.200000
vt 0.555556 0.300000
vt 0.555556 0.400000
vt 0.527778 0.600000
vt 0.555556 0.500000
vt 0.555556 0.700000
vt 0.555556 0.800000
vt 0.555556 0.900000
vt 0.583333 1.000000
vt 0.583333 0.100000
vt 0.555556 0.000000
vt 0.583333 0.200000
vt 0.583333 0.300000
vt 0.583333 0.400000
vt 0.555556 0.600000
vt 0.583333 0.500000
vt 0.583333 0.700000
vt 0.583333 0.800000
vt 0.583333 0.900000
vt 0.611111 1.000000
vt 0.611111 0.100000
vt 0.583333 0.000000
vt 0.611111 0.200000
vt 0.611111 0.300000
vt 0.611111 0.400000
vt 0.583333 0.600000
vt 0.611111 0.500000
vt 0.611111 0.700000
vt 0.611111 0.800000
vt 0.611111 0.900000
vt 0.638889 1.000000
vt 0.638889 0.100000
vt 0.611111 0.000000
vt 0.638889 0.200000
vt 0.638889 0.300000
vt 0.638889 0.400000
vt 0.611111 0.600000
vt 0.638889 0.500000
vt 0.638889 0.700000
vt 0.638889 0.800000
vt 0.638889 0.900000
vt 0.666667 0.900000
vt 0.666667 0.000000
vt 0.638889 0.000000
vt 0.666667 0.200000
vt 0.666667 0.300000
vt 0.666667 0.400000
vt 0.666667 0.500000
vt 0.666667 0.600000
vt 0.638889 0.600000
vt 0.666667 0.700000
vt 0.666667 0.800000
vt 0.666667 1.000000
vt 0.694444 0.900000
vt 0.666667 0.100000
vt 0.694444 0.000000
vt 0.694444 0.100000
vt 0.694444 0.300000
vt 0.694444 0.400000
vt 0.694444 0.500000
vt 0.694444 0.600000
vt 0.694444 0.700000
vt 0.694444 0.800000
vt 0.722222 1.000000
vt 0.694444 1.000000
vt 0.722222 0.100000
vt 0.722222 0.200000
vt 0.694444 0.200000
vt 0.722222 0.300000
vt 0.722222 0.400000
vt 0.722222 0.500000
vt 0.722222 0.700000
vt 0.722222 0.800000
vt 0.722222 0.900000
vt 0.750000 1.000000
vt 0.750000 0.100000
vt 0.722222 0.000000
vt 0.750000 0.200000
vt 0.750000 0.300000
vt 0.750000 0.400000
vt 0.722222 0.600000
vt 0.750000 0.500000
vt 0.750000 0.600000
vt 0.750000 0.800000
vt 0.750000 0.900000
vt 0.777778 1.000000
vt 0.777778 0.100000
vt 0.750000 0.000000
vt 0.777778 0.200000
vt 0.777778 0.300000
vt 0.777778 0.400000
vt 0.777778 0.500000
vt 0.777778 0.700000
vt 0.750000 0.700000
vt 0.777778 0.800000
vt 0.777778 0.900000
vt 0.805556 1.000000
vt 0.805556 0.100000
vt 0.777778 0.000000
vt 0.805556 0.200000
vt 0.805556 0.300000
vt 0.805556 0.400000
vt 0.777778 0.600000
vt 0.805556 0.500000
vt 0.805556 0.700000
vt 0.805556 0.800000
vt 0.805556 0.900000
vt 0.833333 1.000000
vt 0.833333 0.100000
vt 0.805556 0.000000
vt 0.833333 0.200000
vt 0.833333 0.300000
vt 0.833333 0.400000
vt 0.805556 0.600000
vt 0.833333 0.500000
vt 0.833333 0.700000
vt 0.833333 0.800000
vt 0.833333 0.900000
vt 0.861111 1.000000
vt 0.861111 0.100000
vt 0.833333 0.000000
vt 0.861111 0.200000
vt 0.861111 0.300000
vt 0.861111 0.400000
vt 0.833333 0.600000
vt 0.861111 0.500000
vt 0.861111 0.700000
vt 0.861111 0.800000
vt 0.861111 0.900000
vt 0.888889 1.000000
vt 0.888889 0.100000
vt 0.861111 0.000000
vt 0.888889 0.200000
vt 0.888889 0.300000
vt 0.888889 0.400000
vt 0.861111 0.600000
vt 0.888889 0.500000
vt 0.888889 0.700000
vt 0.888889 0.800000
vt 0.888889 0.900000
vt 0.916667 1.000000
vt 0.916667 0.100000
vt 0.888889 0.000000
vt 0.916667 0.200000
vt 0.916667 0.300000
vt 0.916667 0.400000
vt 0.888889 0.600000
vt 0.916667 0.500000
vt 0.916667 0.700000
vt 0.916667 0.800000
vt 0.916667 0.900000
vt 0.944444 1.000000
vt 0.944444 0.100000
vt 0.916667 0.000000
vt 0.944444 0.200000
vt 0.944444 0.300000
vt 0.944444 0.400000
vt 0.916667 0.600000
vt 0.944444 0.500000
vt 0.944444 0.700000
vt 0.944444 0.800000
vt 0.944444 0.900000
vt 0.972222 1.000000
vt 0.972222 0.100000
vt 0.944444 0.000000
vt 0.972222 0.200000
vt 0.972222 0.300000
vt 0.972222 0.400000
vt 0.944444 0.600000
vt 0.972222 0.500000
vt 0.972222 0.700000
vt 0.972222 0.800000
vt 0.972222 0.900000
vt 1.000000 1.000000
vt 1.000000 0.100000
vt 0.972222 0.000000
vt 1.000000 0.200000
vt 1.000000 0.300000
vt 1.000000 0.400000
vt 0.972222 0.600000
vt 1.000000 0.500000
vt 1.000000 0.700000
vt 1.000000 0.800000
vt 1.000000 0.900000
vt 1.000000 0.000000
vt 1.000000 0.600000
s 1
f 371/408/371 390/409/390 380/410/380
f 372/411/372 381/412/381 371/413/371
f 383/414/383 372/411/372 373/415/373
f 384/416/384 373/415/373 374/417/374
f 385/418/385 374/417/374 375/419/375
f 386/420/386 375/419/375 376/421/376
f 387/422/387 376/421/376 377/423/377
f 388/424/388 377/423/377 378/425/378
f 379/426/379 388/424/388 378/425/378
f 380/410/380 389/427/389 379/426/379
f 381/428/381 400/429/400 390/409/390
f 382/430/382 391/431/391 381/412/381
f 393/432/393 382/430/382 383/414/383
f 394/433/394 383/414/383 384/416/384
f 395/434/395 384/416/384 385/418/385
f 396/435/396 385/418/385 386/420/386
f 397/436/397 386/420/386 387/422/387
f 398/437/398 387/422/387 388/424/388
f 389/427/389 398/437/398 388/424/388
f 390/409/390 399/438/399 389/427/389
f 391/439/391 410/440/410 400/429/400
f 392/441/392 401/442/401 391/431/391
f 403/443/403 392/441/392 393/432/393
f 404/444/404 393/432/393 394/433/394
f 405/445/405 394/433/394 395/434/395
f 406/446/406 395/434/395 396/435/396
f 407/447/407 396/435/396 397/436/397
f 408/448/408 397/436/397 398/437/398
f 399/438/399 408/448/408 398/437/398
f 400/429/400 409/449/409 399/438/399
f 401/450/401 420/451/420 410/440/410
f 402/452/402 411/453/411 401/442/401
f 413/454/413 402/452/402 403/443/403
f 414/455/414 403/443/403 404/444/404
f 415/456/415 404/444/404 405/445/405
f 416/457/416 405/445/405 406/446/406
f 417/458/417 406/446/406 407/447/407
f 418/459/418 407/447/407 408/448/408
f 409/449/409 418/459/418 408/448/408
f 410/440/410 419/460/419 409/449/409
f 411/461/411 430/462/430 420/451/420
f 412/463/412 421/464/421 411/453/411
f 423/465/423 412/463/412 413/454/413
f 424/466/424 413/454/413 414/455/414
f 425/467/425 414/455/414 415/456/415
f 426/468/426 415/456/415 416/457/416
f 427/469/427 416/457/416 417/458/417
f 428/470/428 417/458/417 418/459/418
f 419/460/419 428/470/428 418/459/418
f 420/451/420 429/471/429 419/460/419
f 421/472/421 440/473/440 430/462/430
f 422/474/422 431/475/431 421/464/421
f 433/476/433 422/474/422 423/465/423
f 434/477/434 423/465/423 424/466/424
f 435/478/435 424/466/424 425/467/425
f 436/479/436 425/467/425 426/468/426
f 437/480/437 426/468/426 427/469/427
f 438/481/438 427/469/427 428/470/428
f 429/471/429 438/481/438 428/470/428
f 430/462/430 439/482/439 429/471/429
f 431/483/431 450/484/450 440/473/440
f 432/485/432 441/486/441 431/475/431
f 443/487/443 432/485/432 433/476/433
f 444/488/444 433/476/433 434/477/434
f 445/489/445 434/477/434 435/478/435
f 446/490/446 435/478/435 436/479/436
f 447/491/447 436/479/436 437/480/437
f 448/492/448 437/480/437 438/481/438
f 439/482/439 448/492/448 438/481/438
f 440/473/440 449/493/449 439/482/439
f 441/494/441 460/495/460 450/484/450
f 442/496/442 451/497/451 441/486/441
f 453/498/453 442/496/442 443/487/443
f 454/499/454 443/487/443 444/488/444
f 455/500/455 444/488/444 445/489/445
f 456/501/456 445/489/445 446/490/446
f 457/502/457 446/490/446 447/491/447
f 458/503/458 447/491/447 448/492/448
f 449/493/449 458/503/458 448/492/448
f 450/484/450 459/504/459 449/493/449
f 451/505/451 470/506/470 460/495/460
f 452/507/452 461/508/461 451/497/451
f 463/509/463 452/507/452 453/498/453
f 464/510/464 453/498/453 454/499/454
f 465/511/465 454/499/454 455/500/455
f 466/512/466 455/500/455 456/501/456
f 467/513/467 456/501/456 457/502/457
f 468/514/468 457/502/457 458/503/458
f 459/504/459 468/514/468 458/503/458
f 460/495/460 469/515/469 459/504/459
f 461/516/461 480/517/480 470/506/470
f 462/518/462 471/519/471 461/508/461
f 473/520/473 462/518/462 463/509/463
f 474/521/474 463/509/463 464/510/464
f 475/522/475 464/510/464 465/511/465
f 476/523/476 465/511/465 466/512/466
f 477/524/477 466/512/466 467/513/467
f 478/525/478 467/513/467 468/514/468
f 469/515/469 478/525/478 468/514/468
f 470/506/470 479/526/479 469/515/469
f 471/527/471 490/528/490 480/517/480
f 472/529/472 481/530/481 471/519/471
f 483/531/483 472/529/472 473/520/473
f 484/532/484 473/520/473 474/521/474
f 485/533/485 474/521/474 475/522/475
f 486/534/486 475/522/475 476/523/476
f 487/535/487 476/523/476 477/524/477
f 488/536/488 477/524/477 478/525/478
f 479/526/479 488/536/488 478/525/478
f 480/517/480 489/537/489 479/526/479
f 491/538/491 490/528/490 481/539/481
f 492/540/492 481/530/481 482/541/482
f 493/542/493 482/541/482 483/531/483
f 484/532/484 493/542/493 483/531/483
f 485/533/485 494/543/494 484/532/484
f 486/534/486 495/544/495 485/533/485
f 487/535/487 496/545/496 486/534/486
f 498/546/498 487/535/487 488/536/488
f 499/547/499 488/536/488 489/537/489
f 500/548/500 489/537/489 490/528/490
f 501/549/501 500/548/500 491/538/491
f 502/550/502 491/551/491 492/540/492
f 503/552/503 492/540/492 493/542/493
f 494/543/494 503/552/503 493/542/493
f 495/544/495 504/553/504 494/543/494
f 496/545/496 505/554/505 495/544/495
f 497/555/497 506/556/506 496/545/496
f 508/557/508 497/555/497 498/546/498
f 509/558/509 498/546/498 499/547/499
f 510/559/510 499/547/499 500/548/500
f 501/549/501 520/560/520 510/559/510
f 502/550/502 511/561/511 501/562/501
f 513/563/513 502/550/502 503/552/503
f 514/564/514 503/552/503 504/553/504
f 515/565/515 504/553/504 505/554/505
f 516/566/516 505/554/505 506/556/506
f 517/567/517 506/556/506 507/568/507
f 518/569/518 507/568/507 508/557/508
f 509/558/509 518/569/518 508/557/508
f 510/559/510 519/570/519 509/558/509
f 521/571/521 520/560/520 511/572/511
f 522/573/522 511/561/511 512/574/512
f 523/575/523 512/574/512 513/563/513
f 514/564/514 523/575/523 513/563/513
f 515/565/515 524/576/524 514/564/514
f 516/566/516 525/577/525 515/565/515
f 517/567/517 526/578/526 516/566/516
f 528/579/528 517/567/517 518/569/518
f 529/580/529 518/569/518 519/570/519
f 530/581/530 519/570/519 520/560/520
f 531/582/531 530/581/530 521/571/521
f 532/583/532 521/584/521 522/573/522
f 533/585/533 522/573/522 523/575/523
f 524/576/524 533/585/533 523/575/523
f 525/577/525 534/586/534 524/576/524
f 526/578/526 535/587/535 525/577/525
f 527/588/527 536/589/536 526/578/526
f 538/590/538 527/588/527 528/579/528
f 539/591/539 528/579/528 529/580/529
f 540/592/540 529/580/529 530/581/530
f 541/593/541 540/592/540 531/582/531
f 542/594/542 531/595/531 532/583/532
f 543/596/543 532/583/532 533/585/533
f 534/586/534 543/596/543 533/585/533
f 535/587/535 544/597/544 534/586/534
f 536/589/536 545/598/545 535/587/535
f 537/599/537 546/600/546 536/589/536
f 548/601/548 537/599/537 538/590/538
f 549/602/549 538/590/538 539/591/539
f 550/603/550 539/591/539 540/592/540
f 551/604/551 550/603/550 541/593/541
f 552/605/552 541/606/541 542/594/542
f 553/607/553 542/594/542 543/596/543
f 544/597/544 553/607/553 543/596/543
f 545/598/545 554/608/554 544/597/544
f 546/600/546 555/609/555 545/598/545
f 547/610/547 556/611/556 546/600/546
f 558/612/558 547/610/547 548/601/548
f 559/613/559 548/601/548 549/602/549
f 560/614/560 549/602/549 550/603/550
f 561/615/561 560/614/560 551/604/551
f 562/616/562 551/617/551 552/605/552
f 563/618/563 552/605/552 553/607/553
f 554/608/554 563/618/563 553/607/553
f 555/609/555 564/619/564 554/608/554
f 556/611/556 565/620/565 555/609/555
f 557/621/557 566/622/566 556/611/556
f 568/623/568 557/621/557 558/612/558
f 569/624/569 558/612/558 559/613/559
f 570/625/570 559/613/559 560/614/560
f 571/626/571 570/625/570 561/615/561
f 572/627/572 561/628/561 562/616/562
f 573/629/573 562/616/562 563/618/563
f 564/619/564 573/629/573 563/618/563
f 565/620/565 574/630/574 564/619/564
f 566/622/566 575/631/575 565/620/565
f 567/632/567 576/633/576 566/622/566
f 578/634/578 567/632/567 568/623/568
f 579/635/579 568/623/568 569/624/569
f 580/636/580 569/624/569 570/625/570
f 581/637/581 580/636/580 571/626/571
f 582/638/582 571/639/571 572/627/572
f 583/640/583 572/627/572 573/629/573
f 574/630/574 583/640/583 573/629/573
f 575/631/575 584/641/584 574/630/574
f 576/633/576 585/642/585 575/631/575
f 577/643/577 586/644/586 576/633/576
f 588/645/588 577/643/577 578/634/578
f 589/646/589 578/634/578 579/635/579
f 590/647/590 579/635/579 580/636/580
f 591/648/591 590/647/590 581/637/581
f 592/649/592 581/650/581 582/638/582
f 593/651/593 582/638/582 583/640/583
f 584/641/584 593/651/593 583/640/583
f 585/642/585 594/652/594 584/641/584
f 586/644/586 595/653/595 585/642/585
f 587/654/587 596/655/596 586/644/586
f 598/656/598 587/654/587 588/645/588
f 599/657/599 588/645/588 589/646/589
f 600/658/600 589/646/589 590/647/590
f 601/659/601 600/658/600 591/648/591
f 602/660/602 591/661/591 592/649/592
f 603/662/603 592/649/592 593/651/593
f 594/652/594 603/662/603 593/651/593
f 595/653/595 604/663/604 594/652/594
f 596/655/596 605/664/605 595/653/595
f 597/665/597 606/666/606 596/655/596
f 608/667/608 597/665/597 598/656/598
f 609/668/609 598/656/598 599/657/599
f 610/669/610 599/657/599 600/658/600
f 601/659/601 620/670/620 610/669/610
f 602/660/602 611/671/611 601/672/601
f 613/673/613 602/660/602 603/662/603
f 614/674/614 603/662/603 604/663/604
f 615/675/615 604/663/604 605/664/605
f 616/676/616 605/664/605 606/666/606
f 617/677/617 606/666/606 607/678/607
f 618/679/618 607/678/607 608/667/608
f 609/668/609 618/679/618 608/667/608
f 610/669/610 619/680/619 609/668/609
f 611/681/611 630/682/630 620/670/620
f 612/683/612 621/684/621 611/671/611
f 613/673/613 622/685/622 612/683/612
f 624/686/624 613/673/613 614/674/614
f 625/687/625 614/674/614 615/675/615
f 626/688/626 615/675/615 616/676/616
f 627/689/627 616/676/616 617/677/617
f 628/690/628 617/677/617 618/679/618
f 619/680/619 628/690/628 618/679/618
f 620/670/620 629/691/629 619/680/619
f 631/692/631 630/682/630 621/693/621
f 632/694/632 621/684/621 622/685/622
f 633/695/633 622/685/622 623/696/623
f 624/686/624 633/695/633 623/696/623
f 625/687/625 634/697/634 624/686/624
f 626/688/626 635/698/635 625/687/625
f 627/689/627 636/699/636 626/688/626
f 638/700/638 627/689/627 628/690/628
f 639/701/639 628/690/628 629/691/629
f 640/702/640 629/691/629 630/682/630
f 641/703/641 640/702/640 631/692/631
f 642/704/642 631/705/631 632/694/632
f 643/706/643 632/694/632 633/695/633
f 634/697/634 643/706/643 633/695/633
f 635/698/635 644/707/644 634/697/634
f 636/699/636 645/708/645 635/698/635
f 637/709/637 646/710/646 636/699/636
f 638/700/638 647/711/647 637/709/637
f 649/712/649 638/700/638 639/701/639
f 650/713/650 639/701/639 640/702/640
f 651/714/651 650/713/650 641/703/641
f 652/715/652 641/716/641 642/704/642
f 653/717/653 642/704/642 643/706/643
f 644/707/644 653/717/653 643/706/643
f 645/708/645 654/718/654 644/707/644
f 646/710/646 655/719/655 645/708/645
f 647/711/647 656/720/656 646/710/646
f 658/721/658 647/711/647 648/722/648
f 659/723/659 648/722/648 649/712/649
f 660/724/660 649/712/649 650/713/650
f 661/725/661 660/724/660 651/714/651
f 662/726/662 651/727/651 652/715/652
f 663/728/663 652/715/652 653/717/653
f 654/718/654 663/728/663 653/717/653
f 655/719/655 664/729/664 654/718/654
f 656/720/656 665/730/665 655/719/655
f 657/731/657 666/732/666 656/720/656
f 668/733/668 657/731/657 658/721/658
f 669/734/669 658/721/658 659/723/659
f 670/735/670 659/723/659 660/724/660
f 671/736/671 670/735/670 661/725/661
f 672/737/672 661/738/661 662/726/662
f 673/739/673 662/726/662 663/728/663
f 664/729/664 673/739/673 663/728/663
f 665/730/665 674/740/674 664/729/664
f 666/732/666 675/741/675 665/730/665
f 667/742/667 676/743/676 666/732/666
f 678/744/678 667/742/667 668/733/668
f 679/745/679 668/733/668 669/734/669
f 680/746/680 669/734/669 670/735/670
f 681/747/681 680/746/680 671/736/671
f 682/748/682 671/749/671 672/737/672
f 683/750/683 672/737/672 673/739/673
f 674/740/674 683/750/683 673/739/673
f 675/741/675 684/751/684 674/740/674
f 676/743/676 685/752/685 675/741/675
f 677/753/677 686/754/686 676/743/676
f 688/755/688 677/753/677 678/744/678
f 689/756/689 678/744/678 679/745/679
f 690/757/690 679/745/679 680/746/680
f 691/758/691 690/757/690 681/747/681
f 692/759/692 681/760/681 682/748/682
f 693/761/693 682/748/682 683/750/683
f 684/751/684 693/761/693 683/750/683
f 685/752/685 694/762/694 684/751/684
f 686/754/686 695/763/695 685/752/685
f 687/764/687 696/765/696 686/754/686
f 698/766/698 687/764/687 688/755/688
f 699/767/699 688/755/688 689/756/689
f 700/768/700 689/756/689 690/757/690
f 701/769/701 700/768/700 691/758/691
f 702/770/702 691/771/691 692/759/692
f 703/772/703 692/759/692 693/761/693
f 694/762/694 703/772/703 693/761/693
f 695/763/695 704/773/704 694/762/694
f 696/765/696 705/774/705 695/763/695
f 697/775/697 706/776/706 696/765/696
f 708/777/708 697/775/697 698/766/698
f 709/778/709 698/766/698 699/767/699
f 710/779/710 699/767/699 700/768/700
f 711/780/711 710/779/710 701/769/701
f 712/781/712 701/782/701 702/770/702
f 713/783/713 702/770/702 703/772/703
f 704/773/704 713/783/713 703/772/703
f 705/774/705 714/784/714 704/773/704
f 706/776/706 715/785/715 705/774/705
f 707/786/707 716/787/716 706/776/706
f 718/788/718 707/786/707 708/777/708
f 719/789/719 708/777/708 709/778/709
f 720/790/720 709/778/709 710/779/710
f 721/791/721 720/790/720 711/780/711
f 722/792/722 711/793/711 712/781/712
f 723/794/723 712/781/712 713/783/713
f 714/784/714 723/794/723 713/783/713
f 715/785/715 724/795/724 714/784/714
f 716/787/716 725/796/725 715/785/715
f 717/797/717 726/798/726 716/787/716
f 728/799/728 717/797/717 718/788/718
f 729/800/729 718/788/718 719/789/719
f 730/801/730 719/789/719 720/790/720
f 731/802/731 730/801/730 721/791/721
f 732/803/732 721/804/721 722/792/722
f 733/805/733 722/792/722 723/794/723
f 724/795/724 733/805/733 723/794/723
f 725/796/725 734/806/734 724/795/724
f 726/798/726 735/807/735 725/796/725
f 727/808/727 736/809/736 726/798/726
f 738/810/738 727/808/727 728/799/728
f 739/811/739 728/799/728 729/800/729
f 740/812/740 729/800/729 730/801/730
f 371/408/371 381/428/381 390/409/390
f 372/411/372 382/430/382 381/412/381
f 383/414/383 382/430/382 372/411/372
f 384/416/384 383/414/383 373/415/373
f 385/418/385 384/416/384 374/417/374
f 386/420/386 385/418/385 375/419/375
f 387/422/387 386/420/386 376/421/376
f 388/424/388 387/422/387 377/423/377
f 379/426/379 389/427/389 388/424/388
f 380/410/380 390/409/390 389/427/389
f 381/428/381 391/439/391 400/429/400
f 382/430/382 392/441/392 391/431/391
f 393/432/393 392/441/392 382/430/382
f 394/433/394 393/432/393 383/414/383
f 395/434/395 394/433/394 384/416/384
f 396/435/396 395/434/395 385/418/385
f 397/436/397 396/435/396 386/420/386
f 398/437/398 397/436/397 387/422/387
f 389/427/389 399/438/399 398/437/398
f 390/409/390 400/429/400 399/438/399
f 391/439/391 401/450/401 410/440/410
f 392/441/392 402/452/402 401/442/401
f 403/443/403 402/452/402 392/441/392
f 404/444/404 403/443/403 393/432/393
f 405/445/405 404/444/404 394/433/394
f 406/446/406 405/445/405 395/434/395
f 407/447/407 406/446/406 396/435/396
f 408/448/408 407/447/407 397/436/397
f 399/438/399 409/449/409 408/448/408
f 400/429/400 410/440/410 409/449/409
f 401/450/401 411/461/411 420/451/420
f 402/452/402 412/463/412 411/453/411
f 413/454/413 412/463/412 402/452/402
f 414/455/414 413/454/413 403/443/403
f 415/456/415 414/455/414 404/444/404
f 416/457/416 415/456/415 405/445/405
f 417/458/417 416/457/416 406/446/406
f 418/459/418 417/458/417 407/447/407
f 409/449/409 419/460/419 418/459/418
f 410/440/410 420/451/420 419/460/419
f 411/461/411 421/472/421 430/462/430
f 412/463/412 422/474/422 421/464/421
f 423/465/423 422/474/422 412/463/412
f 424/466/424 423/465/423 413/454/413
f 425/467/425 424/466/424 414/455/414
f 426/468/426 425/467/425 415/456/415
f 427/469/427 426/468/426 416/457/416
f 428/470/428 427/469/427 417/458/417
f 419/460/419 429/471/429 428/470/428
f 420/451/420 430/462/430 429/471/429
f 421/472/421 431/483/431 440/473/440
f 422/474/422 432/485/432 431/475/431
f 433/476/433 432/485/432 422/474/422
f 434/477/434 433/476/433 423/465/423
f 435/478/435 434/477/434 424/466/424
f 436/479/436 435/478/435 425/467/425
f 437/480/437 436/479/436 426/468/426
f 438/481/438 437/480/437 427/469/427
f 429/471/429 439/482/439 438/481/438
f 430/462/430 440/473/440 439/482/439
f 431/483/431 441/494/441 450/484/450
f 432/485/432 442/496/442 441/486/441
f 443/487/443 442/496/442 432/485/432
f 444/488/444 443/487/443 433/476/433
f 445/489/445 444/488/444 434/477/434
f 446/490/446 445/489/445 435/478/435
f 447/491/447 446/490/446 436/479/436
f 448/492/448 447/491/447 437/480/437
f 439/482/439 449/493/449 448/492/448
f 440/473/440 450/484/450 449/493/449
f 441/494/441 451/505/451 460/495/460
f 442/496/442 452/507/452 451/497/451
f 453/498/453 452/507/452 442/496/442
f 454/499/454 453/498/453 443/487/443
f 455/500/455 454/499/454 444/488/444
f 456/501/456 455/500/455 445/489/445
f 457/502/457 456/501/456 446/490/446
f 458/503/458 457/502/457 447/491/447
f 449/493/449 459/504/459 458/503/458
f 450/484/450 460/495/460 459/504/459
f 451/505/451 461/516/461 470/506/470
f 452/507/452 462/518/462 461/508/461
f 463/509/463 462/518/462 452/507/452
f 464/510/464 463/509/463 453/498/453
f 465/511/465 464/510/464 454/499/454
f 466/512/466 465/511/465 455/500/455
f 467/513/467 466/512/466 456/501/456
f 468/514/468 467/513/467 457/502/457
f 459/504/459 469/515/469 468/514/468
f 460/495/460 470/506/470 469/515/469
f 461/516/461 471/527/471 480/517/480
f 462/518/462 472/529/472 471/519/471
f 473/520/473 472/529/472 462/518/462
f 474/521/474 473/520/473 463/509/463
f 475/522/475 474/521/474 464/510/464
f 476/523/476 475/522/475 465/511/465
f 477/524/477 476/523/476 466/512/466
f 478/525/478 477/524/477 467/513/467
f 469/515/469 479/526/479 478/525/478
f 470/506/470 480/517/480 479/526/479
f 471/527/471 481/539/481 490/528/490
f 472/529/472 482/541/482 481/530/481
f 483/531/483 482/541/482 472/529/472
f 484/532/484 483/531/483 473/520/473
f 485/533/485 484/532/484 474/521/474
f 486/534/486 485/533/485 475/522/475
f 487/535/487 486/534/486 476/523/476
f 488/536/488 487/535/487 477/524/477
f 479/526/479 489/537/489 488/536/488
f 480/517/480 490/528/490 489/537/489
f 491/538/491 500/548/500 490/528/490
f 492/540/492 491/551/491 481/530/481
f 493/542/493 492/540/492 482/541/482
f 484/532/484 494/543/494 493/542/493
f 485/533/485 495/544/495 494/543/494
f 486/534/486 496/545/496 495/544/495
f 487/535/487 497/555/497 496/545/496
f 498/546/498 497/555/497 487/535/487
f 499/547/499 498/546/498 488/536/488
f 500/548/500 499/547/499 489/537/489
f 501/549/501 510/559/510 500/548/500
f 502/550/502 501/562/501 491/551/491
f 503/552/503 502/550/502 492/540/492
f 494/543/494 504/553/504 503/552/503
f 495/544/495 505/554/505 504/553/504
f 496/545/496 506/556/506 505/554/505
f 497/555/497 507/568/507 506/556/506
f 508/557/508 507/568/507 497/555/497
f 509/558/509 508/557/508 498/546/498
f 510/559/510 509/558/509 499/547/499
f 501/549/501 511/572/511 520/560/520
f 502/550/502 512/574/512 511/561/511
f 513/563/513 512/574/512 502/550/502
f 514/564/514 513/563/513 503/552/503
f 515/565/515 514/564/514 504/553/504
f 516/566/516 515/565/515 505/554/505
f 517/567/517 516/566/516 506/556/506
f 518/569/518 517/567/517 507/568/507
f 509/558/509 519/570/519 518/569/518
f 510/559/510 520/560/520 519/570/519
f 521/571/521 530/581/530 520/560/520
f 522/573/522 521/584/521 511/561/511
f 523/575/523 522/573/522 512/574/512
f 514/564/514 524/576/524 523/575/523
f 515/565/515 525/577/525 524/576/524
f 516/566/516 526/578/526 525/577/525
f 517/567/517 527/588/527 526/578/526
f 528/579/528 527/588/527 517/567/517
f 529/580/529 528/579/528 518/569/518
f 530/581/530 529/580/529 519/570/519
f 531/582/531 540/592/540 530/581/530
f 532/583/532 531/595/531 521/584/521
f 533/585/533 532/583/532 522/573/522
f 524/576/524 534/586/534 533/585/533
f 525/577/525 535/587/535 534/586/534
f 526/578/526 536/589/536 535/587/535
f 527/588/527 537/599/537 536/589/536
f 538/590/538 537/599/537 527/588/527
f 539/591/539 538/590/538 528/579/528
f 540/592/540 539/591/539 529/580/529
f 541/593/541 550/603/550 540/592/540
f 542/594/542 541/606/541 531/595/531
f 543/596/543 542/594/542 532/583/532
f 534/586/534 544/597/544 543/596/543
f 535/587/535 545/598/545 544/597/544
f 536/589/536 546/600/546 545/598/545
f 537/599/537 547/610/547 546/600/546
f 548/601/548 547/610/547 537/599/537
f 549/602/549 548/601/548 538/590/538
f 550/603/550 549/602/549 539/591/539
f 551/604/551 560/614/560 550/603/550
f 552/605/552 551/617/551 541/606/541
f 553/607/553 552/605/552 542/594/542
f 544/597/544 554/608/554 553/607/553
f 545/598/545 555/609/555 554/608/554
f 546/600/546 556/611/556 555/609/555
f 547/610/547 557/621/557 556/611/556
f 558/612/558 557/621/557 547/610/547
f 559/613/559 558/612/558 548/601/548
f 560/614/560 559/613/559 549/602/549
f 561/615/561 570/625/570 560/614/560
f 562/616/562 561/628/561 551/617/551
f 563/618/563 562/616/562 552/605/552
f 554/608/554 564/619/564 563/618/563
f 555/609/555 565/620/565 564/619/564
f 556/611/556 566/622/566 565/620/565
f 557/621/557 567/632/567 566/622/566
f 568/623/568 567/632/567 557/621/557
f 569/624/569 568/623/568 558/612/558
f 570/625/570 569/624/569 559/613/559
f 571/626/571 580/636/580 570/625/570
f 572/627/572 571/639/571 561/628/561
f 573/629/573 572/627/572 562/616/562
f 564/619/564 574/630/574 573/629/573
f 565/620/565 575/631/575 574/630/574
f 566/622/566 576/633/576 575/631/575
f 567/632/567 577/643/577 576/633/576
f 578/634/578 577/643/577 567/632/567
f 579/635/579 578/634/578 568/623/568
f 580/636/580 579/635/579 569/624/569
f 581/637/581 590/647/590 580/636/580
f 582/638/582 581/650/581 571/639/571
f 583/640/583 582/638/582 572/627/572
f 574/630/574 584/641/584 583/640/583
f 575/631/575 585/642/585 584/641/584
f 576/633/576 586/644/586 585/642/585
f 577/643/577 587/654/587 586/644/586
f 588/645/588 587/654/587 577/643/577
f 589/646/589 588/645/588 578/634/578
f 590/647/590 589/646/589 579/635/579
f 591/648/591 600/658/600 590/647/590
f 592/649/592 591/661/591 581/650/581
f 593/651/593 592/649/592 582/638/582
f 584/641/584 594/652/594 593/651/593
f 585/642/585 595/653/595 594/652/594
f 586/644/586 596/655/596 595/653/595
f 587/654/587 597/665/597 596/655/596
f 598/656/598 597/665/597 587/654/587
f 599/657/599 598/656/598 588/645/588
f 600/658/600 599/657/599 589/646/589
f 601/659/601 610/669/610 600/658/600
f 602/660/602 601/672/601 591/661/591
f 603/662/603 602/660/602 592/649/592
f 594/652/594 604/663/604 603/662/603
f 595/653/595 605/664/605 604/663/604
f 596/655/596 606/666/606 605/664/605
f 597/665/597 607/678/607 606/666/606
f 608/667/608 607/678/607 597/665/597
f 609/668/609 608/667/608 598/656/598
f 610/669/610 609/668/609 599/657/599
f 601/659/601 611/681/611 620/670/620
f 602/660/602 612/683/612 611/671/611
f 613/673/613 612/683/612 602/660/602
f 614/674/614 613/673/613 603/662/603
f 615/675/615 614/674/614 604/663/604
f 616/676/616 615/675/615 605/664/605
f 617/677/617 616/676/616 606/666/606
f 618/679/618 617/677/617 607/678/607
f 609/668/609 619/680/619 618/679/618
f 610/669/610 620/670/620 619/680/619
f 611/681/611 621/693/621 630/682/630
f 612/683/612 622/685/622 621/684/621
f 613/673/613 623/696/623 622/685/622
f 624/686/624 623/696/623 613/673/613
f 625/687/625 624/686/624 614/674/614
f 626/688/626 625/687/625 615/675/615
f 627/689/627 626/688/626 616/676/616
f 628/690/628 627/689/627 617/677/617
f 619/680/619 629/691/629 628/690/628
f 620/670/620 630/682/630 629/691/629
f 631/692/631 640/702/640 630/682/630
f 632/694/632 631/705/631 621/684/621
f 633/695/633 632/694/632 622/685/622
f 624/686/624 634/697/634 633/695/633
f 625/687/625 635/698/635 634/697/634
f 626/688/626 636/699/636 635/698/635
f 627/689/627 637/709/637 636/699/636
f 638/700/638 637/709/637 627/689/627
f 639/701/639 638/700/638 628/690/628
f 640/702/640 639/701/639 629/691/629
f 641/703/641 650/713/650 640/702/640
f 642/704/642 641/716/641 631/705/631
f 643/706/643 642/704/642 632/694/632
f 634/697/634 644/707/644 643/706/643
f 635/698/635 645/708/645 644/707/644
f 636/699/636 646/710/646 645/708/645
f 637/709/637 647/711/647 646/710/646
f 638/700/638 648/722/648 647/711/647
f 649/712/649 648/722/648 638/700/638
f 650/713/650 649/712/649 639/701/639
f 651/714/651 660/724/660 650/713/650
f 652/715/652 651/727/651 641/716/641
f 653/717/653 652/715/652 642/704/642
f 644/707/644 654/718/654 653/717/653
f 645/708/645 655/719/655 654/718/654
f 646/710/646 656/720/656 655/719/655
f 647/711/647 657/731/657 656/720/656
f 658/721/658 657/731/657 647/711/647
f 659/723/659 658/721/658 648/722/648
f 660/724/660 659/723/659 649/712/649
f 661/725/661 670/735/670 660/724/660
f 662/726/662 661/738/661 651/727/651
f 663/728/663 662/726/662 652/715/652
f 654/718/654 664/729/664 663/728/663
f 655/719/655 665/730/665 664/729/664
f 656/720/656 666/732/666 665/730/665
f 657/731/657 667/742/667 666/732/666
f 668/733/668 667/742/667 657/731/657
f 669/734/669 668/733/668 658/721/658
f 670/735/670 669/734/669 659/723/659
f 671/736/671 680/746/680 670/735/670
f 672/737/672 671/749/671 661/738/661
f 673/739/673 672/737/672 662/726/662
f 664/729/664 674/740/674 673/739/673
f 665/730/665 675/741/675 674/740/674
f 666/732/666 676/743/676 675/741/675
f 667/742/667 677/753/677 676/743/676
f 678/744/678 677/753/677 667/742/667
f 679/745/679 678/744/678 668/733/668
f 680/746/680 679/745/679 669/734/669
f 681/747/681 690/757/690 680/746/680
f 682/748/682 681/760/681 671/749/671
f 683/750/683 682/748/682 672/737/672
f 674/740/674 684/751/684 683/750/683
f 675/741/675 685/752/685 684/751/684
f 676/743/676 686/754/686 685/752/685
f 677/753/677 687/764/687 686/754/686
f 688/755/688 687/764/687 677/753/677
f 689/756/689 688/755/688 678/744/678
f 690/757/690 689/756/689 679/745/679
f 691/758/691 700/768/700 690/757/690
f 692/759/692 691/771/691 681/760/681
f 693/761/693 692/759/692 682/748/682
f 684/751/684 694/762/694 693/761/693
f 685/752/685 695/763/695 694/762/694
f 686/754/686 696/765/696 695/763/695
f 687/764/687 697/775/697 696/765/696
f 698/766/698 697/775/697 687/764/687
f 699/767/699 698/766/698 688/755/688
f 700/768/700 699/767/699 689/756/689
f 701/769/701 710/779/710 700/768/700
f 702/770/702 701/782/701 691/771/691
f 703/772/703 702/770/702 692/759/692
f 694/762/694 704/773/704 703/772/703
f 695/763/695 705/774/705 704/773/704
f 696/765/696 706/776/706 705/774/705
f 697/775/697 707/786/707 706/776/706
f 708/777/708 707/786/707 697/775/697
f 709/778/709 708/777/708 698/766/698
f 710/779/710 709/778/709 699/767/699
f 711/780/711 720/790/720 710/779/710
f 712/781/712 711/793/711 701/782/701
f 713/783/713 712/781/712 702/770/702
f 704/773/704 714/784/714 713/783/713
f 705/774/705 715/785/715 714/784/714
f 706/776/706 716/787/716 715/785/715
f 707/786/707 717/797/717 716/787/716
f 718/788/718 717/797/717 707/786/707
f 719/789/719 718/788/718 708/777/708
f 720/790/720 719/789/719 709/778/709
f 721/791/721 730/801/730 720/790/720
f 722/792/722 721/804/721 711/793/711
f 723/794/723 722/792/722 712/781/712
f 714/784/714 724/795/724 723/794/723
f 715/785/715 725/796/725 724/795/724
f 716/787/716 726/798/726 725/796/725
f 717/797/717 727/808/727 726/798/726
f 728/799/728 727/808/727 717/797/717
f 729/800/729 728/799/728 718/788/718
f 730/801/730 729/800/729 719/789/719
f 731/802/731 740/812/740 730/801/730
f 732/803/732 731/813/731 721/804/721
f 733/805/733 732/803/732 722/792/722
f 724/795/724 734/806/734 733/805/733
f 725/796/725 735/807/735 734/806/734
f 726/798/726 736/809/736 735/807/735
f 727/808/727 737/814/737 736/809/736
f 738/810/738 737/814/737 727/808/727
f 739/811/739 738/810/738 728/799/728
f 740/812/740 739/811/739 729/800/729
