# Exported from Blender by blender_stonefish_plugin
# Vertices: 1200, Faces: 880

v -4.740000 -3.840000 3.025000
v -4.740000 -3.840000 -1.025000
v -4.740000 -3.800000 3.025000
v -4.740000 -3.800000 -1.025000
v -4.700000 -3.840000 3.025000
v -4.700000 -3.840000 -1.025000
v -4.700000 -3.800000 3.025000
v -4.700000 -3.800000 -1.025000
v -4.300000 -3.840000 3.025000
v -4.300000 -3.840000 -1.025000
v -4.300000 -3.800000 3.025000
v -4.300000 -3.800000 -1.025000
v -4.260000 -3.840000 3.025000
v -4.260000 -3.840000 -1.025000
v -4.260000 -3.800000 3.025000
v -4.260000 -3.800000 -1.025000
v -4.740000 -3.835000 2.812500
v -4.740000 -3.835000 2.787500
v -4.740000 -3.805000 2.812500
v -4.740000 -3.805000 2.787500
v -4.260000 -3.835000 2.812500
v -4.260000 -3.835000 2.787500
v -4.260000 -3.805000 2.812500
v -4.260000 -3.805000 2.787500
v -4.740000 -3.835000 2.492500
v -4.740000 -3.835000 2.467500
v -4.740000 -3.805000 2.492500
v -4.740000 -3.805000 2.467500
v -4.260000 -3.835000 2.492500
v -4.260000 -3.835000 2.467500
v -4.260000 -3.805000 2.492500
v -4.260000 -3.805000 2.467500
v -4.740000 -3.835000 2.172500
v -4.740000 -3.835000 2.147500
v -4.740000 -3.805000 2.172500
v -4.740000 -3.805000 2.147500
v -4.260000 -3.835000 2.172500
v -4.260000 -3.835000 2.147500
v -4.260000 -3.805000 2.172500
v -4.260000 -3.805000 2.147500
v -4.740000 -3.835000 1.852500
v -4.740000 -3.835000 1.827500
v -4.740000 -3.805000 1.852500
v -4.740000 -3.805000 1.827500
v -4.260000 -3.835000 1.852500
v -4.260000 -3.835000 1.827500
v -4.260000 -3.805000 1.852500
v -4.260000 -3.805000 1.827500
v -4.740000 -3.835000 1.532500
v -4.740000 -3.835000 1.507500
v -4.740000 -3.805000 1.532500
v -4.740000 -3.805000 1.507500
v -4.260000 -3.835000 1.532500
v -4.260000 -3.835000 1.507500
v -4.260000 -3.805000 1.532500
v -4.260000 -3.805000 1.507500
v -4.740000 -3.835000 1.212500
v -4.740000 -3.835000 1.187500
v -4.740000 -3.805000 1.212500
v -4.740000 -3.805000 1.187500
v -4.260000 -3.835000 1.212500
v -4.260000 -3.835000 1.187500
v -4.260000 -3.805000 1.212500
v -4.260000 -3.805000 1.187500
v -4.740000 -3.835000 0.892500
v -4.740000 -3.835000 0.867500
v -4.740000 -3.805000 0.892500
v -4.740000 -3.805000 0.867500
v -4.260000 -3.835000 0.892500
v -4.260000 -3.835000 0.867500
v -4.260000 -3.805000 0.892500
v -4.260000 -3.805000 0.867500
v -4.740000 -3.835000 0.572500
v -4.740000 -3.835000 0.547500
v -4.740000 -3.805000 0.572500
v -4.740000 -3.805000 0.547500
v -4.260000 -3.835000 0.572500
v -4.260000 -3.835000 0.547500
v -4.260000 -3.805000 0.572500
v -4.260000 -3.805000 0.547500
v -4.740000 -3.835000 0.252500
v -4.740000 -3.835000 0.227500
v -4.740000 -3.805000 0.252500
v -4.740000 -3.805000 0.227500
v -4.260000 -3.835000 0.252500
v -4.260000 -3.835000 0.227500
v -4.260000 -3.805000 0.252500
v -4.260000 -3.805000 0.227500
v -4.740000 -3.835000 -0.067500
v -4.740000 -3.835000 -0.092500
v -4.740000 -3.805000 -0.067500
v -4.740000 -3.805000 -0.092500
v -4.260000 -3.835000 -0.067500
v -4.260000 -3.835000 -0.092500
v -4.260000 -3.805000 -0.067500
v -4.260000 -3.805000 -0.092500
v -4.740000 -3.835000 -0.387500
v -4.740000 -3.835000 -0.412500
v -4.740000 -3.805000 -0.387500
v -4.740000 -3.805000 -0.412500
v -4.260000 -3.835000 -0.387500
v -4.260000 -3.835000 -0.412500
v -4.260000 -3.805000 -0.387500
v -4.260000 -3.805000 -0.412500
v -4.740000 -3.835000 -0.707500
v -4.740000 -3.835000 -0.732500
v -4.740000 -3.805000 -0.707500
v -4.740000 -3.805000 -0.732500
v -4.260000 -3.835000 -0.707500
v -4.260000 -3.835000 -0.732500
v -4.260000 -3.805000 -0.707500
v -4.260000 -3.805000 -0.732500
v -4.735000 -4.925000 -0.935000
v -4.735000 -4.925000 -0.965000
v -4.735000 -3.775000 -0.935000
v -4.735000 -3.775000 -0.965000
v -4.705000 -4.925000 -0.935000
v -4.705000 -4.925000 -0.965000
v -4.705000 -3.775000 -0.935000
v -4.705000 -3.775000 -0.965000
v -4.295000 -4.925000 -0.935000
v -4.295000 -4.925000 -0.965000
v -4.295000 -3.775000 -0.935000
v -4.295000 -3.775000 -0.965000
v -4.265000 -4.925000 -0.935000
v -4.265000 -4.925000 -0.965000
v -4.265000 -3.775000 -0.935000
v -4.265000 -3.775000 -0.965000
v -4.742500 -4.772500 -0.020000
v -4.742500 -4.772500 -0.980000
v -4.742500 -4.727500 -0.020000
v -4.742500 -4.727500 -0.980000
v -4.697500 -4.772500 -0.020000
v -4.697500 -4.772500 -0.980000
v -4.697500 -4.727500 -0.020000
v -4.697500 -4.727500 -0.980000
v -4.302500 -4.772500 -0.020000
v -4.302500 -4.772500 -0.980000
v -4.302500 -4.727500 -0.020000
v -4.302500 -4.727500 -0.980000
v -4.257500 -4.772500 -0.020000
v -4.257500 -4.772500 -0.980000
v -4.257500 -4.727500 -0.020000
v -4.257500 -4.727500 -0.980000
v 6.527500 -4.222500 -0.020000
v 6.527500 -4.222500 -1.070000
v 6.527500 -4.177500 -0.020000
v 6.527500 -4.177500 -1.070000
v 6.572500 -4.222500 -0.020000
v 6.572500 -4.222500 -1.070000
v 6.572500 -4.177500 -0.020000
v 6.572500 -4.177500 -1.070000
v 6.527500 -1.822500 -0.020000
v 6.527500 -1.822500 -1.070000
v 6.527500 -1.777500 -0.020000
v 6.527500 -1.777500 -1.070000
v 6.572500 -1.822500 -0.020000
v 6.572500 -1.822500 -1.070000
v 6.572500 -1.777500 -0.020000
v 6.572500 -1.777500 -1.070000
v 6.527500 0.577500 -0.020000
v 6.527500 0.577500 -1.070000
v 6.527500 0.622500 -0.020000
v 6.527500 0.622500 -1.070000
v 6.572500 0.577500 -0.020000
v 6.572500 0.577500 -1.070000
v 6.572500 0.622500 -0.020000
v 6.572500 0.622500 -1.070000
v 6.527500 2.977500 -0.020000
v 6.527500 2.977500 -1.070000
v 6.527500 3.022500 -0.020000
v 6.527500 3.022500 -1.070000
v 6.572500 2.977500 -0.020000
v 6.572500 2.977500 -1.070000
v 6.572500 3.022500 -0.020000
v 6.572500 3.022500 -1.070000
v 6.527500 5.377500 -0.020000
v 6.527500 5.377500 -1.070000
v 6.527500 5.422500 -0.020000
v 6.527500 5.422500 -1.070000
v 6.572500 5.377500 -0.020000
v 6.572500 5.377500 -1.070000
v 6.572500 5.422500 -0.020000
v 6.572500 5.422500 -1.070000
v 6.527500 7.777500 -0.020000
v 6.527500 7.777500 -1.070000
v 6.527500 7.822500 -0.020000
v 6.527500 7.822500 -1.070000
v 6.572500 7.777500 -0.020000
v 6.572500 7.777500 -1.070000
v 6.572500 7.822500 -0.020000
v 6.572500 7.822500 -1.070000
v 6.527500 10.177500 -0.020000
v 6.527500 10.177500 -1.070000
v 6.527500 10.222500 -0.020000
v 6.527500 10.222500 -1.070000
v 6.572500 10.177500 -0.020000
v 6.572500 10.177500 -1.070000
v 6.572500 10.222500 -0.020000
v 6.572500 10.222500 -1.070000
v 6.527500 12.577500 -0.020000
v 6.527500 12.577500 -1.070000
v 6.527500 12.622500 -0.020000
v 6.527500 12.622500 -1.070000
v 6.572500 12.577500 -0.020000
v 6.572500 12.577500 -1.070000
v 6.572500 12.622500 -0.020000
v 6.572500 12.622500 -1.070000
v 6.527500 14.977500 -0.020000
v 6.527500 14.977500 -1.070000
v 6.527500 15.022500 -0.020000
v 6.527500 15.022500 -1.070000
v 6.572500 14.977500 -0.020000
v 6.572500 14.977500 -1.070000
v 6.572500 15.022500 -0.020000
v 6.572500 15.022500 -1.070000
v 6.527500 17.377501 -0.020000
v 6.527500 17.377501 -1.070000
v 6.527500 17.422499 -0.020000
v 6.527500 17.422499 -1.070000
v 6.572500 17.377501 -0.020000
v 6.572500 17.377501 -1.070000
v 6.572500 17.422499 -0.020000
v 6.572500 17.422499 -1.070000
v 6.527500 19.777500 -0.020000
v 6.527500 19.777500 -1.070000
v 6.527500 19.822498 -0.020000
v 6.527500 19.822498 -1.070000
v 6.572500 19.777500 -0.020000
v 6.572500 19.777500 -1.070000
v 6.572500 19.822498 -0.020000
v 6.572500 19.822498 -1.070000
v 6.527500 22.177502 -0.020000
v 6.527500 22.177502 -1.070000
v 6.527500 22.222500 -0.020000
v 6.527500 22.222500 -1.070000
v 6.572500 22.177502 -0.020000
v 6.572500 22.177502 -1.070000
v 6.572500 22.222500 -0.020000
v 6.572500 22.222500 -1.070000
v -6.572500 -4.222500 -0.020000
v -6.572500 -4.222500 -1.070000
v -6.572500 -4.177500 -0.020000
v -6.572500 -4.177500 -1.070000
v -6.527500 -4.222500 -0.020000
v -6.527500 -4.222500 -1.070000
v -6.527500 -4.177500 -0.020000
v -6.527500 -4.177500 -1.070000
v -6.572500 -1.822500 -0.020000
v -6.572500 -1.822500 -1.070000
v -6.572500 -1.777500 -0.020000
v -6.572500 -1.777500 -1.070000
v -6.527500 -1.822500 -0.020000
v -6.527500 -1.822500 -1.070000
v -6.527500 -1.777500 -0.020000
v -6.527500 -1.777500 -1.070000
v -6.572500 0.577500 -0.020000
v -6.572500 0.577500 -1.070000
v -6.572500 0.622500 -0.020000
v -6.572500 0.622500 -1.070000
v -6.527500 0.577500 -0.020000
v -6.527500 0.577500 -1.070000
v -6.527500 0.622500 -0.020000
v -6.527500 0.622500 -1.070000
v -6.572500 2.977500 -0.020000
v -6.572500 2.977500 -1.070000
v -6.572500 3.022500 -0.020000
v -6.572500 3.022500 -1.070000
v -6.527500 2.977500 -0.020000
v -6.527500 2.977500 -1.070000
v -6.527500 3.022500 -0.020000
v -6.527500 3.022500 -1.070000
v -6.572500 5.377500 -0.020000
v -6.572500 5.377500 -1.070000
v -6.572500 5.422500 -0.020000
v -6.572500 5.422500 -1.070000
v -6.527500 5.377500 -0.020000
v -6.527500 5.377500 -1.070000
v -6.527500 5.422500 -0.020000
v -6.527500 5.422500 -1.070000
v -6.572500 7.777500 -0.020000
v -6.572500 7.777500 -1.070000
v -6.572500 7.822500 -0.020000
v -6.572500 7.822500 -1.070000
v -6.527500 7.777500 -0.020000
v -6.527500 7.777500 -1.070000
v -6.527500 7.822500 -0.020000
v -6.527500 7.822500 -1.070000
v -6.572500 10.177500 -0.020000
v -6.572500 10.177500 -1.070000
v -6.572500 10.222500 -0.020000
v -6.572500 10.222500 -1.070000
v -6.527500 10.177500 -0.020000
v -6.527500 10.177500 -1.070000
v -6.527500 10.222500 -0.020000
v -6.527500 10.222500 -1.070000
v -6.572500 12.577500 -0.020000
v -6.572500 12.577500 -1.070000
v -6.572500 12.622500 -0.020000
v -6.572500 12.622500 -1.070000
v -6.527500 12.577500 -0.020000
v -6.527500 12.577500 -1.070000
v -6.527500 12.622500 -0.020000
v -6.527500 12.622500 -1.070000
v -6.572500 14.977500 -0.020000
v -6.572500 14.977500 -1.070000
v -6.572500 15.022500 -0.020000
v -6.572500 15.022500 -1.070000
v -6.527500 14.977500 -0.020000
v -6.527500 14.977500 -1.070000
v -6.527500 15.022500 -0.020000
v -6.527500 15.022500 -1.070000
v -6.572500 17.377501 -0.020000
v -6.572500 17.377501 -1.070000
v -6.572500 17.422499 -0.020000
v -6.572500 17.422499 -1.070000
v -6.527500 17.377501 -0.020000
v -6.527500 17.377501 -1.070000
v -6.527500 17.422499 -0.020000
v -6.527500 17.422499 -1.070000
v -6.572500 19.777500 -0.020000
v -6.572500 19.777500 -1.070000
v -6.572500 19.822498 -0.020000
v -6.572500 19.822498 -1.070000
v -6.527500 19.777500 -0.020000
v -6.527500 19.777500 -1.070000
v -6.527500 19.822498 -0.020000
v -6.527500 19.822498 -1.070000
v -6.572500 22.177502 -0.020000
v -6.572500 22.177502 -1.070000
v -6.572500 22.222500 -0.020000
v -6.572500 22.222500 -1.070000
v -6.527500 22.177502 -0.020000
v -6.527500 22.177502 -1.070000
v -6.527500 22.222500 -0.020000
v -6.527500 22.222500 -1.070000
v -6.222500 24.527500 -0.020000
v -6.222500 24.527500 -1.070000
v -6.222500 24.572498 -0.020000
v -6.222500 24.572498 -1.070000
v -6.177500 24.527500 -0.020000
v -6.177500 24.527500 -1.070000
v -6.177500 24.572498 -0.020000
v -6.177500 24.572498 -1.070000
v -3.822500 24.527500 -0.020000
v -3.822500 24.527500 -1.070000
v -3.822500 24.572498 -0.020000
v -3.822500 24.572498 -1.070000
v -3.777500 24.527500 -0.020000
v -3.777500 24.527500 -1.070000
v -3.777500 24.572498 -0.020000
v -3.777500 24.572498 -1.070000
v -1.422500 24.527500 -0.020000
v -1.422500 24.527500 -1.070000
v -1.422500 24.572498 -0.020000
v -1.422500 24.572498 -1.070000
v -1.377500 24.527500 -0.020000
v -1.377500 24.527500 -1.070000
v -1.377500 24.572498 -0.020000
v -1.377500 24.572498 -1.070000
v 0.977500 24.527500 -0.020000
v 0.977500 24.527500 -1.070000
v 0.977500 24.572498 -0.020000
v 0.977500 24.572498 -1.070000
v 1.022500 24.527500 -0.020000
v 1.022500 24.527500 -1.070000
v 1.022500 24.572498 -0.020000
v 1.022500 24.572498 -1.070000
v 3.377500 24.527500 -0.020000
v 3.377500 24.527500 -1.070000
v 3.377500 24.572498 -0.020000
v 3.377500 24.572498 -1.070000
v 3.422500 24.527500 -0.020000
v 3.422500 24.527500 -1.070000
v 3.422500 24.572498 -0.020000
v 3.422500 24.572498 -1.070000
v 5.777500 24.527500 -0.020000
v 5.777500 24.527500 -1.070000
v 5.777500 24.572498 -0.020000
v 5.777500 24.572498 -1.070000
v 5.822500 24.527500 -0.020000
v 5.822500 24.527500 -1.070000
v 5.822500 24.572498 -0.020000
v 5.822500 24.572498 -1.070000
v -6.222500 -4.572500 -0.020000
v -6.222500 -4.572500 -1.070000
v -6.222500 -4.527500 -0.020000
v -6.222500 -4.527500 -1.070000
v -6.177500 -4.572500 -0.020000
v -6.177500 -4.572500 -1.070000
v -6.177500 -4.527500 -0.020000
v -6.177500 -4.527500 -1.070000
v -3.822500 -4.572500 -0.020000
v -3.822500 -4.572500 -1.070000
v -3.822500 -4.527500 -0.020000
v -3.822500 -4.527500 -1.070000
v -3.777500 -4.572500 -0.020000
v -3.777500 -4.572500 -1.070000
v -3.777500 -4.527500 -0.020000
v -3.777500 -4.527500 -1.070000
v -1.422500 -4.572500 -0.020000
v -1.422500 -4.572500 -1.070000
v -1.422500 -4.527500 -0.020000
v -1.422500 -4.527500 -1.070000
v -1.377500 -4.572500 -0.020000
v -1.377500 -4.572500 -1.070000
v -1.377500 -4.527500 -0.020000
v -1.377500 -4.527500 -1.070000
v 0.977500 -4.572500 -0.020000
v 0.977500 -4.572500 -1.070000
v 0.977500 -4.527500 -0.020000
v 0.977500 -4.527500 -1.070000
v 1.022500 -4.572500 -0.020000
v 1.022500 -4.572500 -1.070000
v 1.022500 -4.527500 -0.020000
v 1.022500 -4.527500 -1.070000
v 3.377500 -4.572500 -0.020000
v 3.377500 -4.572500 -1.070000
v 3.377500 -4.527500 -0.020000
v 3.377500 -4.527500 -1.070000
v 3.422500 -4.572500 -0.020000
v 3.422500 -4.572500 -1.070000
v 3.422500 -4.527500 -0.020000
v 3.422500 -4.527500 -1.070000
v 5.777500 -4.572500 -0.020000
v 5.777500 -4.572500 -1.070000
v 5.777500 -4.527500 -0.020000
v 5.777500 -4.527500 -1.070000
v 5.822500 -4.572500 -0.020000
v 5.822500 -4.572500 -1.070000
v 5.822500 -4.527500 -0.020000
v 5.822500 -4.527500 -1.070000
v 6.535000 -4.300000 -0.955000
v 6.535000 -4.300000 -0.985000
v 6.535000 24.299999 -0.955000
v 6.535000 24.299999 -0.985000
v 6.565000 -4.300000 -0.955000
v 6.565000 -4.300000 -0.985000
v 6.565000 24.299999 -0.955000
v 6.565000 24.299999 -0.985000
v 6.535000 -4.300000 -0.505000
v 6.535000 -4.300000 -0.535000
v 6.535000 24.299999 -0.505000
v 6.535000 24.299999 -0.535000
v 6.565000 -4.300000 -0.505000
v 6.565000 -4.300000 -0.535000
v 6.565000 24.299999 -0.505000
v 6.565000 24.299999 -0.535000
v -6.565000 -4.300000 -0.955000
v -6.565000 -4.300000 -0.985000
v -6.565000 24.299999 -0.955000
v -6.565000 24.299999 -0.985000
v -6.535000 -4.300000 -0.955000
v -6.535000 -4.300000 -0.985000
v -6.535000 24.299999 -0.955000
v -6.535000 24.299999 -0.985000
v -6.565000 -4.300000 -0.505000
v -6.565000 -4.300000 -0.535000
v -6.565000 24.299999 -0.505000
v -6.565000 24.299999 -0.535000
v -6.535000 -4.300000 -0.505000
v -6.535000 -4.300000 -0.535000
v -6.535000 24.299999 -0.505000
v -6.535000 24.299999 -0.535000
v -6.300000 24.535000 -0.955000
v -6.300000 24.535000 -0.985000
v -6.300000 24.564999 -0.955000
v -6.300000 24.564999 -0.985000
v 6.300000 24.535000 -0.955000
v 6.300000 24.535000 -0.985000
v 6.300000 24.564999 -0.955000
v 6.300000 24.564999 -0.985000
v -6.300000 24.535000 -0.505000
v -6.300000 24.535000 -0.535000
v -6.300000 24.564999 -0.505000
v -6.300000 24.564999 -0.535000
v 6.300000 24.535000 -0.505000
v 6.300000 24.535000 -0.535000
v 6.300000 24.564999 -0.505000
v 6.300000 24.564999 -0.535000
v -6.200000 -4.565000 -0.955000
v -6.200000 -4.565000 -0.985000
v -6.200000 -4.535000 -0.955000
v -6.200000 -4.535000 -0.985000
v -5.200000 -4.565000 -0.955000
v -5.200000 -4.565000 -0.985000
v -5.200000 -4.535000 -0.955000
v -5.200000 -4.535000 -0.985000
v -6.200000 -4.565000 -0.505000
v -6.200000 -4.565000 -0.535000
v -6.200000 -4.535000 -0.505000
v -6.200000 -4.535000 -0.535000
v -5.200000 -4.565000 -0.505000
v -5.200000 -4.565000 -0.535000
v -5.200000 -4.535000 -0.505000
v -5.200000 -4.535000 -0.535000
v -3.800000 -4.565000 -0.955000
v -3.800000 -4.565000 -0.985000
v -3.800000 -4.535000 -0.955000
v -3.800000 -4.535000 -0.985000
v 6.200000 -4.565000 -0.955000
v 6.200000 -4.565000 -0.985000
v 6.200000 -4.535000 -0.955000
v 6.200000 -4.535000 -0.985000
v -3.800000 -4.565000 -0.505000
v -3.800000 -4.565000 -0.535000
v -3.800000 -4.535000 -0.505000
v -3.800000 -4.535000 -0.535000
v 6.200000 -4.565000 -0.505000
v 6.200000 -4.565000 -0.535000
v 6.200000 -4.535000 -0.505000
v 6.200000 -4.535000 -0.535000
v 5.968000 2.740000 1.752500
v 5.968000 2.740000 1.727500
v 5.968000 3.260000 1.752500
v 5.968000 3.260000 1.727500
v 5.988000 2.740000 1.752500
v 5.988000 2.740000 1.727500
v 5.988000 3.260000 1.752500
v 5.988000 3.260000 1.727500
v 5.968000 2.740000 1.672500
v 5.968000 2.740000 1.647500
v 5.968000 3.260000 1.672500
v 5.968000 3.260000 1.647500
v 5.988000 2.740000 1.672500
v 5.988000 2.740000 1.647500
v 5.988000 3.260000 1.672500
v 5.988000 3.260000 1.647500
v 5.968000 2.740000 1.592500
v 5.968000 2.740000 1.567500
v 5.968000 3.260000 1.592500
v 5.968000 3.260000 1.567500
v 5.988000 2.740000 1.592500
v 5.988000 2.740000 1.567500
v 5.988000 3.260000 1.592500
v 5.988000 3.260000 1.567500
v 5.968000 2.740000 1.512500
v 5.968000 2.740000 1.487500
v 5.968000 3.260000 1.512500
v 5.968000 3.260000 1.487500
v 5.988000 2.740000 1.512500
v 5.988000 2.740000 1.487500
v 5.988000 3.260000 1.512500
v 5.988000 3.260000 1.487500
v -5.988000 2.740000 1.752500
v -5.988000 2.740000 1.727500
v -5.988000 3.260000 1.752500
v -5.988000 3.260000 1.727500
v -5.968000 2.740000 1.752500
v -5.968000 2.740000 1.727500
v -5.968000 3.260000 1.752500
v -5.968000 3.260000 1.727500
v -5.988000 2.740000 1.672500
v -5.988000 2.740000 1.647500
v -5.988000 3.260000 1.672500
v -5.988000 3.260000 1.647500
v -5.968000 2.740000 1.672500
v -5.968000 2.740000 1.647500
v -5.968000 3.260000 1.672500
v -5.968000 3.260000 1.647500
v -5.988000 2.740000 1.592500
v -5.988000 2.740000 1.567500
v -5.988000 3.260000 1.592500
v -5.988000 3.260000 1.567500
v -5.968000 2.740000 1.592500
v -5.968000 2.740000 1.567500
v -5.968000 3.260000 1.592500
v -5.968000 3.260000 1.567500
v -5.988000 2.740000 1.512500
v -5.988000 2.740000 1.487500
v -5.988000 3.260000 1.512500
v -5.988000 3.260000 1.487500
v -5.968000 2.740000 1.512500
v -5.968000 2.740000 1.487500
v -5.968000 3.260000 1.512500
v -5.968000 3.260000 1.487500
v 5.968000 16.740000 1.752500
v 5.968000 16.740000 1.727500
v 5.968000 17.260000 1.752500
v 5.968000 17.260000 1.727500
v 5.988000 16.740000 1.752500
v 5.988000 16.740000 1.727500
v 5.988000 17.260000 1.752500
v 5.988000 17.260000 1.727500
v 5.968000 16.740000 1.672500
v 5.968000 16.740000 1.647500
v 5.968000 17.260000 1.672500
v 5.968000 17.260000 1.647500
v 5.988000 16.740000 1.672500
v 5.988000 16.740000 1.647500
v 5.988000 17.260000 1.672500
v 5.988000 17.260000 1.647500
v 5.968000 16.740000 1.592500
v 5.968000 16.740000 1.567500
v 5.968000 17.260000 1.592500
v 5.968000 17.260000 1.567500
v 5.988000 16.740000 1.592500
v 5.988000 16.740000 1.567500
v 5.988000 17.260000 1.592500
v 5.988000 17.260000 1.567500
v 5.968000 16.740000 1.512500
v 5.968000 16.740000 1.487500
v 5.968000 17.260000 1.512500
v 5.968000 17.260000 1.487500
v 5.988000 16.740000 1.512500
v 5.988000 16.740000 1.487500
v 5.988000 17.260000 1.512500
v 5.988000 17.260000 1.487500
v -5.988000 16.740000 1.752500
v -5.988000 16.740000 1.727500
v -5.988000 17.260000 1.752500
v -5.988000 17.260000 1.727500
v -5.968000 16.740000 1.752500
v -5.968000 16.740000 1.727500
v -5.968000 17.260000 1.752500
v -5.968000 17.260000 1.727500
v -5.988000 16.740000 1.672500
v -5.988000 16.740000 1.647500
v -5.988000 17.260000 1.672500
v -5.988000 17.260000 1.647500
v -5.968000 16.740000 1.672500
v -5.968000 16.740000 1.647500
v -5.968000 17.260000 1.672500
v -5.968000 17.260000 1.647500
v -5.988000 16.740000 1.592500
v -5.988000 16.740000 1.567500
v -5.988000 17.260000 1.592500
v -5.988000 17.260000 1.567500
v -5.968000 16.740000 1.592500
v -5.968000 16.740000 1.567500
v -5.968000 17.260000 1.592500
v -5.968000 17.260000 1.567500
v -5.988000 16.740000 1.512500
v -5.988000 16.740000 1.487500
v -5.988000 17.260000 1.512500
v -5.988000 17.260000 1.487500
v -5.968000 16.740000 1.512500
v -5.968000 16.740000 1.487500
v -5.968000 17.260000 1.512500
v -5.968000 17.260000 1.487500
v -0.260000 4.785000 2.990000
v -0.260000 4.785000 2.978000
v -0.260000 4.815000 2.990000
v -0.260000 4.815000 2.978000
v 0.260000 4.785000 2.990000
v 0.260000 4.785000 2.978000
v 0.260000 4.815000 2.990000
v 0.260000 4.815000 2.978000
v -0.260000 4.885000 2.990000
v -0.260000 4.885000 2.978000
v -0.260000 4.915000 2.990000
v -0.260000 4.915000 2.978000
v 0.260000 4.885000 2.990000
v 0.260000 4.885000 2.978000
v 0.260000 4.915000 2.990000
v 0.260000 4.915000 2.978000
v -0.260000 4.985000 2.990000
v -0.260000 4.985000 2.978000
v -0.260000 5.015000 2.990000
v -0.260000 5.015000 2.978000
v 0.260000 4.985000 2.990000
v 0.260000 4.985000 2.978000
v 0.260000 5.015000 2.990000
v 0.260000 5.015000 2.978000
v -0.260000 5.085000 2.990000
v -0.260000 5.085000 2.978000
v -0.260000 5.115000 2.990000
v -0.260000 5.115000 2.978000
v 0.260000 5.085000 2.990000
v 0.260000 5.085000 2.978000
v 0.260000 5.115000 2.990000
v 0.260000 5.115000 2.978000
v -0.260000 5.185000 2.990000
v -0.260000 5.185000 2.978000
v -0.260000 5.215000 2.990000
v -0.260000 5.215000 2.978000
v 0.260000 5.185000 2.990000
v 0.260000 5.185000 2.978000
v 0.260000 5.215000 2.990000
v 0.260000 5.215000 2.978000
v -0.260000 17.785000 2.990000
v -0.260000 17.785000 2.978000
v -0.260000 17.814999 2.990000
v -0.260000 17.814999 2.978000
v 0.260000 17.785000 2.990000
v 0.260000 17.785000 2.978000
v 0.260000 17.814999 2.990000
v 0.260000 17.814999 2.978000
v -0.260000 17.885000 2.990000
v -0.260000 17.885000 2.978000
v -0.260000 17.914999 2.990000
v -0.260000 17.914999 2.978000
v 0.260000 17.885000 2.990000
v 0.260000 17.885000 2.978000
v 0.260000 17.914999 2.990000
v 0.260000 17.914999 2.978000
v -0.260000 17.985001 2.990000
v -0.260000 17.985001 2.978000
v -0.260000 18.014999 2.990000
v -0.260000 18.014999 2.978000
v 0.260000 17.985001 2.990000
v 0.260000 17.985001 2.978000
v 0.260000 18.014999 2.990000
v 0.260000 18.014999 2.978000
v -0.260000 18.085001 2.990000
v -0.260000 18.085001 2.978000
v -0.260000 18.115000 2.990000
v -0.260000 18.115000 2.978000
v 0.260000 18.085001 2.990000
v 0.260000 18.085001 2.978000
v 0.260000 18.115000 2.990000
v 0.260000 18.115000 2.978000
v -0.260000 18.185001 2.990000
v -0.260000 18.185001 2.978000
v -0.260000 18.215000 2.990000
v -0.260000 18.215000 2.978000
v 0.260000 18.185001 2.990000
v 0.260000 18.185001 2.978000
v 0.260000 18.215000 2.990000
v 0.260000 18.215000 2.978000
v 5.990000 -0.120000 1.112500
v 5.990000 -0.120000 1.087500
v 5.990000 0.120000 1.112500
v 5.990000 0.120000 1.087500
v 6.010000 -0.120000 1.112500
v 6.010000 -0.120000 1.087500
v 6.010000 0.120000 1.112500
v 6.010000 0.120000 1.087500
v 5.990000 -0.120000 1.312500
v 5.990000 -0.120000 1.287500
v 5.990000 0.120000 1.312500
v 5.990000 0.120000 1.287500
v 6.010000 -0.120000 1.312500
v 6.010000 -0.120000 1.287500
v 6.010000 0.120000 1.312500
v 6.010000 0.120000 1.287500
v 5.990000 -0.117500 1.290000
v 5.990000 -0.117500 1.110000
v 5.990000 -0.092500 1.290000
v 5.990000 -0.092500 1.110000
v 6.010000 -0.117500 1.290000
v 6.010000 -0.117500 1.110000
v 6.010000 -0.092500 1.290000
v 6.010000 -0.092500 1.110000
v 5.990000 0.092500 1.290000
v 5.990000 0.092500 1.110000
v 5.990000 0.117500 1.290000
v 5.990000 0.117500 1.110000
v 6.010000 0.092500 1.290000
v 6.010000 0.092500 1.110000
v 6.010000 0.117500 1.290000
v 6.010000 0.117500 1.110000
v -6.010000 -0.120000 1.112500
v -6.010000 -0.120000 1.087500
v -6.010000 0.120000 1.112500
v -6.010000 0.120000 1.087500
v -5.990000 -0.120000 1.112500
v -5.990000 -0.120000 1.087500
v -5.990000 0.120000 1.112500
v -5.990000 0.120000 1.087500
v -6.010000 -0.120000 1.312500
v -6.010000 -0.120000 1.287500
v -6.010000 0.120000 1.312500
v -6.010000 0.120000 1.287500
v -5.990000 -0.120000 1.312500
v -5.990000 -0.120000 1.287500
v -5.990000 0.120000 1.312500
v -5.990000 0.120000 1.287500
v -6.010000 -0.117500 1.290000
v -6.010000 -0.117500 1.110000
v -6.010000 -0.092500 1.290000
v -6.010000 -0.092500 1.110000
v -5.990000 -0.117500 1.290000
v -5.990000 -0.117500 1.110000
v -5.990000 -0.092500 1.290000
v -5.990000 -0.092500 1.110000
v -6.010000 0.092500 1.290000
v -6.010000 0.092500 1.110000
v -6.010000 0.117500 1.290000
v -6.010000 0.117500 1.110000
v -5.990000 0.092500 1.290000
v -5.990000 0.092500 1.110000
v -5.990000 0.117500 1.290000
v -5.990000 0.117500 1.110000
v 5.990000 6.880000 1.112500
v 5.990000 6.880000 1.087500
v 5.990000 7.120000 1.112500
v 5.990000 7.120000 1.087500
v 6.010000 6.880000 1.112500
v 6.010000 6.880000 1.087500
v 6.010000 7.120000 1.112500
v 6.010000 7.120000 1.087500
v 5.990000 6.880000 1.312500
v 5.990000 6.880000 1.287500
v 5.990000 7.120000 1.312500
v 5.990000 7.120000 1.287500
v 6.010000 6.880000 1.312500
v 6.010000 6.880000 1.287500
v 6.010000 7.120000 1.312500
v 6.010000 7.120000 1.287500
v 5.990000 6.882500 1.290000
v 5.990000 6.882500 1.110000
v 5.990000 6.907500 1.290000
v 5.990000 6.907500 1.110000
v 6.010000 6.882500 1.290000
v 6.010000 6.882500 1.110000
v 6.010000 6.907500 1.290000
v 6.010000 6.907500 1.110000
v 5.990000 7.092500 1.290000
v 5.990000 7.092500 1.110000
v 5.990000 7.117500 1.290000
v 5.990000 7.117500 1.110000
v 6.010000 7.092500 1.290000
v 6.010000 7.092500 1.110000
v 6.010000 7.117500 1.290000
v 6.010000 7.117500 1.110000
v -6.010000 6.880000 1.112500
v -6.010000 6.880000 1.087500
v -6.010000 7.120000 1.112500
v -6.010000 7.120000 1.087500
v -5.990000 6.880000 1.112500
v -5.990000 6.880000 1.087500
v -5.990000 7.120000 1.112500
v -5.990000 7.120000 1.087500
v -6.010000 6.880000 1.312500
v -6.010000 6.880000 1.287500
v -6.010000 7.120000 1.312500
v -6.010000 7.120000 1.287500
v -5.990000 6.880000 1.312500
v -5.990000 6.880000 1.287500
v -5.990000 7.120000 1.312500
v -5.990000 7.120000 1.287500
v -6.010000 6.882500 1.290000
v -6.010000 6.882500 1.110000
v -6.010000 6.907500 1.290000
v -6.010000 6.907500 1.110000
v -5.990000 6.882500 1.290000
v -5.990000 6.882500 1.110000
v -5.990000 6.907500 1.290000
v -5.990000 6.907500 1.110000
v -6.010000 7.092500 1.290000
v -6.010000 7.092500 1.110000
v -6.010000 7.117500 1.290000
v -6.010000 7.117500 1.110000
v -5.990000 7.092500 1.290000
v -5.990000 7.092500 1.110000
v -5.990000 7.117500 1.290000
v -5.990000 7.117500 1.110000
v 5.990000 13.880000 1.112500
v 5.990000 13.880000 1.087500
v 5.990000 14.120000 1.112500
v 5.990000 14.120000 1.087500
v 6.010000 13.880000 1.112500
v 6.010000 13.880000 1.087500
v 6.010000 14.120000 1.112500
v 6.010000 14.120000 1.087500
v 5.990000 13.880000 1.312500
v 5.990000 13.880000 1.287500
v 5.990000 14.120000 1.312500
v 5.990000 14.120000 1.287500
v 6.010000 13.880000 1.312500
v 6.010000 13.880000 1.287500
v 6.010000 14.120000 1.312500
v 6.010000 14.120000 1.287500
v 5.990000 13.882501 1.290000
v 5.990000 13.882501 1.110000
v 5.990000 13.907500 1.290000
v 5.990000 13.907500 1.110000
v 6.010000 13.882501 1.290000
v 6.010000 13.882501 1.110000
v 6.010000 13.907500 1.290000
v 6.010000 13.907500 1.110000
v 5.990000 14.092500 1.290000
v 5.990000 14.092500 1.110000
v 5.990000 14.117499 1.290000
v 5.990000 14.117499 1.110000
v 6.010000 14.092500 1.290000
v 6.010000 14.092500 1.110000
v 6.010000 14.117499 1.290000
v 6.010000 14.117499 1.110000
v -6.010000 13.880000 1.112500
v -6.010000 13.880000 1.087500
v -6.010000 14.120000 1.112500
v -6.010000 14.120000 1.087500
v -5.990000 13.880000 1.112500
v -5.990000 13.880000 1.087500
v -5.990000 14.120000 1.112500
v -5.990000 14.120000 1.087500
v -6.010000 13.880000 1.312500
v -6.010000 13.880000 1.287500
v -6.010000 14.120000 1.312500
v -6.010000 14.120000 1.287500
v -5.990000 13.880000 1.312500
v -5.990000 13.880000 1.287500
v -5.990000 14.120000 1.312500
v -5.990000 14.120000 1.287500
v -6.010000 13.882501 1.290000
v -6.010000 13.882501 1.110000
v -6.010000 13.907500 1.290000
v -6.010000 13.907500 1.110000
v -5.990000 13.882501 1.290000
v -5.990000 13.882501 1.110000
v -5.990000 13.907500 1.290000
v -5.990000 13.907500 1.110000
v -6.010000 14.092500 1.290000
v -6.010000 14.092500 1.110000
v -6.010000 14.117499 1.290000
v -6.010000 14.117499 1.110000
v -5.990000 14.092500 1.290000
v -5.990000 14.092500 1.110000
v -5.990000 14.117499 1.290000
v -5.990000 14.117499 1.110000
v 5.990000 20.879999 1.112500
v 5.990000 20.879999 1.087500
v 5.990000 21.120001 1.112500
v 5.990000 21.120001 1.087500
v 6.010000 20.879999 1.112500
v 6.010000 20.879999 1.087500
v 6.010000 21.120001 1.112500
v 6.010000 21.120001 1.087500
v 5.990000 20.879999 1.312500
v 5.990000 20.879999 1.287500
v 5.990000 21.120001 1.312500
v 5.990000 21.120001 1.287500
v 6.010000 20.879999 1.312500
v 6.010000 20.879999 1.287500
v 6.010000 21.120001 1.312500
v 6.010000 21.120001 1.287500
v 5.990000 20.882500 1.290000
v 5.990000 20.882500 1.110000
v 5.990000 20.907501 1.290000
v 5.990000 20.907501 1.110000
v 6.010000 20.882500 1.290000
v 6.010000 20.882500 1.110000
v 6.010000 20.907501 1.290000
v 6.010000 20.907501 1.110000
v 5.990000 21.092499 1.290000
v 5.990000 21.092499 1.110000
v 5.990000 21.117500 1.290000
v 5.990000 21.117500 1.110000
v 6.010000 21.092499 1.290000
v 6.010000 21.092499 1.110000
v 6.010000 21.117500 1.290000
v 6.010000 21.117500 1.110000
v -6.010000 20.879999 1.112500
v -6.010000 20.879999 1.087500
v -6.010000 21.120001 1.112500
v -6.010000 21.120001 1.087500
v -5.990000 20.879999 1.112500
v -5.990000 20.879999 1.087500
v -5.990000 21.120001 1.112500
v -5.990000 21.120001 1.087500
v -6.010000 20.879999 1.312500
v -6.010000 20.879999 1.287500
v -6.010000 21.120001 1.312500
v -6.010000 21.120001 1.287500
v -5.990000 20.879999 1.312500
v -5.990000 20.879999 1.287500
v -5.990000 21.120001 1.312500
v -5.990000 21.120001 1.287500
v -6.010000 20.882500 1.290000
v -6.010000 20.882500 1.110000
v -6.010000 20.907501 1.290000
v -6.010000 20.907501 1.110000
v -5.990000 20.882500 1.290000
v -5.990000 20.882500 1.110000
v -5.990000 20.907501 1.290000
v -5.990000 20.907501 1.110000
v -6.010000 21.092499 1.290000
v -6.010000 21.092499 1.110000
v -6.010000 21.117500 1.290000
v -6.010000 21.117500 1.110000
v -5.990000 21.092499 1.290000
v -5.990000 21.092499 1.110000
v -5.990000 21.117500 1.290000
v -5.990000 21.117500 1.110000
v 3.342500 -5.415000 -0.602500
v 3.342500 -5.415000 -0.637500
v 3.200000 -5.355000 -0.020000
v 3.200000 -5.355000 -0.540000
v 3.206470 -5.355852 -0.020000
v 3.206470 -5.355852 -0.540000
v 3.212500 -5.358349 -0.020000
v 3.212500 -5.358349 -0.540000
v 3.217678 -5.362322 -0.020000
v 3.217678 -5.362322 -0.540000
v 3.221651 -5.367500 -0.020000
v 3.221651 -5.367500 -0.540000
v 3.224148 -5.373529 -0.020000
v 3.224148 -5.373529 -0.540000
v 3.225000 -5.380000 -0.020000
v 3.225000 -5.380000 -0.540000
v 3.224148 -5.386471 -0.020000
v 3.224148 -5.386471 -0.540000
v 3.221651 -5.392500 -0.020000
v 3.221651 -5.392500 -0.540000
v 3.217678 -5.397678 -0.020000
v 3.217678 -5.397678 -0.540000
v 3.212500 -5.401651 -0.020000
v 3.212500 -5.401651 -0.540000
v 3.206470 -5.404148 -0.020000
v 3.206470 -5.404148 -0.540000
v 3.200000 -5.405000 -0.020000
v 3.200000 -5.405000 -0.540000
v 3.193530 -5.404148 -0.020000
v 3.193530 -5.404148 -0.540000
v 3.187500 -5.401651 -0.020000
v 3.187500 -5.401651 -0.540000
v 3.182322 -5.397678 -0.020000
v 3.182322 -5.397678 -0.540000
v 3.178349 -5.392500 -0.020000
v 3.178349 -5.392500 -0.540000
v 3.175852 -5.386471 -0.020000
v 3.175852 -5.386471 -0.540000
v 3.175000 -5.380000 -0.020000
v 3.175000 -5.380000 -0.540000
v 3.175852 -5.373529 -0.020000
v 3.175852 -5.373529 -0.540000
v 3.178349 -5.367500 -0.020000
v 3.178349 -5.367500 -0.540000
v 3.182322 -5.362322 -0.020000
v 3.182322 -5.362322 -0.540000
v 3.187500 -5.358349 -0.020000
v 3.187500 -5.358349 -0.540000
v 3.193530 -5.355852 -0.020000
v 3.193530 -5.355852 -0.540000
v 3.200000 -5.220000 -0.580000
v 3.200000 -5.220000 -0.660000
v 3.241411 -5.225452 -0.580000
v 3.241411 -5.225452 -0.660000
v 3.280000 -5.241436 -0.580000
v 3.280000 -5.241436 -0.660000
v 3.313137 -5.266863 -0.580000
v 3.313137 -5.266863 -0.660000
v 3.338564 -5.300000 -0.580000
v 3.338564 -5.300000 -0.660000
v 3.354548 -5.338589 -0.580000
v 3.354548 -5.338589 -0.660000
v 3.360000 -5.380000 -0.580000
v 3.360000 -5.380000 -0.660000
v 3.354548 -5.421411 -0.580000
v 3.354548 -5.421411 -0.660000
v 3.338564 -5.460000 -0.580000
v 3.338564 -5.460000 -0.660000
v 3.313137 -5.493137 -0.580000
v 3.313137 -5.493137 -0.660000
v 3.280000 -5.518564 -0.580000
v 3.280000 -5.518564 -0.660000
v 3.241411 -5.534548 -0.580000
v 3.241411 -5.534548 -0.660000
v 3.200000 -5.540000 -0.580000
v 3.200000 -5.540000 -0.660000
v 3.158589 -5.534548 -0.580000
v 3.158589 -5.534548 -0.660000
v 3.120000 -5.518564 -0.580000
v 3.120000 -5.518564 -0.660000
v 3.086863 -5.493137 -0.580000
v 3.086863 -5.493137 -0.660000
v 3.061436 -5.460000 -0.580000
v 3.061436 -5.460000 -0.660000
v 3.045452 -5.421411 -0.580000
v 3.045452 -5.421411 -0.660000
v 3.040000 -5.380000 -0.580000
v 3.040000 -5.380000 -0.660000
v 3.045452 -5.338589 -0.580000
v 3.045452 -5.338589 -0.660000
v 3.061436 -5.300000 -0.580000
v 3.061436 -5.300000 -0.660000
v 3.086863 -5.266863 -0.580000
v 3.086863 -5.266863 -0.660000
v 3.120000 -5.241436 -0.580000
v 3.120000 -5.241436 -0.660000
v 3.158589 -5.225452 -0.580000
v 3.158589 -5.225452 -0.660000
v 3.342500 -5.345000 -0.602500
v 3.342500 -5.345000 -0.637500
v 3.377500 -5.415000 -0.602500
v 3.377500 -5.415000 -0.637500
v 3.377500 -5.345000 -0.602500
v 3.377500 -5.345000 -0.637500
v 3.345047 -5.357804 -0.602500
v 3.345047 -5.357804 -0.637500
v 3.318259 -5.293132 -0.602500
v 3.318259 -5.293132 -0.637500
v 3.377383 -5.344410 -0.602500
v 3.377383 -5.344410 -0.637500
v 3.350595 -5.279738 -0.602500
v 3.350595 -5.279738 -0.637500
v 3.325511 -5.303986 -0.602500
v 3.325511 -5.303986 -0.637500
v 3.276014 -5.254488 -0.602500
v 3.276014 -5.254488 -0.637500
v 3.350260 -5.279237 -0.602500
v 3.350260 -5.279237 -0.637500
v 3.300763 -5.229740 -0.602500
v 3.300763 -5.229740 -0.637500
v 3.286868 -5.261741 -0.602500
v 3.286868 -5.261741 -0.637500
v 3.222197 -5.234953 -0.602500
v 3.222197 -5.234953 -0.637500
v 3.300262 -5.229405 -0.602500
v 3.300262 -5.229405 -0.637500
v 3.235590 -5.202617 -0.602500
v 3.235590 -5.202617 -0.637500
v 3.235000 -5.237500 -0.602500
v 3.235000 -5.237500 -0.637500
v 3.165000 -5.237500 -0.602500
v 3.165000 -5.237500 -0.637500
v 3.235000 -5.202500 -0.602500
v 3.235000 -5.202500 -0.637500
v 3.165000 -5.202500 -0.602500
v 3.165000 -5.202500 -0.637500
v 3.177803 -5.234953 -0.602500
v 3.177803 -5.234953 -0.637500
v 3.113132 -5.261741 -0.602500
v 3.113132 -5.261741 -0.637500
v 3.164409 -5.202617 -0.602500
v 3.164409 -5.202617 -0.637500
v 3.099738 -5.229405 -0.602500
v 3.099738 -5.229405 -0.637500
v 3.123986 -5.254488 -0.602500
v 3.123986 -5.254488 -0.637500
v 3.074488 -5.303986 -0.602500
v 3.074488 -5.303986 -0.637500
v 3.099237 -5.229740 -0.602500
v 3.099237 -5.229740 -0.637500
v 3.049740 -5.279237 -0.602500
v 3.049740 -5.279237 -0.637500
v 3.081741 -5.293132 -0.602500
v 3.081741 -5.293132 -0.637500
v 3.054953 -5.357804 -0.602500
v 3.054953 -5.357804 -0.637500
v 3.049405 -5.279738 -0.602500
v 3.049405 -5.279738 -0.637500
v 3.022618 -5.344410 -0.602500
v 3.022618 -5.344410 -0.637500
v 3.057500 -5.345000 -0.602500
v 3.057500 -5.345000 -0.637500
v 3.057500 -5.415000 -0.602500
v 3.057500 -5.415000 -0.637500
v 3.022500 -5.345000 -0.602500
v 3.022500 -5.345000 -0.637500
v 3.022500 -5.415000 -0.602500
v 3.022500 -5.415000 -0.637500
v 3.054953 -5.402196 -0.602500
v 3.054953 -5.402196 -0.637500
v 3.081741 -5.466868 -0.602500
v 3.081741 -5.466868 -0.637500
v 3.022618 -5.415590 -0.602500
v 3.022618 -5.415590 -0.637500
v 3.049405 -5.480262 -0.602500
v 3.049405 -5.480262 -0.637500
v 3.074488 -5.456014 -0.602500
v 3.074488 -5.456014 -0.637500
v 3.123986 -5.505511 -0.602500
v 3.123986 -5.505511 -0.637500
v 3.049740 -5.480762 -0.602500
v 3.049740 -5.480762 -0.637500
v 3.099237 -5.530260 -0.602500
v 3.099237 -5.530260 -0.637500
v 3.113132 -5.498259 -0.602500
v 3.113132 -5.498259 -0.637500
v 3.177803 -5.525047 -0.602500
v 3.177803 -5.525047 -0.637500
v 3.099738 -5.530594 -0.602500
v 3.099738 -5.530594 -0.637500
v 3.164409 -5.557383 -0.602500
v 3.164409 -5.557383 -0.637500
v 3.165000 -5.522500 -0.602500
v 3.165000 -5.522500 -0.637500
v 3.235000 -5.522500 -0.602500
v 3.235000 -5.522500 -0.637500
v 3.165000 -5.557500 -0.602500
v 3.165000 -5.557500 -0.637500
v 3.235000 -5.557500 -0.602500
v 3.235000 -5.557500 -0.637500
v 3.222197 -5.525047 -0.602500
v 3.222197 -5.525047 -0.637500
v 3.286868 -5.498259 -0.602500
v 3.286868 -5.498259 -0.637500
v 3.235590 -5.557383 -0.602500
v 3.235590 -5.557383 -0.637500
v 3.300262 -5.530594 -0.602500
v 3.300262 -5.530594 -0.637500
v 3.276014 -5.505511 -0.602500
v 3.276014 -5.505511 -0.637500
v 3.325511 -5.456014 -0.602500
v 3.325511 -5.456014 -0.637500
v 3.300763 -5.530260 -0.602500
v 3.300763 -5.530260 -0.637500
v 3.350260 -5.480762 -0.602500
v 3.350260 -5.480762 -0.637500
v 3.318259 -5.466868 -0.602500
v 3.318259 -5.466868 -0.637500
v 3.345047 -5.402196 -0.602500
v 3.345047 -5.402196 -0.637500
v 3.350595 -5.480262 -0.602500
v 3.350595 -5.480262 -0.637500
v 3.377383 -5.415591 -0.602500
v 3.377383 -5.415591 -0.637500

vt -15.200000 -12.100000
vt -15.200000 4.100000
vt -15.360000 4.100000
vt -15.360000 -12.100000
vt -18.799999 -12.100000
vt -18.799999 4.100000
vt -18.959999 4.100000
vt -18.959999 -12.100000
vt -15.360000 -12.100000
vt -15.360000 4.100000
vt -15.200000 4.100000
vt -15.200000 -12.100000
vt -18.959999 -12.100000
vt -18.959999 4.100000
vt -18.799999 4.100000
vt -18.799999 -12.100000
vt -18.959999 -15.360000
vt -18.799999 -15.360000
vt -18.799999 -15.200000
vt -18.959999 -15.200000
vt -18.799999 -15.360000
vt -18.959999 -15.360000
vt -18.959999 -15.200000
vt -18.799999 -15.200000
vt -15.200000 -12.100000
vt -15.200000 4.100000
vt -15.360000 4.100000
vt -15.360000 -12.100000
vt -17.040001 -12.100000
vt -17.040001 4.100000
vt -17.200001 4.100000
vt -17.200001 -12.100000
vt -15.360000 -12.100000
vt -15.360000 4.100000
vt -15.200000 4.100000
vt -15.200000 -12.100000
vt -17.200001 -12.100000
vt -17.200001 4.100000
vt -17.040001 4.100000
vt -17.040001 -12.100000
vt -17.200001 -15.360000
vt -17.040001 -15.360000
vt -17.040001 -15.200000
vt -17.200001 -15.200000
vt -17.040001 -15.360000
vt -17.200001 -15.360000
vt -17.200001 -15.200000
vt -17.040001 -15.200000
vt -15.219999 -11.250000
vt -15.219999 -11.150000
vt -15.340000 -11.150000
vt -15.340000 -11.250000
vt -17.040001 -11.250000
vt -17.040001 -11.150000
vt -18.959999 -11.150000
vt -18.959999 -11.250000
vt -15.340000 -11.250000
vt -15.340000 -11.150000
vt -15.219999 -11.150000
vt -15.219999 -11.250000
vt -18.959999 -11.250000
vt -18.959999 -11.150000
vt -17.040001 -11.150000
vt -17.040001 -11.250000
vt -18.959999 -15.340000
vt -17.040001 -15.340000
vt -17.040001 -15.219999
vt -18.959999 -15.219999
vt -17.040001 -15.340000
vt -18.959999 -15.340000
vt -18.959999 -15.219999
vt -17.040001 -15.219999
vt -15.219999 -9.970000
vt -15.219999 -9.870000
vt -15.340000 -9.870000
vt -15.340000 -9.970000
vt -17.040001 -9.970000
vt -17.040001 -9.870000
vt -18.959999 -9.870000
vt -18.959999 -9.970000
vt -15.340000 -9.970000
vt -15.340000 -9.870000
vt -15.219999 -9.870000
vt -15.219999 -9.970000
vt -18.959999 -9.970000
vt -18.959999 -9.870000
vt -17.040001 -9.870000
vt -17.040001 -9.970000
vt -18.959999 -15.340000
vt -17.040001 -15.340000
vt -17.040001 -15.219999
vt -18.959999 -15.219999
vt -17.040001 -15.340000
vt -18.959999 -15.340000
vt -18.959999 -15.219999
vt -17.040001 -15.219999
vt -15.219999 -8.690001
vt -15.219999 -8.590000
vt -15.340000 -8.590000
vt -15.340000 -8.690001
vt -17.040001 -8.690001
vt -17.040001 -8.590000
vt -18.959999 -8.590000
vt -18.959999 -8.690001
vt -15.340000 -8.690001
vt -15.340000 -8.590000
vt -15.219999 -8.590000
vt -15.219999 -8.690001
vt -18.959999 -8.690001
vt -18.959999 -8.590000
vt -17.040001 -8.590000
vt -17.040001 -8.690001
vt -18.959999 -15.340000
vt -17.040001 -15.340000
vt -17.040001 -15.219999
vt -18.959999 -15.219999
vt -17.040001 -15.340000
vt -18.959999 -15.340000
vt -18.959999 -15.219999
vt -17.040001 -15.219999
vt -15.219999 -7.410000
vt -15.219999 -7.310000
vt -15.340000 -7.310000
vt -15.340000 -7.410000
vt -17.040001 -7.410000
vt -17.040001 -7.310000
vt -18.959999 -7.310000
vt -18.959999 -7.410000
vt -15.340000 -7.410000
vt -15.340000 -7.310000
vt -15.219999 -7.310000
vt -15.219999 -7.410000
vt -18.959999 -7.410000
vt -18.959999 -7.310000
vt -17.040001 -7.310000
vt -17.040001 -7.410000
vt -18.959999 -15.340000
vt -17.040001 -15.340000
vt -17.040001 -15.219999
vt -18.959999 -15.219999
vt -17.040001 -15.340000
vt -18.959999 -15.340000
vt -18.959999 -15.219999
vt -17.040001 -15.219999
vt -15.219999 -6.130000
vt -15.219999 -6.030000
vt -15.340000 -6.030000
vt -15.340000 -6.130000
vt -17.040001 -6.130000
vt -17.040001 -6.030000
vt -18.959999 -6.030000
vt -18.959999 -6.130000
vt -15.340000 -6.130000
vt -15.340000 -6.030000
vt -15.219999 -6.030000
vt -15.219999 -6.130000
vt -18.959999 -6.130000
vt -18.959999 -6.030000
vt -17.040001 -6.030000
vt -17.040001 -6.130000
vt -18.959999 -15.340000
vt -17.040001 -15.340000
vt -17.040001 -15.219999
vt -18.959999 -15.219999
vt -17.040001 -15.340000
vt -18.959999 -15.340000
vt -18.959999 -15.219999
vt -17.040001 -15.219999
vt -15.219999 -4.850000
vt -15.219999 -4.750000
vt -15.340000 -4.750000
vt -15.340000 -4.850000
vt -17.040001 -4.850000
vt -17.040001 -4.750000
vt -18.959999 -4.750000
vt -18.959999 -4.850000
vt -15.340000 -4.850000
vt -15.340000 -4.750000
vt -15.219999 -4.750000
vt -15.219999 -4.850000
vt -18.959999 -4.850000
vt -18.959999 -4.750000
vt -17.040001 -4.750000
vt -17.040001 -4.850000
vt -18.959999 -15.340000
vt -17.040001 -15.340000
vt -17.040001 -15.219999
vt -18.959999 -15.219999
vt -17.040001 -15.340000
vt -18.959999 -15.340000
vt -18.959999 -15.219999
vt -17.040001 -15.219999
vt -15.219999 -3.570000
vt -15.219999 -3.470000
vt -15.340000 -3.470000
vt -15.340000 -3.570000
vt -17.040001 -3.570000
vt -17.040001 -3.470000
vt -18.959999 -3.470000
vt -18.959999 -3.570000
vt -15.340000 -3.570000
vt -15.340000 -3.470000
vt -15.219999 -3.470000
vt -15.219999 -3.570000
vt -18.959999 -3.570000
vt -18.959999 -3.470000
vt -17.040001 -3.470000
vt -17.040001 -3.570000
vt -18.959999 -15.340000
vt -17.040001 -15.340000
vt -17.040001 -15.219999
vt -18.959999 -15.219999
vt -17.040001 -15.340000
vt -18.959999 -15.340000
vt -18.959999 -15.219999
vt -17.040001 -15.219999
vt -15.219999 -2.290000
vt -15.219999 -2.190000
vt -15.340000 -2.190000
vt -15.340000 -2.290000
vt -17.040001 -2.290000
vt -17.040001 -2.190000
vt -18.959999 -2.190000
vt -18.959999 -2.290000
vt -15.340000 -2.290000
vt -15.340000 -2.190000
vt -15.219999 -2.190000
vt -15.219999 -2.290000
vt -18.959999 -2.290000
vt -18.959999 -2.190000
vt -17.040001 -2.190000
vt -17.040001 -2.290000
vt -18.959999 -15.340000
vt -17.040001 -15.340000
vt -17.040001 -15.219999
vt -18.959999 -15.219999
vt -17.040001 -15.340000
vt -18.959999 -15.340000
vt -18.959999 -15.219999
vt -17.040001 -15.219999
vt -15.219999 -1.010000
vt -15.219999 -0.910000
vt -15.340000 -0.910000
vt -15.340000 -1.010000
vt -17.040001 -1.010000
vt -17.040001 -0.910000
vt -18.959999 -0.910000
vt -18.959999 -1.010000
vt -15.340000 -1.010000
vt -15.340000 -0.910000
vt -15.219999 -0.910000
vt -15.219999 -1.010000
vt -18.959999 -1.010000
vt -18.959999 -0.910000
vt -17.040001 -0.910000
vt -17.040001 -1.010000
vt -18.959999 -15.340000
vt -17.040001 -15.340000
vt -17.040001 -15.219999
vt -18.959999 -15.219999
vt -17.040001 -15.340000
vt -18.959999 -15.340000
vt -18.959999 -15.219999
vt -17.040001 -15.219999
vt -15.219999 0.270000
vt -15.219999 0.370000
vt -15.340000 0.370000
vt -15.340000 0.270000
vt -17.040001 0.270000
vt -17.040001 0.370000
vt -18.959999 0.370000
vt -18.959999 0.270000
vt -15.340000 0.270000
vt -15.340000 0.370000
vt -15.219999 0.370000
vt -15.219999 0.270000
vt -18.959999 0.270000
vt -18.959999 0.370000
vt -17.040001 0.370000
vt -17.040001 0.270000
vt -18.959999 -15.340000
vt -17.040001 -15.340000
vt -17.040001 -15.219999
vt -18.959999 -15.219999
vt -17.040001 -15.340000
vt -18.959999 -15.340000
vt -18.959999 -15.219999
vt -17.040001 -15.219999
vt -15.219999 1.550000
vt -15.219999 1.650000
vt -15.340000 1.650000
vt -15.340000 1.550000
vt -17.040001 1.550000
vt -17.040001 1.650000
vt -18.959999 1.650000
vt -18.959999 1.550000
vt -15.340000 1.550000
vt -15.340000 1.650000
vt -15.219999 1.650000
vt -15.219999 1.550000
vt -18.959999 1.550000
vt -18.959999 1.650000
vt -17.040001 1.650000
vt -17.040001 1.550000
vt -18.959999 -15.340000
vt -17.040001 -15.340000
vt -17.040001 -15.219999
vt -18.959999 -15.219999
vt -17.040001 -15.340000
vt -18.959999 -15.340000
vt -18.959999 -15.219999
vt -17.040001 -15.219999
vt -15.219999 2.830000
vt -15.219999 2.930000
vt -15.340000 2.930000
vt -15.340000 2.830000
vt -17.040001 2.830000
vt -17.040001 2.930000
vt -18.959999 2.930000
vt -18.959999 2.830000
vt -15.340000 2.830000
vt -15.340000 2.930000
vt -15.219999 2.930000
vt -15.219999 2.830000
vt -18.959999 2.830000
vt -18.959999 2.930000
vt -17.040001 2.930000
vt -17.040001 2.830000
vt -18.959999 -15.340000
vt -17.040001 -15.340000
vt -17.040001 -15.219999
vt -18.959999 -15.219999
vt -17.040001 -15.340000
vt -18.959999 -15.340000
vt -18.959999 -15.219999
vt -17.040001 -15.219999
vt -15.099999 3.740000
vt -15.099999 3.860000
vt -19.699999 3.860000
vt -19.699999 3.740000
vt -18.820000 3.740000
vt -18.820000 3.860000
vt -18.939999 3.860000
vt -18.939999 3.740000
vt -19.699999 3.740000
vt -19.699999 3.860000
vt -15.099999 3.860000
vt -15.099999 3.740000
vt -18.939999 3.740000
vt -18.939999 3.860000
vt -18.820000 3.860000
vt -18.820000 3.740000
vt -18.939999 -19.699999
vt -18.820000 -19.699999
vt -18.820000 -15.099999
vt -18.939999 -15.099999
vt -18.820000 -19.699999
vt -18.939999 -19.699999
vt -18.939999 -15.099999
vt -18.820000 -15.099999
vt -15.099999 3.740000
vt -15.099999 3.860000
vt -19.699999 3.860000
vt -19.699999 3.740000
vt -17.060001 3.740000
vt -17.060001 3.860000
vt -17.180000 3.860000
vt -17.180000 3.740000
vt -19.699999 3.740000
vt -19.699999 3.860000
vt -15.099999 3.860000
vt -15.099999 3.740000
vt -17.180000 3.740000
vt -17.180000 3.860000
vt -17.060001 3.860000
vt -17.060001 3.740000
vt -17.180000 -19.699999
vt -17.060001 -19.699999
vt -17.060001 -15.099999
vt -17.180000 -15.099999
vt -17.060001 -19.699999
vt -17.180000 -19.699999
vt -17.180000 -15.099999
vt -17.060001 -15.099999
vt -18.910000 0.080000
vt -18.910000 3.920000
vt -19.090000 3.920000
vt -19.090000 0.080000
vt -18.789999 0.080000
vt -18.789999 3.920000
vt -18.969999 3.920000
vt -18.969999 0.080000
vt -19.090000 0.080000
vt -19.090000 3.920000
vt -18.910000 3.920000
vt -18.910000 0.080000
vt -18.969999 0.080000
vt -18.969999 3.920000
vt -18.789999 3.920000
vt -18.789999 0.080000
vt -18.969999 -19.090000
vt -18.789999 -19.090000
vt -18.789999 -18.910000
vt -18.969999 -18.910000
vt -18.789999 -19.090000
vt -18.969999 -19.090000
vt -18.969999 -18.910000
vt -18.789999 -18.910000
vt -18.910000 0.080000
vt -18.910000 3.920000
vt -19.090000 3.920000
vt -19.090000 0.080000
vt -17.030001 0.080000
vt -17.030001 3.920000
vt -17.210001 3.920000
vt -17.210001 0.080000
vt -19.090000 0.080000
vt -19.090000 3.920000
vt -18.910000 3.920000
vt -18.910000 0.080000
vt -17.210001 0.080000
vt -17.210001 3.920000
vt -17.030001 3.920000
vt -17.030001 0.080000
vt -17.210001 -19.090000
vt -17.030001 -19.090000
vt -17.030001 -18.910000
vt -17.210001 -18.910000
vt -17.030001 -19.090000
vt -17.210001 -19.090000
vt -17.210001 -18.910000
vt -17.030001 -18.910000
vt -16.709999 0.080000
vt -16.709999 4.280000
vt -16.889999 4.280000
vt -16.889999 0.080000
vt 26.290001 0.080000
vt 26.290001 4.280000
vt 26.110001 4.280000
vt 26.110001 0.080000
vt -16.889999 0.080000
vt -16.889999 4.280000
vt -16.709999 4.280000
vt -16.709999 0.080000
vt 26.110001 0.080000
vt 26.110001 4.280000
vt 26.290001 4.280000
vt 26.290001 0.080000
vt 26.110001 -16.889999
vt 26.290001 -16.889999
vt 26.290001 -16.709999
vt 26.110001 -16.709999
vt 26.290001 -16.889999
vt 26.110001 -16.889999
vt 26.110001 -16.709999
vt 26.290001 -16.709999
vt -7.110000 0.080000
vt -7.110000 4.280000
vt -7.290000 4.280000
vt -7.290000 0.080000
vt 26.290001 0.080000
vt 26.290001 4.280000
vt 26.110001 4.280000
vt 26.110001 0.080000
vt -7.290000 0.080000
vt -7.290000 4.280000
vt -7.110000 4.280000
vt -7.110000 0.080000
vt 26.110001 0.080000
vt 26.110001 4.280000
vt 26.290001 4.280000
vt 26.290001 0.080000
vt 26.110001 -7.290000
vt 26.290001 -7.290000
vt 26.290001 -7.110000
vt 26.110001 -7.110000
vt 26.290001 -7.290000
vt 26.110001 -7.290000
vt 26.110001 -7.110000
vt 26.290001 -7.110000
vt 2.490000 0.080000
vt 2.490000 4.280000
vt 2.310000 4.280000
vt 2.310000 0.080000
vt 26.290001 0.080000
vt 26.290001 4.280000
vt 26.110001 4.280000
vt 26.110001 0.080000
vt 2.310000 0.080000
vt 2.310000 4.280000
vt 2.490000 4.280000
vt 2.490000 0.080000
vt 26.110001 0.080000
vt 26.110001 4.280000
vt 26.290001 4.280000
vt 26.290001 0.080000
vt 26.110001 2.310000
vt 26.290001 2.310000
vt 26.290001 2.490000
vt 26.110001 2.490000
vt 26.290001 2.310000
vt 26.110001 2.310000
vt 26.110001 2.490000
vt 26.290001 2.490000
vt 12.090000 0.080000
vt 12.090000 4.280000
vt 11.910000 4.280000
vt 11.910000 0.080000
vt 26.290001 0.080000
vt 26.290001 4.280000
vt 26.110001 4.280000
vt 26.110001 0.080000
vt 11.910000 0.080000
vt 11.910000 4.280000
vt 12.090000 4.280000
vt 12.090000 0.080000
vt 26.110001 0.080000
vt 26.110001 4.280000
vt 26.290001 4.280000
vt 26.290001 0.080000
vt 26.110001 11.910000
vt 26.290001 11.910000
vt 26.290001 12.090000
vt 26.110001 12.090000
vt 26.290001 11.910000
vt 26.110001 11.910000
vt 26.110001 12.090000
vt 26.290001 12.090000
vt 21.690001 0.080000
vt 21.690001 4.280000
vt 21.510000 4.280000
vt 21.510000 0.080000
vt 26.290001 0.080000
vt 26.290001 4.280000
vt 26.110001 4.280000
vt 26.110001 0.080000
vt 21.510000 0.080000
vt 21.510000 4.280000
vt 21.690001 4.280000
vt 21.690001 0.080000
vt 26.110001 0.080000
vt 26.110001 4.280000
vt 26.290001 4.280000
vt 26.290001 0.080000
vt 26.110001 21.510000
vt 26.290001 21.510000
vt 26.290001 21.690001
vt 26.110001 21.690001
vt 26.290001 21.510000
vt 26.110001 21.510000
vt 26.110001 21.690001
vt 26.290001 21.690001
vt 31.290001 0.080000
vt 31.290001 4.280000
vt 31.110001 4.280000
vt 31.110001 0.080000
vt 26.290001 0.080000
vt 26.290001 4.280000
vt 26.110001 4.280000
vt 26.110001 0.080000
vt 31.110001 0.080000
vt 31.110001 4.280000
vt 31.290001 4.280000
vt 31.290001 0.080000
vt 26.110001 0.080000
vt 26.110001 4.280000
vt 26.290001 4.280000
vt 26.290001 0.080000
vt 26.110001 31.110001
vt 26.290001 31.110001
vt 26.290001 31.290001
vt 26.110001 31.290001
vt 26.290001 31.110001
vt 26.110001 31.110001
vt 26.110001 31.290001
vt 26.290001 31.290001
vt 40.889999 0.080000
vt 40.889999 4.280000
vt 40.709999 4.280000
vt 40.709999 0.080000
vt 26.290001 0.080000
vt 26.290001 4.280000
vt 26.110001 4.280000
vt 26.110001 0.080000
vt 40.709999 0.080000
vt 40.709999 4.280000
vt 40.889999 4.280000
vt 40.889999 0.080000
vt 26.110001 0.080000
vt 26.110001 4.280000
vt 26.290001 4.280000
vt 26.290001 0.080000
vt 26.110001 40.709999
vt 26.290001 40.709999
vt 26.290001 40.889999
vt 26.110001 40.889999
vt 26.290001 40.709999
vt 26.110001 40.709999
vt 26.110001 40.889999
vt 26.290001 40.889999
vt 50.490002 0.080000
vt 50.490002 4.280000
vt 50.310001 4.280000
vt 50.310001 0.080000
vt 26.290001 0.080000
vt 26.290001 4.280000
vt 26.110001 4.280000
vt 26.110001 0.080000
vt 50.310001 0.080000
vt 50.310001 4.280000
vt 50.490002 4.280000
vt 50.490002 0.080000
vt 26.110001 0.080000
vt 26.110001 4.280000
vt 26.290001 4.280000
vt 26.290001 0.080000
vt 26.110001 50.310001
vt 26.290001 50.310001
vt 26.290001 50.490002
vt 26.110001 50.490002
vt 26.290001 50.310001
vt 26.110001 50.310001
vt 26.110001 50.490002
vt 26.290001 50.490002
vt 60.090000 0.080000
vt 60.090000 4.280000
vt 59.910000 4.280000
vt 59.910000 0.080000
vt 26.290001 0.080000
vt 26.290001 4.280000
vt 26.110001 4.280000
vt 26.110001 0.080000
vt 59.910000 0.080000
vt 59.910000 4.280000
vt 60.090000 4.280000
vt 60.090000 0.080000
vt 26.110001 0.080000
vt 26.110001 4.280000
vt 26.290001 4.280000
vt 26.290001 0.080000
vt 26.110001 59.910000
vt 26.290001 59.910000
vt 26.290001 60.090000
vt 26.110001 60.090000
vt 26.290001 59.910000
vt 26.110001 59.910000
vt 26.110001 60.090000
vt 26.290001 60.090000
vt 69.689995 0.080000
vt 69.689995 4.280000
vt 69.510002 4.280000
vt 69.510002 0.080000
vt 26.290001 0.080000
vt 26.290001 4.280000
vt 26.110001 4.280000
vt 26.110001 0.080000
vt 69.510002 0.080000
vt 69.510002 4.280000
vt 69.689995 4.280000
vt 69.689995 0.080000
vt 26.110001 0.080000
vt 26.110001 4.280000
vt 26.290001 4.280000
vt 26.290001 0.080000
vt 26.110001 69.510002
vt 26.290001 69.510002
vt 26.290001 69.689995
vt 26.110001 69.689995
vt 26.290001 69.510002
vt 26.110001 69.510002
vt 26.110001 69.689995
vt 26.290001 69.689995
vt 79.289993 0.080000
vt 79.289993 4.280000
vt 79.110001 4.280000
vt 79.110001 0.080000
vt 26.290001 0.080000
vt 26.290001 4.280000
vt 26.110001 4.280000
vt 26.110001 0.080000
vt 79.110001 0.080000
vt 79.110001 4.280000
vt 79.289993 4.280000
vt 79.289993 0.080000
vt 26.110001 0.080000
vt 26.110001 4.280000
vt 26.290001 4.280000
vt 26.290001 0.080000
vt 26.110001 79.110001
vt 26.290001 79.110001
vt 26.290001 79.289993
vt 26.110001 79.289993
vt 26.290001 79.110001
vt 26.110001 79.110001
vt 26.110001 79.289993
vt 26.290001 79.289993
vt 88.889999 0.080000
vt 88.889999 4.280000
vt 88.710007 4.280000
vt 88.710007 0.080000
vt 26.290001 0.080000
vt 26.290001 4.280000
vt 26.110001 4.280000
vt 26.110001 0.080000
vt 88.710007 0.080000
vt 88.710007 4.280000
vt 88.889999 4.280000
vt 88.889999 0.080000
vt 26.110001 0.080000
vt 26.110001 4.280000
vt 26.290001 4.280000
vt 26.290001 0.080000
vt 26.110001 88.710007
vt 26.290001 88.710007
vt 26.290001 88.889999
vt 26.110001 88.889999
vt 26.290001 88.710007
vt 26.110001 88.710007
vt 26.110001 88.889999
vt 26.290001 88.889999
vt -16.709999 0.080000
vt -16.709999 4.280000
vt -16.889999 4.280000
vt -16.889999 0.080000
vt -26.110001 0.080000
vt -26.110001 4.280000
vt -26.290001 4.280000
vt -26.290001 0.080000
vt -16.889999 0.080000
vt -16.889999 4.280000
vt -16.709999 4.280000
vt -16.709999 0.080000
vt -26.290001 0.080000
vt -26.290001 4.280000
vt -26.110001 4.280000
vt -26.110001 0.080000
vt -26.290001 -16.889999
vt -26.110001 -16.889999
vt -26.110001 -16.709999
vt -26.290001 -16.709999
vt -26.110001 -16.889999
vt -26.290001 -16.889999
vt -26.290001 -16.709999
vt -26.110001 -16.709999
vt -7.110000 0.080000
vt -7.110000 4.280000
vt -7.290000 4.280000
vt -7.290000 0.080000
vt -26.110001 0.080000
vt -26.110001 4.280000
vt -26.290001 4.280000
vt -26.290001 0.080000
vt -7.290000 0.080000
vt -7.290000 4.280000
vt -7.110000 4.280000
vt -7.110000 0.080000
vt -26.290001 0.080000
vt -26.290001 4.280000
vt -26.110001 4.280000
vt -26.110001 0.080000
vt -26.290001 -7.290000
vt -26.110001 -7.290000
vt -26.110001 -7.110000
vt -26.290001 -7.110000
vt -26.110001 -7.290000
vt -26.290001 -7.290000
vt -26.290001 -7.110000
vt -26.110001 -7.110000
vt 2.490000 0.080000
vt 2.490000 4.280000
vt 2.310000 4.280000
vt 2.310000 0.080000
vt -26.110001 0.080000
vt -26.110001 4.280000
vt -26.290001 4.280000
vt -26.290001 0.080000
vt 2.310000 0.080000
vt 2.310000 4.280000
vt 2.490000 4.280000
vt 2.490000 0.080000
vt -26.290001 0.080000
vt -26.290001 4.280000
vt -26.110001 4.280000
vt -26.110001 0.080000
vt -26.290001 2.310000
vt -26.110001 2.310000
vt -26.110001 2.490000
vt -26.290001 2.490000
vt -26.110001 2.310000
vt -26.290001 2.310000
vt -26.290001 2.490000
vt -26.110001 2.490000
vt 12.090000 0.080000
vt 12.090000 4.280000
vt 11.910000 4.280000
vt 11.910000 0.080000
vt -26.110001 0.080000
vt -26.110001 4.280000
vt -26.290001 4.280000
vt -26.290001 0.080000
vt 11.910000 0.080000
vt 11.910000 4.280000
vt 12.090000 4.280000
vt 12.090000 0.080000
vt -26.290001 0.080000
vt -26.290001 4.280000
vt -26.110001 4.280000
vt -26.110001 0.080000
vt -26.290001 11.910000
vt -26.110001 11.910000
vt -26.110001 12.090000
vt -26.290001 12.090000
vt -26.110001 11.910000
vt -26.290001 11.910000
vt -26.290001 12.090000
vt -26.110001 12.090000
vt 21.690001 0.080000
vt 21.690001 4.280000
vt 21.510000 4.280000
vt 21.510000 0.080000
vt -26.110001 0.080000
vt -26.110001 4.280000
vt -26.290001 4.280000
vt -26.290001 0.080000
vt 21.510000 0.080000
vt 21.510000 4.280000
vt 21.690001 4.280000
vt 21.690001 0.080000
vt -26.290001 0.080000
vt -26.290001 4.280000
vt -26.110001 4.280000
vt -26.110001 0.080000
vt -26.290001 21.510000
vt -26.110001 21.510000
vt -26.110001 21.690001
vt -26.290001 21.690001
vt -26.110001 21.510000
vt -26.290001 21.510000
vt -26.290001 21.690001
vt -26.110001 21.690001
vt 31.290001 0.080000
vt 31.290001 4.280000
vt 31.110001 4.280000
vt 31.110001 0.080000
vt -26.110001 0.080000
vt -26.110001 4.280000
vt -26.290001 4.280000
vt -26.290001 0.080000
vt 31.110001 0.080000
vt 31.110001 4.280000
vt 31.290001 4.280000
vt 31.290001 0.080000
vt -26.290001 0.080000
vt -26.290001 4.280000
vt -26.110001 4.280000
vt -26.110001 0.080000
vt -26.290001 31.110001
vt -26.110001 31.110001
vt -26.110001 31.290001
vt -26.290001 31.290001
vt -26.110001 31.110001
vt -26.290001 31.110001
vt -26.290001 31.290001
vt -26.110001 31.290001
vt 40.889999 0.080000
vt 40.889999 4.280000
vt 40.709999 4.280000
vt 40.709999 0.080000
vt -26.110001 0.080000
vt -26.110001 4.280000
vt -26.290001 4.280000
vt -26.290001 0.080000
vt 40.709999 0.080000
vt 40.709999 4.280000
vt 40.889999 4.280000
vt 40.889999 0.080000
vt -26.290001 0.080000
vt -26.290001 4.280000
vt -26.110001 4.280000
vt -26.110001 0.080000
vt -26.290001 40.709999
vt -26.110001 40.709999
vt -26.110001 40.889999
vt -26.290001 40.889999
vt -26.110001 40.709999
vt -26.290001 40.709999
vt -26.290001 40.889999
vt -26.110001 40.889999
vt 50.490002 0.080000
vt 50.490002 4.280000
vt 50.310001 4.280000
vt 50.310001 0.080000
vt -26.110001 0.080000
vt -26.110001 4.280000
vt -26.290001 4.280000
vt -26.290001 0.080000
vt 50.310001 0.080000
vt 50.310001 4.280000
vt 50.490002 4.280000
vt 50.490002 0.080000
vt -26.290001 0.080000
vt -26.290001 4.280000
vt -26.110001 4.280000
vt -26.110001 0.080000
vt -26.290001 50.310001
vt -26.110001 50.310001
vt -26.110001 50.490002
vt -26.290001 50.490002
vt -26.110001 50.310001
vt -26.290001 50.310001
vt -26.290001 50.490002
vt -26.110001 50.490002
vt 60.090000 0.080000
vt 60.090000 4.280000
vt 59.910000 4.280000
vt 59.910000 0.080000
vt -26.110001 0.080000
vt -26.110001 4.280000
vt -26.290001 4.280000
vt -26.290001 0.080000
vt 59.910000 0.080000
vt 59.910000 4.280000
vt 60.090000 4.280000
vt 60.090000 0.080000
vt -26.290001 0.080000
vt -26.290001 4.280000
vt -26.110001 4.280000
vt -26.110001 0.080000
vt -26.290001 59.910000
vt -26.110001 59.910000
vt -26.110001 60.090000
vt -26.290001 60.090000
vt -26.110001 59.910000
vt -26.290001 59.910000
vt -26.290001 60.090000
vt -26.110001 60.090000
vt 69.689995 0.080000
vt 69.689995 4.280000
vt 69.510002 4.280000
vt 69.510002 0.080000
vt -26.110001 0.080000
vt -26.110001 4.280000
vt -26.290001 4.280000
vt -26.290001 0.080000
vt 69.510002 0.080000
vt 69.510002 4.280000
vt 69.689995 4.280000
vt 69.689995 0.080000
vt -26.290001 0.080000
vt -26.290001 4.280000
vt -26.110001 4.280000
vt -26.110001 0.080000
vt -26.290001 69.510002
vt -26.110001 69.510002
vt -26.110001 69.689995
vt -26.290001 69.689995
vt -26.110001 69.510002
vt -26.290001 69.510002
vt -26.290001 69.689995
vt -26.110001 69.689995
vt 79.289993 0.080000
vt 79.289993 4.280000
vt 79.110001 4.280000
vt 79.110001 0.080000
vt -26.110001 0.080000
vt -26.110001 4.280000
vt -26.290001 4.280000
vt -26.290001 0.080000
vt 79.110001 0.080000
vt 79.110001 4.280000
vt 79.289993 4.280000
vt 79.289993 0.080000
vt -26.290001 0.080000
vt -26.290001 4.280000
vt -26.110001 4.280000
vt -26.110001 0.080000
vt -26.290001 79.110001
vt -26.110001 79.110001
vt -26.110001 79.289993
vt -26.290001 79.289993
vt -26.110001 79.110001
vt -26.290001 79.110001
vt -26.290001 79.289993
vt -26.110001 79.289993
vt 88.889999 0.080000
vt 88.889999 4.280000
vt 88.710007 4.280000
vt 88.710007 0.080000
vt -26.110001 0.080000
vt -26.110001 4.280000
vt -26.290001 4.280000
vt -26.290001 0.080000
vt 88.710007 0.080000
vt 88.710007 4.280000
vt 88.889999 4.280000
vt 88.889999 0.080000
vt -26.290001 0.080000
vt -26.290001 4.280000
vt -26.110001 4.280000
vt -26.110001 0.080000
vt -26.290001 88.710007
vt -26.110001 88.710007
vt -26.110001 88.889999
vt -26.290001 88.889999
vt -26.110001 88.710007
vt -26.290001 88.710007
vt -26.290001 88.889999
vt -26.110001 88.889999
vt 98.289993 0.080000
vt 98.289993 4.280000
vt 98.110001 4.280000
vt 98.110001 0.080000
vt -24.709999 0.080000
vt -24.709999 4.280000
vt -24.889999 4.280000
vt -24.889999 0.080000
vt 98.110001 0.080000
vt 98.110001 4.280000
vt 98.289993 4.280000
vt 98.289993 0.080000
vt -24.889999 0.080000
vt -24.889999 4.280000
vt -24.709999 4.280000
vt -24.709999 0.080000
vt -24.889999 98.110001
vt -24.709999 98.110001
vt -24.709999 98.289993
vt -24.889999 98.289993
vt -24.709999 98.110001
vt -24.889999 98.110001
vt -24.889999 98.289993
vt -24.709999 98.289993
vt 98.289993 0.080000
vt 98.289993 4.280000
vt 98.110001 4.280000
vt 98.110001 0.080000
vt -15.110000 0.080000
vt -15.110000 4.280000
vt -15.290000 4.280000
vt -15.290000 0.080000
vt 98.110001 0.080000
vt 98.110001 4.280000
vt 98.289993 4.280000
vt 98.289993 0.080000
vt -15.290000 0.080000
vt -15.290000 4.280000
vt -15.110000 4.280000
vt -15.110000 0.080000
vt -15.290000 98.110001
vt -15.110000 98.110001
vt -15.110000 98.289993
vt -15.290000 98.289993
vt -15.110000 98.110001
vt -15.290000 98.110001
vt -15.290000 98.289993
vt -15.110000 98.289993
vt 98.289993 0.080000
vt 98.289993 4.280000
vt 98.110001 4.280000
vt 98.110001 0.080000
vt -5.510000 0.080000
vt -5.510000 4.280000
vt -5.690000 4.280000
vt -5.690000 0.080000
vt 98.110001 0.080000
vt 98.110001 4.280000
vt 98.289993 4.280000
vt 98.289993 0.080000
vt -5.690000 0.080000
vt -5.690000 4.280000
vt -5.510000 4.280000
vt -5.510000 0.080000
vt -5.690000 98.110001
vt -5.510000 98.110001
vt -5.510000 98.289993
vt -5.690000 98.289993
vt -5.510000 98.110001
vt -5.690000 98.110001
vt -5.690000 98.289993
vt -5.510000 98.289993
vt 98.289993 0.080000
vt 98.289993 4.280000
vt 98.110001 4.280000
vt 98.110001 0.080000
vt 4.090000 0.080000
vt 4.090000 4.280000
vt 3.910000 4.280000
vt 3.910000 0.080000
vt 98.110001 0.080000
vt 98.110001 4.280000
vt 98.289993 4.280000
vt 98.289993 0.080000
vt 3.910000 0.080000
vt 3.910000 4.280000
vt 4.090000 4.280000
vt 4.090000 0.080000
vt 3.910000 98.110001
vt 4.090000 98.110001
vt 4.090000 98.289993
vt 3.910000 98.289993
vt 4.090000 98.110001
vt 3.910000 98.110001
vt 3.910000 98.289993
vt 4.090000 98.289993
vt 98.289993 0.080000
vt 98.289993 4.280000
vt 98.110001 4.280000
vt 98.110001 0.080000
vt 13.690001 0.080000
vt 13.690001 4.280000
vt 13.510000 4.280000
vt 13.510000 0.080000
vt 98.110001 0.080000
vt 98.110001 4.280000
vt 98.289993 4.280000
vt 98.289993 0.080000
vt 13.510000 0.080000
vt 13.510000 4.280000
vt 13.690001 4.280000
vt 13.690001 0.080000
vt 13.510000 98.110001
vt 13.690001 98.110001
vt 13.690001 98.289993
vt 13.510000 98.289993
vt 13.690001 98.110001
vt 13.510000 98.110001
vt 13.510000 98.289993
vt 13.690001 98.289993
vt 98.289993 0.080000
vt 98.289993 4.280000
vt 98.110001 4.280000
vt 98.110001 0.080000
vt 23.290001 0.080000
vt 23.290001 4.280000
vt 23.110001 4.280000
vt 23.110001 0.080000
vt 98.110001 0.080000
vt 98.110001 4.280000
vt 98.289993 4.280000
vt 98.289993 0.080000
vt 23.110001 0.080000
vt 23.110001 4.280000
vt 23.290001 4.280000
vt 23.290001 0.080000
vt 23.110001 98.110001
vt 23.290001 98.110001
vt 23.290001 98.289993
vt 23.110001 98.289993
vt 23.290001 98.110001
vt 23.110001 98.110001
vt 23.110001 98.289993
vt 23.290001 98.289993
vt -18.110001 0.080000
vt -18.110001 4.280000
vt -18.290001 4.280000
vt -18.290001 0.080000
vt -24.709999 0.080000
vt -24.709999 4.280000
vt -24.889999 4.280000
vt -24.889999 0.080000
vt -18.290001 0.080000
vt -18.290001 4.280000
vt -18.110001 4.280000
vt -18.110001 0.080000
vt -24.889999 0.080000
vt -24.889999 4.280000
vt -24.709999 4.280000
vt -24.709999 0.080000
vt -24.889999 -18.290001
vt -24.709999 -18.290001
vt -24.709999 -18.110001
vt -24.889999 -18.110001
vt -24.709999 -18.290001
vt -24.889999 -18.290001
vt -24.889999 -18.110001
vt -24.709999 -18.110001
vt -18.110001 0.080000
vt -18.110001 4.280000
vt -18.290001 4.280000
vt -18.290001 0.080000
vt -15.110000 0.080000
vt -15.110000 4.280000
vt -15.290000 4.280000
vt -15.290000 0.080000
vt -18.290001 0.080000
vt -18.290001 4.280000
vt -18.110001 4.280000
vt -18.110001 0.080000
vt -15.290000 0.080000
vt -15.290000 4.280000
vt -15.110000 4.280000
vt -15.110000 0.080000
vt -15.290000 -18.290001
vt -15.110000 -18.290001
vt -15.110000 -18.110001
vt -15.290000 -18.110001
vt -15.110000 -18.290001
vt -15.290000 -18.290001
vt -15.290000 -18.110001
vt -15.110000 -18.110001
vt -18.110001 0.080000
vt -18.110001 4.280000
vt -18.290001 4.280000
vt -18.290001 0.080000
vt -5.510000 0.080000
vt -5.510000 4.280000
vt -5.690000 4.280000
vt -5.690000 0.080000
vt -18.290001 0.080000
vt -18.290001 4.280000
vt -18.110001 4.280000
vt -18.110001 0.080000
vt -5.690000 0.080000
vt -5.690000 4.280000
vt -5.510000 4.280000
vt -5.510000 0.080000
vt -5.690000 -18.290001
vt -5.510000 -18.290001
vt -5.510000 -18.110001
vt -5.690000 -18.110001
vt -5.510000 -18.290001
vt -5.690000 -18.290001
vt -5.690000 -18.110001
vt -5.510000 -18.110001
vt -18.110001 0.080000
vt -18.110001 4.280000
vt -18.290001 4.280000
vt -18.290001 0.080000
vt 4.090000 0.080000
vt 4.090000 4.280000
vt 3.910000 4.280000
vt 3.910000 0.080000
vt -18.290001 0.080000
vt -18.290001 4.280000
vt -18.110001 4.280000
vt -18.110001 0.080000
vt 3.910000 0.080000
vt 3.910000 4.280000
vt 4.090000 4.280000
vt 4.090000 0.080000
vt 3.910000 -18.290001
vt 4.090000 -18.290001
vt 4.090000 -18.110001
vt 3.910000 -18.110001
vt 4.090000 -18.290001
vt 3.910000 -18.290001
vt 3.910000 -18.110001
vt 4.090000 -18.110001
vt -18.110001 0.080000
vt -18.110001 4.280000
vt -18.290001 4.280000
vt -18.290001 0.080000
vt 13.690001 0.080000
vt 13.690001 4.280000
vt 13.510000 4.280000
vt 13.510000 0.080000
vt -18.290001 0.080000
vt -18.290001 4.280000
vt -18.110001 4.280000
vt -18.110001 0.080000
vt 13.510000 0.080000
vt 13.510000 4.280000
vt 13.690001 4.280000
vt 13.690001 0.080000
vt 13.510000 -18.290001
vt 13.690001 -18.290001
vt 13.690001 -18.110001
vt 13.510000 -18.110001
vt 13.690001 -18.290001
vt 13.510000 -18.290001
vt 13.510000 -18.110001
vt 13.690001 -18.110001
vt -18.110001 0.080000
vt -18.110001 4.280000
vt -18.290001 4.280000
vt -18.290001 0.080000
vt 23.290001 0.080000
vt 23.290001 4.280000
vt 23.110001 4.280000
vt 23.110001 0.080000
vt -18.290001 0.080000
vt -18.290001 4.280000
vt -18.110001 4.280000
vt -18.110001 0.080000
vt 23.110001 0.080000
vt 23.110001 4.280000
vt 23.290001 4.280000
vt 23.290001 0.080000
vt 23.110001 -18.290001
vt 23.290001 -18.290001
vt 23.290001 -18.110001
vt 23.110001 -18.110001
vt 23.290001 -18.290001
vt 23.110001 -18.290001
vt 23.110001 -18.110001
vt 23.290001 -18.110001
vt 97.199997 3.820000
vt 97.199997 3.940000
vt -17.200001 3.940000
vt -17.200001 3.820000
vt 26.260000 3.820000
vt 26.260000 3.940000
vt 26.140001 3.940000
vt 26.140001 3.820000
vt -17.200001 3.820000
vt -17.200001 3.940000
vt 97.199997 3.940000
vt 97.199997 3.820000
vt 26.140001 3.820000
vt 26.140001 3.940000
vt 26.260000 3.940000
vt 26.260000 3.820000
vt 26.140001 -17.200001
vt 26.260000 -17.200001
vt 26.260000 97.199997
vt 26.140001 97.199997
vt 26.260000 -17.200001
vt 26.140001 -17.200001
vt 26.140001 97.199997
vt 26.260000 97.199997
vt 97.199997 2.020000
vt 97.199997 2.140000
vt -17.200001 2.140000
vt -17.200001 2.020000
vt 26.260000 2.020000
vt 26.260000 2.140000
vt 26.140001 2.140000
vt 26.140001 2.020000
vt -17.200001 2.020000
vt -17.200001 2.140000
vt 97.199997 2.140000
vt 97.199997 2.020000
vt 26.140001 2.020000
vt 26.140001 2.140000
vt 26.260000 2.140000
vt 26.260000 2.020000
vt 26.140001 -17.200001
vt 26.260000 -17.200001
vt 26.260000 97.199997
vt 26.140001 97.199997
vt 26.260000 -17.200001
vt 26.140001 -17.200001
vt 26.140001 97.199997
vt 26.260000 97.199997
vt 97.199997 3.820000
vt 97.199997 3.940000
vt -17.200001 3.940000
vt -17.200001 3.820000
vt -26.140001 3.820000
vt -26.140001 3.940000
vt -26.260000 3.940000
vt -26.260000 3.820000
vt -17.200001 3.820000
vt -17.200001 3.940000
vt 97.199997 3.940000
vt 97.199997 3.820000
vt -26.260000 3.820000
vt -26.260000 3.940000
vt -26.140001 3.940000
vt -26.140001 3.820000
vt -26.260000 -17.200001
vt -26.140001 -17.200001
vt -26.140001 97.199997
vt -26.260000 97.199997
vt -26.140001 -17.200001
vt -26.260000 -17.200001
vt -26.260000 97.199997
vt -26.140001 97.199997
vt 97.199997 2.020000
vt 97.199997 2.140000
vt -17.200001 2.140000
vt -17.200001 2.020000
vt -26.140001 2.020000
vt -26.140001 2.140000
vt -26.260000 2.140000
vt -26.260000 2.020000
vt -17.200001 2.020000
vt -17.200001 2.140000
vt 97.199997 2.140000
vt 97.199997 2.020000
vt -26.260000 2.020000
vt -26.260000 2.140000
vt -26.140001 2.140000
vt -26.140001 2.020000
vt -26.260000 -17.200001
vt -26.140001 -17.200001
vt -26.140001 97.199997
vt -26.260000 97.199997
vt -26.140001 -17.200001
vt -26.260000 -17.200001
vt -26.260000 97.199997
vt -26.140001 97.199997
vt 98.259995 3.820000
vt 98.259995 3.940000
vt 98.139999 3.940000
vt 98.139999 3.820000
vt 25.200001 3.820000
vt 25.200001 3.940000
vt -25.200001 3.940000
vt -25.200001 3.820000
vt 98.139999 3.820000
vt 98.139999 3.940000
vt 98.259995 3.940000
vt 98.259995 3.820000
vt -25.200001 3.820000
vt -25.200001 3.940000
vt 25.200001 3.940000
vt 25.200001 3.820000
vt -25.200001 98.139999
vt 25.200001 98.139999
vt 25.200001 98.259995
vt -25.200001 98.259995
vt 25.200001 98.139999
vt -25.200001 98.139999
vt -25.200001 98.259995
vt 25.200001 98.259995
vt 98.259995 2.020000
vt 98.259995 2.140000
vt 98.139999 2.140000
vt 98.139999 2.020000
vt 25.200001 2.020000
vt 25.200001 2.140000
vt -25.200001 2.140000
vt -25.200001 2.020000
vt 98.139999 2.020000
vt 98.139999 2.140000
vt 98.259995 2.140000
vt 98.259995 2.020000
vt -25.200001 2.020000
vt -25.200001 2.140000
vt 25.200001 2.140000
vt 25.200001 2.020000
vt -25.200001 98.139999
vt 25.200001 98.139999
vt 25.200001 98.259995
vt -25.200001 98.259995
vt 25.200001 98.139999
vt -25.200001 98.139999
vt -25.200001 98.259995
vt 25.200001 98.259995
vt -18.140001 3.820000
vt -18.140001 3.940000
vt -18.260000 3.940000
vt -18.260000 3.820000
vt -20.799999 3.820000
vt -20.799999 3.940000
vt -24.799999 3.940000
vt -24.799999 3.820000
vt -18.260000 3.820000
vt -18.260000 3.940000
vt -18.140001 3.940000
vt -18.140001 3.820000
vt -24.799999 3.820000
vt -24.799999 3.940000
vt -20.799999 3.940000
vt -20.799999 3.820000
vt -24.799999 -18.260000
vt -20.799999 -18.260000
vt -20.799999 -18.140001
vt -24.799999 -18.140001
vt -20.799999 -18.260000
vt -24.799999 -18.260000
vt -24.799999 -18.140001
vt -20.799999 -18.140001
vt -18.140001 2.020000
vt -18.140001 2.140000
vt -18.260000 2.140000
vt -18.260000 2.020000
vt -20.799999 2.020000
vt -20.799999 2.140000
vt -24.799999 2.140000
vt -24.799999 2.020000
vt -18.260000 2.020000
vt -18.260000 2.140000
vt -18.140001 2.140000
vt -18.140001 2.020000
vt -24.799999 2.020000
vt -24.799999 2.140000
vt -20.799999 2.140000
vt -20.799999 2.020000
vt -24.799999 -18.260000
vt -20.799999 -18.260000
vt -20.799999 -18.140001
vt -24.799999 -18.140001
vt -20.799999 -18.260000
vt -24.799999 -18.260000
vt -24.799999 -18.140001
vt -20.799999 -18.140001
vt -18.140001 3.820000
vt -18.140001 3.940000
vt -18.260000 3.940000
vt -18.260000 3.820000
vt 24.799999 3.820000
vt 24.799999 3.940000
vt -15.200000 3.940000
vt -15.200000 3.820000
vt -18.260000 3.820000
vt -18.260000 3.940000
vt -18.140001 3.940000
vt -18.140001 3.820000
vt -15.200000 3.820000
vt -15.200000 3.940000
vt 24.799999 3.940000
vt 24.799999 3.820000
vt -15.200000 -18.260000
vt 24.799999 -18.260000
vt 24.799999 -18.140001
vt -15.200000 -18.140001
vt 24.799999 -18.260000
vt -15.200000 -18.260000
vt -15.200000 -18.140001
vt 24.799999 -18.140001
vt -18.140001 2.020000
vt -18.140001 2.140000
vt -18.260000 2.140000
vt -18.260000 2.020000
vt 24.799999 2.020000
vt 24.799999 2.140000
vt -15.200000 2.140000
vt -15.200000 2.020000
vt -18.260000 2.020000
vt -18.260000 2.140000
vt -18.140001 2.140000
vt -18.140001 2.020000
vt -15.200000 2.020000
vt -15.200000 2.140000
vt 24.799999 2.140000
vt 24.799999 2.020000
vt -15.200000 -18.260000
vt 24.799999 -18.260000
vt 24.799999 -18.140001
vt -15.200000 -18.140001
vt 24.799999 -18.260000
vt -15.200000 -18.260000
vt -15.200000 -18.140001
vt 24.799999 -18.140001
vt 13.040000 -7.010000
vt 13.040000 -6.910000
vt 10.960000 -6.910000
vt 10.960000 -7.010000
vt 23.952002 -7.010000
vt 23.952002 -6.910000
vt 23.872000 -6.910000
vt 23.872000 -7.010000
vt 10.960000 -7.010000
vt 10.960000 -6.910000
vt 13.040000 -6.910000
vt 13.040000 -7.010000
vt 23.872000 -7.010000
vt 23.872000 -6.910000
vt 23.952002 -6.910000
vt 23.952002 -7.010000
vt 23.872000 10.960000
vt 23.952002 10.960000
vt 23.952002 13.040000
vt 23.872000 13.040000
vt 23.952002 10.960000
vt 23.872000 10.960000
vt 23.872000 13.040000
vt 23.952002 13.040000
vt 13.040000 -6.690000
vt 13.040000 -6.590000
vt 10.960000 -6.590000
vt 10.960000 -6.690000
vt 23.952002 -6.690000
vt 23.952002 -6.590000
vt 23.872000 -6.590000
vt 23.872000 -6.690000
vt 10.960000 -6.690000
vt 10.960000 -6.590000
vt 13.040000 -6.590000
vt 13.040000 -6.690000
vt 23.872000 -6.690000
vt 23.872000 -6.590000
vt 23.952002 -6.590000
vt 23.952002 -6.690000
vt 23.872000 10.960000
vt 23.952002 10.960000
vt 23.952002 13.040000
vt 23.872000 13.040000
vt 23.952002 10.960000
vt 23.872000 10.960000
vt 23.872000 13.040000
vt 23.952002 13.040000
vt 13.040000 -6.370000
vt 13.040000 -6.270000
vt 10.960000 -6.270000
vt 10.960000 -6.370000
vt 23.952002 -6.370000
vt 23.952002 -6.270000
vt 23.872000 -6.270000
vt 23.872000 -6.370000
vt 10.960000 -6.370000
vt 10.960000 -6.270000
vt 13.040000 -6.270000
vt 13.040000 -6.370000
vt 23.872000 -6.370000
vt 23.872000 -6.270000
vt 23.952002 -6.270000
vt 23.952002 -6.370000
vt 23.872000 10.960000
vt 23.952002 10.960000
vt 23.952002 13.040000
vt 23.872000 13.040000
vt 23.952002 10.960000
vt 23.872000 10.960000
vt 23.872000 13.040000
vt 23.952002 13.040000
vt 13.040000 -6.050000
vt 13.040000 -5.950000
vt 10.960000 -5.950000
vt 10.960000 -6.050000
vt 23.952002 -6.050000
vt 23.952002 -5.950000
vt 23.872000 -5.950000
vt 23.872000 -6.050000
vt 10.960000 -6.050000
vt 10.960000 -5.950000
vt 13.040000 -5.950000
vt 13.040000 -6.050000
vt 23.872000 -6.050000
vt 23.872000 -5.950000
vt 23.952002 -5.950000
vt 23.952002 -6.050000
vt 23.872000 10.960000
vt 23.952002 10.960000
vt 23.952002 13.040000
vt 23.872000 13.040000
vt 23.952002 10.960000
vt 23.872000 10.960000
vt 23.872000 13.040000
vt 23.952002 13.040000
vt 13.040000 -7.010000
vt 13.040000 -6.910000
vt 10.960000 -6.910000
vt 10.960000 -7.010000
vt -23.872000 -7.010000
vt -23.872000 -6.910000
vt -23.952002 -6.910000
vt -23.952002 -7.010000
vt 10.960000 -7.010000
vt 10.960000 -6.910000
vt 13.040000 -6.910000
vt 13.040000 -7.010000
vt -23.952002 -7.010000
vt -23.952002 -6.910000
vt -23.872000 -6.910000
vt -23.872000 -7.010000
vt -23.952002 10.960000
vt -23.872000 10.960000
vt -23.872000 13.040000
vt -23.952002 13.040000
vt -23.872000 10.960000
vt -23.952002 10.960000
vt -23.952002 13.040000
vt -23.872000 13.040000
vt 13.040000 -6.690000
vt 13.040000 -6.590000
vt 10.960000 -6.590000
vt 10.960000 -6.690000
vt -23.872000 -6.690000
vt -23.872000 -6.590000
vt -23.952002 -6.590000
vt -23.952002 -6.690000
vt 10.960000 -6.690000
vt 10.960000 -6.590000
vt 13.040000 -6.590000
vt 13.040000 -6.690000
vt -23.952002 -6.690000
vt -23.952002 -6.590000
vt -23.872000 -6.590000
vt -23.872000 -6.690000
vt -23.952002 10.960000
vt -23.872000 10.960000
vt -23.872000 13.040000
vt -23.952002 13.040000
vt -23.872000 10.960000
vt -23.952002 10.960000
vt -23.952002 13.040000
vt -23.872000 13.040000
vt 13.040000 -6.370000
vt 13.040000 -6.270000
vt 10.960000 -6.270000
vt 10.960000 -6.370000
vt -23.872000 -6.370000
vt -23.872000 -6.270000
vt -23.952002 -6.270000
vt -23.952002 -6.370000
vt 10.960000 -6.370000
vt 10.960000 -6.270000
vt 13.040000 -6.270000
vt 13.040000 -6.370000
vt -23.952002 -6.370000
vt -23.952002 -6.270000
vt -23.872000 -6.270000
vt -23.872000 -6.370000
vt -23.952002 10.960000
vt -23.872000 10.960000
vt -23.872000 13.040000
vt -23.952002 13.040000
vt -23.872000 10.960000
vt -23.952002 10.960000
vt -23.952002 13.040000
vt -23.872000 13.040000
vt 13.040000 -6.050000
vt 13.040000 -5.950000
vt 10.960000 -5.950000
vt 10.960000 -6.050000
vt -23.872000 -6.050000
vt -23.872000 -5.950000
vt -23.952002 -5.950000
vt -23.952002 -6.050000
vt 10.960000 -6.050000
vt 10.960000 -5.950000
vt 13.040000 -5.950000
vt 13.040000 -6.050000
vt -23.952002 -6.050000
vt -23.952002 -5.950000
vt -23.872000 -5.950000
vt -23.872000 -6.050000
vt -23.952002 10.960000
vt -23.872000 10.960000
vt -23.872000 13.040000
vt -23.952002 13.040000
vt -23.872000 10.960000
vt -23.952002 10.960000
vt -23.952002 13.040000
vt -23.872000 13.040000
vt 69.040001 -7.010000
vt 69.040001 -6.910000
vt 66.959999 -6.910000
vt 66.959999 -7.010000
vt 23.952002 -7.010000
vt 23.952002 -6.910000
vt 23.872000 -6.910000
vt 23.872000 -7.010000
vt 66.959999 -7.010000
vt 66.959999 -6.910000
vt 69.040001 -6.910000
vt 69.040001 -7.010000
vt 23.872000 -7.010000
vt 23.872000 -6.910000
vt 23.952002 -6.910000
vt 23.952002 -7.010000
vt 23.872000 66.959999
vt 23.952002 66.959999
vt 23.952002 69.040001
vt 23.872000 69.040001
vt 23.952002 66.959999
vt 23.872000 66.959999
vt 23.872000 69.040001
vt 23.952002 69.040001
vt 69.040001 -6.690000
vt 69.040001 -6.590000
vt 66.959999 -6.590000
vt 66.959999 -6.690000
vt 23.952002 -6.690000
vt 23.952002 -6.590000
vt 23.872000 -6.590000
vt 23.872000 -6.690000
vt 66.959999 -6.690000
vt 66.959999 -6.590000
vt 69.040001 -6.590000
vt 69.040001 -6.690000
vt 23.872000 -6.690000
vt 23.872000 -6.590000
vt 23.952002 -6.590000
vt 23.952002 -6.690000
vt 23.872000 66.959999
vt 23.952002 66.959999
vt 23.952002 69.040001
vt 23.872000 69.040001
vt 23.952002 66.959999
vt 23.872000 66.959999
vt 23.872000 69.040001
vt 23.952002 69.040001
vt 69.040001 -6.370000
vt 69.040001 -6.270000
vt 66.959999 -6.270000
vt 66.959999 -6.370000
vt 23.952002 -6.370000
vt 23.952002 -6.270000
vt 23.872000 -6.270000
vt 23.872000 -6.370000
vt 66.959999 -6.370000
vt 66.959999 -6.270000
vt 69.040001 -6.270000
vt 69.040001 -6.370000
vt 23.872000 -6.370000
vt 23.872000 -6.270000
vt 23.952002 -6.270000
vt 23.952002 -6.370000
vt 23.872000 66.959999
vt 23.952002 66.959999
vt 23.952002 69.040001
vt 23.872000 69.040001
vt 23.952002 66.959999
vt 23.872000 66.959999
vt 23.872000 69.040001
vt 23.952002 69.040001
vt 69.040001 -6.050000
vt 69.040001 -5.950000
vt 66.959999 -5.950000
vt 66.959999 -6.050000
vt 23.952002 -6.050000
vt 23.952002 -5.950000
vt 23.872000 -5.950000
vt 23.872000 -6.050000
vt 66.959999 -6.050000
vt 66.959999 -5.950000
vt 69.040001 -5.950000
vt 69.040001 -6.050000
vt 23.872000 -6.050000
vt 23.872000 -5.950000
vt 23.952002 -5.950000
vt 23.952002 -6.050000
vt 23.872000 66.959999
vt 23.952002 66.959999
vt 23.952002 69.040001
vt 23.872000 69.040001
vt 23.952002 66.959999
vt 23.872000 66.959999
vt 23.872000 69.040001
vt 23.952002 69.040001
vt 69.040001 -7.010000
vt 69.040001 -6.910000
vt 66.959999 -6.910000
vt 66.959999 -7.010000
vt -23.872000 -7.010000
vt -23.872000 -6.910000
vt -23.952002 -6.910000
vt -23.952002 -7.010000
vt 66.959999 -7.010000
vt 66.959999 -6.910000
vt 69.040001 -6.910000
vt 69.040001 -7.010000
vt -23.952002 -7.010000
vt -23.952002 -6.910000
vt -23.872000 -6.910000
vt -23.872000 -7.010000
vt -23.952002 66.959999
vt -23.872000 66.959999
vt -23.872000 69.040001
vt -23.952002 69.040001
vt -23.872000 66.959999
vt -23.952002 66.959999
vt -23.952002 69.040001
vt -23.872000 69.040001
vt 69.040001 -6.690000
vt 69.040001 -6.590000
vt 66.959999 -6.590000
vt 66.959999 -6.690000
vt -23.872000 -6.690000
vt -23.872000 -6.590000
vt -23.952002 -6.590000
vt -23.952002 -6.690000
vt 66.959999 -6.690000
vt 66.959999 -6.590000
vt 69.040001 -6.590000
vt 69.040001 -6.690000
vt -23.952002 -6.690000
vt -23.952002 -6.590000
vt -23.872000 -6.590000
vt -23.872000 -6.690000
vt -23.952002 66.959999
vt -23.872000 66.959999
vt -23.872000 69.040001
vt -23.952002 69.040001
vt -23.872000 66.959999
vt -23.952002 66.959999
vt -23.952002 69.040001
vt -23.872000 69.040001
vt 69.040001 -6.370000
vt 69.040001 -6.270000
vt 66.959999 -6.270000
vt 66.959999 -6.370000
vt -23.872000 -6.370000
vt -23.872000 -6.270000
vt -23.952002 -6.270000
vt -23.952002 -6.370000
vt 66.959999 -6.370000
vt 66.959999 -6.270000
vt 69.040001 -6.270000
vt 69.040001 -6.370000
vt -23.952002 -6.370000
vt -23.952002 -6.270000
vt -23.872000 -6.270000
vt -23.872000 -6.370000
vt -23.952002 66.959999
vt -23.872000 66.959999
vt -23.872000 69.040001
vt -23.952002 69.040001
vt -23.872000 66.959999
vt -23.952002 66.959999
vt -23.952002 69.040001
vt -23.872000 69.040001
vt 69.040001 -6.050000
vt 69.040001 -5.950000
vt 66.959999 -5.950000
vt 66.959999 -6.050000
vt -23.872000 -6.050000
vt -23.872000 -5.950000
vt -23.952002 -5.950000
vt -23.952002 -6.050000
vt 66.959999 -6.050000
vt 66.959999 -5.950000
vt 69.040001 -5.950000
vt 69.040001 -6.050000
vt -23.952002 -6.050000
vt -23.952002 -5.950000
vt -23.872000 -5.950000
vt -23.872000 -6.050000
vt -23.952002 66.959999
vt -23.872000 66.959999
vt -23.872000 69.040001
vt -23.952002 69.040001
vt -23.872000 66.959999
vt -23.952002 66.959999
vt -23.952002 69.040001
vt -23.872000 69.040001
vt 19.260000 -11.960000
vt 19.260000 -11.912000
vt 19.140001 -11.912000
vt 19.140001 -11.960000
vt 1.040000 -11.960000
vt 1.040000 -11.912000
vt -1.040000 -11.912000
vt -1.040000 -11.960000
vt 19.140001 -11.960000
vt 19.140001 -11.912000
vt 19.260000 -11.912000
vt 19.260000 -11.960000
vt -1.040000 -11.960000
vt -1.040000 -11.912000
vt 1.040000 -11.912000
vt 1.040000 -11.960000
vt -1.040000 19.140001
vt 1.040000 19.140001
vt 1.040000 19.260000
vt -1.040000 19.260000
vt 1.040000 19.140001
vt -1.040000 19.140001
vt -1.040000 19.260000
vt 1.040000 19.260000
vt 19.660000 -11.960000
vt 19.660000 -11.912000
vt 19.540001 -11.912000
vt 19.540001 -11.960000
vt 1.040000 -11.960000
vt 1.040000 -11.912000
vt -1.040000 -11.912000
vt -1.040000 -11.960000
vt 19.540001 -11.960000
vt 19.540001 -11.912000
vt 19.660000 -11.912000
vt 19.660000 -11.960000
vt -1.040000 -11.960000
vt -1.040000 -11.912000
vt 1.040000 -11.912000
vt 1.040000 -11.960000
vt -1.040000 19.540001
vt 1.040000 19.540001
vt 1.040000 19.660000
vt -1.040000 19.660000
vt 1.040000 19.540001
vt -1.040000 19.540001
vt -1.040000 19.660000
vt 1.040000 19.660000
vt 20.059999 -11.960000
vt 20.059999 -11.912000
vt 19.940001 -11.912000
vt 19.940001 -11.960000
vt 1.040000 -11.960000
vt 1.040000 -11.912000
vt -1.040000 -11.912000
vt -1.040000 -11.960000
vt 19.940001 -11.960000
vt 19.940001 -11.912000
vt 20.059999 -11.912000
vt 20.059999 -11.960000
vt -1.040000 -11.960000
vt -1.040000 -11.912000
vt 1.040000 -11.912000
vt 1.040000 -11.960000
vt -1.040000 19.940001
vt 1.040000 19.940001
vt 1.040000 20.059999
vt -1.040000 20.059999
vt 1.040000 19.940001
vt -1.040000 19.940001
vt -1.040000 20.059999
vt 1.040000 20.059999
vt 20.459999 -11.960000
vt 20.459999 -11.912000
vt 20.340000 -11.912000
vt 20.340000 -11.960000
vt 1.040000 -11.960000
vt 1.040000 -11.912000
vt -1.040000 -11.912000
vt -1.040000 -11.960000
vt 20.340000 -11.960000
vt 20.340000 -11.912000
vt 20.459999 -11.912000
vt 20.459999 -11.960000
vt -1.040000 -11.960000
vt -1.040000 -11.912000
vt 1.040000 -11.912000
vt 1.040000 -11.960000
vt -1.040000 20.340000
vt 1.040000 20.340000
vt 1.040000 20.459999
vt -1.040000 20.459999
vt 1.040000 20.340000
vt -1.040000 20.340000
vt -1.040000 20.459999
vt 1.040000 20.459999
vt 20.859999 -11.960000
vt 20.859999 -11.912000
vt 20.740000 -11.912000
vt 20.740000 -11.960000
vt 1.040000 -11.960000
vt 1.040000 -11.912000
vt -1.040000 -11.912000
vt -1.040000 -11.960000
vt 20.740000 -11.960000
vt 20.740000 -11.912000
vt 20.859999 -11.912000
vt 20.859999 -11.960000
vt -1.040000 -11.960000
vt -1.040000 -11.912000
vt 1.040000 -11.912000
vt 1.040000 -11.960000
vt -1.040000 20.740000
vt 1.040000 20.740000
vt 1.040000 20.859999
vt -1.040000 20.859999
vt 1.040000 20.740000
vt -1.040000 20.740000
vt -1.040000 20.859999
vt 1.040000 20.859999
vt 71.259995 -11.960000
vt 71.259995 -11.912000
vt 71.139999 -11.912000
vt 71.139999 -11.960000
vt 1.040000 -11.960000
vt 1.040000 -11.912000
vt -1.040000 -11.912000
vt -1.040000 -11.960000
vt 71.139999 -11.960000
vt 71.139999 -11.912000
vt 71.259995 -11.912000
vt 71.259995 -11.960000
vt -1.040000 -11.960000
vt -1.040000 -11.912000
vt 1.040000 -11.912000
vt 1.040000 -11.960000
vt -1.040000 71.139999
vt 1.040000 71.139999
vt 1.040000 71.259995
vt -1.040000 71.259995
vt 1.040000 71.139999
vt -1.040000 71.139999
vt -1.040000 71.259995
vt 1.040000 71.259995
vt 71.659996 -11.960000
vt 71.659996 -11.912000
vt 71.540001 -11.912000
vt 71.540001 -11.960000
vt 1.040000 -11.960000
vt 1.040000 -11.912000
vt -1.040000 -11.912000
vt -1.040000 -11.960000
vt 71.540001 -11.960000
vt 71.540001 -11.912000
vt 71.659996 -11.912000
vt 71.659996 -11.960000
vt -1.040000 -11.960000
vt -1.040000 -11.912000
vt 1.040000 -11.912000
vt 1.040000 -11.960000
vt -1.040000 71.540001
vt 1.040000 71.540001
vt 1.040000 71.659996
vt -1.040000 71.659996
vt 1.040000 71.540001
vt -1.040000 71.540001
vt -1.040000 71.659996
vt 1.040000 71.659996
vt 72.059998 -11.960000
vt 72.059998 -11.912000
vt 71.940002 -11.912000
vt 71.940002 -11.960000
vt 1.040000 -11.960000
vt 1.040000 -11.912000
vt -1.040000 -11.912000
vt -1.040000 -11.960000
vt 71.940002 -11.960000
vt 71.940002 -11.912000
vt 72.059998 -11.912000
vt 72.059998 -11.960000
vt -1.040000 -11.960000
vt -1.040000 -11.912000
vt 1.040000 -11.912000
vt 1.040000 -11.960000
vt -1.040000 71.940002
vt 1.040000 71.940002
vt 1.040000 72.059998
vt -1.040000 72.059998
vt 1.040000 71.940002
vt -1.040000 71.940002
vt -1.040000 72.059998
vt 1.040000 72.059998
vt 72.459999 -11.960000
vt 72.459999 -11.912000
vt 72.340004 -11.912000
vt 72.340004 -11.960000
vt 1.040000 -11.960000
vt 1.040000 -11.912000
vt -1.040000 -11.912000
vt -1.040000 -11.960000
vt 72.340004 -11.960000
vt 72.340004 -11.912000
vt 72.459999 -11.912000
vt 72.459999 -11.960000
vt -1.040000 -11.960000
vt -1.040000 -11.912000
vt 1.040000 -11.912000
vt 1.040000 -11.960000
vt -1.040000 72.340004
vt 1.040000 72.340004
vt 1.040000 72.459999
vt -1.040000 72.459999
vt 1.040000 72.340004
vt -1.040000 72.340004
vt -1.040000 72.459999
vt 1.040000 72.459999
vt 72.860001 -11.960000
vt 72.860001 -11.912000
vt 72.740005 -11.912000
vt 72.740005 -11.960000
vt 1.040000 -11.960000
vt 1.040000 -11.912000
vt -1.040000 -11.912000
vt -1.040000 -11.960000
vt 72.740005 -11.960000
vt 72.740005 -11.912000
vt 72.860001 -11.912000
vt 72.860001 -11.960000
vt -1.040000 -11.960000
vt -1.040000 -11.912000
vt 1.040000 -11.912000
vt 1.040000 -11.960000
vt -1.040000 72.740005
vt 1.040000 72.740005
vt 1.040000 72.860001
vt -1.040000 72.860001
vt 1.040000 72.740005
vt -1.040000 72.740005
vt -1.040000 72.860001
vt 1.040000 72.860001
vt 0.480000 -4.450000
vt 0.480000 -4.350000
vt -0.480000 -4.350000
vt -0.480000 -4.450000
vt 24.040001 -4.450000
vt 24.040001 -4.350000
vt 23.959999 -4.350000
vt 23.959999 -4.450000
vt -0.480000 -4.450000
vt -0.480000 -4.350000
vt 0.480000 -4.350000
vt 0.480000 -4.450000
vt 23.959999 -4.450000
vt 23.959999 -4.350000
vt 24.040001 -4.350000
vt 24.040001 -4.450000
vt 23.959999 -0.480000
vt 24.040001 -0.480000
vt 24.040001 0.480000
vt 23.959999 0.480000
vt 24.040001 -0.480000
vt 23.959999 -0.480000
vt 23.959999 0.480000
vt 24.040001 0.480000
vt 0.480000 -5.250000
vt 0.480000 -5.150000
vt -0.480000 -5.150000
vt -0.480000 -5.250000
vt 24.040001 -5.250000
vt 24.040001 -5.150000
vt 23.959999 -5.150000
vt 23.959999 -5.250000
vt -0.480000 -5.250000
vt -0.480000 -5.150000
vt 0.480000 -5.150000
vt 0.480000 -5.250000
vt 23.959999 -5.250000
vt 23.959999 -5.150000
vt 24.040001 -5.150000
vt 24.040001 -5.250000
vt 23.959999 -0.480000
vt 24.040001 -0.480000
vt 24.040001 0.480000
vt 23.959999 0.480000
vt 24.040001 -0.480000
vt 23.959999 -0.480000
vt 23.959999 0.480000
vt 24.040001 0.480000
vt -0.370000 -5.160000
vt -0.370000 -4.440000
vt -0.470000 -4.440000
vt -0.470000 -5.160000
vt 24.040001 -5.160000
vt 24.040001 -4.440000
vt 23.959999 -4.440000
vt 23.959999 -5.160000
vt -0.470000 -5.160000
vt -0.470000 -4.440000
vt -0.370000 -4.440000
vt -0.370000 -5.160000
vt 23.959999 -5.160000
vt 23.959999 -4.440000
vt 24.040001 -4.440000
vt 24.040001 -5.160000
vt 23.959999 -0.470000
vt 24.040001 -0.470000
vt 24.040001 -0.370000
vt 23.959999 -0.370000
vt 24.040001 -0.470000
vt 23.959999 -0.470000
vt 23.959999 -0.370000
vt 24.040001 -0.370000
vt 0.470000 -5.160000
vt 0.470000 -4.440000
vt 0.370000 -4.440000
vt 0.370000 -5.160000
vt 24.040001 -5.160000
vt 24.040001 -4.440000
vt 23.959999 -4.440000
vt 23.959999 -5.160000
vt 0.370000 -5.160000
vt 0.370000 -4.440000
vt 0.470000 -4.440000
vt 0.470000 -5.160000
vt 23.959999 -5.160000
vt 23.959999 -4.440000
vt 24.040001 -4.440000
vt 24.040001 -5.160000
vt 23.959999 0.370000
vt 24.040001 0.370000
vt 24.040001 0.470000
vt 23.959999 0.470000
vt 24.040001 0.370000
vt 23.959999 0.370000
vt 23.959999 0.470000
vt 24.040001 0.470000
vt 0.480000 -4.450000
vt 0.480000 -4.350000
vt -0.480000 -4.350000
vt -0.480000 -4.450000
vt -23.959999 -4.450000
vt -23.959999 -4.350000
vt -24.040001 -4.350000
vt -24.040001 -4.450000
vt -0.480000 -4.450000
vt -0.480000 -4.350000
vt 0.480000 -4.350000
vt 0.480000 -4.450000
vt -24.040001 -4.450000
vt -24.040001 -4.350000
vt -23.959999 -4.350000
vt -23.959999 -4.450000
vt -24.040001 -0.480000
vt -23.959999 -0.480000
vt -23.959999 0.480000
vt -24.040001 0.480000
vt -23.959999 -0.480000
vt -24.040001 -0.480000
vt -24.040001 0.480000
vt -23.959999 0.480000
vt 0.480000 -5.250000
vt 0.480000 -5.150000
vt -0.480000 -5.150000
vt -0.480000 -5.250000
vt -23.959999 -5.250000
vt -23.959999 -5.150000
vt -24.040001 -5.150000
vt -24.040001 -5.250000
vt -0.480000 -5.250000
vt -0.480000 -5.150000
vt 0.480000 -5.150000
vt 0.480000 -5.250000
vt -24.040001 -5.250000
vt -24.040001 -5.150000
vt -23.959999 -5.150000
vt -23.959999 -5.250000
vt -24.040001 -0.480000
vt -23.959999 -0.480000
vt -23.959999 0.480000
vt -24.040001 0.480000
vt -23.959999 -0.480000
vt -24.040001 -0.480000
vt -24.040001 0.480000
vt -23.959999 0.480000
vt -0.370000 -5.160000
vt -0.370000 -4.440000
vt -0.470000 -4.440000
vt -0.470000 -5.160000
vt -23.959999 -5.160000
vt -23.959999 -4.440000
vt -24.040001 -4.440000
vt -24.040001 -5.160000
vt -0.470000 -5.160000
vt -0.470000 -4.440000
vt -0.370000 -4.440000
vt -0.370000 -5.160000
vt -24.040001 -5.160000
vt -24.040001 -4.440000
vt -23.959999 -4.440000
vt -23.959999 -5.160000
vt -24.040001 -0.470000
vt -23.959999 -0.470000
vt -23.959999 -0.370000
vt -24.040001 -0.370000
vt -23.959999 -0.470000
vt -24.040001 -0.470000
vt -24.040001 -0.370000
vt -23.959999 -0.370000
vt 0.470000 -5.160000
vt 0.470000 -4.440000
vt 0.370000 -4.440000
vt 0.370000 -5.160000
vt -23.959999 -5.160000
vt -23.959999 -4.440000
vt -24.040001 -4.440000
vt -24.040001 -5.160000
vt 0.370000 -5.160000
vt 0.370000 -4.440000
vt 0.470000 -4.440000
vt 0.470000 -5.160000
vt -24.040001 -5.160000
vt -24.040001 -4.440000
vt -23.959999 -4.440000
vt -23.959999 -5.160000
vt -24.040001 0.370000
vt -23.959999 0.370000
vt -23.959999 0.470000
vt -24.040001 0.470000
vt -23.959999 0.370000
vt -24.040001 0.370000
vt -24.040001 0.470000
vt -23.959999 0.470000
vt 28.480000 -4.450000
vt 28.480000 -4.350000
vt 27.520000 -4.350000
vt 27.520000 -4.450000
vt 24.040001 -4.450000
vt 24.040001 -4.350000
vt 23.959999 -4.350000
vt 23.959999 -4.450000
vt 27.520000 -4.450000
vt 27.520000 -4.350000
vt 28.480000 -4.350000
vt 28.480000 -4.450000
vt 23.959999 -4.450000
vt 23.959999 -4.350000
vt 24.040001 -4.350000
vt 24.040001 -4.450000
vt 23.959999 27.520000
vt 24.040001 27.520000
vt 24.040001 28.480000
vt 23.959999 28.480000
vt 24.040001 27.520000
vt 23.959999 27.520000
vt 23.959999 28.480000
vt 24.040001 28.480000
vt 28.480000 -5.250000
vt 28.480000 -5.150000
vt 27.520000 -5.150000
vt 27.520000 -5.250000
vt 24.040001 -5.250000
vt 24.040001 -5.150000
vt 23.959999 -5.150000
vt 23.959999 -5.250000
vt 27.520000 -5.250000
vt 27.520000 -5.150000
vt 28.480000 -5.150000
vt 28.480000 -5.250000
vt 23.959999 -5.250000
vt 23.959999 -5.150000
vt 24.040001 -5.150000
vt 24.040001 -5.250000
vt 23.959999 27.520000
vt 24.040001 27.520000
vt 24.040001 28.480000
vt 23.959999 28.480000
vt 24.040001 27.520000
vt 23.959999 27.520000
vt 23.959999 28.480000
vt 24.040001 28.480000
vt 27.629999 -5.160000
vt 27.629999 -4.440000
vt 27.530001 -4.440000
vt 27.530001 -5.160000
vt 24.040001 -5.160000
vt 24.040001 -4.440000
vt 23.959999 -4.440000
vt 23.959999 -5.160000
vt 27.530001 -5.160000
vt 27.530001 -4.440000
vt 27.629999 -4.440000
vt 27.629999 -5.160000
vt 23.959999 -5.160000
vt 23.959999 -4.440000
vt 24.040001 -4.440000
vt 24.040001 -5.160000
vt 23.959999 27.530001
vt 24.040001 27.530001
vt 24.040001 27.629999
vt 23.959999 27.629999
vt 24.040001 27.530001
vt 23.959999 27.530001
vt 23.959999 27.629999
vt 24.040001 27.629999
vt 28.469999 -5.160000
vt 28.469999 -4.440000
vt 28.370001 -4.440000
vt 28.370001 -5.160000
vt 24.040001 -5.160000
vt 24.040001 -4.440000
vt 23.959999 -4.440000
vt 23.959999 -5.160000
vt 28.370001 -5.160000
vt 28.370001 -4.440000
vt 28.469999 -4.440000
vt 28.469999 -5.160000
vt 23.959999 -5.160000
vt 23.959999 -4.440000
vt 24.040001 -4.440000
vt 24.040001 -5.160000
vt 23.959999 28.370001
vt 24.040001 28.370001
vt 24.040001 28.469999
vt 23.959999 28.469999
vt 24.040001 28.370001
vt 23.959999 28.370001
vt 23.959999 28.469999
vt 24.040001 28.469999
vt 28.480000 -4.450000
vt 28.480000 -4.350000
vt 27.520000 -4.350000
vt 27.520000 -4.450000
vt -23.959999 -4.450000
vt -23.959999 -4.350000
vt -24.040001 -4.350000
vt -24.040001 -4.450000
vt 27.520000 -4.450000
vt 27.520000 -4.350000
vt 28.480000 -4.350000
vt 28.480000 -4.450000
vt -24.040001 -4.450000
vt -24.040001 -4.350000
vt -23.959999 -4.350000
vt -23.959999 -4.450000
vt -24.040001 27.520000
vt -23.959999 27.520000
vt -23.959999 28.480000
vt -24.040001 28.480000
vt -23.959999 27.520000
vt -24.040001 27.520000
vt -24.040001 28.480000
vt -23.959999 28.480000
vt 28.480000 -5.250000
vt 28.480000 -5.150000
vt 27.520000 -5.150000
vt 27.520000 -5.250000
vt -23.959999 -5.250000
vt -23.959999 -5.150000
vt -24.040001 -5.150000
vt -24.040001 -5.250000
vt 27.520000 -5.250000
vt 27.520000 -5.150000
vt 28.480000 -5.150000
vt 28.480000 -5.250000
vt -24.040001 -5.250000
vt -24.040001 -5.150000
vt -23.959999 -5.150000
vt -23.959999 -5.250000
vt -24.040001 27.520000
vt -23.959999 27.520000
vt -23.959999 28.480000
vt -24.040001 28.480000
vt -23.959999 27.520000
vt -24.040001 27.520000
vt -24.040001 28.480000
vt -23.959999 28.480000
vt 27.629999 -5.160000
vt 27.629999 -4.440000
vt 27.530001 -4.440000
vt 27.530001 -5.160000
vt -23.959999 -5.160000
vt -23.959999 -4.440000
vt -24.040001 -4.440000
vt -24.040001 -5.160000
vt 27.530001 -5.160000
vt 27.530001 -4.440000
vt 27.629999 -4.440000
vt 27.629999 -5.160000
vt -24.040001 -5.160000
vt -24.040001 -4.440000
vt -23.959999 -4.440000
vt -23.959999 -5.160000
vt -24.040001 27.530001
vt -23.959999 27.530001
vt -23.959999 27.629999
vt -24.040001 27.629999
vt -23.959999 27.530001
vt -24.040001 27.530001
vt -24.040001 27.629999
vt -23.959999 27.629999
vt 28.469999 -5.160000
vt 28.469999 -4.440000
vt 28.370001 -4.440000
vt 28.370001 -5.160000
vt -23.959999 -5.160000
vt -23.959999 -4.440000
vt -24.040001 -4.440000
vt -24.040001 -5.160000
vt 28.370001 -5.160000
vt 28.370001 -4.440000
vt 28.469999 -4.440000
vt 28.469999 -5.160000
vt -24.040001 -5.160000
vt -24.040001 -4.440000
vt -23.959999 -4.440000
vt -23.959999 -5.160000
vt -24.040001 28.370001
vt -23.959999 28.370001
vt -23.959999 28.469999
vt -24.040001 28.469999
vt -23.959999 28.370001
vt -24.040001 28.370001
vt -24.040001 28.469999
vt -23.959999 28.469999
vt 56.480000 -4.450000
vt 56.480000 -4.350000
vt 55.520000 -4.350000
vt 55.520000 -4.450000
vt 24.040001 -4.450000
vt 24.040001 -4.350000
vt 23.959999 -4.350000
vt 23.959999 -4.450000
vt 55.520000 -4.450000
vt 55.520000 -4.350000
vt 56.480000 -4.350000
vt 56.480000 -4.450000
vt 23.959999 -4.450000
vt 23.959999 -4.350000
vt 24.040001 -4.350000
vt 24.040001 -4.450000
vt 23.959999 55.520000
vt 24.040001 55.520000
vt 24.040001 56.480000
vt 23.959999 56.480000
vt 24.040001 55.520000
vt 23.959999 55.520000
vt 23.959999 56.480000
vt 24.040001 56.480000
vt 56.480000 -5.250000
vt 56.480000 -5.150000
vt 55.520000 -5.150000
vt 55.520000 -5.250000
vt 24.040001 -5.250000
vt 24.040001 -5.150000
vt 23.959999 -5.150000
vt 23.959999 -5.250000
vt 55.520000 -5.250000
vt 55.520000 -5.150000
vt 56.480000 -5.150000
vt 56.480000 -5.250000
vt 23.959999 -5.250000
vt 23.959999 -5.150000
vt 24.040001 -5.150000
vt 24.040001 -5.250000
vt 23.959999 55.520000
vt 24.040001 55.520000
vt 24.040001 56.480000
vt 23.959999 56.480000
vt 24.040001 55.520000
vt 23.959999 55.520000
vt 23.959999 56.480000
vt 24.040001 56.480000
vt 55.630001 -5.160000
vt 55.630001 -4.440000
vt 55.530003 -4.440000
vt 55.530003 -5.160000
vt 24.040001 -5.160000
vt 24.040001 -4.440000
vt 23.959999 -4.440000
vt 23.959999 -5.160000
vt 55.530003 -5.160000
vt 55.530003 -4.440000
vt 55.630001 -4.440000
vt 55.630001 -5.160000
vt 23.959999 -5.160000
vt 23.959999 -4.440000
vt 24.040001 -4.440000
vt 24.040001 -5.160000
vt 23.959999 55.530003
vt 24.040001 55.530003
vt 24.040001 55.630001
vt 23.959999 55.630001
vt 24.040001 55.530003
vt 23.959999 55.530003
vt 23.959999 55.630001
vt 24.040001 55.630001
vt 56.469997 -5.160000
vt 56.469997 -4.440000
vt 56.369999 -4.440000
vt 56.369999 -5.160000
vt 24.040001 -5.160000
vt 24.040001 -4.440000
vt 23.959999 -4.440000
vt 23.959999 -5.160000
vt 56.369999 -5.160000
vt 56.369999 -4.440000
vt 56.469997 -4.440000
vt 56.469997 -5.160000
vt 23.959999 -5.160000
vt 23.959999 -4.440000
vt 24.040001 -4.440000
vt 24.040001 -5.160000
vt 23.959999 56.369999
vt 24.040001 56.369999
vt 24.040001 56.469997
vt 23.959999 56.469997
vt 24.040001 56.369999
vt 23.959999 56.369999
vt 23.959999 56.469997
vt 24.040001 56.469997
vt 56.480000 -4.450000
vt 56.480000 -4.350000
vt 55.520000 -4.350000
vt 55.520000 -4.450000
vt -23.959999 -4.450000
vt -23.959999 -4.350000
vt -24.040001 -4.350000
vt -24.040001 -4.450000
vt 55.520000 -4.450000
vt 55.520000 -4.350000
vt 56.480000 -4.350000
vt 56.480000 -4.450000
vt -24.040001 -4.450000
vt -24.040001 -4.350000
vt -23.959999 -4.350000
vt -23.959999 -4.450000
vt -24.040001 55.520000
vt -23.959999 55.520000
vt -23.959999 56.480000
vt -24.040001 56.480000
vt -23.959999 55.520000
vt -24.040001 55.520000
vt -24.040001 56.480000
vt -23.959999 56.480000
vt 56.480000 -5.250000
vt 56.480000 -5.150000
vt 55.520000 -5.150000
vt 55.520000 -5.250000
vt -23.959999 -5.250000
vt -23.959999 -5.150000
vt -24.040001 -5.150000
vt -24.040001 -5.250000
vt 55.520000 -5.250000
vt 55.520000 -5.150000
vt 56.480000 -5.150000
vt 56.480000 -5.250000
vt -24.040001 -5.250000
vt -24.040001 -5.150000
vt -23.959999 -5.150000
vt -23.959999 -5.250000
vt -24.040001 55.520000
vt -23.959999 55.520000
vt -23.959999 56.480000
vt -24.040001 56.480000
vt -23.959999 55.520000
vt -24.040001 55.520000
vt -24.040001 56.480000
vt -23.959999 56.480000
vt 55.630001 -5.160000
vt 55.630001 -4.440000
vt 55.530003 -4.440000
vt 55.530003 -5.160000
vt -23.959999 -5.160000
vt -23.959999 -4.440000
vt -24.040001 -4.440000
vt -24.040001 -5.160000
vt 55.530003 -5.160000
vt 55.530003 -4.440000
vt 55.630001 -4.440000
vt 55.630001 -5.160000
vt -24.040001 -5.160000
vt -24.040001 -4.440000
vt -23.959999 -4.440000
vt -23.959999 -5.160000
vt -24.040001 55.530003
vt -23.959999 55.530003
vt -23.959999 55.630001
vt -24.040001 55.630001
vt -23.959999 55.530003
vt -24.040001 55.530003
vt -24.040001 55.630001
vt -23.959999 55.630001
vt 56.469997 -5.160000
vt 56.469997 -4.440000
vt 56.369999 -4.440000
vt 56.369999 -5.160000
vt -23.959999 -5.160000
vt -23.959999 -4.440000
vt -24.040001 -4.440000
vt -24.040001 -5.160000
vt 56.369999 -5.160000
vt 56.369999 -4.440000
vt 56.469997 -4.440000
vt 56.469997 -5.160000
vt -24.040001 -5.160000
vt -24.040001 -4.440000
vt -23.959999 -4.440000
vt -23.959999 -5.160000
vt -24.040001 56.369999
vt -23.959999 56.369999
vt -23.959999 56.469997
vt -24.040001 56.469997
vt -23.959999 56.369999
vt -24.040001 56.369999
vt -24.040001 56.469997
vt -23.959999 56.469997
vt 84.480003 -4.450000
vt 84.480003 -4.350000
vt 83.519997 -4.350000
vt 83.519997 -4.450000
vt 24.040001 -4.450000
vt 24.040001 -4.350000
vt 23.959999 -4.350000
vt 23.959999 -4.450000
vt 83.519997 -4.450000
vt 83.519997 -4.350000
vt 84.480003 -4.350000
vt 84.480003 -4.450000
vt 23.959999 -4.450000
vt 23.959999 -4.350000
vt 24.040001 -4.350000
vt 24.040001 -4.450000
vt 23.959999 83.519997
vt 24.040001 83.519997
vt 24.040001 84.480003
vt 23.959999 84.480003
vt 24.040001 83.519997
vt 23.959999 83.519997
vt 23.959999 84.480003
vt 24.040001 84.480003
vt 84.480003 -5.250000
vt 84.480003 -5.150000
vt 83.519997 -5.150000
vt 83.519997 -5.250000
vt 24.040001 -5.250000
vt 24.040001 -5.150000
vt 23.959999 -5.150000
vt 23.959999 -5.250000
vt 83.519997 -5.250000
vt 83.519997 -5.150000
vt 84.480003 -5.150000
vt 84.480003 -5.250000
vt 23.959999 -5.250000
vt 23.959999 -5.150000
vt 24.040001 -5.150000
vt 24.040001 -5.250000
vt 23.959999 83.519997
vt 24.040001 83.519997
vt 24.040001 84.480003
vt 23.959999 84.480003
vt 24.040001 83.519997
vt 23.959999 83.519997
vt 23.959999 84.480003
vt 24.040001 84.480003
vt 83.630005 -5.160000
vt 83.630005 -4.440000
vt 83.529999 -4.440000
vt 83.529999 -5.160000
vt 24.040001 -5.160000
vt 24.040001 -4.440000
vt 23.959999 -4.440000
vt 23.959999 -5.160000
vt 83.529999 -5.160000
vt 83.529999 -4.440000
vt 83.630005 -4.440000
vt 83.630005 -5.160000
vt 23.959999 -5.160000
vt 23.959999 -4.440000
vt 24.040001 -4.440000
vt 24.040001 -5.160000
vt 23.959999 83.529999
vt 24.040001 83.529999
vt 24.040001 83.630005
vt 23.959999 83.630005
vt 24.040001 83.529999
vt 23.959999 83.529999
vt 23.959999 83.630005
vt 24.040001 83.630005
vt 84.470001 -5.160000
vt 84.470001 -4.440000
vt 84.369995 -4.440000
vt 84.369995 -5.160000
vt 24.040001 -5.160000
vt 24.040001 -4.440000
vt 23.959999 -4.440000
vt 23.959999 -5.160000
vt 84.369995 -5.160000
vt 84.369995 -4.440000
vt 84.470001 -4.440000
vt 84.470001 -5.160000
vt 23.959999 -5.160000
vt 23.959999 -4.440000
vt 24.040001 -4.440000
vt 24.040001 -5.160000
vt 23.959999 84.369995
vt 24.040001 84.369995
vt 24.040001 84.470001
vt 23.959999 84.470001
vt 24.040001 84.369995
vt 23.959999 84.369995
vt 23.959999 84.470001
vt 24.040001 84.470001
vt 84.480003 -4.450000
vt 84.480003 -4.350000
vt 83.519997 -4.350000
vt 83.519997 -4.450000
vt -23.959999 -4.450000
vt -23.959999 -4.350000
vt -24.040001 -4.350000
vt -24.040001 -4.450000
vt 83.519997 -4.450000
vt 83.519997 -4.350000
vt 84.480003 -4.350000
vt 84.480003 -4.450000
vt -24.040001 -4.450000
vt -24.040001 -4.350000
vt -23.959999 -4.350000
vt -23.959999 -4.450000
vt -24.040001 83.519997
vt -23.959999 83.519997
vt -23.959999 84.480003
vt -24.040001 84.480003
vt -23.959999 83.519997
vt -24.040001 83.519997
vt -24.040001 84.480003
vt -23.959999 84.480003
vt 84.480003 -5.250000
vt 84.480003 -5.150000
vt 83.519997 -5.150000
vt 83.519997 -5.250000
vt -23.959999 -5.250000
vt -23.959999 -5.150000
vt -24.040001 -5.150000
vt -24.040001 -5.250000
vt 83.519997 -5.250000
vt 83.519997 -5.150000
vt 84.480003 -5.150000
vt 84.480003 -5.250000
vt -24.040001 -5.250000
vt -24.040001 -5.150000
vt -23.959999 -5.150000
vt -23.959999 -5.250000
vt -24.040001 83.519997
vt -23.959999 83.519997
vt -23.959999 84.480003
vt -24.040001 84.480003
vt -23.959999 83.519997
vt -24.040001 83.519997
vt -24.040001 84.480003
vt -23.959999 84.480003
vt 83.630005 -5.160000
vt 83.630005 -4.440000
vt 83.529999 -4.440000
vt 83.529999 -5.160000
vt -23.959999 -5.160000
vt -23.959999 -4.440000
vt -24.040001 -4.440000
vt -24.040001 -5.160000
vt 83.529999 -5.160000
vt 83.529999 -4.440000
vt 83.630005 -4.440000
vt 83.630005 -5.160000
vt -24.040001 -5.160000
vt -24.040001 -4.440000
vt -23.959999 -4.440000
vt -23.959999 -5.160000
vt -24.040001 83.529999
vt -23.959999 83.529999
vt -23.959999 83.630005
vt -24.040001 83.630005
vt -23.959999 83.529999
vt -24.040001 83.529999
vt -24.040001 83.630005
vt -23.959999 83.630005
vt 84.470001 -5.160000
vt 84.470001 -4.440000
vt 84.369995 -4.440000
vt 84.369995 -5.160000
vt -23.959999 -5.160000
vt -23.959999 -4.440000
vt -24.040001 -4.440000
vt -24.040001 -5.160000
vt 84.369995 -5.160000
vt 84.369995 -4.440000
vt 84.470001 -4.440000
vt 84.470001 -5.160000
vt -24.040001 -5.160000
vt -24.040001 -4.440000
vt -23.959999 -4.440000
vt -23.959999 -5.160000
vt -24.040001 84.369995
vt -23.959999 84.369995
vt -23.959999 84.470001
vt -24.040001 84.470001
vt -23.959999 84.369995
vt -24.040001 84.369995
vt -24.040001 84.470001
vt -23.959999 84.470001
vt 12.452527 2.410000
vt 12.452527 2.550000
vt 12.711213 2.550000
vt 12.711213 2.410000
vt -21.215944 2.410000
vt -21.215944 2.550000
vt -21.116949 2.550000
vt -21.116949 2.410000
vt 12.825882 0.080000
vt 12.825882 2.160000
vt 12.800000 2.160000
vt 12.800000 0.080000
vt 13.402379 2.410000
vt 13.402379 2.550000
vt 13.273036 2.550000
vt 13.273036 2.410000
vt -20.918959 2.410000
vt -20.918959 2.550000
vt -21.116949 2.550000
vt -21.116949 2.410000
vt 12.850000 0.080000
vt 12.850000 2.160000
vt 12.825882 2.160000
vt 12.825882 0.080000
vt -21.377640 2.410000
vt -21.377640 2.550000
vt -21.118952 2.550000
vt -21.118952 2.410000
vt -21.685644 2.320000
vt -21.685644 2.640000
vt -21.520000 2.640000
vt -21.520000 2.320000
vt 12.870711 0.080000
vt 12.870711 2.160000
vt 12.850000 2.160000
vt 12.850000 0.080000
vt -20.917622 2.410000
vt -20.917622 2.550000
vt -21.046965 2.550000
vt -21.046965 2.410000
vt 13.302046 -21.215944
vt 13.401041 -21.116949
vt 13.203051 -20.918959
vt 13.104055 -21.017954
vt -21.470001 0.080000
vt -21.470001 2.160000
vt -21.449289 2.160000
vt -21.449289 0.080000
vt 12.480000 2.320000
vt 12.480000 2.640000
vt 12.634356 2.640000
vt 12.634356 2.320000
vt -21.017954 2.410000
vt -21.017954 2.550000
vt -20.918959 2.550000
vt -20.918959 2.410000
vt -21.494118 0.080000
vt -21.494118 2.160000
vt -21.470001 2.160000
vt -21.470001 0.080000
vt 13.380187 2.410000
vt 13.380187 2.550000
vt 13.509530 2.550000
vt 13.509530 2.410000
vt -21.520000 2.320000
vt -21.520000 2.640000
vt -21.354357 2.640000
vt -21.354357 2.320000
vt -21.520000 0.080000
vt -21.520000 2.160000
vt -21.494118 2.160000
vt -21.494118 0.080000
vt 12.657638 2.410000
vt 12.657638 2.550000
vt 12.398952 2.550000
vt 12.398952 2.410000
vt 13.401041 -21.116949
vt 13.302046 -21.215944
vt 13.104055 -21.017954
vt 13.203051 -20.918959
vt -21.545883 0.080000
vt -21.545883 2.160000
vt -21.520000 2.160000
vt -21.520000 0.080000
vt 12.634356 2.320000
vt 12.634356 2.640000
vt 12.800000 2.640000
vt 12.800000 2.320000
vt 12.495944 -21.017954
vt 12.396949 -20.918959
vt 12.198958 -21.116949
vt 12.297954 -21.215944
vt -21.570000 0.080000
vt -21.570000 2.160000
vt -21.545883 2.160000
vt -21.545883 0.080000
vt 13.380187 -21.431215
vt 13.509530 -21.377640
vt 13.402379 -21.118952
vt 13.273036 -21.172527
vt -21.354357 2.320000
vt -21.354357 2.640000
vt -21.200001 2.640000
vt -21.200001 2.320000
vt -21.590712 0.080000
vt -21.590712 2.160000
vt -21.570000 2.160000
vt -21.570000 0.080000
vt -20.939812 2.410000
vt -20.939812 2.550000
vt -20.810469 2.550000
vt -20.810469 2.410000
vt 12.888786 2.410000
vt 12.888786 2.550000
vt 13.147472 2.550000
vt 13.147472 2.410000
vt 12.850000 0.080000
vt 12.850000 2.160000
vt 12.870711 2.160000
vt 12.870711 0.080000
vt 12.800000 2.320000
vt 12.800000 2.640000
vt 12.965645 2.640000
vt 12.965645 2.320000
vt 12.396949 -20.918959
vt 12.495944 -21.017954
vt 12.297954 -21.215944
vt 12.198958 -21.116949
vt 12.825882 0.080000
vt 12.825882 2.160000
vt 12.850000 2.160000
vt 12.850000 0.080000
vt 13.509530 -21.377640
vt 13.380187 -21.431215
vt 13.273036 -21.172527
vt 13.402379 -21.118952
vt -21.200001 2.320000
vt -21.200001 2.640000
vt -21.067451 2.640000
vt -21.067451 2.320000
vt 12.800000 0.080000
vt 12.800000 2.160000
vt 12.825882 2.160000
vt 12.825882 0.080000
vt 12.711213 -20.939812
vt 12.657638 -20.810469
vt 12.398952 -20.917622
vt 12.452527 -21.046965
vt -20.810469 2.410000
vt -20.810469 2.550000
vt -20.939812 2.550000
vt -20.939812 2.410000
vt 12.774118 0.080000
vt 12.774118 2.160000
vt 12.800000 2.160000
vt 12.800000 0.080000
vt 12.965645 2.320000
vt 12.965645 2.640000
vt 13.120000 2.640000
vt 13.120000 2.320000
vt -21.431215 2.410000
vt -21.431215 2.550000
vt -21.172527 2.550000
vt -21.172527 2.410000
vt 12.750000 0.080000
vt 12.750000 2.160000
vt 12.774118 2.160000
vt 12.774118 0.080000
vt -21.017954 2.410000
vt -21.017954 2.550000
vt -21.215944 2.550000
vt -21.215944 2.410000
vt 13.252548 2.320000
vt 13.252548 2.640000
vt 13.120000 2.640000
vt 13.120000 2.320000
vt 12.729289 0.080000
vt 12.729289 2.160000
vt 12.750000 2.160000
vt 12.750000 0.080000
vt 12.657638 -20.810469
vt 12.711213 -20.939812
vt 12.452527 -21.046965
vt 12.398952 -20.917622
vt 13.201048 2.410000
vt 13.201048 2.550000
vt 12.942362 2.550000
vt 12.942362 2.410000
vt -21.570000 0.080000
vt -21.570000 2.160000
vt -21.590712 2.160000
vt -21.590712 0.080000
vt 13.120000 2.320000
vt 13.120000 2.640000
vt 13.252548 2.640000
vt 13.252548 2.320000
vt 12.090470 2.410000
vt 12.090470 2.550000
vt 12.219813 2.550000
vt 12.219813 2.410000
vt -21.545883 0.080000
vt -21.545883 2.160000
vt -21.570000 2.160000
vt -21.570000 0.080000
vt -20.918959 2.410000
vt -20.918959 2.550000
vt -21.017954 2.550000
vt -21.017954 2.410000
vt 13.120000 2.320000
vt 13.120000 2.640000
vt 12.965645 2.640000
vt 12.965645 2.320000
vt -21.520000 0.080000
vt -21.520000 2.160000
vt -21.545883 2.160000
vt -21.545883 0.080000
vt -21.215944 2.410000
vt -21.215944 2.550000
vt -21.017954 2.550000
vt -21.017954 2.410000
vt -21.046965 2.410000
vt -21.046965 2.550000
vt -20.917622 2.550000
vt -20.917622 2.410000
vt -21.494118 0.080000
vt -21.494118 2.160000
vt -21.520000 2.160000
vt -21.520000 0.080000
vt -21.972549 2.320000
vt -21.972549 2.640000
vt -21.840000 2.640000
vt -21.840000 2.320000
vt 12.326964 -21.172527
vt 12.197621 -21.118952
vt 12.090470 -21.377640
vt 12.219813 -21.431215
vt -21.470001 0.080000
vt -21.470001 2.160000
vt -21.494118 2.160000
vt -21.494118 0.080000
vt -21.116949 2.410000
vt -21.116949 2.550000
vt -20.918959 2.550000
vt -20.918959 2.410000
vt 12.965645 2.320000
vt 12.965645 2.640000
vt 12.800000 2.640000
vt 12.800000 2.320000
vt -21.449289 0.080000
vt -21.449289 2.160000
vt -21.470001 2.160000
vt -21.470001 0.080000
vt -21.116949 2.410000
vt -21.116949 2.550000
vt -21.215944 2.550000
vt -21.215944 2.410000
vt 13.147472 -21.046965
vt 13.201048 -20.917622
vt 12.942362 -20.810469
vt 12.888786 -20.939812
vt 12.750000 0.080000
vt 12.750000 2.160000
vt 12.729289 2.160000
vt 12.729289 0.080000
vt 12.850000 -21.433397
vt 12.870711 -21.449289
vt 12.886602 -21.470001
vt 12.896593 -21.494118
vt 12.900001 -21.520000
vt 12.896593 -21.545883
vt 12.886602 -21.570000
vt 12.870711 -21.590712
vt 12.850000 -21.606604
vt 12.825882 -21.616592
vt 12.800000 -21.620001
vt 12.774118 -21.616592
vt 12.750000 -21.606604
vt 12.729289 -21.590712
vt 12.713398 -21.570000
vt 12.703407 -21.545883
vt 12.700000 -21.520000
vt 12.703407 -21.494118
vt 12.713398 -21.470001
vt 12.729289 -21.449289
vt 12.750000 -21.433397
vt 12.774118 -21.423409
vt 12.800000 -21.420000
vt 12.825882 -21.423409
vt 12.326964 2.410000
vt 12.326964 2.550000
vt 12.197621 2.550000
vt 12.197621 2.410000
vt 12.774118 0.080000
vt 12.774118 2.160000
vt 12.750000 2.160000
vt 12.750000 0.080000
vt 12.347452 2.320000
vt 12.347452 2.640000
vt 12.480000 2.640000
vt 12.480000 2.320000
vt -21.840000 2.320000
vt -21.840000 2.640000
vt -21.685644 2.640000
vt -21.685644 2.320000
vt 12.800000 0.080000
vt 12.800000 2.160000
vt 12.774118 2.160000
vt 12.774118 0.080000
vt 12.774118 -21.423409
vt 12.750000 -21.433397
vt 12.729289 -21.449289
vt 12.713398 -21.470001
vt 12.703407 -21.494118
vt 12.700000 -21.520000
vt 12.703407 -21.545883
vt 12.713398 -21.570000
vt 12.729289 -21.590712
vt 12.750000 -21.606604
vt 12.774118 -21.616592
vt 12.800000 -21.620001
vt 12.825882 -21.616592
vt 12.850000 -21.606604
vt 12.870711 -21.590712
vt 12.886602 -21.570000
vt 12.896593 -21.545883
vt 12.900001 -21.520000
vt 12.896593 -21.494118
vt 12.886602 -21.470001
vt 12.870711 -21.449289
vt 12.850000 -21.433397
vt 12.825882 -21.423409
vt 12.800000 -21.420000
vt -21.840000 2.320000
vt -21.840000 2.640000
vt -21.972549 2.640000
vt -21.972549 2.320000
vt 12.940001 -20.809999
vt 12.940001 -20.949999
vt 12.660000 -20.949999
vt 12.660000 -20.809999
vt -21.172527 2.410000
vt -21.172527 2.550000
vt -21.431215 2.550000
vt -21.431215 2.410000
vt -21.685644 2.320000
vt -21.685644 2.640000
vt -21.840000 2.640000
vt -21.840000 2.320000
vt 12.940001 -20.949999
vt 12.940001 -20.809999
vt 12.660000 -20.809999
vt 12.660000 -20.949999
vt 13.509999 -21.660000
vt 13.370000 -21.660000
vt 13.370000 -21.380001
vt 13.509999 -21.380001
vt -21.520000 2.320000
vt -21.520000 2.640000
vt -21.685644 2.640000
vt -21.685644 2.320000
vt -20.949999 2.410000
vt -20.949999 2.550000
vt -20.809999 2.550000
vt -20.809999 2.410000
vt 13.370000 -21.660000
vt 13.509999 -21.660000
vt 13.509999 -21.380001
vt 13.370000 -21.380001
vt -21.354357 2.320000
vt -21.354357 2.640000
vt -21.520000 2.640000
vt -21.520000 2.320000
vt 12.940001 2.410000
vt 12.940001 2.550000
vt 12.660000 2.550000
vt 12.660000 2.410000
vt 13.370000 2.410000
vt 13.370000 2.550000
vt 13.509999 2.550000
vt 13.509999 2.410000
vt -21.200001 2.320000
vt -21.200001 2.640000
vt -21.354357 2.640000
vt -21.354357 2.320000
vt -20.809999 2.410000
vt -20.809999 2.550000
vt -20.949999 2.550000
vt -20.949999 2.410000
vt -21.660000 2.410000
vt -21.660000 2.550000
vt -21.380001 2.550000
vt -21.380001 2.410000
vt -21.067451 2.320000
vt -21.067451 2.640000
vt -21.200001 2.640000
vt -21.200001 2.320000
vt 12.660000 2.410000
vt 12.660000 2.550000
vt 12.940001 2.550000
vt 12.940001 2.410000
vt 13.509999 2.410000
vt 13.509999 2.550000
vt 13.370000 2.550000
vt 13.370000 2.410000
vt 12.480000 2.320000
vt 12.480000 2.640000
vt 12.347452 2.640000
vt 12.347452 2.320000
vt 13.252548 -21.972549
vt 13.120000 -22.074257
vt 12.965645 -22.138193
vt 12.800000 -22.160000
vt 12.634356 -22.138193
vt 12.480000 -22.074257
vt 12.347452 -21.972549
vt 12.245744 -21.840000
vt 12.181808 -21.685644
vt 12.160000 -21.520000
vt 12.181808 -21.354357
vt 12.245744 -21.200001
vt 12.347452 -21.067451
vt 12.480000 -20.965744
vt 12.634356 -20.901808
vt 12.800000 -20.880001
vt 12.965645 -20.901808
vt 13.120000 -20.965744
vt 13.252548 -21.067451
vt 13.354257 -21.200001
vt 13.418193 -21.354357
vt 13.440001 -21.520000
vt 13.418193 -21.685644
vt 13.354257 -21.840000
vt -21.380001 2.410000
vt -21.380001 2.550000
vt -21.660000 2.550000
vt -21.660000 2.410000
vt 12.634356 2.320000
vt 12.634356 2.640000
vt 12.480000 2.640000
vt 12.480000 2.320000
vt -21.118952 2.410000
vt -21.118952 2.550000
vt -21.377640 2.550000
vt -21.377640 2.410000
vt 13.201048 -20.917622
vt 13.147472 -21.046965
vt 12.888786 -20.939812
vt 12.942362 -20.810469
vt 12.800000 2.320000
vt 12.800000 2.640000
vt 12.634356 2.640000
vt 12.634356 2.320000
vt 12.480000 -22.074257
vt 12.634356 -22.138193
vt 12.800000 -22.160000
vt 12.965645 -22.138193
vt 13.120000 -22.074257
vt 13.252548 -21.972549
vt 13.354257 -21.840000
vt 13.418193 -21.685644
vt 13.440001 -21.520000
vt 13.418193 -21.354357
vt 13.354257 -21.200001
vt 13.252548 -21.067451
vt 13.120000 -20.965744
vt 12.965645 -20.901808
vt 12.800000 -20.880001
vt 12.634356 -20.901808
vt 12.480000 -20.965744
vt 12.347452 -21.067451
vt 12.245744 -21.200001
vt 12.181808 -21.354357
vt 12.160000 -21.520000
vt 12.181808 -21.685644
vt 12.245744 -21.840000
vt 12.347452 -21.972549
vt 12.197621 -21.118952
vt 12.326964 -21.172527
vt 12.219813 -21.431215
vt 12.090470 -21.377640
vt -21.660000 2.410000
vt -21.660000 2.550000
vt -21.380001 2.550000
vt -21.380001 2.410000
vt 12.090000 2.410000
vt 12.090000 2.550000
vt 12.230000 2.550000
vt 12.230000 2.410000
vt -21.380001 2.410000
vt -21.380001 2.550000
vt -21.660000 2.550000
vt -21.660000 2.410000
vt 12.230000 2.410000
vt 12.230000 2.550000
vt 12.090000 2.550000
vt 12.090000 2.410000
vt 12.230000 -21.380001
vt 12.090000 -21.380001
vt 12.090000 -21.660000
vt 12.230000 -21.660000
vt 12.090000 -21.380001
vt 12.230000 -21.380001
vt 12.230000 -21.660000
vt 12.090000 -21.660000
vt -21.867474 2.410000
vt -21.867474 2.550000
vt -21.608786 2.550000
vt -21.608786 2.410000
vt 12.197621 2.410000
vt 12.197621 2.550000
vt 12.326964 2.550000
vt 12.326964 2.410000
vt -21.662361 2.410000
vt -21.662361 2.550000
vt -21.921049 2.550000
vt -21.921049 2.410000
vt 12.219813 2.410000
vt 12.219813 2.550000
vt 12.090470 2.550000
vt 12.090470 2.410000
vt 12.219813 -21.608786
vt 12.090470 -21.662361
vt 12.197621 -21.921049
vt 12.326964 -21.867474
vt 12.090470 -21.662361
vt 12.219813 -21.608786
vt 12.326964 -21.867474
vt 12.197621 -21.921049
vt -22.022045 2.410000
vt -22.022045 2.550000
vt -21.824055 2.550000
vt -21.824055 2.410000
vt -22.121040 2.410000
vt -22.121040 2.550000
vt -22.022045 2.550000
vt -22.022045 2.410000
vt -21.923050 2.410000
vt -21.923050 2.550000
vt -22.121040 2.550000
vt -22.121040 2.410000
vt -21.824055 2.410000
vt -21.824055 2.550000
vt -21.923050 2.550000
vt -21.923050 2.410000
vt 12.297954 -21.824055
vt 12.198958 -21.923050
vt 12.396949 -22.121040
vt 12.495944 -22.022045
vt 12.198958 -21.923050
vt 12.297954 -21.824055
vt 12.495944 -22.022045
vt 12.396949 -22.121040
vt 12.711213 2.410000
vt 12.711213 2.550000
vt 12.452527 2.550000
vt 12.452527 2.410000
vt -22.229530 2.410000
vt -22.229530 2.550000
vt -22.100187 2.550000
vt -22.100187 2.410000
vt 12.398952 2.410000
vt 12.398952 2.550000
vt 12.657638 2.550000
vt 12.657638 2.410000
vt -21.993034 2.410000
vt -21.993034 2.550000
vt -22.122377 2.550000
vt -22.122377 2.410000
vt 12.452527 -21.993034
vt 12.398952 -22.122377
vt 12.657638 -22.229530
vt 12.711213 -22.100187
vt 12.398952 -22.122377
vt 12.452527 -21.993034
vt 12.711213 -22.100187
vt 12.657638 -22.229530
vt 12.940001 2.410000
vt 12.940001 2.550000
vt 12.660000 2.550000
vt 12.660000 2.410000
vt -22.230000 2.410000
vt -22.230000 2.550000
vt -22.090000 2.550000
vt -22.090000 2.410000
vt 12.660000 2.410000
vt 12.660000 2.550000
vt 12.940001 2.550000
vt 12.940001 2.410000
vt -22.090000 2.410000
vt -22.090000 2.550000
vt -22.230000 2.550000
vt -22.230000 2.410000
vt 12.660000 -22.090000
vt 12.660000 -22.230000
vt 12.940001 -22.230000
vt 12.940001 -22.090000
vt 12.660000 -22.230000
vt 12.660000 -22.090000
vt 12.940001 -22.090000
vt 12.940001 -22.230000
vt 13.147472 2.410000
vt 13.147472 2.550000
vt 12.888786 2.550000
vt 12.888786 2.410000
vt -22.122377 2.410000
vt -22.122377 2.550000
vt -21.993034 2.550000
vt -21.993034 2.410000
vt 12.942362 2.410000
vt 12.942362 2.550000
vt 13.201048 2.550000
vt 13.201048 2.410000
vt -22.100187 2.410000
vt -22.100187 2.550000
vt -22.229530 2.550000
vt -22.229530 2.410000
vt 12.888786 -22.100187
vt 12.942362 -22.229530
vt 13.201048 -22.122377
vt 13.147472 -21.993034
vt 12.942362 -22.229530
vt 12.888786 -22.100187
vt 13.147472 -21.993034
vt 13.201048 -22.122377
vt -21.824055 2.410000
vt -21.824055 2.550000
vt -22.022045 2.550000
vt -22.022045 2.410000
vt -21.923050 2.410000
vt -21.923050 2.550000
vt -21.824055 2.550000
vt -21.824055 2.410000
vt -22.121040 2.410000
vt -22.121040 2.550000
vt -21.923050 2.550000
vt -21.923050 2.410000
vt -22.022045 2.410000
vt -22.022045 2.550000
vt -22.121040 2.550000
vt -22.121040 2.410000
vt 13.104055 -22.022045
vt 13.203051 -22.121040
vt 13.401041 -21.923050
vt 13.302046 -21.824055
vt 13.203051 -22.121040
vt 13.104055 -22.022045
vt 13.302046 -21.824055
vt 13.401041 -21.923050
vt -21.608786 2.410000
vt -21.608786 2.550000
vt -21.867472 2.550000
vt -21.867472 2.410000
vt 13.509530 2.410000
vt 13.509530 2.550000
vt 13.380187 2.550000
vt 13.380187 2.410000
vt -21.921049 2.410000
vt -21.921049 2.550000
vt -21.662363 2.550000
vt -21.662363 2.410000
vt 13.273036 2.410000
vt 13.273036 2.550000
vt 13.402379 2.550000
vt 13.402379 2.410000
vt 13.273036 -21.867472
vt 13.402379 -21.921049
vt 13.509530 -21.662363
vt 13.380187 -21.608786
vt 13.402379 -21.921049
vt 13.273036 -21.867472
vt 13.380187 -21.608786
vt 13.509530 -21.662363

vn -1.000000 0.000000 -0.000000
vn 0.000000 1.000000 0.000000
vn 1.000000 0.000000 0.000000
vn 0.000000 -1.000000 0.000000
vn 0.000000 0.000000 1.000000
vn 0.000000 0.000000 -1.000000
vn -1.000000 0.000000 -0.000000
vn 0.000000 1.000000 0.000000
vn 1.000000 0.000000 0.000000
vn 0.000000 -1.000000 0.000000
vn 0.000000 0.000000 1.000000
vn 0.000000 0.000000 -1.000000
vn -1.000000 0.000000 -0.000000
vn 0.000000 1.000000 0.000000
vn 1.000000 0.000000 0.000000
vn 0.000000 -1.000000 0.000000
vn 0.000000 0.000000 1.000000
vn 0.000000 0.000000 -1.000000
vn -1.000000 0.000000 -0.000000
vn 0.000000 1.000000 0.000000
vn 1.000000 0.000000 0.000000
vn 0.000000 -1.000000 0.000000
vn 0.000000 0.000000 1.000000
vn 0.000000 0.000000 -1.000000
vn -1.000000 0.000000 -0.000000
vn 0.000000 1.000000 0.000000
vn 1.000000 0.000000 0.000000
vn 0.000000 -1.000000 0.000000
vn 0.000000 0.000000 1.000000
vn 0.000000 0.000000 -1.000000
vn -1.000000 0.000000 -0.000000
vn 0.000000 1.000000 0.000000
vn 1.000000 0.000000 0.000000
vn 0.000000 -1.000000 0.000000
vn 0.000000 0.000000 1.000000
vn 0.000000 0.000000 -1.000000
vn -1.000000 0.000000 -0.000000
vn 0.000000 1.000000 0.000000
vn 1.000000 0.000000 0.000000
vn 0.000000 -1.000000 0.000000
vn 0.000000 0.000000 1.000000
vn 0.000000 0.000000 -1.000000
vn -1.000000 0.000000 -0.000000
vn 0.000000 1.000000 0.000000
vn 1.000000 0.000000 0.000000
vn 0.000000 -1.000000 0.000000
vn 0.000000 0.000000 1.000000
vn 0.000000 0.000000 -1.000000
vn -1.000000 0.000000 -0.000000
vn 0.000000 1.000000 0.000000
vn 1.000000 0.000000 0.000000
vn 0.000000 -1.000000 0.000000
vn 0.000000 0.000000 1.000000
vn 0.000000 0.000000 -1.000000
vn -1.000000 0.000000 -0.000000
vn 0.000000 1.000000 0.000000
vn 1.000000 0.000000 0.000000
vn 0.000000 -1.000000 0.000000
vn 0.000000 0.000000 1.000000
vn 0.000000 0.000000 -1.000000
vn -1.000000 0.000000 -0.000000
vn 0.000000 1.000000 0.000000
vn 1.000000 0.000000 0.000000
vn 0.000000 -1.000000 0.000000
vn 0.000000 0.000000 1.000000
vn 0.000000 0.000000 -1.000000
vn -1.000000 0.000000 -0.000000
vn 0.000000 1.000000 0.000000
vn 1.000000 0.000000 0.000000
vn 0.000000 -1.000000 0.000000
vn 0.000000 0.000000 1.000000
vn 0.000000 0.000000 -1.000000
vn -1.000000 0.000000 -0.000000
vn 0.000000 1.000000 0.000000
vn 1.000000 0.000000 0.000000
vn 0.000000 -1.000000 0.000000
vn 0.000000 0.000000 1.000000
vn 0.000000 0.000000 -1.000000
vn -1.000000 0.000000 -0.000000
vn 0.000000 1.000000 0.000000
vn 1.000000 0.000000 0.000000
vn 0.000000 -1.000000 0.000000
vn 0.000000 0.000000 1.000000
vn 0.000000 0.000000 -1.000000
vn -1.000000 0.000000 -0.000000
vn 0.000000 1.000000 0.000000
vn 1.000000 0.000000 0.000000
vn 0.000000 -1.000000 0.000000
vn 0.000000 0.000000 1.000000
vn 0.000000 0.000000 -1.000000
vn -1.000000 0.000000 -0.000000
vn 0.000000 1.000000 0.000000
vn 1.000000 0.000000 0.000000
vn 0.000000 -1.000000 0.000000
vn 0.000000 0.000000 1.000000
vn 0.000000 0.000000 -1.000000
vn -1.000000 0.000000 -0.000000
vn 0.000000 1.000000 0.000000
vn 1.000000 0.000000 0.000000
vn 0.000000 -1.000000 0.000000
vn 0.000000 0.000000 1.000000
vn 0.000000 0.000000 -1.000000
vn -1.000000 0.000000 -0.000000
vn 0.000000 1.000000 0.000000
vn 1.000000 0.000000 0.000000
vn 0.000000 -1.000000 0.000000
vn 0.000000 0.000000 1.000000
vn 0.000000 0.000000 -1.000000
vn -1.000000 0.000000 -0.000000
vn 0.000000 1.000000 0.000000
vn 1.000000 0.000000 0.000000
vn 0.000000 -1.000000 0.000000
vn 0.000000 0.000000 1.000000
vn 0.000000 0.000000 -1.000000
vn -1.000000 0.000000 -0.000000
vn 0.000000 1.000000 0.000000
vn 1.000000 0.000000 0.000000
vn 0.000000 -1.000000 0.000000
vn 0.000000 0.000000 1.000000
vn 0.000000 0.000000 -1.000000
vn -1.000000 0.000000 -0.000000
vn 0.000000 1.000000 0.000000
vn 1.000000 0.000000 0.000000
vn 0.000000 -1.000000 0.000000
vn 0.000000 0.000000 1.000000
vn 0.000000 0.000000 -1.000000
vn -1.000000 0.000000 -0.000000
vn 0.000000 1.000000 0.000000
vn 1.000000 0.000000 0.000000
vn 0.000000 -1.000000 0.000000
vn 0.000000 0.000000 1.000000
vn 0.000000 0.000000 -1.000000
vn -1.000000 0.000000 -0.000000
vn 0.000000 1.000000 0.000000
vn 1.000000 0.000000 0.000000
vn 0.000000 -1.000000 0.000000
vn 0.000000 0.000000 1.000000
vn 0.000000 0.000000 -1.000000
vn -1.000000 0.000000 -0.000000
vn 0.000000 1.000000 0.000000
vn 1.000000 0.000000 0.000000
vn 0.000000 -1.000000 0.000000
vn 0.000000 0.000000 1.000000
vn 0.000000 0.000000 -1.000000
vn -1.000000 0.000000 -0.000000
vn 0.000000 1.000000 0.000000
vn 1.000000 0.000000 0.000000
vn 0.000000 -1.000000 0.000000
vn 0.000000 0.000000 1.000000
vn 0.000000 0.000000 -1.000000
vn -1.000000 0.000000 -0.000000
vn 0.000000 1.000000 0.000000
vn 1.000000 0.000000 0.000000
vn 0.000000 -1.000000 0.000000
vn 0.000000 0.000000 1.000000
vn 0.000000 0.000000 -1.000000
vn -1.000000 0.000000 -0.000000
vn 0.000000 1.000000 0.000000
vn 1.000000 0.000000 0.000000
vn 0.000000 -1.000000 0.000000
vn 0.000000 0.000000 1.000000
vn 0.000000 0.000000 -1.000000
vn -1.000000 0.000000 -0.000000
vn 0.000000 1.000000 0.000000
vn 1.000000 0.000000 0.000000
vn 0.000000 -1.000000 0.000000
vn 0.000000 0.000000 1.000000
vn 0.000000 0.000000 -1.000000
vn -1.000000 0.000000 -0.000000
vn 0.000000 1.000000 0.000000
vn 1.000000 0.000000 0.000000
vn 0.000000 -1.000000 0.000000
vn 0.000000 0.000000 1.000000
vn 0.000000 0.000000 -1.000000
vn -1.000000 0.000000 -0.000000
vn 0.000000 1.000000 0.000000
vn 1.000000 0.000000 0.000000
vn 0.000000 -1.000000 0.000000
vn 0.000000 0.000000 1.000000
vn 0.000000 0.000000 -1.000000
vn -1.000000 0.000000 -0.000000
vn 0.000000 1.000000 0.000000
vn 1.000000 0.000000 0.000000
vn 0.000000 -1.000000 0.000000
vn 0.000000 0.000000 1.000000
vn 0.000000 0.000000 -1.000000
vn -1.000000 0.000000 -0.000000
vn 0.000000 1.000000 0.000000
vn 1.000000 0.000000 0.000000
vn 0.000000 -1.000000 0.000000
vn 0.000000 0.000000 1.000000
vn 0.000000 0.000000 -1.000000
vn -1.000000 0.000000 -0.000000
vn 0.000000 1.000000 0.000000
vn 1.000000 0.000000 0.000000
vn 0.000000 -1.000000 0.000000
vn 0.000000 0.000000 1.000000
vn 0.000000 0.000000 -1.000000
vn -1.000000 0.000000 -0.000000
vn 0.000000 1.000000 0.000000
vn 1.000000 0.000000 0.000000
vn 0.000000 -1.000000 0.000000
vn 0.000000 0.000000 1.000000
vn 0.000000 0.000000 -1.000000
vn -1.000000 0.000000 -0.000000
vn 0.000000 1.000000 0.000000
vn 1.000000 0.000000 0.000000
vn 0.000000 -1.000000 0.000000
vn 0.000000 0.000000 1.000000
vn 0.000000 0.000000 -1.000000
vn -1.000000 0.000000 -0.000000
vn 0.000000 1.000000 0.000000
vn 1.000000 0.000000 0.000000
vn 0.000000 -1.000000 0.000000
vn 0.000000 0.000000 1.000000
vn 0.000000 0.000000 -1.000000
vn -1.000000 0.000000 -0.000000
vn 0.000000 1.000000 0.000000
vn 1.000000 0.000000 0.000000
vn 0.000000 -1.000000 0.000000
vn 0.000000 0.000000 1.000000
vn 0.000000 0.000000 -1.000000
vn -1.000000 0.000000 -0.000000
vn 0.000000 1.000000 0.000000
vn 1.000000 0.000000 0.000000
vn 0.000000 -1.000000 0.000000
vn 0.000000 0.000000 1.000000
vn 0.000000 0.000000 -1.000000
vn -1.000000 0.000000 -0.000000
vn 0.000000 1.000000 0.000000
vn 1.000000 0.000000 0.000000
vn 0.000000 -1.000000 0.000000
vn 0.000000 0.000000 1.000000
vn 0.000000 0.000000 -1.000000
vn -1.000000 0.000000 -0.000000
vn 0.000000 1.000000 0.000000
vn 1.000000 0.000000 0.000000
vn 0.000000 -1.000000 0.000000
vn 0.000000 0.000000 1.000000
vn 0.000000 0.000000 -1.000000
vn -1.000000 0.000000 -0.000000
vn 0.000000 1.000000 0.000000
vn 1.000000 0.000000 0.000000
vn 0.000000 -1.000000 0.000000
vn 0.000000 0.000000 1.000000
vn 0.000000 0.000000 -1.000000
vn -1.000000 0.000000 -0.000000
vn 0.000000 1.000000 0.000000
vn 1.000000 0.000000 0.000000
vn 0.000000 -1.000000 0.000000
vn 0.000000 0.000000 1.000000
vn 0.000000 0.000000 -1.000000
vn -1.000000 0.000000 -0.000000
vn 0.000000 1.000000 0.000000
vn 1.000000 0.000000 0.000000
vn 0.000000 -1.000000 0.000000
vn 0.000000 0.000000 1.000000
vn 0.000000 0.000000 -1.000000
vn -1.000000 0.000000 -0.000000
vn 0.000000 1.000000 0.000000
vn 1.000000 0.000000 0.000000
vn 0.000000 -1.000000 0.000000
vn 0.000000 0.000000 1.000000
vn 0.000000 0.000000 -1.000000
vn -1.000000 0.000000 -0.000000
vn 0.000000 1.000000 0.000000
vn 1.000000 0.000000 0.000000
vn 0.000000 -1.000000 0.000000
vn 0.000000 0.000000 1.000000
vn 0.000000 0.000000 -1.000000
vn -1.000000 0.000000 -0.000000
vn 0.000000 1.000000 0.000000
vn 1.000000 0.000000 0.000000
vn 0.000000 -1.000000 0.000000
vn 0.000000 0.000000 1.000000
vn 0.000000 0.000000 -1.000000
vn -1.000000 0.000000 -0.000000
vn 0.000000 1.000000 0.000000
vn 1.000000 0.000000 0.000000
vn 0.000000 -1.000000 0.000000
vn 0.000000 0.000000 1.000000
vn 0.000000 0.000000 -1.000000
vn -1.000000 0.000000 -0.000000
vn 0.000000 1.000000 0.000000
vn 1.000000 0.000000 0.000000
vn 0.000000 -1.000000 0.000000
vn 0.000000 0.000000 1.000000
vn 0.000000 0.000000 -1.000000
vn -1.000000 0.000000 -0.000000
vn 0.000000 1.000000 0.000000
vn 1.000000 0.000000 0.000000
vn 0.000000 -1.000000 0.000000
vn 0.000000 0.000000 1.000000
vn 0.000000 0.000000 -1.000000
vn -1.000000 0.000000 -0.000000
vn 0.000000 1.000000 0.000000
vn 1.000000 0.000000 0.000000
vn 0.000000 -1.000000 0.000000
vn 0.000000 0.000000 1.000000
vn 0.000000 0.000000 -1.000000
vn -1.000000 0.000000 -0.000000
vn 0.000000 1.000000 0.000000
vn 1.000000 0.000000 0.000000
vn 0.000000 -1.000000 0.000000
vn 0.000000 0.000000 1.000000
vn 0.000000 0.000000 -1.000000
vn -1.000000 0.000000 -0.000000
vn 0.000000 1.000000 0.000000
vn 1.000000 0.000000 0.000000
vn 0.000000 -1.000000 0.000000
vn 0.000000 0.000000 1.000000
vn 0.000000 0.000000 -1.000000
vn -1.000000 0.000000 -0.000000
vn 0.000000 1.000000 0.000000
vn 1.000000 0.000000 0.000000
vn 0.000000 -1.000000 0.000000
vn 0.000000 0.000000 1.000000
vn 0.000000 0.000000 -1.000000
vn -1.000000 0.000000 -0.000000
vn 0.000000 1.000000 0.000000
vn 1.000000 0.000000 0.000000
vn 0.000000 -1.000000 0.000000
vn 0.000000 0.000000 1.000000
vn 0.000000 0.000000 -1.000000
vn -1.000000 0.000000 -0.000000
vn 0.000000 1.000000 0.000000
vn 1.000000 0.000000 0.000000
vn 0.000000 -1.000000 0.000000
vn 0.000000 0.000000 1.000000
vn 0.000000 0.000000 -1.000000
vn -1.000000 0.000000 -0.000000
vn 0.000000 1.000000 0.000000
vn 1.000000 0.000000 0.000000
vn 0.000000 -1.000000 0.000000
vn 0.000000 0.000000 1.000000
vn 0.000000 0.000000 -1.000000
vn -1.000000 0.000000 -0.000000
vn 0.000000 1.000000 0.000000
vn 1.000000 0.000000 0.000000
vn 0.000000 -1.000000 0.000000
vn 0.000000 0.000000 1.000000
vn 0.000000 0.000000 -1.000000
vn -1.000000 0.000000 -0.000000
vn 0.000000 1.000000 0.000000
vn 1.000000 0.000000 0.000000
vn 0.000000 -1.000000 0.000000
vn 0.000000 0.000000 1.000000
vn 0.000000 0.000000 -1.000000
vn -1.000000 0.000000 -0.000000
vn 0.000000 1.000000 0.000000
vn 1.000000 0.000000 0.000000
vn 0.000000 -1.000000 0.000000
vn 0.000000 0.000000 1.000000
vn 0.000000 0.000000 -1.000000
vn -1.000000 0.000000 -0.000000
vn 0.000000 1.000000 0.000000
vn 1.000000 0.000000 0.000000
vn 0.000000 -1.000000 0.000000
vn 0.000000 0.000000 1.000000
vn 0.000000 0.000000 -1.000000
vn -1.000000 0.000000 -0.000000
vn 0.000000 1.000000 0.000000
vn 1.000000 0.000000 0.000000
vn 0.000000 -1.000000 0.000000
vn 0.000000 0.000000 1.000000
vn 0.000000 0.000000 -1.000000
vn -1.000000 0.000000 -0.000000
vn 0.000000 1.000000 0.000000
vn 1.000000 0.000000 0.000000
vn 0.000000 -1.000000 0.000000
vn 0.000000 0.000000 1.000000
vn 0.000000 0.000000 -1.000000
vn -1.000000 0.000000 -0.000000
vn 0.000000 1.000000 0.000000
vn 1.000000 0.000000 0.000000
vn 0.000000 -1.000000 0.000000
vn 0.000000 0.000000 1.000000
vn 0.000000 0.000000 -1.000000
vn -1.000000 0.000000 -0.000000
vn 0.000000 1.000000 0.000000
vn 1.000000 0.000000 0.000000
vn 0.000000 -1.000000 0.000000
vn 0.000000 0.000000 1.000000
vn 0.000000 0.000000 -1.000000
vn -1.000000 0.000000 -0.000000
vn 0.000000 1.000000 0.000000
vn 1.000000 0.000000 0.000000
vn 0.000000 -1.000000 0.000000
vn 0.000000 0.000000 1.000000
vn 0.000000 0.000000 -1.000000
vn -1.000000 0.000000 -0.000000
vn 0.000000 1.000000 0.000000
vn 1.000000 0.000000 0.000000
vn 0.000000 -1.000000 0.000000
vn 0.000000 0.000000 1.000000
vn 0.000000 0.000000 -1.000000
vn -1.000000 0.000000 -0.000000
vn 0.000000 1.000000 0.000000
vn 1.000000 0.000000 0.000000
vn 0.000000 -1.000000 0.000000
vn 0.000000 0.000000 1.000000
vn 0.000000 0.000000 -1.000000
vn -1.000000 0.000000 -0.000000
vn 0.000000 1.000000 0.000000
vn 1.000000 0.000000 0.000000
vn 0.000000 -1.000000 0.000000
vn 0.000000 0.000000 1.000000
vn 0.000000 0.000000 -1.000000
vn -1.000000 0.000000 -0.000000
vn 0.000000 1.000000 0.000000
vn 1.000000 0.000000 0.000000
vn 0.000000 -1.000000 0.000000
vn 0.000000 0.000000 1.000000
vn 0.000000 0.000000 -1.000000
vn -1.000000 0.000000 -0.000000
vn 0.000000 1.000000 0.000000
vn 1.000000 0.000000 0.000000
vn 0.000000 -1.000000 0.000000
vn 0.000000 0.000000 1.000000
vn 0.000000 0.000000 -1.000000
vn -1.000000 0.000000 -0.000000
vn 0.000000 1.000000 0.000000
vn 1.000000 0.000000 0.000000
vn 0.000000 -1.000000 0.000000
vn 0.000000 0.000000 1.000000
vn 0.000000 0.000000 -1.000000
vn -1.000000 0.000000 -0.000000
vn 0.000000 1.000000 0.000000
vn 1.000000 0.000000 0.000000
vn 0.000000 -1.000000 0.000000
vn 0.000000 0.000000 1.000000
vn 0.000000 0.000000 -1.000000
vn -1.000000 0.000000 -0.000000
vn 0.000000 1.000000 0.000000
vn 1.000000 0.000000 0.000000
vn 0.000000 -1.000000 0.000000
vn 0.000000 0.000000 1.000000
vn 0.000000 0.000000 -1.000000
vn -1.000000 0.000000 -0.000000
vn 0.000000 1.000000 0.000000
vn 1.000000 0.000000 0.000000
vn 0.000000 -1.000000 0.000000
vn 0.000000 0.000000 1.000000
vn 0.000000 0.000000 -1.000000
vn -1.000000 0.000000 -0.000000
vn 0.000000 1.000000 0.000000
vn 1.000000 0.000000 0.000000
vn 0.000000 -1.000000 0.000000
vn 0.000000 0.000000 1.000000
vn 0.000000 0.000000 -1.000000
vn -1.000000 0.000000 -0.000000
vn 0.000000 1.000000 0.000000
vn 1.000000 0.000000 0.000000
vn 0.000000 -1.000000 0.000000
vn 0.000000 0.000000 1.000000
vn 0.000000 0.000000 -1.000000
vn -1.000000 0.000000 -0.000000
vn 0.000000 1.000000 0.000000
vn 1.000000 0.000000 0.000000
vn 0.000000 -1.000000 0.000000
vn 0.000000 0.000000 1.000000
vn 0.000000 0.000000 -1.000000
vn -1.000000 0.000000 -0.000000
vn 0.000000 1.000000 0.000000
vn 1.000000 0.000000 0.000000
vn 0.000000 -1.000000 0.000000
vn 0.000000 0.000000 1.000000
vn 0.000000 0.000000 -1.000000
vn -1.000000 0.000000 -0.000000
vn 0.000000 1.000000 0.000000
vn 1.000000 0.000000 0.000000
vn 0.000000 -1.000000 0.000000
vn 0.000000 0.000000 1.000000
vn 0.000000 0.000000 -1.000000
vn -1.000000 0.000000 -0.000000
vn 0.000000 1.000000 0.000000
vn 1.000000 0.000000 0.000000
vn 0.000000 -1.000000 0.000000
vn 0.000000 0.000000 1.000000
vn 0.000000 0.000000 -1.000000
vn -1.000000 0.000000 -0.000000
vn 0.000000 1.000000 0.000000
vn 1.000000 0.000000 0.000000
vn 0.000000 -1.000000 0.000000
vn 0.000000 0.000000 1.000000
vn 0.000000 0.000000 -1.000000
vn -1.000000 0.000000 -0.000000
vn 0.000000 1.000000 0.000000
vn 1.000000 0.000000 0.000000
vn 0.000000 -1.000000 0.000000
vn 0.000000 0.000000 1.000000
vn 0.000000 0.000000 -1.000000
vn -1.000000 0.000000 -0.000000
vn 0.000000 1.000000 0.000000
vn 1.000000 0.000000 0.000000
vn 0.000000 -1.000000 0.000000
vn 0.000000 0.000000 1.000000
vn 0.000000 0.000000 -1.000000
vn -1.000000 0.000000 -0.000000
vn 0.000000 1.000000 0.000000
vn 1.000000 0.000000 0.000000
vn 0.000000 -1.000000 0.000000
vn 0.000000 0.000000 1.000000
vn 0.000000 0.000000 -1.000000
vn -1.000000 0.000000 -0.000000
vn 0.000000 1.000000 0.000000
vn 1.000000 0.000000 0.000000
vn 0.000000 -1.000000 0.000000
vn 0.000000 0.000000 1.000000
vn 0.000000 0.000000 -1.000000
vn -1.000000 0.000000 -0.000000
vn 0.000000 1.000000 0.000000
vn 1.000000 0.000000 0.000000
vn 0.000000 -1.000000 0.000000
vn 0.000000 0.000000 1.000000
vn 0.000000 0.000000 -1.000000
vn -1.000000 0.000000 -0.000000
vn 0.000000 1.000000 0.000000
vn 1.000000 0.000000 0.000000
vn 0.000000 -1.000000 0.000000
vn 0.000000 0.000000 1.000000
vn 0.000000 0.000000 -1.000000
vn -1.000000 0.000000 -0.000000
vn 0.000000 1.000000 0.000000
vn 1.000000 0.000000 0.000000
vn 0.000000 -1.000000 0.000000
vn 0.000000 0.000000 1.000000
vn 0.000000 0.000000 -1.000000
vn -1.000000 0.000000 -0.000000
vn 0.000000 1.000000 0.000000
vn 1.000000 0.000000 0.000000
vn 0.000000 -1.000000 0.000000
vn 0.000000 0.000000 1.000000
vn 0.000000 0.000000 -1.000000
vn -1.000000 0.000000 -0.000000
vn 0.000000 1.000000 0.000000
vn 1.000000 0.000000 0.000000
vn 0.000000 -1.000000 0.000000
vn 0.000000 0.000000 1.000000
vn 0.000000 0.000000 -1.000000
vn -1.000000 0.000000 -0.000000
vn 0.000000 1.000000 0.000000
vn 1.000000 0.000000 0.000000
vn 0.000000 -1.000000 0.000000
vn 0.000000 0.000000 1.000000
vn 0.000000 0.000000 -1.000000
vn -1.000000 0.000000 -0.000000
vn 0.000000 1.000000 0.000000
vn 1.000000 0.000000 0.000000
vn 0.000000 -1.000000 0.000000
vn 0.000000 0.000000 1.000000
vn 0.000000 0.000000 -1.000000
vn -1.000000 0.000000 -0.000000
vn 0.000000 1.000000 0.000000
vn 1.000000 0.000000 0.000000
vn 0.000000 -1.000000 0.000000
vn 0.000000 0.000000 1.000000
vn 0.000000 0.000000 -1.000000
vn -1.000000 0.000000 -0.000000
vn 0.000000 1.000000 0.000000
vn 1.000000 0.000000 0.000000
vn 0.000000 -1.000000 0.000000
vn 0.000000 0.000000 1.000000
vn 0.000000 0.000000 -1.000000
vn -1.000000 0.000000 -0.000000
vn 0.000000 1.000000 0.000000
vn 1.000000 0.000000 0.000000
vn 0.000000 -1.000000 0.000000
vn 0.000000 0.000000 1.000000
vn 0.000000 0.000000 -1.000000
vn -1.000000 0.000000 -0.000000
vn 0.000000 1.000000 0.000000
vn 1.000000 0.000000 0.000000
vn 0.000000 -1.000000 0.000000
vn 0.000000 0.000000 1.000000
vn 0.000000 0.000000 -1.000000
vn -1.000000 0.000000 -0.000000
vn 0.000000 1.000000 0.000000
vn 1.000000 0.000000 0.000000
vn 0.000000 -1.000000 0.000000
vn 0.000000 0.000000 1.000000
vn 0.000000 0.000000 -1.000000
vn -1.000000 0.000000 -0.000000
vn 0.000000 1.000000 0.000000
vn 1.000000 0.000000 0.000000
vn 0.000000 -1.000000 0.000000
vn 0.000000 0.000000 1.000000
vn 0.000000 0.000000 -1.000000
vn -1.000000 0.000000 -0.000000
vn 0.000000 1.000000 0.000000
vn 1.000000 0.000000 0.000000
vn 0.000000 -1.000000 0.000000
vn 0.000000 0.000000 1.000000
vn 0.000000 0.000000 -1.000000
vn -1.000000 0.000000 -0.000000
vn 0.000000 1.000000 0.000000
vn 1.000000 0.000000 0.000000
vn 0.000000 -1.000000 0.000000
vn 0.000000 0.000000 1.000000
vn 0.000000 0.000000 -1.000000
vn -1.000000 0.000000 -0.000000
vn 0.000000 1.000000 0.000000
vn 1.000000 0.000000 0.000000
vn 0.000000 -1.000000 0.000000
vn 0.000000 0.000000 1.000000
vn 0.000000 0.000000 -1.000000
vn -1.000000 0.000000 -0.000000
vn 0.000000 1.000000 0.000000
vn 1.000000 0.000000 0.000000
vn 0.000000 -1.000000 0.000000
vn 0.000000 0.000000 1.000000
vn 0.000000 0.000000 -1.000000
vn -1.000000 0.000000 -0.000000
vn 0.000000 1.000000 0.000000
vn 1.000000 0.000000 0.000000
vn 0.000000 -1.000000 0.000000
vn 0.000000 0.000000 1.000000
vn 0.000000 0.000000 -1.000000
vn -1.000000 0.000000 -0.000000
vn 0.000000 1.000000 0.000000
vn 1.000000 0.000000 0.000000
vn 0.000000 -1.000000 0.000000
vn 0.000000 0.000000 1.000000
vn 0.000000 0.000000 -1.000000
vn -1.000000 0.000000 -0.000000
vn 0.000000 1.000000 0.000000
vn 1.000000 0.000000 0.000000
vn 0.000000 -1.000000 0.000000
vn 0.000000 0.000000 1.000000
vn 0.000000 0.000000 -1.000000
vn -1.000000 0.000000 -0.000000
vn 0.000000 1.000000 0.000000
vn 1.000000 0.000000 0.000000
vn 0.000000 -1.000000 0.000000
vn 0.000000 0.000000 1.000000
vn 0.000000 0.000000 -1.000000
vn -1.000000 0.000000 -0.000000
vn 0.000000 1.000000 0.000000
vn 1.000000 0.000000 0.000000
vn 0.000000 -1.000000 0.000000
vn 0.000000 0.000000 1.000000
vn 0.000000 0.000000 -1.000000
vn -1.000000 0.000000 -0.000000
vn 0.000000 1.000000 0.000000
vn 1.000000 0.000000 0.000000
vn 0.000000 -1.000000 0.000000
vn 0.000000 0.000000 1.000000
vn 0.000000 0.000000 -1.000000
vn -1.000000 0.000000 -0.000000
vn 0.000000 1.000000 0.000000
vn 1.000000 0.000000 0.000000
vn 0.000000 -1.000000 0.000000
vn 0.000000 0.000000 1.000000
vn 0.000000 0.000000 -1.000000
vn -1.000000 0.000000 -0.000000
vn 0.000000 1.000000 0.000000
vn 1.000000 0.000000 0.000000
vn 0.000000 -1.000000 0.000000
vn 0.000000 0.000000 1.000000
vn 0.000000 0.000000 -1.000000
vn -1.000000 0.000000 -0.000000
vn 0.000000 1.000000 0.000000
vn 1.000000 0.000000 0.000000
vn 0.000000 -1.000000 0.000000
vn 0.000000 0.000000 1.000000
vn 0.000000 0.000000 -1.000000
vn -1.000000 0.000000 -0.000000
vn 0.000000 1.000000 0.000000
vn 1.000000 0.000000 0.000000
vn 0.000000 -1.000000 0.000000
vn 0.000000 0.000000 1.000000
vn 0.000000 0.000000 -1.000000
vn -1.000000 0.000000 -0.000000
vn 0.000000 1.000000 0.000000
vn 1.000000 0.000000 0.000000
vn 0.000000 -1.000000 0.000000
vn 0.000000 0.000000 1.000000
vn 0.000000 0.000000 -1.000000
vn -1.000000 0.000000 -0.000000
vn 0.000000 1.000000 0.000000
vn 1.000000 0.000000 0.000000
vn 0.000000 -1.000000 0.000000
vn 0.000000 0.000000 1.000000
vn 0.000000 0.000000 -1.000000
vn -1.000000 0.000000 -0.000000
vn 0.000000 1.000000 0.000000
vn 1.000000 0.000000 0.000000
vn 0.000000 -1.000000 0.000000
vn 0.000000 0.000000 1.000000
vn 0.000000 0.000000 -1.000000
vn -1.000000 0.000000 -0.000000
vn 0.000000 1.000000 0.000000
vn 1.000000 0.000000 0.000000
vn 0.000000 -1.000000 0.000000
vn 0.000000 0.000000 1.000000
vn 0.000000 0.000000 -1.000000
vn -1.000000 0.000000 -0.000000
vn 0.000000 1.000000 0.000000
vn 1.000000 0.000000 0.000000
vn 0.000000 -1.000000 0.000000
vn 0.000000 0.000000 1.000000
vn 0.000000 0.000000 -1.000000
vn -1.000000 0.000000 -0.000000
vn 0.000000 1.000000 0.000000
vn 1.000000 0.000000 0.000000
vn 0.000000 -1.000000 0.000000
vn 0.000000 0.000000 1.000000
vn 0.000000 0.000000 -1.000000
vn -1.000000 0.000000 -0.000000
vn 0.000000 1.000000 0.000000
vn 1.000000 0.000000 0.000000
vn 0.000000 -1.000000 0.000000
vn 0.000000 0.000000 1.000000
vn 0.000000 0.000000 -1.000000
vn -1.000000 0.000000 -0.000000
vn 0.000000 1.000000 0.000000
vn 1.000000 0.000000 0.000000
vn 0.000000 -1.000000 0.000000
vn 0.000000 0.000000 1.000000
vn 0.000000 0.000000 -1.000000
vn -1.000000 0.000000 -0.000000
vn 0.000000 1.000000 0.000000
vn 1.000000 0.000000 0.000000
vn 0.000000 -1.000000 0.000000
vn 0.000000 0.000000 1.000000
vn 0.000000 0.000000 -1.000000
vn -1.000000 0.000000 -0.000000
vn 0.000000 1.000000 0.000000
vn 1.000000 0.000000 0.000000
vn 0.000000 -1.000000 0.000000
vn 0.000000 0.000000 1.000000
vn 0.000000 0.000000 -1.000000
vn 0.382688 -0.923877 0.000000
vn 0.707107 -0.707107 0.000000
vn 0.130565 0.991440 0.000000
vn -0.382683 0.923880 0.000000
vn -0.707107 0.707107 0.000000
vn 0.382638 0.923898 0.000000
vn 0.923881 0.382680 0.000000
vn 0.991445 -0.130528 0.000000
vn 0.608761 0.793354 0.000000
vn -0.923880 -0.382683 -0.000000
vn 0.000000 -0.000000 1.000000
vn 0.793385 0.608720 0.000000
vn -0.382685 -0.923879 -0.000000
vn 0.707107 0.707107 0.000000
vn 0.923862 0.382726 0.000000
vn 0.382683 -0.923880 0.000000
vn 0.991445 0.130528 0.000000
vn 0.991445 0.130524 0.000000
vn -0.382688 0.923877 0.000000
vn -0.000000 0.000000 -1.000000
vn 0.991445 -0.130524 0.000000
vn -0.130521 -0.991445 -0.000000
vn 0.000000 0.000000 1.000000
vn 0.923862 -0.382726 0.000000
vn 0.000000 0.000000 1.000000
vn 0.923880 0.382683 0.000000
vn 0.793385 -0.608720 0.000000
vn 0.923880 0.382683 0.000000
vn -0.382688 -0.923877 -0.000000
vn 0.608761 -0.793354 0.000000
vn 0.130521 -0.991445 0.000000
vn 0.000000 -0.000000 -1.000000
vn 0.382638 -0.923898 0.000000
vn -0.000000 0.000000 -1.000000
vn 0.793354 0.608761 0.000000
vn 0.130565 -0.991440 0.000000
vn 0.000000 0.000000 1.000000
vn -0.923880 0.382683 0.000000
vn -0.130565 -0.991440 -0.000000
vn 0.382685 -0.923879 0.000000
vn 0.923881 -0.382680 0.000000
vn -0.382638 -0.923898 -0.000000
vn -0.707107 -0.707107 -0.000000
vn 0.608760 0.793355 0.000000
vn -0.608761 -0.793354 -0.000000
vn 0.000000 -0.000000 -1.000000
vn 0.382688 0.923877 0.000000
vn -0.793385 -0.608720 -0.000000
vn 0.608760 -0.793355 0.000000
vn -0.382683 -0.923880 -0.000000
vn -0.923862 -0.382726 -0.000000
vn -0.707107 0.707107 0.000000
vn 0.382685 0.923879 0.000000
vn -0.991445 -0.130524 -0.000000
vn 0.707107 -0.707107 0.000000
vn 0.923880 -0.382683 0.000000
vn -0.991445 0.130524 0.000000
vn 0.793354 -0.608761 0.000000
vn 0.000000 0.000000 1.000000
vn -0.923862 0.382726 0.000000
vn 0.707107 0.707107 0.000000
vn 0.130521 0.991445 0.000000
vn -0.793385 0.608720 0.000000
vn -0.707107 -0.707107 -0.000000
vn 0.000000 -0.000000 1.000000
vn -0.608761 0.793354 0.000000
vn 0.000000 0.000000 -1.000000
vn 0.382683 0.923880 0.000000
vn -0.382638 0.923898 0.000000
vn -0.608760 -0.793355 -0.000000
vn 0.923880 -0.382683 0.000000
vn -0.130565 0.991440 0.000000
vn 0.000000 0.000000 1.000000
vn -0.793354 -0.608761 -0.000000
vn 0.000000 -0.000000 -1.000000
vn -0.923881 -0.382680 -0.000000
vn -0.923880 -0.382683 -0.000000
vn 0.000000 -0.000000 1.000000
vn 0.000000 0.000000 -1.000000
vn -0.991445 -0.130528 -0.000000
vn 1.000000 0.000000 0.000000
vn 0.000000 0.000000 1.000000
vn -0.991445 0.130528 0.000000
vn 0.000000 1.000000 0.000000
vn 0.000000 -1.000000 0.000000
vn -0.923880 0.382683 0.000000
vn -1.000000 0.000000 -0.000000
vn 1.000000 0.000000 0.000000
vn -0.793354 0.608761 0.000000
vn 0.000000 -1.000000 0.000000
vn 0.000000 1.000000 0.000000
vn -0.608760 0.793355 0.000000
vn 0.000000 0.000000 -1.000000
vn -1.000000 0.000000 -0.000000
vn -0.382685 0.923879 0.000000
vn -0.923881 0.382680 0.000000
vn 0.000000 0.000000 -1.000000
vn -0.130521 0.991445 0.000000
vn 0.000000 0.000000 1.000000
vn 0.000000 0.000000 -1.000000
vn 1.000000 0.000000 0.000000
vn 0.000000 -1.000000 0.000000
vn -1.000000 0.000000 -0.000000
vn 0.000000 1.000000 0.000000
vn 0.000000 0.000000 1.000000
vn 0.000000 0.000000 -1.000000
vn 0.923881 0.382680 0.000000
vn 0.382683 -0.923880 0.000000
vn -0.923881 -0.382680 -0.000000
vn -0.382683 0.923880 0.000000
vn 0.000000 0.000000 1.000000
vn 0.000000 0.000000 -1.000000
vn 0.707107 0.707107 0.000000
vn 0.707107 -0.707107 0.000000
vn -0.707107 -0.707107 -0.000000
vn -0.707107 0.707107 0.000000
vn 0.000000 0.000000 1.000000
vn 0.000000 0.000000 -1.000000
vn 0.382688 0.923877 0.000000
vn 0.923880 -0.382683 0.000000
vn -0.382688 -0.923877 -0.000000
vn -0.923880 0.382683 0.000000
vn 0.000000 0.000000 1.000000
vn 0.000000 0.000000 -1.000000
vn 0.000000 1.000000 0.000000
vn 1.000000 0.000000 0.000000
vn 0.000000 -1.000000 0.000000
vn -1.000000 0.000000 -0.000000
vn 0.000000 0.000000 1.000000
vn 0.000000 0.000000 -1.000000
vn -0.382688 0.923877 0.000000
vn 0.923880 0.382683 0.000000
vn 0.382688 -0.923877 0.000000
vn -0.923880 -0.382683 -0.000000
vn 0.000000 0.000000 1.000000
vn 0.000000 0.000000 -1.000000
vn -0.707107 0.707107 0.000000
vn 0.707107 0.707107 0.000000
vn 0.707107 -0.707107 0.000000
vn -0.707107 -0.707107 -0.000000
vn -0.000000 0.000000 1.000000
vn 0.000000 0.000000 -1.000000
vn -0.923880 0.382683 0.000000
vn 0.382694 0.923875 0.000000
vn 0.923880 -0.382683 0.000000
vn -0.382694 -0.923875 -0.000000
vn -0.000000 0.000000 1.000000
vn 0.000000 0.000000 -1.000000

f 3/1/1 4/2/1 2/3/1 1/4/1
f 7/5/2 8/6/2 4/7/2 3/8/2
f 5/9/3 6/10/3 8/11/3 7/12/3
f 1/13/4 2/14/4 6/15/4 5/16/4
f 1/17/5 5/18/5 7/19/5 3/20/5
f 6/21/6 2/22/6 4/23/6 8/24/6
f 11/25/7 12/26/7 10/27/7 9/28/7
f 15/29/8 16/30/8 12/31/8 11/32/8
f 13/33/9 14/34/9 16/35/9 15/36/9
f 9/37/10 10/38/10 14/39/10 13/40/10
f 9/41/11 13/42/11 15/43/11 11/44/11
f 14/45/12 10/46/12 12/47/12 16/48/12
f 19/49/13 20/50/13 18/51/13 17/52/13
f 23/53/14 24/54/14 20/55/14 19/56/14
f 21/57/15 22/58/15 24/59/15 23/60/15
f 17/61/16 18/62/16 22/63/16 21/64/16
f 17/65/17 21/66/17 23/67/17 19/68/17
f 22/69/18 18/70/18 20/71/18 24/72/18
f 27/73/19 28/74/19 26/75/19 25/76/19
f 31/77/20 32/78/20 28/79/20 27/80/20
f 29/81/21 30/82/21 32/83/21 31/84/21
f 25/85/22 26/86/22 30/87/22 29/88/22
f 25/89/23 29/90/23 31/91/23 27/92/23
f 30/93/24 26/94/24 28/95/24 32/96/24
f 35/97/25 36/98/25 34/99/25 33/100/25
f 39/101/26 40/102/26 36/103/26 35/104/26
f 37/105/27 38/106/27 40/107/27 39/108/27
f 33/109/28 34/110/28 38/111/28 37/112/28
f 33/113/29 37/114/29 39/115/29 35/116/29
f 38/117/30 34/118/30 36/119/30 40/120/30
f 43/121/31 44/122/31 42/123/31 41/124/31
f 47/125/32 48/126/32 44/127/32 43/128/32
f 45/129/33 46/130/33 48/131/33 47/132/33
f 41/133/34 42/134/34 46/135/34 45/136/34
f 41/137/35 45/138/35 47/139/35 43/140/35
f 46/141/36 42/142/36 44/143/36 48/144/36
f 51/145/37 52/146/37 50/147/37 49/148/37
f 55/149/38 56/150/38 52/151/38 51/152/38
f 53/153/39 54/154/39 56/155/39 55/156/39
f 49/157/40 50/158/40 54/159/40 53/160/40
f 49/161/41 53/162/41 55/163/41 51/164/41
f 54/165/42 50/166/42 52/167/42 56/168/42
f 59/169/43 60/170/43 58/171/43 57/172/43
f 63/173/44 64/174/44 60/175/44 59/176/44
f 61/177/45 62/178/45 64/179/45 63/180/45
f 57/181/46 58/182/46 62/183/46 61/184/46
f 57/185/47 61/186/47 63/187/47 59/188/47
f 62/189/48 58/190/48 60/191/48 64/192/48
f 67/193/49 68/194/49 66/195/49 65/196/49
f 71/197/50 72/198/50 68/199/50 67/200/50
f 69/201/51 70/202/51 72/203/51 71/204/51
f 65/205/52 66/206/52 70/207/52 69/208/52
f 65/209/53 69/210/53 71/211/53 67/212/53
f 70/213/54 66/214/54 68/215/54 72/216/54
f 75/217/55 76/218/55 74/219/55 73/220/55
f 79/221/56 80/222/56 76/223/56 75/224/56
f 77/225/57 78/226/57 80/227/57 79/228/57
f 73/229/58 74/230/58 78/231/58 77/232/58
f 73/233/59 77/234/59 79/235/59 75/236/59
f 78/237/60 74/238/60 76/239/60 80/240/60
f 83/241/61 84/242/61 82/243/61 81/244/61
f 87/245/62 88/246/62 84/247/62 83/248/62
f 85/249/63 86/250/63 88/251/63 87/252/63
f 81/253/64 82/254/64 86/255/64 85/256/64
f 81/257/65 85/258/65 87/259/65 83/260/65
f 86/261/66 82/262/66 84/263/66 88/264/66
f 91/265/67 92/266/67 90/267/67 89/268/67
f 95/269/68 96/270/68 92/271/68 91/272/68
f 93/273/69 94/274/69 96/275/69 95/276/69
f 89/277/70 90/278/70 94/279/70 93/280/70
f 89/281/71 93/282/71 95/283/71 91/284/71
f 94/285/72 90/286/72 92/287/72 96/288/72
f 99/289/73 100/290/73 98/291/73 97/292/73
f 103/293/74 104/294/74 100/295/74 99/296/74
f 101/297/75 102/298/75 104/299/75 103/300/75
f 97/301/76 98/302/76 102/303/76 101/304/76
f 97/305/77 101/306/77 103/307/77 99/308/77
f 102/309/78 98/310/78 100/311/78 104/312/78
f 107/313/79 108/314/79 106/315/79 105/316/79
f 111/317/80 112/318/80 108/319/80 107/320/80
f 109/321/81 110/322/81 112/323/81 111/324/81
f 105/325/82 106/326/82 110/327/82 109/328/82
f 105/329/83 109/330/83 111/331/83 107/332/83
f 110/333/84 106/334/84 108/335/84 112/336/84
f 115/337/85 116/338/85 114/339/85 113/340/85
f 119/341/86 120/342/86 116/343/86 115/344/86
f 117/345/87 118/346/87 120/347/87 119/348/87
f 113/349/88 114/350/88 118/351/88 117/352/88
f 113/353/89 117/354/89 119/355/89 115/356/89
f 118/357/90 114/358/90 116/359/90 120/360/90
f 123/361/91 124/362/91 122/363/91 121/364/91
f 127/365/92 128/366/92 124/367/92 123/368/92
f 125/369/93 126/370/93 128/371/93 127/372/93
f 121/373/94 122/374/94 126/375/94 125/376/94
f 121/377/95 125/378/95 127/379/95 123/380/95
f 126/381/96 122/382/96 124/383/96 128/384/96
f 131/385/97 132/386/97 130/387/97 129/388/97
f 135/389/98 136/390/98 132/391/98 131/392/98
f 133/393/99 134/394/99 136/395/99 135/396/99
f 129/397/100 130/398/100 134/399/100 133/400/100
f 129/401/101 133/402/101 135/403/101 131/404/101
f 134/405/102 130/406/102 132/407/102 136/408/102
f 139/409/103 140/410/103 138/411/103 137/412/103
f 143/413/104 144/414/104 140/415/104 139/416/104
f 141/417/105 142/418/105 144/419/105 143/420/105
f 137/421/106 138/422/106 142/423/106 141/424/106
f 137/425/107 141/426/107 143/427/107 139/428/107
f 142/429/108 138/430/108 140/431/108 144/432/108
f 147/433/109 148/434/109 146/435/109 145/436/109
f 151/437/110 152/438/110 148/439/110 147/440/110
f 149/441/111 150/442/111 152/443/111 151/444/111
f 145/445/112 146/446/112 150/447/112 149/448/112
f 145/449/113 149/450/113 151/451/113 147/452/113
f 150/453/114 146/454/114 148/455/114 152/456/114
f 155/457/115 156/458/115 154/459/115 153/460/115
f 159/461/116 160/462/116 156/463/116 155/464/116
f 157/465/117 158/466/117 160/467/117 159/468/117
f 153/469/118 154/470/118 158/471/118 157/472/118
f 153/473/119 157/474/119 159/475/119 155/476/119
f 158/477/120 154/478/120 156/479/120 160/480/120
f 163/481/121 164/482/121 162/483/121 161/484/121
f 167/485/122 168/486/122 164/487/122 163/488/122
f 165/489/123 166/490/123 168/491/123 167/492/123
f 161/493/124 162/494/124 166/495/124 165/496/124
f 161/497/125 165/498/125 167/499/125 163/500/125
f 166/501/126 162/502/126 164/503/126 168/504/126
f 171/505/127 172/506/127 170/507/127 169/508/127
f 175/509/128 176/510/128 172/511/128 171/512/128
f 173/513/129 174/514/129 176/515/129 175/516/129
f 169/517/130 170/518/130 174/519/130 173/520/130
f 169/521/131 173/522/131 175/523/131 171/524/131
f 174/525/132 170/526/132 172/527/132 176/528/132
f 179/529/133 180/530/133 178/531/133 177/532/133
f 183/533/134 184/534/134 180/535/134 179/536/134
f 181/537/135 182/538/135 184/539/135 183/540/135
f 177/541/136 178/542/136 182/543/136 181/544/136
f 177/545/137 181/546/137 183/547/137 179/548/137
f 182/549/138 178/550/138 180/551/138 184/552/138
f 187/553/139 188/554/139 186/555/139 185/556/139
f 191/557/140 192/558/140 188/559/140 187/560/140
f 189/561/141 190/562/141 192/563/141 191/564/141
f 185/565/142 186/566/142 190/567/142 189/568/142
f 185/569/143 189/570/143 191/571/143 187/572/143
f 190/573/144 186/574/144 188/575/144 192/576/144
f 195/577/145 196/578/145 194/579/145 193/580/145
f 199/581/146 200/582/146 196/583/146 195/584/146
f 197/585/147 198/586/147 200/587/147 199/588/147
f 193/589/148 194/590/148 198/591/148 197/592/148
f 193/593/149 197/594/149 199/595/149 195/596/149
f 198/597/150 194/598/150 196/599/150 200/600/150
f 203/601/151 204/602/151 202/603/151 201/604/151
f 207/605/152 208/606/152 204/607/152 203/608/152
f 205/609/153 206/610/153 208/611/153 207/612/153
f 201/613/154 202/614/154 206/615/154 205/616/154
f 201/617/155 205/618/155 207/619/155 203/620/155
f 206/621/156 202/622/156 204/623/156 208/624/156
f 211/625/157 212/626/157 210/627/157 209/628/157
f 215/629/158 216/630/158 212/631/158 211/632/158
f 213/633/159 214/634/159 216/635/159 215/636/159
f 209/637/160 210/638/160 214/639/160 213/640/160
f 209/641/161 213/642/161 215/643/161 211/644/161
f 214/645/162 210/646/162 212/647/162 216/648/162
f 219/649/163 220/650/163 218/651/163 217/652/163
f 223/653/164 224/654/164 220/655/164 219/656/164
f 221/657/165 222/658/165 224/659/165 223/660/165
f 217/661/166 218/662/166 222/663/166 221/664/166
f 217/665/167 221/666/167 223/667/167 219/668/167
f 222/669/168 218/670/168 220/671/168 224/672/168
f 227/673/169 228/674/169 226/675/169 225/676/169
f 231/677/170 232/678/170 228/679/170 227/680/170
f 229/681/171 230/682/171 232/683/171 231/684/171
f 225/685/172 226/686/172 230/687/172 229/688/172
f 225/689/173 229/690/173 231/691/173 227/692/173
f 230/693/174 226/694/174 228/695/174 232/696/174
f 235/697/175 236/698/175 234/699/175 233/700/175
f 239/701/176 240/702/176 236/703/176 235/704/176
f 237/705/177 238/706/177 240/707/177 239/708/177
f 233/709/178 234/710/178 238/711/178 237/712/178
f 233/713/179 237/714/179 239/715/179 235/716/179
f 238/717/180 234/718/180 236/719/180 240/720/180
f 243/721/181 244/722/181 242/723/181 241/724/181
f 247/725/182 248/726/182 244/727/182 243/728/182
f 245/729/183 246/730/183 248/731/183 247/732/183
f 241/733/184 242/734/184 246/735/184 245/736/184
f 241/737/185 245/738/185 247/739/185 243/740/185
f 246/741/186 242/742/186 244/743/186 248/744/186
f 251/745/187 252/746/187 250/747/187 249/748/187
f 255/749/188 256/750/188 252/751/188 251/752/188
f 253/753/189 254/754/189 256/755/189 255/756/189
f 249/757/190 250/758/190 254/759/190 253/760/190
f 249/761/191 253/762/191 255/763/191 251/764/191
f 254/765/192 250/766/192 252/767/192 256/768/192
f 259/769/193 260/770/193 258/771/193 257/772/193
f 263/773/194 264/774/194 260/775/194 259/776/194
f 261/777/195 262/778/195 264/779/195 263/780/195
f 257/781/196 258/782/196 262/783/196 261/784/196
f 257/785/197 261/786/197 263/787/197 259/788/197
f 262/789/198 258/790/198 260/791/198 264/792/198
f 267/793/199 268/794/199 266/795/199 265/796/199
f 271/797/200 272/798/200 268/799/200 267/800/200
f 269/801/201 270/802/201 272/803/201 271/804/201
f 265/805/202 266/806/202 270/807/202 269/808/202
f 265/809/203 269/810/203 271/811/203 267/812/203
f 270/813/204 266/814/204 268/815/204 272/816/204
f 275/817/205 276/818/205 274/819/205 273/820/205
f 279/821/206 280/822/206 276/823/206 275/824/206
f 277/825/207 278/826/207 280/827/207 279/828/207
f 273/829/208 274/830/208 278/831/208 277/832/208
f 273/833/209 277/834/209 279/835/209 275/836/209
f 278/837/210 274/838/210 276/839/210 280/840/210
f 283/841/211 284/842/211 282/843/211 281/844/211
f 287/845/212 288/846/212 284/847/212 283/848/212
f 285/849/213 286/850/213 288/851/213 287/852/213
f 281/853/214 282/854/214 286/855/214 285/856/214
f 281/857/215 285/858/215 287/859/215 283/860/215
f 286/861/216 282/862/216 284/863/216 288/864/216
f 291/865/217 292/866/217 290/867/217 289/868/217
f 295/869/218 296/870/218 292/871/218 291/872/218
f 293/873/219 294/874/219 296/875/219 295/876/219
f 289/877/220 290/878/220 294/879/220 293/880/220
f 289/881/221 293/882/221 295/883/221 291/884/221
f 294/885/222 290/886/222 292/887/222 296/888/222
f 299/889/223 300/890/223 298/891/223 297/892/223
f 303/893/224 304/894/224 300/895/224 299/896/224
f 301/897/225 302/898/225 304/899/225 303/900/225
f 297/901/226 298/902/226 302/903/226 301/904/226
f 297/905/227 301/906/227 303/907/227 299/908/227
f 302/909/228 298/910/228 300/911/228 304/912/228
f 307/913/229 308/914/229 306/915/229 305/916/229
f 311/917/230 312/918/230 308/919/230 307/920/230
f 309/921/231 310/922/231 312/923/231 311/924/231
f 305/925/232 306/926/232 310/927/232 309/928/232
f 305/929/233 309/930/233 311/931/233 307/932/233
f 310/933/234 306/934/234 308/935/234 312/936/234
f 315/937/235 316/938/235 314/939/235 313/940/235
f 319/941/236 320/942/236 316/943/236 315/944/236
f 317/945/237 318/946/237 320/947/237 319/948/237
f 313/949/238 314/950/238 318/951/238 317/952/238
f 313/953/239 317/954/239 319/955/239 315/956/239
f 318/957/240 314/958/240 316/959/240 320/960/240
f 323/961/241 324/962/241 322/963/241 321/964/241
f 327/965/242 328/966/242 324/967/242 323/968/242
f 325/969/243 326/970/243 328/971/243 327/972/243
f 321/973/244 322/974/244 326/975/244 325/976/244
f 321/977/245 325/978/245 327/979/245 323/980/245
f 326/981/246 322/982/246 324/983/246 328/984/246
f 331/985/247 332/986/247 330/987/247 329/988/247
f 335/989/248 336/990/248 332/991/248 331/992/248
f 333/993/249 334/994/249 336/995/249 335/996/249
f 329/997/250 330/998/250 334/999/250 333/1000/250
f 329/1001/251 333/1002/251 335/1003/251 331/1004/251
f 334/1005/252 330/1006/252 332/1007/252 336/1008/252
f 339/1009/253 340/1010/253 338/1011/253 337/1012/253
f 343/1013/254 344/1014/254 340/1015/254 339/1016/254
f 341/1017/255 342/1018/255 344/1019/255 343/1020/255
f 337/1021/256 338/1022/256 342/1023/256 341/1024/256
f 337/1025/257 341/1026/257 343/1027/257 339/1028/257
f 342/1029/258 338/1030/258 340/1031/258 344/1032/258
f 347/1033/259 348/1034/259 346/1035/259 345/1036/259
f 351/1037/260 352/1038/260 348/1039/260 347/1040/260
f 349/1041/261 350/1042/261 352/1043/261 351/1044/261
f 345/1045/262 346/1046/262 350/1047/262 349/1048/262
f 345/1049/263 349/1050/263 351/1051/263 347/1052/263
f 350/1053/264 346/1054/264 348/1055/264 352/1056/264
f 355/1057/265 356/1058/265 354/1059/265 353/1060/265
f 359/1061/266 360/1062/266 356/1063/266 355/1064/266
f 357/1065/267 358/1066/267 360/1067/267 359/1068/267
f 353/1069/268 354/1070/268 358/1071/268 357/1072/268
f 353/1073/269 357/1074/269 359/1075/269 355/1076/269
f 358/1077/270 354/1078/270 356/1079/270 360/1080/270
f 363/1081/271 364/1082/271 362/1083/271 361/1084/271
f 367/1085/272 368/1086/272 364/1087/272 363/1088/272
f 365/1089/273 366/1090/273 368/1091/273 367/1092/273
f 361/1093/274 362/1094/274 366/1095/274 365/1096/274
f 361/1097/275 365/1098/275 367/1099/275 363/1100/275
f 366/1101/276 362/1102/276 364/1103/276 368/1104/276
f 371/1105/277 372/1106/277 370/1107/277 369/1108/277
f 375/1109/278 376/1110/278 372/1111/278 371/1112/278
f 373/1113/279 374/1114/279 376/1115/279 375/1116/279
f 369/1117/280 370/1118/280 374/1119/280 373/1120/280
f 369/1121/281 373/1122/281 375/1123/281 371/1124/281
f 374/1125/282 370/1126/282 372/1127/282 376/1128/282
f 379/1129/283 380/1130/283 378/1131/283 377/1132/283
f 383/1133/284 384/1134/284 380/1135/284 379/1136/284
f 381/1137/285 382/1138/285 384/1139/285 383/1140/285
f 377/1141/286 378/1142/286 382/1143/286 381/1144/286
f 377/1145/287 381/1146/287 383/1147/287 379/1148/287
f 382/1149/288 378/1150/288 380/1151/288 384/1152/288
f 387/1153/289 388/1154/289 386/1155/289 385/1156/289
f 391/1157/290 392/1158/290 388/1159/290 387/1160/290
f 389/1161/291 390/1162/291 392/1163/291 391/1164/291
f 385/1165/292 386/1166/292 390/1167/292 389/1168/292
f 385/1169/293 389/1170/293 391/1171/293 387/1172/293
f 390/1173/294 386/1174/294 388/1175/294 392/1176/294
f 395/1177/295 396/1178/295 394/1179/295 393/1180/295
f 399/1181/296 400/1182/296 396/1183/296 395/1184/296
f 397/1185/297 398/1186/297 400/1187/297 399/1188/297
f 393/1189/298 394/1190/298 398/1191/298 397/1192/298
f 393/1193/299 397/1194/299 399/1195/299 395/1196/299
f 398/1197/300 394/1198/300 396/1199/300 400/1200/300
f 403/1201/301 404/1202/301 402/1203/301 401/1204/301
f 407/1205/302 408/1206/302 404/1207/302 403/1208/302
f 405/1209/303 406/1210/303 408/1211/303 407/1212/303
f 401/1213/304 402/1214/304 406/1215/304 405/1216/304
f 401/1217/305 405/1218/305 407/1219/305 403/1220/305
f 406/1221/306 402/1222/306 404/1223/306 408/1224/306
f 411/1225/307 412/1226/307 410/1227/307 409/1228/307
f 415/1229/308 416/1230/308 412/1231/308 411/1232/308
f 413/1233/309 414/1234/309 416/1235/309 415/1236/309
f 409/1237/310 410/1238/310 414/1239/310 413/1240/310
f 409/1241/311 413/1242/311 415/1243/311 411/1244/311
f 414/1245/312 410/1246/312 412/1247/312 416/1248/312
f 419/1249/313 420/1250/313 418/1251/313 417/1252/313
f 423/1253/314 424/1254/314 420/1255/314 419/1256/314
f 421/1257/315 422/1258/315 424/1259/315 423/1260/315
f 417/1261/316 418/1262/316 422/1263/316 421/1264/316
f 417/1265/317 421/1266/317 423/1267/317 419/1268/317
f 422/1269/318 418/1270/318 420/1271/318 424/1272/318
f 427/1273/319 428/1274/319 426/1275/319 425/1276/319
f 431/1277/320 432/1278/320 428/1279/320 427/1280/320
f 429/1281/321 430/1282/321 432/1283/321 431/1284/321
f 425/1285/322 426/1286/322 430/1287/322 429/1288/322
f 425/1289/323 429/1290/323 431/1291/323 427/1292/323
f 430/1293/324 426/1294/324 428/1295/324 432/1296/324
f 435/1297/325 436/1298/325 434/1299/325 433/1300/325
f 439/1301/326 440/1302/326 436/1303/326 435/1304/326
f 437/1305/327 438/1306/327 440/1307/327 439/1308/327
f 433/1309/328 434/1310/328 438/1311/328 437/1312/328
f 433/1313/329 437/1314/329 439/1315/329 435/1316/329
f 438/1317/330 434/1318/330 436/1319/330 440/1320/330
f 443/1321/331 444/1322/331 442/1323/331 441/1324/331
f 447/1325/332 448/1326/332 444/1327/332 443/1328/332
f 445/1329/333 446/1330/333 448/1331/333 447/1332/333
f 441/1333/334 442/1334/334 446/1335/334 445/1336/334
f 441/1337/335 445/1338/335 447/1339/335 443/1340/335
f 446/1341/336 442/1342/336 444/1343/336 448/1344/336
f 451/1345/337 452/1346/337 450/1347/337 449/1348/337
f 455/1349/338 456/1350/338 452/1351/338 451/1352/338
f 453/1353/339 454/1354/339 456/1355/339 455/1356/339
f 449/1357/340 450/1358/340 454/1359/340 453/1360/340
f 449/1361/341 453/1362/341 455/1363/341 451/1364/341
f 454/1365/342 450/1366/342 452/1367/342 456/1368/342
f 459/1369/343 460/1370/343 458/1371/343 457/1372/343
f 463/1373/344 464/1374/344 460/1375/344 459/1376/344
f 461/1377/345 462/1378/345 464/1379/345 463/1380/345
f 457/1381/346 458/1382/346 462/1383/346 461/1384/346
f 457/1385/347 461/1386/347 463/1387/347 459/1388/347
f 462/1389/348 458/1390/348 460/1391/348 464/1392/348
f 467/1393/349 468/1394/349 466/1395/349 465/1396/349
f 471/1397/350 472/1398/350 468/1399/350 467/1400/350
f 469/1401/351 470/1402/351 472/1403/351 471/1404/351
f 465/1405/352 466/1406/352 470/1407/352 469/1408/352
f 465/1409/353 469/1410/353 471/1411/353 467/1412/353
f 470/1413/354 466/1414/354 468/1415/354 472/1416/354
f 475/1417/355 476/1418/355 474/1419/355 473/1420/355
f 479/1421/356 480/1422/356 476/1423/356 475/1424/356
f 477/1425/357 478/1426/357 480/1427/357 479/1428/357
f 473/1429/358 474/1430/358 478/1431/358 477/1432/358
f 473/1433/359 477/1434/359 479/1435/359 475/1436/359
f 478/1437/360 474/1438/360 476/1439/360 480/1440/360
f 483/1441/361 484/1442/361 482/1443/361 481/1444/361
f 487/1445/362 488/1446/362 484/1447/362 483/1448/362
f 485/1449/363 486/1450/363 488/1451/363 487/1452/363
f 481/1453/364 482/1454/364 486/1455/364 485/1456/364
f 481/1457/365 485/1458/365 487/1459/365 483/1460/365
f 486/1461/366 482/1462/366 484/1463/366 488/1464/366
f 491/1465/367 492/1466/367 490/1467/367 489/1468/367
f 495/1469/368 496/1470/368 492/1471/368 491/1472/368
f 493/1473/369 494/1474/369 496/1475/369 495/1476/369
f 489/1477/370 490/1478/370 494/1479/370 493/1480/370
f 489/1481/371 493/1482/371 495/1483/371 491/1484/371
f 494/1485/372 490/1486/372 492/1487/372 496/1488/372
f 499/1489/373 500/1490/373 498/1491/373 497/1492/373
f 503/1493/374 504/1494/374 500/1495/374 499/1496/374
f 501/1497/375 502/1498/375 504/1499/375 503/1500/375
f 497/1501/376 498/1502/376 502/1503/376 501/1504/376
f 497/1505/377 501/1506/377 503/1507/377 499/1508/377
f 502/1509/378 498/1510/378 500/1511/378 504/1512/378
f 507/1513/379 508/1514/379 506/1515/379 505/1516/379
f 511/1517/380 512/1518/380 508/1519/380 507/1520/380
f 509/1521/381 510/1522/381 512/1523/381 511/1524/381
f 505/1525/382 506/1526/382 510/1527/382 509/1528/382
f 505/1529/383 509/1530/383 511/1531/383 507/1532/383
f 510/1533/384 506/1534/384 508/1535/384 512/1536/384
f 515/1537/385 516/1538/385 514/1539/385 513/1540/385
f 519/1541/386 520/1542/386 516/1543/386 515/1544/386
f 517/1545/387 518/1546/387 520/1547/387 519/1548/387
f 513/1549/388 514/1550/388 518/1551/388 517/1552/388
f 513/1553/389 517/1554/389 519/1555/389 515/1556/389
f 518/1557/390 514/1558/390 516/1559/390 520/1560/390
f 523/1561/391 524/1562/391 522/1563/391 521/1564/391
f 527/1565/392 528/1566/392 524/1567/392 523/1568/392
f 525/1569/393 526/1570/393 528/1571/393 527/1572/393
f 521/1573/394 522/1574/394 526/1575/394 525/1576/394
f 521/1577/395 525/1578/395 527/1579/395 523/1580/395
f 526/1581/396 522/1582/396 524/1583/396 528/1584/396
f 531/1585/397 532/1586/397 530/1587/397 529/1588/397
f 535/1589/398 536/1590/398 532/1591/398 531/1592/398
f 533/1593/399 534/1594/399 536/1595/399 535/1596/399
f 529/1597/400 530/1598/400 534/1599/400 533/1600/400
f 529/1601/401 533/1602/401 535/1603/401 531/1604/401
f 534/1605/402 530/1606/402 532/1607/402 536/1608/402
f 539/1609/403 540/1610/403 538/1611/403 537/1612/403
f 543/1613/404 544/1614/404 540/1615/404 539/1616/404
f 541/1617/405 542/1618/405 544/1619/405 543/1620/405
f 537/1621/406 538/1622/406 542/1623/406 541/1624/406
f 537/1625/407 541/1626/407 543/1627/407 539/1628/407
f 542/1629/408 538/1630/408 540/1631/408 544/1632/408
f 547/1633/409 548/1634/409 546/1635/409 545/1636/409
f 551/1637/410 552/1638/410 548/1639/410 547/1640/410
f 549/1641/411 550/1642/411 552/1643/411 551/1644/411
f 545/1645/412 546/1646/412 550/1647/412 549/1648/412
f 545/1649/413 549/1650/413 551/1651/413 547/1652/413
f 550/1653/414 546/1654/414 548/1655/414 552/1656/414
f 555/1657/415 556/1658/415 554/1659/415 553/1660/415
f 559/1661/416 560/1662/416 556/1663/416 555/1664/416
f 557/1665/417 558/1666/417 560/1667/417 559/1668/417
f 553/1669/418 554/1670/418 558/1671/418 557/1672/418
f 553/1673/419 557/1674/419 559/1675/419 555/1676/419
f 558/1677/420 554/1678/420 556/1679/420 560/1680/420
f 563/1681/421 564/1682/421 562/1683/421 561/1684/421
f 567/1685/422 568/1686/422 564/1687/422 563/1688/422
f 565/1689/423 566/1690/423 568/1691/423 567/1692/423
f 561/1693/424 562/1694/424 566/1695/424 565/1696/424
f 561/1697/425 565/1698/425 567/1699/425 563/1700/425
f 566/1701/426 562/1702/426 564/1703/426 568/1704/426
f 571/1705/427 572/1706/427 570/1707/427 569/1708/427
f 575/1709/428 576/1710/428 572/1711/428 571/1712/428
f 573/1713/429 574/1714/429 576/1715/429 575/1716/429
f 569/1717/430 570/1718/430 574/1719/430 573/1720/430
f 569/1721/431 573/1722/431 575/1723/431 571/1724/431
f 574/1725/432 570/1726/432 572/1727/432 576/1728/432
f 579/1729/433 580/1730/433 578/1731/433 577/1732/433
f 583/1733/434 584/1734/434 580/1735/434 579/1736/434
f 581/1737/435 582/1738/435 584/1739/435 583/1740/435
f 577/1741/436 578/1742/436 582/1743/436 581/1744/436
f 577/1745/437 581/1746/437 583/1747/437 579/1748/437
f 582/1749/438 578/1750/438 580/1751/438 584/1752/438
f 587/1753/439 588/1754/439 586/1755/439 585/1756/439
f 591/1757/440 592/1758/440 588/1759/440 587/1760/440
f 589/1761/441 590/1762/441 592/1763/441 591/1764/441
f 585/1765/442 586/1766/442 590/1767/442 589/1768/442
f 585/1769/443 589/1770/443 591/1771/443 587/1772/443
f 590/1773/444 586/1774/444 588/1775/444 592/1776/444
f 595/1777/445 596/1778/445 594/1779/445 593/1780/445
f 599/1781/446 600/1782/446 596/1783/446 595/1784/446
f 597/1785/447 598/1786/447 600/1787/447 599/1788/447
f 593/1789/448 594/1790/448 598/1791/448 597/1792/448
f 593/1793/449 597/1794/449 599/1795/449 595/1796/449
f 598/1797/450 594/1798/450 596/1799/450 600/1800/450
f 603/1801/451 604/1802/451 602/1803/451 601/1804/451
f 607/1805/452 608/1806/452 604/1807/452 603/1808/452
f 605/1809/453 606/1810/453 608/1811/453 607/1812/453
f 601/1813/454 602/1814/454 606/1815/454 605/1816/454
f 601/1817/455 605/1818/455 607/1819/455 603/1820/455
f 606/1821/456 602/1822/456 604/1823/456 608/1824/456
f 611/1825/457 612/1826/457 610/1827/457 609/1828/457
f 615/1829/458 616/1830/458 612/1831/458 611/1832/458
f 613/1833/459 614/1834/459 616/1835/459 615/1836/459
f 609/1837/460 610/1838/460 614/1839/460 613/1840/460
f 609/1841/461 613/1842/461 615/1843/461 611/1844/461
f 614/1845/462 610/1846/462 612/1847/462 616/1848/462
f 619/1849/463 620/1850/463 618/1851/463 617/1852/463
f 623/1853/464 624/1854/464 620/1855/464 619/1856/464
f 621/1857/465 622/1858/465 624/1859/465 623/1860/465
f 617/1861/466 618/1862/466 622/1863/466 621/1864/466
f 617/1865/467 621/1866/467 623/1867/467 619/1868/467
f 622/1869/468 618/1870/468 620/1871/468 624/1872/468
f 627/1873/469 628/1874/469 626/1875/469 625/1876/469
f 631/1877/470 632/1878/470 628/1879/470 627/1880/470
f 629/1881/471 630/1882/471 632/1883/471 631/1884/471
f 625/1885/472 626/1886/472 630/1887/472 629/1888/472
f 625/1889/473 629/1890/473 631/1891/473 627/1892/473
f 630/1893/474 626/1894/474 628/1895/474 632/1896/474
f 635/1897/475 636/1898/475 634/1899/475 633/1900/475
f 639/1901/476 640/1902/476 636/1903/476 635/1904/476
f 637/1905/477 638/1906/477 640/1907/477 639/1908/477
f 633/1909/478 634/1910/478 638/1911/478 637/1912/478
f 633/1913/479 637/1914/479 639/1915/479 635/1916/479
f 638/1917/480 634/1918/480 636/1919/480 640/1920/480
f 643/1921/481 644/1922/481 642/1923/481 641/1924/481
f 647/1925/482 648/1926/482 644/1927/482 643/1928/482
f 645/1929/483 646/1930/483 648/1931/483 647/1932/483
f 641/1933/484 642/1934/484 646/1935/484 645/1936/484
f 641/1937/485 645/1938/485 647/1939/485 643/1940/485
f 646/1941/486 642/1942/486 644/1943/486 648/1944/486
f 651/1945/487 652/1946/487 650/1947/487 649/1948/487
f 655/1949/488 656/1950/488 652/1951/488 651/1952/488
f 653/1953/489 654/1954/489 656/1955/489 655/1956/489
f 649/1957/490 650/1958/490 654/1959/490 653/1960/490
f 649/1961/491 653/1962/491 655/1963/491 651/1964/491
f 654/1965/492 650/1966/492 652/1967/492 656/1968/492
f 659/1969/493 660/1970/493 658/1971/493 657/1972/493
f 663/1973/494 664/1974/494 660/1975/494 659/1976/494
f 661/1977/495 662/1978/495 664/1979/495 663/1980/495
f 657/1981/496 658/1982/496 662/1983/496 661/1984/496
f 657/1985/497 661/1986/497 663/1987/497 659/1988/497
f 662/1989/498 658/1990/498 660/1991/498 664/1992/498
f 667/1993/499 668/1994/499 666/1995/499 665/1996/499
f 671/1997/500 672/1998/500 668/1999/500 667/2000/500
f 669/2001/501 670/2002/501 672/2003/501 671/2004/501
f 665/2005/502 666/2006/502 670/2007/502 669/2008/502
f 665/2009/503 669/2010/503 671/2011/503 667/2012/503
f 670/2013/504 666/2014/504 668/2015/504 672/2016/504
f 675/2017/505 676/2018/505 674/2019/505 673/2020/505
f 679/2021/506 680/2022/506 676/2023/506 675/2024/506
f 677/2025/507 678/2026/507 680/2027/507 679/2028/507
f 673/2029/508 674/2030/508 678/2031/508 677/2032/508
f 673/2033/509 677/2034/509 679/2035/509 675/2036/509
f 678/2037/510 674/2038/510 676/2039/510 680/2040/510
f 683/2041/511 684/2042/511 682/2043/511 681/2044/511
f 687/2045/512 688/2046/512 684/2047/512 683/2048/512
f 685/2049/513 686/2050/513 688/2051/513 687/2052/513
f 681/2053/514 682/2054/514 686/2055/514 685/2056/514
f 681/2057/515 685/2058/515 687/2059/515 683/2060/515
f 686/2061/516 682/2062/516 684/2063/516 688/2064/516
f 691/2065/517 692/2066/517 690/2067/517 689/2068/517
f 695/2069/518 696/2070/518 692/2071/518 691/2072/518
f 693/2073/519 694/2074/519 696/2075/519 695/2076/519
f 689/2077/520 690/2078/520 694/2079/520 693/2080/520
f 689/2081/521 693/2082/521 695/2083/521 691/2084/521
f 694/2085/522 690/2086/522 692/2087/522 696/2088/522
f 699/2089/523 700/2090/523 698/2091/523 697/2092/523
f 703/2093/524 704/2094/524 700/2095/524 699/2096/524
f 701/2097/525 702/2098/525 704/2099/525 703/2100/525
f 697/2101/526 698/2102/526 702/2103/526 701/2104/526
f 697/2105/527 701/2106/527 703/2107/527 699/2108/527
f 702/2109/528 698/2110/528 700/2111/528 704/2112/528
f 707/2113/529 708/2114/529 706/2115/529 705/2116/529
f 711/2117/530 712/2118/530 708/2119/530 707/2120/530
f 709/2121/531 710/2122/531 712/2123/531 711/2124/531
f 705/2125/532 706/2126/532 710/2127/532 709/2128/532
f 705/2129/533 709/2130/533 711/2131/533 707/2132/533
f 710/2133/534 706/2134/534 708/2135/534 712/2136/534
f 715/2137/535 716/2138/535 714/2139/535 713/2140/535
f 719/2141/536 720/2142/536 716/2143/536 715/2144/536
f 717/2145/537 718/2146/537 720/2147/537 719/2148/537
f 713/2149/538 714/2150/538 718/2151/538 717/2152/538
f 713/2153/539 717/2154/539 719/2155/539 715/2156/539
f 718/2157/540 714/2158/540 716/2159/540 720/2160/540
f 723/2161/541 724/2162/541 722/2163/541 721/2164/541
f 727/2165/542 728/2166/542 724/2167/542 723/2168/542
f 725/2169/543 726/2170/543 728/2171/543 727/2172/543
f 721/2173/544 722/2174/544 726/2175/544 725/2176/544
f 721/2177/545 725/2178/545 727/2179/545 723/2180/545
f 726/2181/546 722/2182/546 724/2183/546 728/2184/546
f 731/2185/547 732/2186/547 730/2187/547 729/2188/547
f 735/2189/548 736/2190/548 732/2191/548 731/2192/548
f 733/2193/549 734/2194/549 736/2195/549 735/2196/549
f 729/2197/550 730/2198/550 734/2199/550 733/2200/550
f 729/2201/551 733/2202/551 735/2203/551 731/2204/551
f 734/2205/552 730/2206/552 732/2207/552 736/2208/552
f 739/2209/553 740/2210/553 738/2211/553 737/2212/553
f 743/2213/554 744/2214/554 740/2215/554 739/2216/554
f 741/2217/555 742/2218/555 744/2219/555 743/2220/555
f 737/2221/556 738/2222/556 742/2223/556 741/2224/556
f 737/2225/557 741/2226/557 743/2227/557 739/2228/557
f 742/2229/558 738/2230/558 740/2231/558 744/2232/558
f 747/2233/559 748/2234/559 746/2235/559 745/2236/559
f 751/2237/560 752/2238/560 748/2239/560 747/2240/560
f 749/2241/561 750/2242/561 752/2243/561 751/2244/561
f 745/2245/562 746/2246/562 750/2247/562 749/2248/562
f 745/2249/563 749/2250/563 751/2251/563 747/2252/563
f 750/2253/564 746/2254/564 748/2255/564 752/2256/564
f 755/2257/565 756/2258/565 754/2259/565 753/2260/565
f 759/2261/566 760/2262/566 756/2263/566 755/2264/566
f 757/2265/567 758/2266/567 760/2267/567 759/2268/567
f 753/2269/568 754/2270/568 758/2271/568 757/2272/568
f 753/2273/569 757/2274/569 759/2275/569 755/2276/569
f 758/2277/570 754/2278/570 756/2279/570 760/2280/570
f 763/2281/571 764/2282/571 762/2283/571 761/2284/571
f 767/2285/572 768/2286/572 764/2287/572 763/2288/572
f 765/2289/573 766/2290/573 768/2291/573 767/2292/573
f 761/2293/574 762/2294/574 766/2295/574 765/2296/574
f 761/2297/575 765/2298/575 767/2299/575 763/2300/575
f 766/2301/576 762/2302/576 764/2303/576 768/2304/576
f 771/2305/577 772/2306/577 770/2307/577 769/2308/577
f 775/2309/578 776/2310/578 772/2311/578 771/2312/578
f 773/2313/579 774/2314/579 776/2315/579 775/2316/579
f 769/2317/580 770/2318/580 774/2319/580 773/2320/580
f 769/2321/581 773/2322/581 775/2323/581 771/2324/581
f 774/2325/582 770/2326/582 772/2327/582 776/2328/582
f 779/2329/583 780/2330/583 778/2331/583 777/2332/583
f 783/2333/584 784/2334/584 780/2335/584 779/2336/584
f 781/2337/585 782/2338/585 784/2339/585 783/2340/585
f 777/2341/586 778/2342/586 782/2343/586 781/2344/586
f 777/2345/587 781/2346/587 783/2347/587 779/2348/587
f 782/2349/588 778/2350/588 780/2351/588 784/2352/588
f 787/2353/589 788/2354/589 786/2355/589 785/2356/589
f 791/2357/590 792/2358/590 788/2359/590 787/2360/590
f 789/2361/591 790/2362/591 792/2363/591 791/2364/591
f 785/2365/592 786/2366/592 790/2367/592 789/2368/592
f 785/2369/593 789/2370/593 791/2371/593 787/2372/593
f 790/2373/594 786/2374/594 788/2375/594 792/2376/594
f 795/2377/595 796/2378/595 794/2379/595 793/2380/595
f 799/2381/596 800/2382/596 796/2383/596 795/2384/596
f 797/2385/597 798/2386/597 800/2387/597 799/2388/597
f 793/2389/598 794/2390/598 798/2391/598 797/2392/598
f 793/2393/599 797/2394/599 799/2395/599 795/2396/599
f 798/2397/600 794/2398/600 796/2399/600 800/2400/600
f 803/2401/601 804/2402/601 802/2403/601 801/2404/601
f 807/2405/602 808/2406/602 804/2407/602 803/2408/602
f 805/2409/603 806/2410/603 808/2411/603 807/2412/603
f 801/2413/604 802/2414/604 806/2415/604 805/2416/604
f 801/2417/605 805/2418/605 807/2419/605 803/2420/605
f 806/2421/606 802/2422/606 804/2423/606 808/2424/606
f 811/2425/607 812/2426/607 810/2427/607 809/2428/607
f 815/2429/608 816/2430/608 812/2431/608 811/2432/608
f 813/2433/609 814/2434/609 816/2435/609 815/2436/609
f 809/2437/610 810/2438/610 814/2439/610 813/2440/610
f 809/2441/611 813/2442/611 815/2443/611 811/2444/611
f 814/2445/612 810/2446/612 812/2447/612 816/2448/612
f 819/2449/613 820/2450/613 818/2451/613 817/2452/613
f 823/2453/614 824/2454/614 820/2455/614 819/2456/614
f 821/2457/615 822/2458/615 824/2459/615 823/2460/615
f 817/2461/616 818/2462/616 822/2463/616 821/2464/616
f 817/2465/617 821/2466/617 823/2467/617 819/2468/617
f 822/2469/618 818/2470/618 820/2471/618 824/2472/618
f 827/2473/619 828/2474/619 826/2475/619 825/2476/619
f 831/2477/620 832/2478/620 828/2479/620 827/2480/620
f 829/2481/621 830/2482/621 832/2483/621 831/2484/621
f 825/2485/622 826/2486/622 830/2487/622 829/2488/622
f 825/2489/623 829/2490/623 831/2491/623 827/2492/623
f 830/2493/624 826/2494/624 828/2495/624 832/2496/624
f 835/2497/625 836/2498/625 834/2499/625 833/2500/625
f 839/2501/626 840/2502/626 836/2503/626 835/2504/626
f 837/2505/627 838/2506/627 840/2507/627 839/2508/627
f 833/2509/628 834/2510/628 838/2511/628 837/2512/628
f 833/2513/629 837/2514/629 839/2515/629 835/2516/629
f 838/2517/630 834/2518/630 836/2519/630 840/2520/630
f 843/2521/631 844/2522/631 842/2523/631 841/2524/631
f 847/2525/632 848/2526/632 844/2527/632 843/2528/632
f 845/2529/633 846/2530/633 848/2531/633 847/2532/633
f 841/2533/634 842/2534/634 846/2535/634 845/2536/634
f 841/2537/635 845/2538/635 847/2539/635 843/2540/635
f 846/2541/636 842/2542/636 844/2543/636 848/2544/636
f 851/2545/637 852/2546/637 850/2547/637 849/2548/637
f 855/2549/638 856/2550/638 852/2551/638 851/2552/638
f 853/2553/639 854/2554/639 856/2555/639 855/2556/639
f 849/2557/640 850/2558/640 854/2559/640 853/2560/640
f 849/2561/641 853/2562/641 855/2563/641 851/2564/641
f 854/2565/642 850/2566/642 852/2567/642 856/2568/642
f 859/2569/643 860/2570/643 858/2571/643 857/2572/643
f 863/2573/644 864/2574/644 860/2575/644 859/2576/644
f 861/2577/645 862/2578/645 864/2579/645 863/2580/645
f 857/2581/646 858/2582/646 862/2583/646 861/2584/646
f 857/2585/647 861/2586/647 863/2587/647 859/2588/647
f 862/2589/648 858/2590/648 860/2591/648 864/2592/648
f 867/2593/649 868/2594/649 866/2595/649 865/2596/649
f 871/2597/650 872/2598/650 868/2599/650 867/2600/650
f 869/2601/651 870/2602/651 872/2603/651 871/2604/651
f 865/2605/652 866/2606/652 870/2607/652 869/2608/652
f 865/2609/653 869/2610/653 871/2611/653 867/2612/653
f 870/2613/654 866/2614/654 868/2615/654 872/2616/654
f 875/2617/655 876/2618/655 874/2619/655 873/2620/655
f 879/2621/656 880/2622/656 876/2623/656 875/2624/656
f 877/2625/657 878/2626/657 880/2627/657 879/2628/657
f 873/2629/658 874/2630/658 878/2631/658 877/2632/658
f 873/2633/659 877/2634/659 879/2635/659 875/2636/659
f 878/2637/660 874/2638/660 876/2639/660 880/2640/660
f 883/2641/661 884/2642/661 882/2643/661 881/2644/661
f 887/2645/662 888/2646/662 884/2647/662 883/2648/662
f 885/2649/663 886/2650/663 888/2651/663 887/2652/663
f 881/2653/664 882/2654/664 886/2655/664 885/2656/664
f 881/2657/665 885/2658/665 887/2659/665 883/2660/665
f 886/2661/666 882/2662/666 884/2663/666 888/2664/666
f 891/2665/667 892/2666/667 890/2667/667 889/2668/667
f 895/2669/668 896/2670/668 892/2671/668 891/2672/668
f 893/2673/669 894/2674/669 896/2675/669 895/2676/669
f 889/2677/670 890/2678/670 894/2679/670 893/2680/670
f 889/2681/671 893/2682/671 895/2683/671 891/2684/671
f 894/2685/672 890/2686/672 892/2687/672 896/2688/672
f 899/2689/673 900/2690/673 898/2691/673 897/2692/673
f 903/2693/674 904/2694/674 900/2695/674 899/2696/674
f 901/2697/675 902/2698/675 904/2699/675 903/2700/675
f 897/2701/676 898/2702/676 902/2703/676 901/2704/676
f 897/2705/677 901/2706/677 903/2707/677 899/2708/677
f 902/2709/678 898/2710/678 900/2711/678 904/2712/678
f 907/2713/679 908/2714/679 906/2715/679 905/2716/679
f 911/2717/680 912/2718/680 908/2719/680 907/2720/680
f 909/2721/681 910/2722/681 912/2723/681 911/2724/681
f 905/2725/682 906/2726/682 910/2727/682 909/2728/682
f 905/2729/683 909/2730/683 911/2731/683 907/2732/683
f 910/2733/684 906/2734/684 908/2735/684 912/2736/684
f 915/2737/685 916/2738/685 914/2739/685 913/2740/685
f 919/2741/686 920/2742/686 916/2743/686 915/2744/686
f 917/2745/687 918/2746/687 920/2747/687 919/2748/687
f 913/2749/688 914/2750/688 918/2751/688 917/2752/688
f 913/2753/689 917/2754/689 919/2755/689 915/2756/689
f 918/2757/690 914/2758/690 916/2759/690 920/2760/690
f 923/2761/691 924/2762/691 922/2763/691 921/2764/691
f 927/2765/692 928/2766/692 924/2767/692 923/2768/692
f 925/2769/693 926/2770/693 928/2771/693 927/2772/693
f 921/2773/694 922/2774/694 926/2775/694 925/2776/694
f 921/2777/695 925/2778/695 927/2779/695 923/2780/695
f 926/2781/696 922/2782/696 924/2783/696 928/2784/696
f 931/2785/697 932/2786/697 930/2787/697 929/2788/697
f 935/2789/698 936/2790/698 932/2791/698 931/2792/698
f 933/2793/699 934/2794/699 936/2795/699 935/2796/699
f 929/2797/700 930/2798/700 934/2799/700 933/2800/700
f 929/2801/701 933/2802/701 935/2803/701 931/2804/701
f 934/2805/702 930/2806/702 932/2807/702 936/2808/702
f 939/2809/703 940/2810/703 938/2811/703 937/2812/703
f 943/2813/704 944/2814/704 940/2815/704 939/2816/704
f 941/2817/705 942/2818/705 944/2819/705 943/2820/705
f 937/2821/706 938/2822/706 942/2823/706 941/2824/706
f 937/2825/707 941/2826/707 943/2827/707 939/2828/707
f 942/2829/708 938/2830/708 940/2831/708 944/2832/708
f 947/2833/709 948/2834/709 946/2835/709 945/2836/709
f 951/2837/710 952/2838/710 948/2839/710 947/2840/710
f 949/2841/711 950/2842/711 952/2843/711 951/2844/711
f 945/2845/712 946/2846/712 950/2847/712 949/2848/712
f 945/2849/713 949/2850/713 951/2851/713 947/2852/713
f 950/2853/714 946/2854/714 948/2855/714 952/2856/714
f 955/2857/715 956/2858/715 954/2859/715 953/2860/715
f 959/2861/716 960/2862/716 956/2863/716 955/2864/716
f 957/2865/717 958/2866/717 960/2867/717 959/2868/717
f 953/2869/718 954/2870/718 958/2871/718 957/2872/718
f 953/2873/719 957/2874/719 959/2875/719 955/2876/719
f 958/2877/720 954/2878/720 956/2879/720 960/2880/720
f 963/2881/721 964/2882/721 962/2883/721 961/2884/721
f 967/2885/722 968/2886/722 964/2887/722 963/2888/722
f 965/2889/723 966/2890/723 968/2891/723 967/2892/723
f 961/2893/724 962/2894/724 966/2895/724 965/2896/724
f 961/2897/725 965/2898/725 967/2899/725 963/2900/725
f 966/2901/726 962/2902/726 964/2903/726 968/2904/726
f 971/2905/727 972/2906/727 970/2907/727 969/2908/727
f 975/2909/728 976/2910/728 972/2911/728 971/2912/728
f 973/2913/729 974/2914/729 976/2915/729 975/2916/729
f 969/2917/730 970/2918/730 974/2919/730 973/2920/730
f 969/2921/731 973/2922/731 975/2923/731 971/2924/731
f 974/2925/732 970/2926/732 972/2927/732 976/2928/732
f 1115/2929/733 1116/2930/733 1114/2931/733 1113/2932/733
f 1089/2933/734 1090/2934/734 1094/2935/734 1093/2936/734
f 981/2937/735 982/2938/735 980/2939/735 979/2940/735
f 1087/2941/736 1088/2942/736 1084/2943/736 1083/2944/736
f 1125/2945/737 1126/2946/737 1128/2947/737 1127/2948/737
f 983/2949/738 984/2950/738 982/2951/738 981/2952/738
f 1085/2953/739 1086/2954/739 1088/2955/739 1087/2956/739
f 1041/2957/740 1042/2958/740 1040/2959/740 1039/2960/740
f 985/2961/741 986/2962/741 984/2963/741 983/2964/741
f 1119/2965/742 1120/2966/742 1116/2967/742 1115/2968/742
f 1089/2969/743 1093/2970/743 1095/2971/743 1091/2972/743
f 987/2973/744 988/2974/744 986/2975/744 985/2976/744
f 1055/2977/745 1056/2978/745 1054/2979/745 1053/2980/745
f 1121/2981/746 1122/2982/746 1126/2983/746 1125/2984/746
f 989/2985/747 990/2986/747 988/2987/747 987/2988/747
f 1081/2989/748 1082/2990/748 1086/2991/748 1085/2992/748
f 1039/2993/749 1040/2994/749 1038/2995/749 1037/2996/749
f 991/2997/750 992/2998/750 990/2999/750 989/3000/750
f 1117/3001/751 1118/3002/751 1120/3003/751 1119/3004/751
f 1094/3005/752 1090/3006/752 1092/3007/752 1096/3008/752
f 993/3009/753 994/3010/753 992/3011/753 991/3012/753
f 1053/3013/754 1054/3014/754 1052/3015/754 1051/3016/754
f 1121/3017/755 1125/3018/755 1127/3019/755 1123/3020/755
f 995/3021/756 996/3022/756 994/3023/756 993/3024/756
f 1081/3025/757 1085/3026/757 1087/3027/757 1083/3028/757
f 1037/3029/758 1038/3030/758 1036/3031/758 1035/3032/758
f 997/3033/759 998/3034/759 996/3035/759 995/3036/759
f 1113/3037/760 1114/3038/760 1118/3039/760 1117/3040/760
f 1099/3041/761 1100/3042/761 1098/3043/761 1097/3044/761
f 999/3045/762 1000/3046/762 998/3047/762 997/3048/762
f 1051/3049/763 1052/3050/763 1050/3051/763 1049/3052/763
f 1126/3053/764 1122/3054/764 1124/3055/764 1128/3056/764
f 1001/3057/765 1002/3058/765 1000/3059/765 999/3060/765
f 1086/3061/766 1082/3062/766 1084/3063/766 1088/3064/766
f 1035/3065/767 1036/3066/767 1034/3067/767 1033/3068/767
f 1003/3069/768 1004/3070/768 1002/3071/768 1001/3072/768
f 1113/3073/769 1117/3074/769 1119/3075/769 1115/3076/769
f 1103/3077/770 1104/3078/770 1100/3079/770 1099/3080/770
f 1005/3081/771 1006/3082/771 1004/3083/771 1003/3084/771
f 1049/3085/772 1050/3086/772 1048/3087/772 1047/3088/772
f 1131/3089/773 1132/3090/773 1130/3091/773 1129/3092/773
f 1007/3093/774 1008/3094/774 1006/3095/774 1005/3096/774
f 1091/3097/775 1092/3098/775 1090/3099/775 1089/3100/775
f 1033/3101/776 1034/3102/776 1032/3103/776 1031/3104/776
f 1009/3105/777 1010/3106/777 1008/3107/777 1007/3108/777
f 1118/3109/778 1114/3110/778 1116/3111/778 1120/3112/778
f 1101/3113/779 1102/3114/779 1104/3115/779 1103/3116/779
f 1011/3117/780 1012/3118/780 1010/3119/780 1009/3120/780
f 1047/3121/781 1048/3122/781 1046/3123/781 1045/3124/781
f 1135/3125/782 1136/3126/782 1132/3127/782 1131/3128/782
f 1013/3129/783 1014/3130/783 1012/3131/783 1011/3132/783
f 1095/3133/784 1096/3134/784 1092/3135/784 1091/3136/784
f 1031/3137/785 1032/3138/785 1030/3139/785 1029/3140/785
f 1015/3141/786 1016/3142/786 1014/3143/786 1013/3144/786
f 1123/3145/787 1124/3146/787 1122/3147/787 1121/3148/787
f 1097/3149/788 1098/3150/788 1102/3151/788 1101/3152/788
f 1017/3153/789 1018/3154/789 1016/3155/789 1015/3156/789
f 1045/3157/790 1046/3158/790 1044/3159/790 1043/3160/790
f 1129/3161/791 1133/3162/791 1135/3163/791 1131/3164/791
f 1019/3165/792 1020/3166/792 1018/3167/792 1017/3168/792
f 1093/3169/793 1094/3170/793 1096/3171/793 1095/3172/793
f 1029/3173/794 1030/3174/794 1028/3175/794 1027/3176/794
f 1021/3177/795 1022/3178/795 1020/3179/795 1019/3180/795
f 1127/3181/796 1128/3182/796 1124/3183/796 1123/3184/796
f 1097/3185/797 1101/3186/797 1103/3187/797 1099/3188/797
f 1023/3189/798 1024/3190/798 1022/3191/798 1021/3192/798
f 984/3193/799 986/3194/799 988/3195/799 990/3196/799 992/3197/799 994/3198/799 996/3199/799 998/3200/799 1000/3201/799 1002/3202/799 1004/3203/799 1006/3204/799 1008/3205/799 1010/3206/799 1012/3207/799 1014/3208/799 1016/3209/799 1018/3210/799 1020/3211/799 1022/3212/799 1024/3213/799 1026/3214/799 980/3215/799 982/3216/799
f 1129/3217/800 1130/3218/800 1134/3219/800 1133/3220/800
f 1025/3221/801 1026/3222/801 1024/3223/801 1023/3224/801
f 1057/3225/802 1058/3226/802 1056/3227/802 1055/3228/802
f 1043/3229/803 1044/3230/803 1042/3231/803 1041/3232/803
f 979/3233/804 980/3234/804 1026/3235/804 1025/3236/804
f 1025/3237/805 1023/3238/805 1021/3239/805 1019/3240/805 1017/3241/805 1015/3242/805 1013/3243/805 1011/3244/805 1009/3245/805 1007/3246/805 1005/3247/805 1003/3248/805 1001/3249/805 999/3250/805 997/3251/805 995/3252/805 993/3253/805 991/3254/805 989/3255/805 987/3256/805 985/3257/805 983/3258/805 981/3259/805 979/3260/805
f 1059/3261/806 1060/3262/806 1058/3263/806 1057/3264/806
f 1110/3265/807 1106/3266/807 1108/3267/807 1112/3268/807
f 1083/3269/808 1084/3270/808 1082/3271/808 1081/3272/808
f 1061/3273/809 1062/3274/809 1060/3275/809 1059/3276/809
f 1105/3277/810 1109/3278/810 1111/3279/810 1107/3280/810
f 1078/3281/811 978/3282/811 1076/3283/811 1080/3284/811
f 1063/3285/812 1064/3286/812 1062/3287/812 1061/3288/812
f 1105/3289/813 1106/3290/813 1110/3291/813 1109/3292/813
f 977/3293/814 1077/3294/814 1079/3295/814 1075/3296/814
f 1065/3297/815 1066/3298/815 1064/3299/815 1063/3300/815
f 1109/3301/816 1110/3302/816 1112/3303/816 1111/3304/816
f 977/3305/817 978/3306/817 1078/3307/817 1077/3308/817
f 1067/3309/818 1068/3310/818 1066/3311/818 1065/3312/818
f 1111/3313/819 1112/3314/819 1108/3315/819 1107/3316/819
f 1077/3317/820 1078/3318/820 1080/3319/820 1079/3320/820
f 1069/3321/821 1070/3322/821 1068/3323/821 1067/3324/821
f 1107/3325/822 1108/3326/822 1106/3327/822 1105/3328/822
f 1079/3329/823 1080/3330/823 1076/3331/823 1075/3332/823
f 1071/3333/824 1072/3334/824 1070/3335/824 1069/3336/824
f 1046/3337/825 1048/3338/825 1050/3339/825 1052/3340/825 1054/3341/825 1056/3342/825 1058/3343/825 1060/3344/825 1062/3345/825 1064/3346/825 1066/3347/825 1068/3348/825 1070/3349/825 1072/3350/825 1074/3351/825 1028/3352/825 1030/3353/825 1032/3354/825 1034/3355/825 1036/3356/825 1038/3357/825 1040/3358/825 1042/3359/825 1044/3360/825
f 1075/3361/826 1076/3362/826 978/3363/826 977/3364/826
f 1073/3365/827 1074/3366/827 1072/3367/827 1071/3368/827
f 1133/3369/828 1134/3370/828 1136/3371/828 1135/3372/828
f 1102/3373/829 1098/3374/829 1100/3375/829 1104/3376/829
f 1027/3377/830 1028/3378/830 1074/3379/830 1073/3380/830
f 1055/3381/831 1053/3382/831 1051/3383/831 1049/3384/831 1047/3385/831 1045/3386/831 1043/3387/831 1041/3388/831 1039/3389/831 1037/3390/831 1035/3391/831 1033/3392/831 1031/3393/831 1029/3394/831 1027/3395/831 1073/3396/831 1071/3397/831 1069/3398/831 1067/3399/831 1065/3400/831 1063/3401/831 1061/3402/831 1059/3403/831 1057/3404/831
f 1134/3405/832 1130/3406/832 1132/3407/832 1136/3408/832
f 1139/3409/833 1140/3410/833 1138/3411/833 1137/3412/833
f 1143/3413/834 1144/3414/834 1140/3415/834 1139/3416/834
f 1141/3417/835 1142/3418/835 1144/3419/835 1143/3420/835
f 1137/3421/836 1138/3422/836 1142/3423/836 1141/3424/836
f 1137/3425/837 1141/3426/837 1143/3427/837 1139/3428/837
f 1142/3429/838 1138/3430/838 1140/3431/838 1144/3432/838
f 1147/3433/839 1148/3434/839 1146/3435/839 1145/3436/839
f 1151/3437/840 1152/3438/840 1148/3439/840 1147/3440/840
f 1149/3441/841 1150/3442/841 1152/3443/841 1151/3444/841
f 1145/3445/842 1146/3446/842 1150/3447/842 1149/3448/842
f 1145/3449/843 1149/3450/843 1151/3451/843 1147/3452/843
f 1150/3453/844 1146/3454/844 1148/3455/844 1152/3456/844
f 1155/3457/845 1156/3458/845 1154/3459/845 1153/3460/845
f 1159/3461/846 1160/3462/846 1156/3463/846 1155/3464/846
f 1157/3465/847 1158/3466/847 1160/3467/847 1159/3468/847
f 1153/3469/848 1154/3470/848 1158/3471/848 1157/3472/848
f 1153/3473/849 1157/3474/849 1159/3475/849 1155/3476/849
f 1158/3477/850 1154/3478/850 1156/3479/850 1160/3480/850
f 1163/3481/851 1164/3482/851 1162/3483/851 1161/3484/851
f 1167/3485/852 1168/3486/852 1164/3487/852 1163/3488/852
f 1165/3489/853 1166/3490/853 1168/3491/853 1167/3492/853
f 1161/3493/854 1162/3494/854 1166/3495/854 1165/3496/854
f 1161/3497/855 1165/3498/855 1167/3499/855 1163/3500/855
f 1166/3501/856 1162/3502/856 1164/3503/856 1168/3504/856
f 1171/3505/857 1172/3506/857 1170/3507/857 1169/3508/857
f 1175/3509/858 1176/3510/858 1172/3511/858 1171/3512/858
f 1173/3513/859 1174/3514/859 1176/3515/859 1175/3516/859
f 1169/3517/860 1170/3518/860 1174/3519/860 1173/3520/860
f 1169/3521/861 1173/3522/861 1175/3523/861 1171/3524/861
f 1174/3525/862 1170/3526/862 1172/3527/862 1176/3528/862
f 1179/3529/863 1180/3530/863 1178/3531/863 1177/3532/863
f 1183/3533/864 1184/3534/864 1180/3535/864 1179/3536/864
f 1181/3537/865 1182/3538/865 1184/3539/865 1183/3540/865
f 1177/3541/866 1178/3542/866 1182/3543/866 1181/3544/866
f 1177/3545/867 1181/3546/867 1183/3547/867 1179/3548/867
f 1182/3549/868 1178/3550/868 1180/3551/868 1184/3552/868
f 1187/3553/869 1188/3554/869 1186/3555/869 1185/3556/869
f 1191/3557/870 1192/3558/870 1188/3559/870 1187/3560/870
f 1189/3561/871 1190/3562/871 1192/3563/871 1191/3564/871
f 1185/3565/872 1186/3566/872 1190/3567/872 1189/3568/872
f 1185/3569/873 1189/3570/873 1191/3571/873 1187/3572/873
f 1190/3573/874 1186/3574/874 1188/3575/874 1192/3576/874
f 1195/3577/875 1196/3578/875 1194/3579/875 1193/3580/875
f 1199/3581/876 1200/3582/876 1196/3583/876 1195/3584/876
f 1197/3585/877 1198/3586/877 1200/3587/877 1199/3588/877
f 1193/3589/878 1194/3590/878 1198/3591/878 1197/3592/878
f 1193/3593/879 1197/3594/879 1199/3595/879 1195/3596/879
f 1198/3597/880 1194/3598/880 1196/3599/880 1200/3600/880
