# Blender 4.5.6 LTS
# www.blender.org
o pool_stainless
v -4.740000 -3.840000 3.025000
v -4.740000 -3.840000 -1.025000
v -4.740000 -3.800000 3.025000
v -4.740000 -3.800000 -1.025000
v -4.700000 -3.840000 3.025000
v -4.700000 -3.840000 -1.025000
v -4.700000 -3.800000 3.025000
v -4.700000 -3.800000 -1.025000
v -4.300000 -3.840000 3.025000
v -4.300000 -3.840000 -1.025000
v -4.300000 -3.800000 3.025000
v -4.300000 -3.800000 -1.025000
v -4.260000 -3.840000 3.025000
v -4.260000 -3.840000 -1.025000
v -4.260000 -3.800000 3.025000
v -4.260000 -3.800000 -1.025000
v -4.740000 -3.835000 2.812500
v -4.740000 -3.835000 2.787500
v -4.740000 -3.805000 2.812500
v -4.740000 -3.805000 2.787500
v -4.260000 -3.835000 2.812500
v -4.260000 -3.835000 2.787500
v -4.260000 -3.805000 2.812500
v -4.260000 -3.805000 2.787500
v -4.740000 -3.835000 2.492500
v -4.740000 -3.835000 2.467500
v -4.740000 -3.805000 2.492500
v -4.740000 -3.805000 2.467500
v -4.260000 -3.835000 2.492500
v -4.260000 -3.835000 2.467500
v -4.260000 -3.805000 2.492500
v -4.260000 -3.805000 2.467500
v -4.740000 -3.835000 2.172500
v -4.740000 -3.835000 2.147500
v -4.740000 -3.805000 2.172500
v -4.740000 -3.805000 2.147500
v -4.260000 -3.835000 2.172500
v -4.260000 -3.835000 2.147500
v -4.260000 -3.805000 2.172500
v -4.260000 -3.805000 2.147500
v -4.740000 -3.835000 1.852500
v -4.740000 -3.835000 1.827500
v -4.740000 -3.805000 1.852500
v -4.740000 -3.805000 1.827500
v -4.260000 -3.835000 1.852500
v -4.260000 -3.835000 1.827500
v -4.260000 -3.805000 1.852500
v -4.260000 -3.805000 1.827500
v -4.740000 -3.835000 1.532500
v -4.740000 -3.835000 1.507500
v -4.740000 -3.805000 1.532500
v -4.740000 -3.805000 1.507500
v -4.260000 -3.835000 1.532500
v -4.260000 -3.835000 1.507500
v -4.260000 -3.805000 1.532500
v -4.260000 -3.805000 1.507500
v -4.740000 -3.835000 1.212500
v -4.740000 -3.835000 1.187500
v -4.740000 -3.805000 1.212500
v -4.740000 -3.805000 1.187500
v -4.260000 -3.835000 1.212500
v -4.260000 -3.835000 1.187500
v -4.260000 -3.805000 1.212500
v -4.260000 -3.805000 1.187500
v -4.740000 -3.835000 0.892500
v -4.740000 -3.835000 0.867500
v -4.740000 -3.805000 0.892500
v -4.740000 -3.805000 0.867500
v -4.260000 -3.835000 0.892500
v -4.260000 -3.835000 0.867500
v -4.260000 -3.805000 0.892500
v -4.260000 -3.805000 0.867500
v -4.740000 -3.835000 0.572500
v -4.740000 -3.835000 0.547500
v -4.740000 -3.805000 0.572500
v -4.740000 -3.805000 0.547500
v -4.260000 -3.835000 0.572500
v -4.260000 -3.835000 0.547500
v -4.260000 -3.805000 0.572500
v -4.260000 -3.805000 0.547500
v -4.740000 -3.835000 0.252500
v -4.740000 -3.835000 0.227500
v -4.740000 -3.805000 0.252500
v -4.740000 -3.805000 0.227500
v -4.260000 -3.835000 0.252500
v -4.260000 -3.835000 0.227500
v -4.260000 -3.805000 0.252500
v -4.260000 -3.805000 0.227500
v -4.740000 -3.835000 -0.067500
v -4.740000 -3.835000 -0.092500
v -4.740000 -3.805000 -0.067500
v -4.740000 -3.805000 -0.092500
v -4.260000 -3.835000 -0.067500
v -4.260000 -3.835000 -0.092500
v -4.260000 -3.805000 -0.067500
v -4.260000 -3.805000 -0.092500
v -4.740000 -3.835000 -0.387500
v -4.740000 -3.835000 -0.412500
v -4.740000 -3.805000 -0.387500
v -4.740000 -3.805000 -0.412500
v -4.260000 -3.835000 -0.387500
v -4.260000 -3.835000 -0.412500
v -4.260000 -3.805000 -0.387500
v -4.260000 -3.805000 -0.412500
v -4.740000 -3.835000 -0.707500
v -4.740000 -3.835000 -0.732500
v -4.740000 -3.805000 -0.707500
v -4.740000 -3.805000 -0.732500
v -4.260000 -3.835000 -0.707500
v -4.260000 -3.835000 -0.732500
v -4.260000 -3.805000 -0.707500
v -4.260000 -3.805000 -0.732500
v -4.735000 -4.925000 -0.935000
v -4.735000 -4.925000 -0.965000
v -4.735000 -3.775000 -0.935000
v -4.735000 -3.775000 -0.965000
v -4.705000 -4.925000 -0.935000
v -4.705000 -4.925000 -0.965000
v -4.705000 -3.775000 -0.935000
v -4.705000 -3.775000 -0.965000
v -4.295000 -4.925000 -0.935000
v -4.295000 -4.925000 -0.965000
v -4.295000 -3.775000 -0.935000
v -4.295000 -3.775000 -0.965000
v -4.265000 -4.925000 -0.935000
v -4.265000 -4.925000 -0.965000
v -4.265000 -3.775000 -0.935000
v -4.265000 -3.775000 -0.965000
v -4.742500 -4.772500 -0.020000
v -4.742500 -4.772500 -0.980000
v -4.742500 -4.727500 -0.020000
v -4.742500 -4.727500 -0.980000
v -4.697500 -4.772500 -0.020000
v -4.697500 -4.772500 -0.980000
v -4.697500 -4.727500 -0.020000
v -4.697500 -4.727500 -0.980000
v -4.302500 -4.772500 -0.020000
v -4.302500 -4.772500 -0.980000
v -4.302500 -4.727500 -0.020000
v -4.302500 -4.727500 -0.980000
v -4.257500 -4.772500 -0.020000
v -4.257500 -4.772500 -0.980000
v -4.257500 -4.727500 -0.020000
v -4.257500 -4.727500 -0.980000
v 6.527500 -4.222500 -0.020000
v 6.527500 -4.222500 -1.070000
v 6.527500 -4.177500 -0.020000
v 6.527500 -4.177500 -1.070000
v 6.572500 -4.222500 -0.020000
v 6.572500 -4.222500 -1.070000
v 6.572500 -4.177500 -0.020000
v 6.572500 -4.177500 -1.070000
v 6.527500 -1.822500 -0.020000
v 6.527500 -1.822500 -1.070000
v 6.527500 -1.777500 -0.020000
v 6.527500 -1.777500 -1.070000
v 6.572500 -1.822500 -0.020000
v 6.572500 -1.822500 -1.070000
v 6.572500 -1.777500 -0.020000
v 6.572500 -1.777500 -1.070000
v 6.527500 0.577500 -0.020000
v 6.527500 0.577500 -1.070000
v 6.527500 0.622500 -0.020000
v 6.527500 0.622500 -1.070000
v 6.572500 0.577500 -0.020000
v 6.572500 0.577500 -1.070000
v 6.572500 0.622500 -0.020000
v 6.572500 0.622500 -1.070000
v 6.527500 2.977500 -0.020000
v 6.527500 2.977500 -1.070000
v 6.527500 3.022500 -0.020000
v 6.527500 3.022500 -1.070000
v 6.572500 2.977500 -0.020000
v 6.572500 2.977500 -1.070000
v 6.572500 3.022500 -0.020000
v 6.572500 3.022500 -1.070000
v 6.527500 5.377500 -0.020000
v 6.527500 5.377500 -1.070000
v 6.527500 5.422500 -0.020000
v 6.527500 5.422500 -1.070000
v 6.572500 5.377500 -0.020000
v 6.572500 5.377500 -1.070000
v 6.572500 5.422500 -0.020000
v 6.572500 5.422500 -1.070000
v 6.527500 7.777500 -0.020000
v 6.527500 7.777500 -1.070000
v 6.527500 7.822500 -0.020000
v 6.527500 7.822500 -1.070000
v 6.572500 7.777500 -0.020000
v 6.572500 7.777500 -1.070000
v 6.572500 7.822500 -0.020000
v 6.572500 7.822500 -1.070000
v 6.527500 10.177500 -0.020000
v 6.527500 10.177500 -1.070000
v 6.527500 10.222500 -0.020000
v 6.527500 10.222500 -1.070000
v 6.572500 10.177500 -0.020000
v 6.572500 10.177500 -1.070000
v 6.572500 10.222500 -0.020000
v 6.572500 10.222500 -1.070000
v 6.527500 12.577500 -0.020000
v 6.527500 12.577500 -1.070000
v 6.527500 12.622500 -0.020000
v 6.527500 12.622500 -1.070000
v 6.572500 12.577500 -0.020000
v 6.572500 12.577500 -1.070000
v 6.572500 12.622500 -0.020000
v 6.572500 12.622500 -1.070000
v 6.527500 14.977500 -0.020000
v 6.527500 14.977500 -1.070000
v 6.527500 15.022500 -0.020000
v 6.527500 15.022500 -1.070000
v 6.572500 14.977500 -0.020000
v 6.572500 14.977500 -1.070000
v 6.572500 15.022500 -0.020000
v 6.572500 15.022500 -1.070000
v 6.527500 17.377501 -0.020000
v 6.527500 17.377501 -1.070000
v 6.527500 17.422499 -0.020000
v 6.527500 17.422499 -1.070000
v 6.572500 17.377501 -0.020000
v 6.572500 17.377501 -1.070000
v 6.572500 17.422499 -0.020000
v 6.572500 17.422499 -1.070000
v 6.527500 19.777500 -0.020000
v 6.527500 19.777500 -1.070000
v 6.527500 19.822498 -0.020000
v 6.527500 19.822498 -1.070000
v 6.572500 19.777500 -0.020000
v 6.572500 19.777500 -1.070000
v 6.572500 19.822498 -0.020000
v 6.572500 19.822498 -1.070000
v 6.527500 22.177502 -0.020000
v 6.527500 22.177502 -1.070000
v 6.527500 22.222500 -0.020000
v 6.527500 22.222500 -1.070000
v 6.572500 22.177502 -0.020000
v 6.572500 22.177502 -1.070000
v 6.572500 22.222500 -0.020000
v 6.572500 22.222500 -1.070000
v -6.572500 -4.222500 -0.020000
v -6.572500 -4.222500 -1.070000
v -6.572500 -4.177500 -0.020000
v -6.572500 -4.177500 -1.070000
v -6.527500 -4.222500 -0.020000
v -6.527500 -4.222500 -1.070000
v -6.527500 -4.177500 -0.020000
v -6.527500 -4.177500 -1.070000
v -6.572500 -1.822500 -0.020000
v -6.572500 -1.822500 -1.070000
v -6.572500 -1.777500 -0.020000
v -6.572500 -1.777500 -1.070000
v -6.527500 -1.822500 -0.020000
v -6.527500 -1.822500 -1.070000
v -6.527500 -1.777500 -0.020000
v -6.527500 -1.777500 -1.070000
v -6.572500 0.577500 -0.020000
v -6.572500 0.577500 -1.070000
v -6.572500 0.622500 -0.020000
v -6.572500 0.622500 -1.070000
v -6.527500 0.577500 -0.020000
v -6.527500 0.577500 -1.070000
v -6.527500 0.622500 -0.020000
v -6.527500 0.622500 -1.070000
v -6.572500 2.977500 -0.020000
v -6.572500 2.977500 -1.070000
v -6.572500 3.022500 -0.020000
v -6.572500 3.022500 -1.070000
v -6.527500 2.977500 -0.020000
v -6.527500 2.977500 -1.070000
v -6.527500 3.022500 -0.020000
v -6.527500 3.022500 -1.070000
v -6.572500 5.377500 -0.020000
v -6.572500 5.377500 -1.070000
v -6.572500 5.422500 -0.020000
v -6.572500 5.422500 -1.070000
v -6.527500 5.377500 -0.020000
v -6.527500 5.377500 -1.070000
v -6.527500 5.422500 -0.020000
v -6.527500 5.422500 -1.070000
v -6.572500 7.777500 -0.020000
v -6.572500 7.777500 -1.070000
v -6.572500 7.822500 -0.020000
v -6.572500 7.822500 -1.070000
v -6.527500 7.777500 -0.020000
v -6.527500 7.777500 -1.070000
v -6.527500 7.822500 -0.020000
v -6.527500 7.822500 -1.070000
v -6.572500 10.177500 -0.020000
v -6.572500 10.177500 -1.070000
v -6.572500 10.222500 -0.020000
v -6.572500 10.222500 -1.070000
v -6.527500 10.177500 -0.020000
v -6.527500 10.177500 -1.070000
v -6.527500 10.222500 -0.020000
v -6.527500 10.222500 -1.070000
v -6.572500 12.577500 -0.020000
v -6.572500 12.577500 -1.070000
v -6.572500 12.622500 -0.020000
v -6.572500 12.622500 -1.070000
v -6.527500 12.577500 -0.020000
v -6.527500 12.577500 -1.070000
v -6.527500 12.622500 -0.020000
v -6.527500 12.622500 -1.070000
v -6.572500 14.977500 -0.020000
v -6.572500 14.977500 -1.070000
v -6.572500 15.022500 -0.020000
v -6.572500 15.022500 -1.070000
v -6.527500 14.977500 -0.020000
v -6.527500 14.977500 -1.070000
v -6.527500 15.022500 -0.020000
v -6.527500 15.022500 -1.070000
v -6.572500 17.377501 -0.020000
v -6.572500 17.377501 -1.070000
v -6.572500 17.422499 -0.020000
v -6.572500 17.422499 -1.070000
v -6.527500 17.377501 -0.020000
v -6.527500 17.377501 -1.070000
v -6.527500 17.422499 -0.020000
v -6.527500 17.422499 -1.070000
v -6.572500 19.777500 -0.020000
v -6.572500 19.777500 -1.070000
v -6.572500 19.822498 -0.020000
v -6.572500 19.822498 -1.070000
v -6.527500 19.777500 -0.020000
v -6.527500 19.777500 -1.070000
v -6.527500 19.822498 -0.020000
v -6.527500 19.822498 -1.070000
v -6.572500 22.177502 -0.020000
v -6.572500 22.177502 -1.070000
v -6.572500 22.222500 -0.020000
v -6.572500 22.222500 -1.070000
v -6.527500 22.177502 -0.020000
v -6.527500 22.177502 -1.070000
v -6.527500 22.222500 -0.020000
v -6.527500 22.222500 -1.070000
v -6.222500 24.527500 -0.020000
v -6.222500 24.527500 -1.070000
v -6.222500 24.572498 -0.020000
v -6.222500 24.572498 -1.070000
v -6.177500 24.527500 -0.020000
v -6.177500 24.527500 -1.070000
v -6.177500 24.572498 -0.020000
v -6.177500 24.572498 -1.070000
v -3.822500 24.527500 -0.020000
v -3.822500 24.527500 -1.070000
v -3.822500 24.572498 -0.020000
v -3.822500 24.572498 -1.070000
v -3.777500 24.527500 -0.020000
v -3.777500 24.527500 -1.070000
v -3.777500 24.572498 -0.020000
v -3.777500 24.572498 -1.070000
v -1.422500 24.527500 -0.020000
v -1.422500 24.527500 -1.070000
v -1.422500 24.572498 -0.020000
v -1.422500 24.572498 -1.070000
v -1.377500 24.527500 -0.020000
v -1.377500 24.527500 -1.070000
v -1.377500 24.572498 -0.020000
v -1.377500 24.572498 -1.070000
v 0.977500 24.527500 -0.020000
v 0.977500 24.527500 -1.070000
v 0.977500 24.572498 -0.020000
v 0.977500 24.572498 -1.070000
v 1.022500 24.527500 -0.020000
v 1.022500 24.527500 -1.070000
v 1.022500 24.572498 -0.020000
v 1.022500 24.572498 -1.070000
v 3.377500 24.527500 -0.020000
v 3.377500 24.527500 -1.070000
v 3.377500 24.572498 -0.020000
v 3.377500 24.572498 -1.070000
v 3.422500 24.527500 -0.020000
v 3.422500 24.527500 -1.070000
v 3.422500 24.572498 -0.020000
v 3.422500 24.572498 -1.070000
v 5.777500 24.527500 -0.020000
v 5.777500 24.527500 -1.070000
v 5.777500 24.572498 -0.020000
v 5.777500 24.572498 -1.070000
v 5.822500 24.527500 -0.020000
v 5.822500 24.527500 -1.070000
v 5.822500 24.572498 -0.020000
v 5.822500 24.572498 -1.070000
v -6.222500 -4.572500 -0.020000
v -6.222500 -4.572500 -1.070000
v -6.222500 -4.527500 -0.020000
v -6.222500 -4.527500 -1.070000
v -6.177500 -4.572500 -0.020000
v -6.177500 -4.572500 -1.070000
v -6.177500 -4.527500 -0.020000
v -6.177500 -4.527500 -1.070000
v -3.822500 -4.572500 -0.020000
v -3.822500 -4.572500 -1.070000
v -3.822500 -4.527500 -0.020000
v -3.822500 -4.527500 -1.070000
v -3.777500 -4.572500 -0.020000
v -3.777500 -4.572500 -1.070000
v -3.777500 -4.527500 -0.020000
v -3.777500 -4.527500 -1.070000
v -1.422500 -4.572500 -0.020000
v -1.422500 -4.572500 -1.070000
v -1.422500 -4.527500 -0.020000
v -1.422500 -4.527500 -1.070000
v -1.377500 -4.572500 -0.020000
v -1.377500 -4.572500 -1.070000
v -1.377500 -4.527500 -0.020000
v -1.377500 -4.527500 -1.070000
v 0.977500 -4.572500 -0.020000
v 0.977500 -4.572500 -1.070000
v 0.977500 -4.527500 -0.020000
v 0.977500 -4.527500 -1.070000
v 1.022500 -4.572500 -0.020000
v 1.022500 -4.572500 -1.070000
v 1.022500 -4.527500 -0.020000
v 1.022500 -4.527500 -1.070000
v 3.377500 -4.572500 -0.020000
v 3.377500 -4.572500 -1.070000
v 3.377500 -4.527500 -0.020000
v 3.377500 -4.527500 -1.070000
v 3.422500 -4.572500 -0.020000
v 3.422500 -4.572500 -1.070000
v 3.422500 -4.527500 -0.020000
v 3.422500 -4.527500 -1.070000
v 5.777500 -4.572500 -0.020000
v 5.777500 -4.572500 -1.070000
v 5.777500 -4.527500 -0.020000
v 5.777500 -4.527500 -1.070000
v 5.822500 -4.572500 -0.020000
v 5.822500 -4.572500 -1.070000
v 5.822500 -4.527500 -0.020000
v 5.822500 -4.527500 -1.070000
v 6.535000 -4.300000 -0.955000
v 6.535000 -4.300000 -0.985000
v 6.535000 24.299999 -0.955000
v 6.535000 24.299999 -0.985000
v 6.565000 -4.300000 -0.955000
v 6.565000 -4.300000 -0.985000
v 6.565000 24.299999 -0.955000
v 6.565000 24.299999 -0.985000
v 6.535000 -4.300000 -0.505000
v 6.535000 -4.300000 -0.535000
v 6.535000 24.299999 -0.505000
v 6.535000 24.299999 -0.535000
v 6.565000 -4.300000 -0.505000
v 6.565000 -4.300000 -0.535000
v 6.565000 24.299999 -0.505000
v 6.565000 24.299999 -0.535000
v -6.565000 -4.300000 -0.955000
v -6.565000 -4.300000 -0.985000
v -6.565000 24.299999 -0.955000
v -6.565000 24.299999 -0.985000
v -6.535000 -4.300000 -0.955000
v -6.535000 -4.300000 -0.985000
v -6.535000 24.299999 -0.955000
v -6.535000 24.299999 -0.985000
v -6.565000 -4.300000 -0.505000
v -6.565000 -4.300000 -0.535000
v -6.565000 24.299999 -0.505000
v -6.565000 24.299999 -0.535000
v -6.535000 -4.300000 -0.505000
v -6.535000 -4.300000 -0.535000
v -6.535000 24.299999 -0.505000
v -6.535000 24.299999 -0.535000
v -6.300000 24.535000 -0.955000
v -6.300000 24.535000 -0.985000
v -6.300000 24.564999 -0.955000
v -6.300000 24.564999 -0.985000
v 6.300000 24.535000 -0.955000
v 6.300000 24.535000 -0.985000
v 6.300000 24.564999 -0.955000
v 6.300000 24.564999 -0.985000
v -6.300000 24.535000 -0.505000
v -6.300000 24.535000 -0.535000
v -6.300000 24.564999 -0.505000
v -6.300000 24.564999 -0.535000
v 6.300000 24.535000 -0.505000
v 6.300000 24.535000 -0.535000
v 6.300000 24.564999 -0.505000
v 6.300000 24.564999 -0.535000
v -6.200000 -4.565000 -0.955000
v -6.200000 -4.565000 -0.985000
v -6.200000 -4.535000 -0.955000
v -6.200000 -4.535000 -0.985000
v -5.200000 -4.565000 -0.955000
v -5.200000 -4.565000 -0.985000
v -5.200000 -4.535000 -0.955000
v -5.200000 -4.535000 -0.985000
v -6.200000 -4.565000 -0.505000
v -6.200000 -4.565000 -0.535000
v -6.200000 -4.535000 -0.505000
v -6.200000 -4.535000 -0.535000
v -5.200000 -4.565000 -0.505000
v -5.200000 -4.565000 -0.535000
v -5.200000 -4.535000 -0.505000
v -5.200000 -4.535000 -0.535000
v -3.800000 -4.565000 -0.955000
v -3.800000 -4.565000 -0.985000
v -3.800000 -4.535000 -0.955000
v -3.800000 -4.535000 -0.985000
v 6.200000 -4.565000 -0.955000
v 6.200000 -4.565000 -0.985000
v 6.200000 -4.535000 -0.955000
v 6.200000 -4.535000 -0.985000
v -3.800000 -4.565000 -0.505000
v -3.800000 -4.565000 -0.535000
v -3.800000 -4.535000 -0.505000
v -3.800000 -4.535000 -0.535000
v 6.200000 -4.565000 -0.505000
v 6.200000 -4.565000 -0.535000
v 6.200000 -4.535000 -0.505000
v 6.200000 -4.535000 -0.535000
v 5.968000 2.740000 1.752500
v 5.968000 2.740000 1.727500
v 5.968000 3.260000 1.752500
v 5.968000 3.260000 1.727500
v 5.988000 2.740000 1.752500
v 5.988000 2.740000 1.727500
v 5.988000 3.260000 1.752500
v 5.988000 3.260000 1.727500
v 5.968000 2.740000 1.672500
v 5.968000 2.740000 1.647500
v 5.968000 3.260000 1.672500
v 5.968000 3.260000 1.647500
v 5.988000 2.740000 1.672500
v 5.988000 2.740000 1.647500
v 5.988000 3.260000 1.672500
v 5.988000 3.260000 1.647500
v 5.968000 2.740000 1.592500
v 5.968000 2.740000 1.567500
v 5.968000 3.260000 1.592500
v 5.968000 3.260000 1.567500
v 5.988000 2.740000 1.592500
v 5.988000 2.740000 1.567500
v 5.988000 3.260000 1.592500
v 5.988000 3.260000 1.567500
v 5.968000 2.740000 1.512500
v 5.968000 2.740000 1.487500
v 5.968000 3.260000 1.512500
v 5.968000 3.260000 1.487500
v 5.988000 2.740000 1.512500
v 5.988000 2.740000 1.487500
v 5.988000 3.260000 1.512500
v 5.988000 3.260000 1.487500
v -5.988000 2.740000 1.752500
v -5.988000 2.740000 1.727500
v -5.988000 3.260000 1.752500
v -5.988000 3.260000 1.727500
v -5.968000 2.740000 1.752500
v -5.968000 2.740000 1.727500
v -5.968000 3.260000 1.752500
v -5.968000 3.260000 1.727500
v -5.988000 2.740000 1.672500
v -5.988000 2.740000 1.647500
v -5.988000 3.260000 1.672500
v -5.988000 3.260000 1.647500
v -5.968000 2.740000 1.672500
v -5.968000 2.740000 1.647500
v -5.968000 3.260000 1.672500
v -5.968000 3.260000 1.647500
v -5.988000 2.740000 1.592500
v -5.988000 2.740000 1.567500
v -5.988000 3.260000 1.592500
v -5.988000 3.260000 1.567500
v -5.968000 2.740000 1.592500
v -5.968000 2.740000 1.567500
v -5.968000 3.260000 1.592500
v -5.968000 3.260000 1.567500
v -5.988000 2.740000 1.512500
v -5.988000 2.740000 1.487500
v -5.988000 3.260000 1.512500
v -5.988000 3.260000 1.487500
v -5.968000 2.740000 1.512500
v -5.968000 2.740000 1.487500
v -5.968000 3.260000 1.512500
v -5.968000 3.260000 1.487500
v 5.968000 16.740000 1.752500
v 5.968000 16.740000 1.727500
v 5.968000 17.260000 1.752500
v 5.968000 17.260000 1.727500
v 5.988000 16.740000 1.752500
v 5.988000 16.740000 1.727500
v 5.988000 17.260000 1.752500
v 5.988000 17.260000 1.727500
v 5.968000 16.740000 1.672500
v 5.968000 16.740000 1.647500
v 5.968000 17.260000 1.672500
v 5.968000 17.260000 1.647500
v 5.988000 16.740000 1.672500
v 5.988000 16.740000 1.647500
v 5.988000 17.260000 1.672500
v 5.988000 17.260000 1.647500
v 5.968000 16.740000 1.592500
v 5.968000 16.740000 1.567500
v 5.968000 17.260000 1.592500
v 5.968000 17.260000 1.567500
v 5.988000 16.740000 1.592500
v 5.988000 16.740000 1.567500
v 5.988000 17.260000 1.592500
v 5.988000 17.260000 1.567500
v 5.968000 16.740000 1.512500
v 5.968000 16.740000 1.487500
v 5.968000 17.260000 1.512500
v 5.968000 17.260000 1.487500
v 5.988000 16.740000 1.512500
v 5.988000 16.740000 1.487500
v 5.988000 17.260000 1.512500
v 5.988000 17.260000 1.487500
v -5.988000 16.740000 1.752500
v -5.988000 16.740000 1.727500
v -5.988000 17.260000 1.752500
v -5.988000 17.260000 1.727500
v -5.968000 16.740000 1.752500
v -5.968000 16.740000 1.727500
v -5.968000 17.260000 1.752500
v -5.968000 17.260000 1.727500
v -5.988000 16.740000 1.672500
v -5.988000 16.740000 1.647500
v -5.988000 17.260000 1.672500
v -5.988000 17.260000 1.647500
v -5.968000 16.740000 1.672500
v -5.968000 16.740000 1.647500
v -5.968000 17.260000 1.672500
v -5.968000 17.260000 1.647500
v -5.988000 16.740000 1.592500
v -5.988000 16.740000 1.567500
v -5.988000 17.260000 1.592500
v -5.988000 17.260000 1.567500
v -5.968000 16.740000 1.592500
v -5.968000 16.740000 1.567500
v -5.968000 17.260000 1.592500
v -5.968000 17.260000 1.567500
v -5.988000 16.740000 1.512500
v -5.988000 16.740000 1.487500
v -5.988000 17.260000 1.512500
v -5.988000 17.260000 1.487500
v -5.968000 16.740000 1.512500
v -5.968000 16.740000 1.487500
v -5.968000 17.260000 1.512500
v -5.968000 17.260000 1.487500
v -0.260000 4.785000 2.990000
v -0.260000 4.785000 2.978000
v -0.260000 4.815000 2.990000
v -0.260000 4.815000 2.978000
v 0.260000 4.785000 2.990000
v 0.260000 4.785000 2.978000
v 0.260000 4.815000 2.990000
v 0.260000 4.815000 2.978000
v -0.260000 4.885000 2.990000
v -0.260000 4.885000 2.978000
v -0.260000 4.915000 2.990000
v -0.260000 4.915000 2.978000
v 0.260000 4.885000 2.990000
v 0.260000 4.885000 2.978000
v 0.260000 4.915000 2.990000
v 0.260000 4.915000 2.978000
v -0.260000 4.985000 2.990000
v -0.260000 4.985000 2.978000
v -0.260000 5.015000 2.990000
v -0.260000 5.015000 2.978000
v 0.260000 4.985000 2.990000
v 0.260000 4.985000 2.978000
v 0.260000 5.015000 2.990000
v 0.260000 5.015000 2.978000
v -0.260000 5.085000 2.990000
v -0.260000 5.085000 2.978000
v -0.260000 5.115000 2.990000
v -0.260000 5.115000 2.978000
v 0.260000 5.085000 2.990000
v 0.260000 5.085000 2.978000
v 0.260000 5.115000 2.990000
v 0.260000 5.115000 2.978000
v -0.260000 5.185000 2.990000
v -0.260000 5.185000 2.978000
v -0.260000 5.215000 2.990000
v -0.260000 5.215000 2.978000
v 0.260000 5.185000 2.990000
v 0.260000 5.185000 2.978000
v 0.260000 5.215000 2.990000
v 0.260000 5.215000 2.978000
v -0.260000 17.785000 2.990000
v -0.260000 17.785000 2.978000
v -0.260000 17.814999 2.990000
v -0.260000 17.814999 2.978000
v 0.260000 17.785000 2.990000
v 0.260000 17.785000 2.978000
v 0.260000 17.814999 2.990000
v 0.260000 17.814999 2.978000
v -0.260000 17.885000 2.990000
v -0.260000 17.885000 2.978000
v -0.260000 17.914999 2.990000
v -0.260000 17.914999 2.978000
v 0.260000 17.885000 2.990000
v 0.260000 17.885000 2.978000
v 0.260000 17.914999 2.990000
v 0.260000 17.914999 2.978000
v -0.260000 17.985001 2.990000
v -0.260000 17.985001 2.978000
v -0.260000 18.014999 2.990000
v -0.260000 18.014999 2.978000
v 0.260000 17.985001 2.990000
v 0.260000 17.985001 2.978000
v 0.260000 18.014999 2.990000
v 0.260000 18.014999 2.978000
v -0.260000 18.085001 2.990000
v -0.260000 18.085001 2.978000
v -0.260000 18.115000 2.990000
v -0.260000 18.115000 2.978000
v 0.260000 18.085001 2.990000
v 0.260000 18.085001 2.978000
v 0.260000 18.115000 2.990000
v 0.260000 18.115000 2.978000
v -0.260000 18.185001 2.990000
v -0.260000 18.185001 2.978000
v -0.260000 18.215000 2.990000
v -0.260000 18.215000 2.978000
v 0.260000 18.185001 2.990000
v 0.260000 18.185001 2.978000
v 0.260000 18.215000 2.990000
v 0.260000 18.215000 2.978000
v 5.990000 -0.120000 1.112500
v 5.990000 -0.120000 1.087500
v 5.990000 0.120000 1.112500
v 5.990000 0.120000 1.087500
v 6.010000 -0.120000 1.112500
v 6.010000 -0.120000 1.087500
v 6.010000 0.120000 1.112500
v 6.010000 0.120000 1.087500
v 5.990000 -0.120000 1.312500
v 5.990000 -0.120000 1.287500
v 5.990000 0.120000 1.312500
v 5.990000 0.120000 1.287500
v 6.010000 -0.120000 1.312500
v 6.010000 -0.120000 1.287500
v 6.010000 0.120000 1.312500
v 6.010000 0.120000 1.287500
v 5.990000 -0.117500 1.290000
v 5.990000 -0.117500 1.110000
v 5.990000 -0.092500 1.290000
v 5.990000 -0.092500 1.110000
v 6.010000 -0.117500 1.290000
v 6.010000 -0.117500 1.110000
v 6.010000 -0.092500 1.290000
v 6.010000 -0.092500 1.110000
v 5.990000 0.092500 1.290000
v 5.990000 0.092500 1.110000
v 5.990000 0.117500 1.290000
v 5.990000 0.117500 1.110000
v 6.010000 0.092500 1.290000
v 6.010000 0.092500 1.110000
v 6.010000 0.117500 1.290000
v 6.010000 0.117500 1.110000
v -6.010000 -0.120000 1.112500
v -6.010000 -0.120000 1.087500
v -6.010000 0.120000 1.112500
v -6.010000 0.120000 1.087500
v -5.990000 -0.120000 1.112500
v -5.990000 -0.120000 1.087500
v -5.990000 0.120000 1.112500
v -5.990000 0.120000 1.087500
v -6.010000 -0.120000 1.312500
v -6.010000 -0.120000 1.287500
v -6.010000 0.120000 1.312500
v -6.010000 0.120000 1.287500
v -5.990000 -0.120000 1.312500
v -5.990000 -0.120000 1.287500
v -5.990000 0.120000 1.312500
v -5.990000 0.120000 1.287500
v -6.010000 -0.117500 1.290000
v -6.010000 -0.117500 1.110000
v -6.010000 -0.092500 1.290000
v -6.010000 -0.092500 1.110000
v -5.990000 -0.117500 1.290000
v -5.990000 -0.117500 1.110000
v -5.990000 -0.092500 1.290000
v -5.990000 -0.092500 1.110000
v -6.010000 0.092500 1.290000
v -6.010000 0.092500 1.110000
v -6.010000 0.117500 1.290000
v -6.010000 0.117500 1.110000
v -5.990000 0.092500 1.290000
v -5.990000 0.092500 1.110000
v -5.990000 0.117500 1.290000
v -5.990000 0.117500 1.110000
v 5.990000 6.880000 1.112500
v 5.990000 6.880000 1.087500
v 5.990000 7.120000 1.112500
v 5.990000 7.120000 1.087500
v 6.010000 6.880000 1.112500
v 6.010000 6.880000 1.087500
v 6.010000 7.120000 1.112500
v 6.010000 7.120000 1.087500
v 5.990000 6.880000 1.312500
v 5.990000 6.880000 1.287500
v 5.990000 7.120000 1.312500
v 5.990000 7.120000 1.287500
v 6.010000 6.880000 1.312500
v 6.010000 6.880000 1.287500
v 6.010000 7.120000 1.312500
v 6.010000 7.120000 1.287500
v 5.990000 6.882500 1.290000
v 5.990000 6.882500 1.110000
v 5.990000 6.907500 1.290000
v 5.990000 6.907500 1.110000
v 6.010000 6.882500 1.290000
v 6.010000 6.882500 1.110000
v 6.010000 6.907500 1.290000
v 6.010000 6.907500 1.110000
v 5.990000 7.092500 1.290000
v 5.990000 7.092500 1.110000
v 5.990000 7.117500 1.290000
v 5.990000 7.117500 1.110000
v 6.010000 7.092500 1.290000
v 6.010000 7.092500 1.110000
v 6.010000 7.117500 1.290000
v 6.010000 7.117500 1.110000
v -6.010000 6.880000 1.112500
v -6.010000 6.880000 1.087500
v -6.010000 7.120000 1.112500
v -6.010000 7.120000 1.087500
v -5.990000 6.880000 1.112500
v -5.990000 6.880000 1.087500
v -5.990000 7.120000 1.112500
v -5.990000 7.120000 1.087500
v -6.010000 6.880000 1.312500
v -6.010000 6.880000 1.287500
v -6.010000 7.120000 1.312500
v -6.010000 7.120000 1.287500
v -5.990000 6.880000 1.312500
v -5.990000 6.880000 1.287500
v -5.990000 7.120000 1.312500
v -5.990000 7.120000 1.287500
v -6.010000 6.882500 1.290000
v -6.010000 6.882500 1.110000
v -6.010000 6.907500 1.290000
v -6.010000 6.907500 1.110000
v -5.990000 6.882500 1.290000
v -5.990000 6.882500 1.110000
v -5.990000 6.907500 1.290000
v -5.990000 6.907500 1.110000
v -6.010000 7.092500 1.290000
v -6.010000 7.092500 1.110000
v -6.010000 7.117500 1.290000
v -6.010000 7.117500 1.110000
v -5.990000 7.092500 1.290000
v -5.990000 7.092500 1.110000
v -5.990000 7.117500 1.290000
v -5.990000 7.117500 1.110000
v 5.990000 13.880000 1.112500
v 5.990000 13.880000 1.087500
v 5.990000 14.120000 1.112500
v 5.990000 14.120000 1.087500
v 6.010000 13.880000 1.112500
v 6.010000 13.880000 1.087500
v 6.010000 14.120000 1.112500
v 6.010000 14.120000 1.087500
v 5.990000 13.880000 1.312500
v 5.990000 13.880000 1.287500
v 5.990000 14.120000 1.312500
v 5.990000 14.120000 1.287500
v 6.010000 13.880000 1.312500
v 6.010000 13.880000 1.287500
v 6.010000 14.120000 1.312500
v 6.010000 14.120000 1.287500
v 5.990000 13.882501 1.290000
v 5.990000 13.882501 1.110000
v 5.990000 13.907500 1.290000
v 5.990000 13.907500 1.110000
v 6.010000 13.882501 1.290000
v 6.010000 13.882501 1.110000
v 6.010000 13.907500 1.290000
v 6.010000 13.907500 1.110000
v 5.990000 14.092500 1.290000
v 5.990000 14.092500 1.110000
v 5.990000 14.117499 1.290000
v 5.990000 14.117499 1.110000
v 6.010000 14.092500 1.290000
v 6.010000 14.092500 1.110000
v 6.010000 14.117499 1.290000
v 6.010000 14.117499 1.110000
v -6.010000 13.880000 1.112500
v -6.010000 13.880000 1.087500
v -6.010000 14.120000 1.112500
v -6.010000 14.120000 1.087500
v -5.990000 13.880000 1.112500
v -5.990000 13.880000 1.087500
v -5.990000 14.120000 1.112500
v -5.990000 14.120000 1.087500
v -6.010000 13.880000 1.312500
v -6.010000 13.880000 1.287500
v -6.010000 14.120000 1.312500
v -6.010000 14.120000 1.287500
v -5.990000 13.880000 1.312500
v -5.990000 13.880000 1.287500
v -5.990000 14.120000 1.312500
v -5.990000 14.120000 1.287500
v -6.010000 13.882501 1.290000
v -6.010000 13.882501 1.110000
v -6.010000 13.907500 1.290000
v -6.010000 13.907500 1.110000
v -5.990000 13.882501 1.290000
v -5.990000 13.882501 1.110000
v -5.990000 13.907500 1.290000
v -5.990000 13.907500 1.110000
v -6.010000 14.092500 1.290000
v -6.010000 14.092500 1.110000
v -6.010000 14.117499 1.290000
v -6.010000 14.117499 1.110000
v -5.990000 14.092500 1.290000
v -5.990000 14.092500 1.110000
v -5.990000 14.117499 1.290000
v -5.990000 14.117499 1.110000
v 5.990000 20.879999 1.112500
v 5.990000 20.879999 1.087500
v 5.990000 21.120001 1.112500
v 5.990000 21.120001 1.087500
v 6.010000 20.879999 1.112500
v 6.010000 20.879999 1.087500
v 6.010000 21.120001 1.112500
v 6.010000 21.120001 1.087500
v 5.990000 20.879999 1.312500
v 5.990000 20.879999 1.287500
v 5.990000 21.120001 1.312500
v 5.990000 21.120001 1.287500
v 6.010000 20.879999 1.312500
v 6.010000 20.879999 1.287500
v 6.010000 21.120001 1.312500
v 6.010000 21.120001 1.287500
v 5.990000 20.882500 1.290000
v 5.990000 20.882500 1.110000
v 5.990000 20.907501 1.290000
v 5.990000 20.907501 1.110000
v 6.010000 20.882500 1.290000
v 6.010000 20.882500 1.110000
v 6.010000 20.907501 1.290000
v 6.010000 20.907501 1.110000
v 5.990000 21.092499 1.290000
v 5.990000 21.092499 1.110000
v 5.990000 21.117500 1.290000
v 5.990000 21.117500 1.110000
v 6.010000 21.092499 1.290000
v 6.010000 21.092499 1.110000
v 6.010000 21.117500 1.290000
v 6.010000 21.117500 1.110000
v -6.010000 20.879999 1.112500
v -6.010000 20.879999 1.087500
v -6.010000 21.120001 1.112500
v -6.010000 21.120001 1.087500
v -5.990000 20.879999 1.112500
v -5.990000 20.879999 1.087500
v -5.990000 21.120001 1.112500
v -5.990000 21.120001 1.087500
v -6.010000 20.879999 1.312500
v -6.010000 20.879999 1.287500
v -6.010000 21.120001 1.312500
v -6.010000 21.120001 1.287500
v -5.990000 20.879999 1.312500
v -5.990000 20.879999 1.287500
v -5.990000 21.120001 1.312500
v -5.990000 21.120001 1.287500
v -6.010000 20.882500 1.290000
v -6.010000 20.882500 1.110000
v -6.010000 20.907501 1.290000
v -6.010000 20.907501 1.110000
v -5.990000 20.882500 1.290000
v -5.990000 20.882500 1.110000
v -5.990000 20.907501 1.290000
v -5.990000 20.907501 1.110000
v -6.010000 21.092499 1.290000
v -6.010000 21.092499 1.110000
v -6.010000 21.117500 1.290000
v -6.010000 21.117500 1.110000
v -5.990000 21.092499 1.290000
v -5.990000 21.092499 1.110000
v -5.990000 21.117500 1.290000
v -5.990000 21.117500 1.110000
v 3.342500 -5.415000 -0.602500
v 3.342500 -5.415000 -0.637500
v 3.200000 -5.355000 -0.020000
v 3.200000 -5.355000 -0.540000
v 3.206470 -5.355852 -0.020000
v 3.206470 -5.355852 -0.540000
v 3.212500 -5.358349 -0.020000
v 3.212500 -5.358349 -0.540000
v 3.217678 -5.362322 -0.020000
v 3.217678 -5.362322 -0.540000
v 3.221651 -5.367500 -0.020000
v 3.221651 -5.367500 -0.540000
v 3.224148 -5.373529 -0.020000
v 3.224148 -5.373529 -0.540000
v 3.225000 -5.380000 -0.020000
v 3.225000 -5.380000 -0.540000
v 3.224148 -5.386471 -0.020000
v 3.224148 -5.386471 -0.540000
v 3.221651 -5.392500 -0.020000
v 3.221651 -5.392500 -0.540000
v 3.217678 -5.397678 -0.020000
v 3.217678 -5.397678 -0.540000
v 3.212500 -5.401651 -0.020000
v 3.212500 -5.401651 -0.540000
v 3.206470 -5.404148 -0.020000
v 3.206470 -5.404148 -0.540000
v 3.200000 -5.405000 -0.020000
v 3.200000 -5.405000 -0.540000
v 3.193530 -5.404148 -0.020000
v 3.193530 -5.404148 -0.540000
v 3.187500 -5.401651 -0.020000
v 3.187500 -5.401651 -0.540000
v 3.182322 -5.397678 -0.020000
v 3.182322 -5.397678 -0.540000
v 3.178349 -5.392500 -0.020000
v 3.178349 -5.392500 -0.540000
v 3.175852 -5.386471 -0.020000
v 3.175852 -5.386471 -0.540000
v 3.175000 -5.380000 -0.020000
v 3.175000 -5.380000 -0.540000
v 3.175852 -5.373529 -0.020000
v 3.175852 -5.373529 -0.540000
v 3.178349 -5.367500 -0.020000
v 3.178349 -5.367500 -0.540000
v 3.182322 -5.362322 -0.020000
v 3.182322 -5.362322 -0.540000
v 3.187500 -5.358349 -0.020000
v 3.187500 -5.358349 -0.540000
v 3.193530 -5.355852 -0.020000
v 3.193530 -5.355852 -0.540000
v 3.200000 -5.220000 -0.580000
v 3.200000 -5.220000 -0.660000
v 3.241411 -5.225452 -0.580000
v 3.241411 -5.225452 -0.660000
v 3.280000 -5.241436 -0.580000
v 3.280000 -5.241436 -0.660000
v 3.313137 -5.266863 -0.580000
v 3.313137 -5.266863 -0.660000
v 3.338564 -5.300000 -0.580000
v 3.338564 -5.300000 -0.660000
v 3.354548 -5.338589 -0.580000
v 3.354548 -5.338589 -0.660000
v 3.360000 -5.380000 -0.580000
v 3.360000 -5.380000 -0.660000
v 3.354548 -5.421411 -0.580000
v 3.354548 -5.421411 -0.660000
v 3.338564 -5.460000 -0.580000
v 3.338564 -5.460000 -0.660000
v 3.313137 -5.493137 -0.580000
v 3.313137 -5.493137 -0.660000
v 3.280000 -5.518564 -0.580000
v 3.280000 -5.518564 -0.660000
v 3.241411 -5.534548 -0.580000
v 3.241411 -5.534548 -0.660000
v 3.200000 -5.540000 -0.580000
v 3.200000 -5.540000 -0.660000
v 3.158589 -5.534548 -0.580000
v 3.158589 -5.534548 -0.660000
v 3.120000 -5.518564 -0.580000
v 3.120000 -5.518564 -0.660000
v 3.086863 -5.493137 -0.580000
v 3.086863 -5.493137 -0.660000
v 3.061436 -5.460000 -0.580000
v 3.061436 -5.460000 -0.660000
v 3.045452 -5.421411 -0.580000
v 3.045452 -5.421411 -0.660000
v 3.040000 -5.380000 -0.580000
v 3.040000 -5.380000 -0.660000
v 3.045452 -5.338589 -0.580000
v 3.045452 -5.338589 -0.660000
v 3.061436 -5.300000 -0.580000
v 3.061436 -5.300000 -0.660000
v 3.086863 -5.266863 -0.580000
v 3.086863 -5.266863 -0.660000
v 3.120000 -5.241436 -0.580000
v 3.120000 -5.241436 -0.660000
v 3.158589 -5.225452 -0.580000
v 3.158589 -5.225452 -0.660000
v 3.342500 -5.345000 -0.602500
v 3.342500 -5.345000 -0.637500
v 3.377500 -5.415000 -0.602500
v 3.377500 -5.415000 -0.637500
v 3.377500 -5.345000 -0.602500
v 3.377500 -5.345000 -0.637500
v 3.345047 -5.357804 -0.602500
v 3.345047 -5.357804 -0.637500
v 3.318259 -5.293132 -0.602500
v 3.318259 -5.293132 -0.637500
v 3.377383 -5.344410 -0.602500
v 3.377383 -5.344410 -0.637500
v 3.350595 -5.279738 -0.602500
v 3.350595 -5.279738 -0.637500
v 3.325511 -5.303986 -0.602500
v 3.325511 -5.303986 -0.637500
v 3.276014 -5.254488 -0.602500
v 3.276014 -5.254488 -0.637500
v 3.350260 -5.279237 -0.602500
v 3.350260 -5.279237 -0.637500
v 3.300763 -5.229740 -0.602500
v 3.300763 -5.229740 -0.637500
v 3.286868 -5.261741 -0.602500
v 3.286868 -5.261741 -0.637500
v 3.222197 -5.234953 -0.602500
v 3.222197 -5.234953 -0.637500
v 3.300262 -5.229405 -0.602500
v 3.300262 -5.229405 -0.637500
v 3.235590 -5.202617 -0.602500
v 3.235590 -5.202617 -0.637500
v 3.235000 -5.237500 -0.602500
v 3.235000 -5.237500 -0.637500
v 3.165000 -5.237500 -0.602500
v 3.165000 -5.237500 -0.637500
v 3.235000 -5.202500 -0.602500
v 3.235000 -5.202500 -0.637500
v 3.165000 -5.202500 -0.602500
v 3.165000 -5.202500 -0.637500
v 3.177803 -5.234953 -0.602500
v 3.177803 -5.234953 -0.637500
v 3.113132 -5.261741 -0.602500
v 3.113132 -5.261741 -0.637500
v 3.164409 -5.202617 -0.602500
v 3.164409 -5.202617 -0.637500
v 3.099738 -5.229405 -0.602500
v 3.099738 -5.229405 -0.637500
v 3.123986 -5.254488 -0.602500
v 3.123986 -5.254488 -0.637500
v 3.074488 -5.303986 -0.602500
v 3.074488 -5.303986 -0.637500
v 3.099237 -5.229740 -0.602500
v 3.099237 -5.229740 -0.637500
v 3.049740 -5.279237 -0.602500
v 3.049740 -5.279237 -0.637500
v 3.081741 -5.293132 -0.602500
v 3.081741 -5.293132 -0.637500
v 3.054953 -5.357804 -0.602500
v 3.054953 -5.357804 -0.637500
v 3.049405 -5.279738 -0.602500
v 3.049405 -5.279738 -0.637500
v 3.022618 -5.344410 -0.602500
v 3.022618 -5.344410 -0.637500
v 3.057500 -5.345000 -0.602500
v 3.057500 -5.345000 -0.637500
v 3.057500 -5.415000 -0.602500
v 3.057500 -5.415000 -0.637500
v 3.022500 -5.345000 -0.602500
v 3.022500 -5.345000 -0.637500
v 3.022500 -5.415000 -0.602500
v 3.022500 -5.415000 -0.637500
v 3.054953 -5.402196 -0.602500
v 3.054953 -5.402196 -0.637500
v 3.081741 -5.466868 -0.602500
v 3.081741 -5.466868 -0.637500
v 3.022618 -5.415590 -0.602500
v 3.022618 -5.415590 -0.637500
v 3.049405 -5.480262 -0.602500
v 3.049405 -5.480262 -0.637500
v 3.074488 -5.456014 -0.602500
v 3.074488 -5.456014 -0.637500
v 3.123986 -5.505511 -0.602500
v 3.123986 -5.505511 -0.637500
v 3.049740 -5.480762 -0.602500
v 3.049740 -5.480762 -0.637500
v 3.099237 -5.530260 -0.602500
v 3.099237 -5.530260 -0.637500
v 3.113132 -5.498259 -0.602500
v 3.113132 -5.498259 -0.637500
v 3.177803 -5.525047 -0.602500
v 3.177803 -5.525047 -0.637500
v 3.099738 -5.530594 -0.602500
v 3.099738 -5.530594 -0.637500
v 3.164409 -5.557383 -0.602500
v 3.164409 -5.557383 -0.637500
v 3.165000 -5.522500 -0.602500
v 3.165000 -5.522500 -0.637500
v 3.235000 -5.522500 -0.602500
v 3.235000 -5.522500 -0.637500
v 3.165000 -5.557500 -0.602500
v 3.165000 -5.557500 -0.637500
v 3.235000 -5.557500 -0.602500
v 3.235000 -5.557500 -0.637500
v 3.222197 -5.525047 -0.602500
v 3.222197 -5.525047 -0.637500
v 3.286868 -5.498259 -0.602500
v 3.286868 -5.498259 -0.637500
v 3.235590 -5.557383 -0.602500
v 3.235590 -5.557383 -0.637500
v 3.300262 -5.530594 -0.602500
v 3.300262 -5.530594 -0.637500
v 3.276014 -5.505511 -0.602500
v 3.276014 -5.505511 -0.637500
v 3.325511 -5.456014 -0.602500
v 3.325511 -5.456014 -0.637500
v 3.300763 -5.530260 -0.602500
v 3.300763 -5.530260 -0.637500
v 3.350260 -5.480762 -0.602500
v 3.350260 -5.480762 -0.637500
v 3.318259 -5.466868 -0.602500
v 3.318259 -5.466868 -0.637500
v 3.345047 -5.402196 -0.602500
v 3.345047 -5.402196 -0.637500
v 3.350595 -5.480262 -0.602500
v 3.350595 -5.480262 -0.637500
v 3.377383 -5.415591 -0.602500
v 3.377383 -5.415591 -0.637500
vn -1.0000 -0.0000 -0.0000
vn -0.0000 1.0000 -0.0000
vn 1.0000 -0.0000 -0.0000
vn -0.0000 -1.0000 -0.0000
vn -0.0000 -0.0000 1.0000
vn -0.0000 -0.0000 -1.0000
vn 0.3827 -0.9239 -0.0000
vn 0.7071 -0.7071 -0.0000
vn 0.1306 0.9914 -0.0000
vn -0.3827 0.9239 -0.0000
vn -0.7071 0.7071 -0.0000
vn 0.3826 0.9239 -0.0000
vn 0.9239 0.3827 -0.0000
vn 0.9914 -0.1305 -0.0000
vn 0.6088 0.7933 -0.0000
vn -0.9239 -0.3827 -0.0000
vn 0.7934 0.6087 -0.0000
vn -0.3827 -0.9239 -0.0000
vn 0.7071 0.7071 -0.0000
vn 0.9914 0.1305 -0.0000
vn 0.9915 0.1305 -0.0000
vn 0.9914 -0.1306 -0.0000
vn -0.1305 -0.9914 -0.0000
vn 0.9238 -0.3828 -0.0000
vn 0.7933 -0.6088 -0.0000
vn 0.6088 -0.7934 -0.0000
vn 0.1305 -0.9914 -0.0000
vn 0.3826 -0.9239 -0.0000
vn 0.7934 0.6088 -0.0000
vn 0.1306 -0.9914 -0.0000
vn -0.9239 0.3827 -0.0000
vn -0.1306 -0.9914 -0.0000
vn 0.9239 -0.3827 -0.0000
vn -0.3826 -0.9239 -0.0000
vn -0.7071 -0.7071 -0.0000
vn -0.6088 -0.7933 -0.0000
vn 0.3827 0.9239 -0.0000
vn -0.7934 -0.6087 -0.0000
vn -0.9915 -0.1305 -0.0000
vn -0.9914 0.1306 -0.0000
vn 0.7934 -0.6088 -0.0000
vn -0.9238 0.3828 -0.0000
vn 0.1305 0.9914 -0.0000
vn -0.7934 0.6087 -0.0000
vn -0.6088 0.7934 -0.0000
vn -0.3826 0.9239 -0.0000
vn -0.6088 -0.7934 -0.0000
vn -0.1306 0.9914 -0.0000
vn -0.7934 -0.6088 -0.0000
vn -0.9914 -0.1305 -0.0000
vn -0.9914 0.1305 -0.0000
vn -0.7934 0.6088 -0.0000
vn -0.1305 0.9914 -0.0000
vn 0.6088 0.7934 -0.0000
vn 0.7933 0.6088 -0.0000
vn 0.9238 0.3828 -0.0000
vn 0.9914 0.1306 -0.0000
vn 0.9915 -0.1305 -0.0000
vn 0.7934 -0.6087 -0.0000
vn 0.6088 -0.7933 -0.0000
vn -0.9238 -0.3828 -0.0000
vn -0.9914 -0.1306 -0.0000
vn -0.9915 0.1305 -0.0000
vn -0.6088 0.7933 -0.0000
vt -15.200000 -12.100000
vt -15.360000 4.100000
vt -15.360000 -12.100000
vt -18.799999 -12.100000
vt -18.959999 4.100000
vt -18.959999 -12.100000
vt -15.200000 4.100000
vt -18.799999 4.100000
vt -18.959999 -15.360000
vt -18.799999 -15.200000
vt -18.959999 -15.200000
vt -18.799999 -15.360000
vt -17.040001 -12.100000
vt -17.200001 4.100000
vt -17.200001 -12.100000
vt -17.040001 4.100000
vt -17.200001 -15.360000
vt -17.040001 -15.200000
vt -17.200001 -15.200000
vt -17.040001 -15.360000
vt -15.219999 -11.250000
vt -15.340000 -11.150000
vt -15.340000 -11.250000
vt -17.040001 -11.250000
vt -18.959999 -11.150000
vt -18.959999 -11.250000
vt -15.219999 -11.150000
vt -17.040001 -11.150000
vt -18.959999 -15.340000
vt -17.040001 -15.219999
vt -18.959999 -15.219999
vt -17.040001 -15.340000
vt -15.219999 -9.970000
vt -15.340000 -9.870000
vt -15.340000 -9.970000
vt -17.040001 -9.970000
vt -18.959999 -9.870000
vt -18.959999 -9.970000
vt -15.219999 -9.870000
vt -17.040001 -9.870000
vt -15.219999 -8.690001
vt -15.340000 -8.590000
vt -15.340000 -8.690001
vt -17.040001 -8.690001
vt -18.959999 -8.590000
vt -18.959999 -8.690001
vt -15.219999 -8.590000
vt -17.040001 -8.590000
vt -15.219999 -7.410000
vt -15.340000 -7.310000
vt -15.340000 -7.410000
vt -17.040001 -7.410000
vt -18.959999 -7.310000
vt -18.959999 -7.410000
vt -15.219999 -7.310000
vt -17.040001 -7.310000
vt -15.219999 -6.130000
vt -15.340000 -6.030000
vt -15.340000 -6.130000
vt -17.040001 -6.130000
vt -18.959999 -6.030000
vt -18.959999 -6.130000
vt -15.219999 -6.030000
vt -17.040001 -6.030000
vt -15.219999 -4.850000
vt -15.340000 -4.750000
vt -15.340000 -4.850000
vt -17.040001 -4.850000
vt -18.959999 -4.750000
vt -18.959999 -4.850000
vt -15.219999 -4.750000
vt -17.040001 -4.750000
vt -15.219999 -3.570000
vt -15.340000 -3.470000
vt -15.340000 -3.570000
vt -17.040001 -3.570000
vt -18.959999 -3.470000
vt -18.959999 -3.570000
vt -15.219999 -3.470000
vt -17.040001 -3.470000
vt -15.219999 -2.290000
vt -15.340000 -2.190000
vt -15.340000 -2.290000
vt -17.040001 -2.290000
vt -18.959999 -2.190000
vt -18.959999 -2.290000
vt -15.219999 -2.190000
vt -17.040001 -2.190000
vt -15.219999 -1.010000
vt -15.340000 -0.910000
vt -15.340000 -1.010000
vt -17.040001 -1.010000
vt -18.959999 -0.910000
vt -18.959999 -1.010000
vt -15.219999 -0.910000
vt -17.040001 -0.910000
vt -15.219999 0.270000
vt -15.340000 0.370000
vt -15.340000 0.270000
vt -17.040001 0.270000
vt -18.959999 0.370000
vt -18.959999 0.270000
vt -15.219999 0.370000
vt -17.040001 0.370000
vt -15.219999 1.550000
vt -15.340000 1.650000
vt -15.340000 1.550000
vt -17.040001 1.550000
vt -18.959999 1.650000
vt -18.959999 1.550000
vt -15.219999 1.650000
vt -17.040001 1.650000
vt -15.219999 2.830000
vt -15.340000 2.930000
vt -15.340000 2.830000
vt -17.040001 2.830000
vt -18.959999 2.930000
vt -18.959999 2.830000
vt -15.219999 2.930000
vt -17.040001 2.930000
vt -15.099999 3.740000
vt -19.699999 3.860000
vt -19.699999 3.740000
vt -18.820000 3.740000
vt -18.939999 3.860000
vt -18.939999 3.740000
vt -15.099999 3.860000
vt -18.820000 3.860000
vt -18.939999 -19.699999
vt -18.820000 -15.099999
vt -18.939999 -15.099999
vt -18.820000 -19.699999
vt -17.060001 3.740000
vt -17.180000 3.860000
vt -17.180000 3.740000
vt -17.060001 3.860000
vt -17.180000 -19.699999
vt -17.060001 -15.099999
vt -17.180000 -15.099999
vt -17.060001 -19.699999
vt -18.910000 0.080000
vt -19.090000 3.920000
vt -19.090000 0.080000
vt -18.789999 0.080000
vt -18.969999 3.920000
vt -18.969999 0.080000
vt -18.910000 3.920000
vt -18.789999 3.920000
vt -18.969999 -19.090000
vt -18.789999 -18.910000
vt -18.969999 -18.910000
vt -18.789999 -19.090000
vt -17.030001 0.080000
vt -17.210001 3.920000
vt -17.210001 0.080000
vt -17.030001 3.920000
vt -17.210001 -19.090000
vt -17.030001 -18.910000
vt -17.210001 -18.910000
vt -17.030001 -19.090000
vt -16.709999 0.080000
vt -16.889999 4.280000
vt -16.889999 0.080000
vt 26.290001 0.080000
vt 26.110001 4.280000
vt 26.110001 0.080000
vt -16.709999 4.280000
vt 26.290001 4.280000
vt 26.110001 -16.889999
vt 26.290001 -16.709999
vt 26.110001 -16.709999
vt 26.290001 -16.889999
vt -7.110000 0.080000
vt -7.290000 4.280000
vt -7.290000 0.080000
vt -7.110000 4.280000
vt 26.110001 -7.290000
vt 26.290001 -7.110000
vt 26.110001 -7.110000
vt 26.290001 -7.290000
vt 2.490000 0.080000
vt 2.310000 4.280000
vt 2.310000 0.080000
vt 2.490000 4.280000
vt 26.110001 2.310000
vt 26.290001 2.490000
vt 26.110001 2.490000
vt 26.290001 2.310000
vt 12.090000 0.080000
vt 11.910000 4.280000
vt 11.910000 0.080000
vt 12.090000 4.280000
vt 26.110001 11.910000
vt 26.290001 12.090000
vt 26.110001 12.090000
vt 26.290001 11.910000
vt 21.690001 0.080000
vt 21.510000 4.280000
vt 21.510000 0.080000
vt 21.690001 4.280000
vt 26.110001 21.510000
vt 26.290001 21.690001
vt 26.110001 21.690001
vt 26.290001 21.510000
vt 31.290001 0.080000
vt 31.110001 4.280000
vt 31.110001 0.080000
vt 31.290001 4.280000
vt 26.110001 31.110001
vt 26.290001 31.290001
vt 26.110001 31.290001
vt 26.290001 31.110001
vt 40.889999 0.080000
vt 40.709999 4.280000
vt 40.709999 0.080000
vt 40.889999 4.280000
vt 26.110001 40.709999
vt 26.290001 40.889999
vt 26.110001 40.889999
vt 26.290001 40.709999
vt 50.490002 0.080000
vt 50.310001 4.280000
vt 50.310001 0.080000
vt 50.490002 4.280000
vt 26.110001 50.310001
vt 26.290001 50.490002
vt 26.110001 50.490002
vt 26.290001 50.310001
vt 60.090000 0.080000
vt 59.910000 4.280000
vt 59.910000 0.080000
vt 60.090000 4.280000
vt 26.110001 59.910000
vt 26.290001 60.090000
vt 26.110001 60.090000
vt 26.290001 59.910000
vt 69.689995 0.080000
vt 69.510002 4.280000
vt 69.510002 0.080000
vt 69.689995 4.280000
vt 26.110001 69.510002
vt 26.290001 69.689995
vt 26.110001 69.689995
vt 26.290001 69.510002
vt 79.289993 0.080000
vt 79.110001 4.280000
vt 79.110001 0.080000
vt 79.289993 4.280000
vt 26.110001 79.110001
vt 26.290001 79.289993
vt 26.110001 79.289993
vt 26.290001 79.110001
vt 88.889999 0.080000
vt 88.710007 4.280000
vt 88.710007 0.080000
vt 88.889999 4.280000
vt 26.110001 88.710007
vt 26.290001 88.889999
vt 26.110001 88.889999
vt 26.290001 88.710007
vt -26.110001 0.080000
vt -26.290001 4.280000
vt -26.290001 0.080000
vt -26.110001 4.280000
vt -26.290001 -16.889999
vt -26.110001 -16.709999
vt -26.290001 -16.709999
vt -26.110001 -16.889999
vt -26.290001 -7.290000
vt -26.110001 -7.110000
vt -26.290001 -7.110000
vt -26.110001 -7.290000
vt -26.290001 2.310000
vt -26.110001 2.490000
vt -26.290001 2.490000
vt -26.110001 2.310000
vt -26.290001 11.910000
vt -26.110001 12.090000
vt -26.290001 12.090000
vt -26.110001 11.910000
vt -26.290001 21.510000
vt -26.110001 21.690001
vt -26.290001 21.690001
vt -26.110001 21.510000
vt -26.290001 31.110001
vt -26.110001 31.290001
vt -26.290001 31.290001
vt -26.110001 31.110001
vt -26.290001 40.709999
vt -26.110001 40.889999
vt -26.290001 40.889999
vt -26.110001 40.709999
vt -26.290001 50.310001
vt -26.110001 50.490002
vt -26.290001 50.490002
vt -26.110001 50.310001
vt -26.290001 59.910000
vt -26.110001 60.090000
vt -26.290001 60.090000
vt -26.110001 59.910000
vt -26.290001 69.510002
vt -26.110001 69.689995
vt -26.290001 69.689995
vt -26.110001 69.510002
vt -26.290001 79.110001
vt -26.110001 79.289993
vt -26.290001 79.289993
vt -26.110001 79.110001
vt -26.290001 88.710007
vt -26.110001 88.889999
vt -26.290001 88.889999
vt -26.110001 88.710007
vt 98.289993 0.080000
vt 98.110001 4.280000
vt 98.110001 0.080000
vt -24.709999 0.080000
vt -24.889999 4.280000
vt -24.889999 0.080000
vt 98.289993 4.280000
vt -24.709999 4.280000
vt -24.889999 98.110001
vt -24.709999 98.289993
vt -24.889999 98.289993
vt -24.709999 98.110001
vt -15.110000 0.080000
vt -15.290000 4.280000
vt -15.290000 0.080000
vt -15.110000 4.280000
vt -15.290000 98.110001
vt -15.110000 98.289993
vt -15.290000 98.289993
vt -15.110000 98.110001
vt -5.510000 0.080000
vt -5.690000 4.280000
vt -5.690000 0.080000
vt -5.510000 4.280000
vt -5.690000 98.110001
vt -5.510000 98.289993
vt -5.690000 98.289993
vt -5.510000 98.110001
vt 4.090000 0.080000
vt 3.910000 4.280000
vt 3.910000 0.080000
vt 4.090000 4.280000
vt 3.910000 98.110001
vt 4.090000 98.289993
vt 3.910000 98.289993
vt 4.090000 98.110001
vt 13.690001 0.080000
vt 13.510000 4.280000
vt 13.510000 0.080000
vt 13.690001 4.280000
vt 13.510000 98.110001
vt 13.690001 98.289993
vt 13.510000 98.289993
vt 13.690001 98.110001
vt 23.290001 0.080000
vt 23.110001 4.280000
vt 23.110001 0.080000
vt 23.290001 4.280000
vt 23.110001 98.110001
vt 23.290001 98.289993
vt 23.110001 98.289993
vt 23.290001 98.110001
vt -18.110001 0.080000
vt -18.290001 4.280000
vt -18.290001 0.080000
vt -18.110001 4.280000
vt -24.889999 -18.290001
vt -24.709999 -18.110001
vt -24.889999 -18.110001
vt -24.709999 -18.290001
vt -15.290000 -18.290001
vt -15.110000 -18.110001
vt -15.290000 -18.110001
vt -15.110000 -18.290001
vt -5.690000 -18.290001
vt -5.510000 -18.110001
vt -5.690000 -18.110001
vt -5.510000 -18.290001
vt 3.910000 -18.290001
vt 4.090000 -18.110001
vt 3.910000 -18.110001
vt 4.090000 -18.290001
vt 13.510000 -18.290001
vt 13.690001 -18.110001
vt 13.510000 -18.110001
vt 13.690001 -18.290001
vt 23.110001 -18.290001
vt 23.290001 -18.110001
vt 23.110001 -18.110001
vt 23.290001 -18.290001
vt 97.199997 3.820000
vt -17.200001 3.940000
vt -17.200001 3.820000
vt 26.260000 3.820000
vt 26.140001 3.940000
vt 26.140001 3.820000
vt 97.199997 3.940000
vt 26.260000 3.940000
vt 26.140001 -17.200001
vt 26.260000 97.199997
vt 26.140001 97.199997
vt 26.260000 -17.200001
vt 97.199997 2.020000
vt -17.200001 2.140000
vt -17.200001 2.020000
vt 26.260000 2.020000
vt 26.140001 2.140000
vt 26.140001 2.020000
vt 97.199997 2.140000
vt 26.260000 2.140000
vt -26.140001 3.820000
vt -26.260000 3.940000
vt -26.260000 3.820000
vt -26.140001 3.940000
vt -26.260000 -17.200001
vt -26.140001 97.199997
vt -26.260000 97.199997
vt -26.140001 -17.200001
vt -26.140001 2.020000
vt -26.260000 2.140000
vt -26.260000 2.020000
vt -26.140001 2.140000
vt 98.259995 3.820000
vt 98.139999 3.940000
vt 98.139999 3.820000
vt 25.200001 3.820000
vt -25.200001 3.940000
vt -25.200001 3.820000
vt 98.259995 3.940000
vt 25.200001 3.940000
vt -25.200001 98.139999
vt 25.200001 98.259995
vt -25.200001 98.259995
vt 25.200001 98.139999
vt 98.259995 2.020000
vt 98.139999 2.140000
vt 98.139999 2.020000
vt 25.200001 2.020000
vt -25.200001 2.140000
vt -25.200001 2.020000
vt 98.259995 2.140000
vt 25.200001 2.140000
vt -18.140001 3.820000
vt -18.260000 3.940000
vt -18.260000 3.820000
vt -20.799999 3.820000
vt -24.799999 3.940000
vt -24.799999 3.820000
vt -18.140001 3.940000
vt -20.799999 3.940000
vt -24.799999 -18.260000
vt -20.799999 -18.140001
vt -24.799999 -18.140001
vt -20.799999 -18.260000
vt -18.140001 2.020000
vt -18.260000 2.140000
vt -18.260000 2.020000
vt -20.799999 2.020000
vt -24.799999 2.140000
vt -24.799999 2.020000
vt -18.140001 2.140000
vt -20.799999 2.140000
vt 24.799999 3.820000
vt -15.200000 3.940000
vt -15.200000 3.820000
vt 24.799999 3.940000
vt -15.200000 -18.260000
vt 24.799999 -18.140001
vt -15.200000 -18.140001
vt 24.799999 -18.260000
vt 24.799999 2.020000
vt -15.200000 2.140000
vt -15.200000 2.020000
vt 24.799999 2.140000
vt 13.040000 -7.010000
vt 10.960000 -6.910000
vt 10.960000 -7.010000
vt 23.952002 -7.010000
vt 23.872000 -6.910000
vt 23.872000 -7.010000
vt 13.040000 -6.910000
vt 23.952002 -6.910000
vt 23.872000 10.960000
vt 23.952002 13.040000
vt 23.872000 13.040000
vt 23.952002 10.960000
vt 13.040000 -6.690000
vt 10.960000 -6.590000
vt 10.960000 -6.690000
vt 23.952002 -6.690000
vt 23.872000 -6.590000
vt 23.872000 -6.690000
vt 13.040000 -6.590000
vt 23.952002 -6.590000
vt 13.040000 -6.370000
vt 10.960000 -6.270000
vt 10.960000 -6.370000
vt 23.952002 -6.370000
vt 23.872000 -6.270000
vt 23.872000 -6.370000
vt 13.040000 -6.270000
vt 23.952002 -6.270000
vt 13.040000 -6.050000
vt 10.960000 -5.950000
vt 10.960000 -6.050000
vt 23.952002 -6.050000
vt 23.872000 -5.950000
vt 23.872000 -6.050000
vt 13.040000 -5.950000
vt 23.952002 -5.950000
vt -23.872000 -7.010000
vt -23.952002 -6.910000
vt -23.952002 -7.010000
vt -23.872000 -6.910000
vt -23.952002 10.960000
vt -23.872000 13.040000
vt -23.952002 13.040000
vt -23.872000 10.960000
vt -23.872000 -6.690000
vt -23.952002 -6.590000
vt -23.952002 -6.690000
vt -23.872000 -6.590000
vt -23.872000 -6.370000
vt -23.952002 -6.270000
vt -23.952002 -6.370000
vt -23.872000 -6.270000
vt -23.872000 -6.050000
vt -23.952002 -5.950000
vt -23.952002 -6.050000
vt -23.872000 -5.950000
vt 69.040001 -7.010000
vt 66.959999 -6.910000
vt 66.959999 -7.010000
vt 69.040001 -6.910000
vt 23.872000 66.959999
vt 23.952002 69.040001
vt 23.872000 69.040001
vt 23.952002 66.959999
vt 69.040001 -6.690000
vt 66.959999 -6.590000
vt 66.959999 -6.690000
vt 69.040001 -6.590000
vt 69.040001 -6.370000
vt 66.959999 -6.270000
vt 66.959999 -6.370000
vt 69.040001 -6.270000
vt 69.040001 -6.050000
vt 66.959999 -5.950000
vt 66.959999 -6.050000
vt 69.040001 -5.950000
vt -23.952002 66.959999
vt -23.872000 69.040001
vt -23.952002 69.040001
vt -23.872000 66.959999
vt 19.260000 -11.960000
vt 19.140001 -11.912000
vt 19.140001 -11.960000
vt 1.040000 -11.960000
vt -1.040000 -11.912000
vt -1.040000 -11.960000
vt 19.260000 -11.912000
vt 1.040000 -11.912000
vt -1.040000 19.140001
vt 1.040000 19.260000
vt -1.040000 19.260000
vt 1.040000 19.140001
vt 19.660000 -11.960000
vt 19.540001 -11.912000
vt 19.540001 -11.960000
vt 19.660000 -11.912000
vt -1.040000 19.540001
vt 1.040000 19.660000
vt -1.040000 19.660000
vt 1.040000 19.540001
vt 20.059999 -11.960000
vt 19.940001 -11.912000
vt 19.940001 -11.960000
vt 20.059999 -11.912000
vt -1.040000 19.940001
vt 1.040000 20.059999
vt -1.040000 20.059999
vt 1.040000 19.940001
vt 20.459999 -11.960000
vt 20.340000 -11.912000
vt 20.340000 -11.960000
vt 20.459999 -11.912000
vt -1.040000 20.340000
vt 1.040000 20.459999
vt -1.040000 20.459999
vt 1.040000 20.340000
vt 20.859999 -11.960000
vt 20.740000 -11.912000
vt 20.740000 -11.960000
vt 20.859999 -11.912000
vt -1.040000 20.740000
vt 1.040000 20.859999
vt -1.040000 20.859999
vt 1.040000 20.740000
vt 71.259995 -11.960000
vt 71.139999 -11.912000
vt 71.139999 -11.960000
vt 71.259995 -11.912000
vt -1.040000 71.139999
vt 1.040000 71.259995
vt -1.040000 71.259995
vt 1.040000 71.139999
vt 71.659996 -11.960000
vt 71.540001 -11.912000
vt 71.540001 -11.960000
vt 71.659996 -11.912000
vt -1.040000 71.540001
vt 1.040000 71.659996
vt -1.040000 71.659996
vt 1.040000 71.540001
vt 72.059998 -11.960000
vt 71.940002 -11.912000
vt 71.940002 -11.960000
vt 72.059998 -11.912000
vt -1.040000 71.940002
vt 1.040000 72.059998
vt -1.040000 72.059998
vt 1.040000 71.940002
vt 72.459999 -11.960000
vt 72.340004 -11.912000
vt 72.340004 -11.960000
vt 72.459999 -11.912000
vt -1.040000 72.340004
vt 1.040000 72.459999
vt -1.040000 72.459999
vt 1.040000 72.340004
vt 72.860001 -11.960000
vt 72.740005 -11.912000
vt 72.740005 -11.960000
vt 72.860001 -11.912000
vt -1.040000 72.740005
vt 1.040000 72.860001
vt -1.040000 72.860001
vt 1.040000 72.740005
vt 0.480000 -4.450000
vt -0.480000 -4.350000
vt -0.480000 -4.450000
vt 24.040001 -4.450000
vt 23.959999 -4.350000
vt 23.959999 -4.450000
vt 0.480000 -4.350000
vt 24.040001 -4.350000
vt 23.959999 -0.480000
vt 24.040001 0.480000
vt 23.959999 0.480000
vt 24.040001 -0.480000
vt 0.480000 -5.250000
vt -0.480000 -5.150000
vt -0.480000 -5.250000
vt 24.040001 -5.250000
vt 23.959999 -5.150000
vt 23.959999 -5.250000
vt 0.480000 -5.150000
vt 24.040001 -5.150000
vt -0.370000 -5.160000
vt -0.470000 -4.440000
vt -0.470000 -5.160000
vt 24.040001 -5.160000
vt 23.959999 -4.440000
vt 23.959999 -5.160000
vt -0.370000 -4.440000
vt 24.040001 -4.440000
vt 23.959999 -0.470000
vt 24.040001 -0.370000
vt 23.959999 -0.370000
vt 24.040001 -0.470000
vt 0.470000 -5.160000
vt 0.370000 -4.440000
vt 0.370000 -5.160000
vt 0.470000 -4.440000
vt 23.959999 0.370000
vt 24.040001 0.470000
vt 23.959999 0.470000
vt 24.040001 0.370000
vt -23.959999 -4.450000
vt -24.040001 -4.350000
vt -24.040001 -4.450000
vt -23.959999 -4.350000
vt -24.040001 -0.480000
vt -23.959999 0.480000
vt -24.040001 0.480000
vt -23.959999 -0.480000
vt -23.959999 -5.250000
vt -24.040001 -5.150000
vt -24.040001 -5.250000
vt -23.959999 -5.150000
vt -23.959999 -5.160000
vt -24.040001 -4.440000
vt -24.040001 -5.160000
vt -23.959999 -4.440000
vt -24.040001 -0.470000
vt -23.959999 -0.370000
vt -24.040001 -0.370000
vt -23.959999 -0.470000
vt -24.040001 0.370000
vt -23.959999 0.470000
vt -24.040001 0.470000
vt -23.959999 0.370000
vt 28.480000 -4.450000
vt 27.520000 -4.350000
vt 27.520000 -4.450000
vt 28.480000 -4.350000
vt 23.959999 27.520000
vt 24.040001 28.480000
vt 23.959999 28.480000
vt 24.040001 27.520000
vt 28.480000 -5.250000
vt 27.520000 -5.150000
vt 27.520000 -5.250000
vt 28.480000 -5.150000
vt 27.629999 -5.160000
vt 27.530001 -4.440000
vt 27.530001 -5.160000
vt 27.629999 -4.440000
vt 23.959999 27.530001
vt 24.040001 27.629999
vt 23.959999 27.629999
vt 24.040001 27.530001
vt 28.469999 -5.160000
vt 28.370001 -4.440000
vt 28.370001 -5.160000
vt 28.469999 -4.440000
vt 23.959999 28.370001
vt 24.040001 28.469999
vt 23.959999 28.469999
vt 24.040001 28.370001
vt -24.040001 27.520000
vt -23.959999 28.480000
vt -24.040001 28.480000
vt -23.959999 27.520000
vt -24.040001 27.530001
vt -23.959999 27.629999
vt -24.040001 27.629999
vt -23.959999 27.530001
vt -24.040001 28.370001
vt -23.959999 28.469999
vt -24.040001 28.469999
vt -23.959999 28.370001
vt 56.480000 -4.450000
vt 55.520000 -4.350000
vt 55.520000 -4.450000
vt 56.480000 -4.350000
vt 23.959999 55.520000
vt 24.040001 56.480000
vt 23.959999 56.480000
vt 24.040001 55.520000
vt 56.480000 -5.250000
vt 55.520000 -5.150000
vt 55.520000 -5.250000
vt 56.480000 -5.150000
vt 55.630001 -5.160000
vt 55.530003 -4.440000
vt 55.530003 -5.160000
vt 55.630001 -4.440000
vt 23.959999 55.530003
vt 24.040001 55.630001
vt 23.959999 55.630001
vt 24.040001 55.530003
vt 56.469997 -5.160000
vt 56.369999 -4.440000
vt 56.369999 -5.160000
vt 56.469997 -4.440000
vt 23.959999 56.369999
vt 24.040001 56.469997
vt 23.959999 56.469997
vt 24.040001 56.369999
vt -24.040001 55.520000
vt -23.959999 56.480000
vt -24.040001 56.480000
vt -23.959999 55.520000
vt -24.040001 55.530003
vt -23.959999 55.630001
vt -24.040001 55.630001
vt -23.959999 55.530003
vt -24.040001 56.369999
vt -23.959999 56.469997
vt -24.040001 56.469997
vt -23.959999 56.369999
vt 84.480003 -4.450000
vt 83.519997 -4.350000
vt 83.519997 -4.450000
vt 84.480003 -4.350000
vt 23.959999 83.519997
vt 24.040001 84.480003
vt 23.959999 84.480003
vt 24.040001 83.519997
vt 84.480003 -5.250000
vt 83.519997 -5.150000
vt 83.519997 -5.250000
vt 84.480003 -5.150000
vt 83.630005 -5.160000
vt 83.529999 -4.440000
vt 83.529999 -5.160000
vt 83.630005 -4.440000
vt 23.959999 83.529999
vt 24.040001 83.630005
vt 23.959999 83.630005
vt 24.040001 83.529999
vt 84.470001 -5.160000
vt 84.369995 -4.440000
vt 84.369995 -5.160000
vt 84.470001 -4.440000
vt 23.959999 84.369995
vt 24.040001 84.470001
vt 23.959999 84.470001
vt 24.040001 84.369995
vt -24.040001 83.519997
vt -23.959999 84.480003
vt -24.040001 84.480003
vt -23.959999 83.519997
vt -24.040001 83.529999
vt -23.959999 83.630005
vt -24.040001 83.630005
vt -23.959999 83.529999
vt -24.040001 84.369995
vt -23.959999 84.470001
vt -24.040001 84.470001
vt -23.959999 84.369995
vt 12.452527 2.410000
vt 12.711213 2.550000
vt 12.711213 2.410000
vt -21.215944 2.410000
vt -21.116949 2.550000
vt -21.116949 2.410000
vt 12.825882 0.080000
vt 12.800000 2.160000
vt 12.800000 0.080000
vt 13.402379 2.410000
vt 13.273036 2.550000
vt 13.273036 2.410000
vt -20.918959 2.410000
vt 12.850000 0.080000
vt 12.825882 2.160000
vt -21.377640 2.410000
vt -21.118952 2.550000
vt -21.118952 2.410000
vt -21.685644 2.320000
vt -21.520000 2.640000
vt -21.520000 2.320000
vt 12.870711 0.080000
vt 12.850000 2.160000
vt -20.917622 2.410000
vt -21.046965 2.550000
vt -21.046965 2.410000
vt 13.302046 -21.215944
vt 13.203051 -20.918959
vt 13.104055 -21.017954
vt -21.470001 0.080000
vt -21.449289 2.160000
vt -21.449289 0.080000
vt 12.480000 2.320000
vt 12.634356 2.640000
vt 12.634356 2.320000
vt -21.017954 2.410000
vt -20.918959 2.550000
vt -21.494118 0.080000
vt -21.470001 2.160000
vt 13.380187 2.410000
vt 13.509530 2.550000
vt 13.509530 2.410000
vt -21.354357 2.640000
vt -21.354357 2.320000
vt -21.520000 0.080000
vt -21.494118 2.160000
vt 12.657638 2.410000
vt 12.398952 2.550000
vt 12.398952 2.410000
vt 13.401041 -21.116949
vt -21.545883 0.080000
vt -21.520000 2.160000
vt 12.800000 2.640000
vt 12.800000 2.320000
vt 12.495944 -21.017954
vt 12.198958 -21.116949
vt 12.297954 -21.215944
vt -21.570000 0.080000
vt -21.545883 2.160000
vt 13.273036 -21.172527
vt 13.509530 -21.377640
vt 13.402379 -21.118952
vt -21.200001 2.640000
vt -21.200001 2.320000
vt -21.590712 0.080000
vt -21.570000 2.160000
vt -20.939812 2.410000
vt -20.810469 2.550000
vt -20.810469 2.410000
vt 12.888786 2.410000
vt 13.147472 2.550000
vt 13.147472 2.410000
vt 12.870711 2.160000
vt 12.965645 2.640000
vt 12.965645 2.320000
vt 12.396949 -20.918959
vt -21.067451 2.640000
vt -21.067451 2.320000
vt 12.711213 -20.939812
vt 12.398952 -20.917622
vt 12.452527 -21.046965
vt -20.939812 2.550000
vt 12.774118 0.080000
vt 13.120000 2.640000
vt 13.120000 2.320000
vt -21.431215 2.410000
vt -21.172527 2.550000
vt -21.172527 2.410000
vt 12.750000 0.080000
vt 12.774118 2.160000
vt -21.215944 2.550000
vt 13.252548 2.320000
vt 12.729289 0.080000
vt 12.750000 2.160000
vt 13.201048 2.410000
vt 12.942362 2.550000
vt 12.942362 2.410000
vt -21.590712 2.160000
vt 13.252548 2.640000
vt 12.090470 2.410000
vt 12.219813 2.550000
vt 12.219813 2.410000
vt -21.017954 2.550000
vt -20.917622 2.550000
vt -21.972549 2.320000
vt -21.840000 2.640000
vt -21.840000 2.320000
vt 12.326964 -21.172527
vt 12.090470 -21.377640
vt 12.219813 -21.431215
vt 12.888786 -20.939812
vt 13.201048 -20.917622
vt 12.942362 -20.810469
vt 12.729289 2.160000
vt 12.886602 -21.570000
vt 12.713398 -21.570000
vt 12.800000 -21.420000
vt 12.326964 2.410000
vt 12.197621 2.550000
vt 12.197621 2.410000
vt 12.347452 2.320000
vt 12.480000 2.640000
vt -21.685644 2.640000
vt 12.703407 -21.545883
vt 12.870711 -21.590712
vt 12.825882 -21.423409
vt -21.972549 2.640000
vt 12.940001 -20.809999
vt 12.660000 -20.949999
vt 12.660000 -20.809999
vt -21.431215 2.550000
vt 12.940001 -20.949999
vt 13.509999 -21.660000
vt 13.370000 -21.380001
vt 13.509999 -21.380001
vt -20.949999 2.410000
vt -20.809999 2.550000
vt -20.809999 2.410000
vt 13.370000 -21.660000
vt 12.940001 2.410000
vt 12.660000 2.550000
vt 12.660000 2.410000
vt 13.370000 2.410000
vt 13.509999 2.550000
vt 13.509999 2.410000
vt -20.949999 2.550000
vt -21.660000 2.410000
vt -21.380001 2.550000
vt -21.380001 2.410000
vt 12.940001 2.550000
vt 13.370000 2.550000
vt 12.347452 2.640000
vt 12.347452 -21.972549
vt 12.634356 -20.901808
vt 13.418193 -21.685644
vt -21.660000 2.550000
vt -21.377640 2.550000
vt 13.354257 -21.840000
vt 12.800000 -20.880001
vt 12.245744 -21.840000
vt 12.090000 2.410000
vt 12.230000 2.550000
vt 12.230000 2.410000
vt 12.090000 2.550000
vt 12.230000 -21.380001
vt 12.090000 -21.660000
vt 12.230000 -21.660000
vt 12.090000 -21.380001
vt -21.867474 2.410000
vt -21.608786 2.550000
vt -21.608786 2.410000
vt 12.326964 2.550000
vt -21.662361 2.410000
vt -21.921049 2.550000
vt -21.921049 2.410000
vt 12.090470 2.550000
vt 12.326964 -21.867474
vt 12.090470 -21.662361
vt 12.197621 -21.921049
vt -22.022045 2.410000
vt -21.824055 2.550000
vt -21.824055 2.410000
vt -22.121040 2.410000
vt -22.022045 2.550000
vt -21.923050 2.410000
vt -22.121040 2.550000
vt -21.923050 2.550000
vt 12.297954 -21.824055
vt 12.396949 -22.121040
vt 12.495944 -22.022045
vt 12.198958 -21.923050
vt 12.452527 2.550000
vt -22.229530 2.410000
vt -22.100187 2.550000
vt -22.100187 2.410000
vt 12.657638 2.550000
vt -21.993034 2.410000
vt -22.122377 2.550000
vt -22.122377 2.410000
vt 12.711213 -22.100187
vt 12.398952 -22.122377
vt 12.657638 -22.229530
vt -22.230000 2.410000
vt -22.090000 2.550000
vt -22.090000 2.410000
vt -22.230000 2.550000
vt 12.660000 -22.090000
vt 12.940001 -22.230000
vt 12.940001 -22.090000
vt 12.660000 -22.230000
vt 12.888786 2.550000
vt -21.993034 2.550000
vt 13.201048 2.550000
vt -22.229530 2.550000
vt 12.888786 -22.100187
vt 13.201048 -22.122377
vt 13.147472 -21.993034
vt 13.104055 -22.022045
vt 13.401041 -21.923050
vt 13.302046 -21.824055
vt 13.203051 -22.121040
vt -21.867472 2.550000
vt -21.867472 2.410000
vt 13.380187 2.550000
vt -21.662363 2.550000
vt -21.662363 2.410000
vt 13.402379 2.550000
vt 13.273036 -21.867472
vt 13.509530 -21.662363
vt 13.380187 -21.608786
vt 13.380187 -21.431215
vt 12.657638 -20.810469
vt 12.197621 -21.118952
vt 13.147472 -21.046965
vt 12.850000 -21.433397
vt 12.870711 -21.449289
vt 12.886602 -21.470001
vt 12.896593 -21.494118
vt 12.900001 -21.520000
vt 12.896593 -21.545883
vt 12.850000 -21.606604
vt 12.825882 -21.616592
vt 12.800000 -21.620001
vt 12.774118 -21.616592
vt 12.750000 -21.606604
vt 12.729289 -21.590712
vt 12.700000 -21.520000
vt 12.703407 -21.494118
vt 12.713398 -21.470001
vt 12.729289 -21.449289
vt 12.750000 -21.433397
vt 12.774118 -21.423409
vt 13.252548 -21.972549
vt 13.120000 -22.074257
vt 12.965645 -22.138193
vt 12.800000 -22.160000
vt 12.634356 -22.138193
vt 12.480000 -22.074257
vt 12.181808 -21.685644
vt 12.160000 -21.520000
vt 12.181808 -21.354357
vt 12.245744 -21.200001
vt 12.347452 -21.067451
vt 12.480000 -20.965744
vt 12.965645 -20.901808
vt 13.120000 -20.965744
vt 13.252548 -21.067451
vt 13.354257 -21.200001
vt 13.418193 -21.354357
vt 13.440001 -21.520000
vt -21.867474 2.550000
vt -21.662361 2.550000
vt 12.219813 -21.608786
vt 12.452527 -21.993034
vt 12.942362 -22.229530
vt 13.402379 -21.921049
s 0
f 3/1/1 2/2/1 1/3/1
f 7/4/2 4/5/2 3/6/2
f 5/3/3 8/7/3 7/1/3
f 1/6/4 6/8/4 5/4/4
f 1/9/5 7/10/5 3/11/5
f 6/12/6 4/11/6 8/10/6
f 11/1/1 10/2/1 9/3/1
f 15/13/2 12/14/2 11/15/2
f 13/3/3 16/7/3 15/1/3
f 9/15/4 14/16/4 13/13/4
f 9/17/5 15/18/5 11/19/5
f 14/20/6 12/19/6 16/18/6
f 19/21/1 18/22/1 17/23/1
f 23/24/2 20/25/2 19/26/2
f 21/23/3 24/27/3 23/21/3
f 17/26/4 22/28/4 21/24/4
f 17/29/5 23/30/5 19/31/5
f 22/32/6 20/31/6 24/30/6
f 27/33/1 26/34/1 25/35/1
f 31/36/2 28/37/2 27/38/2
f 29/35/3 32/39/3 31/33/3
f 25/38/4 30/40/4 29/36/4
f 25/29/5 31/30/5 27/31/5
f 30/32/6 28/31/6 32/30/6
f 35/41/1 34/42/1 33/43/1
f 39/44/2 36/45/2 35/46/2
f 37/43/3 40/47/3 39/41/3
f 33/46/4 38/48/4 37/44/4
f 33/29/5 39/30/5 35/31/5
f 38/32/6 36/31/6 40/30/6
f 43/49/1 42/50/1 41/51/1
f 47/52/2 44/53/2 43/54/2
f 45/51/3 48/55/3 47/49/3
f 41/54/4 46/56/4 45/52/4
f 41/29/5 47/30/5 43/31/5
f 46/32/6 44/31/6 48/30/6
f 51/57/1 50/58/1 49/59/1
f 55/60/2 52/61/2 51/62/2
f 53/59/3 56/63/3 55/57/3
f 49/62/4 54/64/4 53/60/4
f 49/29/5 55/30/5 51/31/5
f 54/32/6 52/31/6 56/30/6
f 59/65/1 58/66/1 57/67/1
f 63/68/2 60/69/2 59/70/2
f 61/67/3 64/71/3 63/65/3
f 57/70/4 62/72/4 61/68/4
f 57/29/5 63/30/5 59/31/5
f 62/32/6 60/31/6 64/30/6
f 67/73/1 66/74/1 65/75/1
f 71/76/2 68/77/2 67/78/2
f 69/75/3 72/79/3 71/73/3
f 65/78/4 70/80/4 69/76/4
f 65/29/5 71/30/5 67/31/5
f 70/32/6 68/31/6 72/30/6
f 75/81/1 74/82/1 73/83/1
f 79/84/2 76/85/2 75/86/2
f 77/83/3 80/87/3 79/81/3
f 73/86/4 78/88/4 77/84/4
f 73/29/5 79/30/5 75/31/5
f 78/32/6 76/31/6 80/30/6
f 83/89/1 82/90/1 81/91/1
f 87/92/2 84/93/2 83/94/2
f 85/91/3 88/95/3 87/89/3
f 81/94/4 86/96/4 85/92/4
f 81/29/5 87/30/5 83/31/5
f 86/32/6 84/31/6 88/30/6
f 91/97/1 90/98/1 89/99/1
f 95/100/2 92/101/2 91/102/2
f 93/99/3 96/103/3 95/97/3
f 89/102/4 94/104/4 93/100/4
f 89/29/5 95/30/5 91/31/5
f 94/32/6 92/31/6 96/30/6
f 99/105/1 98/106/1 97/107/1
f 103/108/2 100/109/2 99/110/2
f 101/107/3 104/111/3 103/105/3
f 97/110/4 102/112/4 101/108/4
f 97/29/5 103/30/5 99/31/5
f 102/32/6 100/31/6 104/30/6
f 107/113/1 106/114/1 105/115/1
f 111/116/2 108/117/2 107/118/2
f 109/115/3 112/119/3 111/113/3
f 105/118/4 110/120/4 109/116/4
f 105/29/5 111/30/5 107/31/5
f 110/32/6 108/31/6 112/30/6
f 115/121/1 114/122/1 113/123/1
f 119/124/2 116/125/2 115/126/2
f 117/123/3 120/127/3 119/121/3
f 113/126/4 118/128/4 117/124/4
f 113/129/5 119/130/5 115/131/5
f 118/132/6 116/131/6 120/130/6
f 123/121/1 122/122/1 121/123/1
f 127/133/2 124/134/2 123/135/2
f 125/123/3 128/127/3 127/121/3
f 121/135/4 126/136/4 125/133/4
f 121/137/5 127/138/5 123/139/5
f 126/140/6 124/139/6 128/138/6
f 131/141/1 130/142/1 129/143/1
f 135/144/2 132/145/2 131/146/2
f 133/143/3 136/147/3 135/141/3
f 129/146/4 134/148/4 133/144/4
f 129/149/5 135/150/5 131/151/5
f 134/152/6 132/151/6 136/150/6
f 139/141/1 138/142/1 137/143/1
f 143/153/2 140/154/2 139/155/2
f 141/143/3 144/147/3 143/141/3
f 137/155/4 142/156/4 141/153/4
f 137/157/5 143/158/5 139/159/5
f 142/160/6 140/159/6 144/158/6
f 147/161/1 146/162/1 145/163/1
f 151/164/2 148/165/2 147/166/2
f 149/163/3 152/167/3 151/161/3
f 145/166/4 150/168/4 149/164/4
f 145/169/5 151/170/5 147/171/5
f 150/172/6 148/171/6 152/170/6
f 155/173/1 154/174/1 153/175/1
f 159/164/2 156/165/2 155/166/2
f 157/175/3 160/176/3 159/173/3
f 153/166/4 158/168/4 157/164/4
f 153/177/5 159/178/5 155/179/5
f 158/180/6 156/179/6 160/178/6
f 163/181/1 162/182/1 161/183/1
f 167/164/2 164/165/2 163/166/2
f 165/183/3 168/184/3 167/181/3
f 161/166/4 166/168/4 165/164/4
f 161/185/5 167/186/5 163/187/5
f 166/188/6 164/187/6 168/186/6
f 171/189/1 170/190/1 169/191/1
f 175/164/2 172/165/2 171/166/2
f 173/191/3 176/192/3 175/189/3
f 169/166/4 174/168/4 173/164/4
f 169/193/5 175/194/5 171/195/5
f 174/196/6 172/195/6 176/194/6
f 179/197/1 178/198/1 177/199/1
f 183/164/2 180/165/2 179/166/2
f 181/199/3 184/200/3 183/197/3
f 177/166/4 182/168/4 181/164/4
f 177/201/5 183/202/5 179/203/5
f 182/204/6 180/203/6 184/202/6
f 187/205/1 186/206/1 185/207/1
f 191/164/2 188/165/2 187/166/2
f 189/207/3 192/208/3 191/205/3
f 185/166/4 190/168/4 189/164/4
f 185/209/5 191/210/5 187/211/5
f 190/212/6 188/211/6 192/210/6
f 195/213/1 194/214/1 193/215/1
f 199/164/2 196/165/2 195/166/2
f 197/215/3 200/216/3 199/213/3
f 193/166/4 198/168/4 197/164/4
f 193/217/5 199/218/5 195/219/5
f 198/220/6 196/219/6 200/218/6
f 203/221/1 202/222/1 201/223/1
f 207/164/2 204/165/2 203/166/2
f 205/223/3 208/224/3 207/221/3
f 201/166/4 206/168/4 205/164/4
f 201/225/5 207/226/5 203/227/5
f 206/228/6 204/227/6 208/226/6
f 211/229/1 210/230/1 209/231/1
f 215/164/2 212/165/2 211/166/2
f 213/231/3 216/232/3 215/229/3
f 209/166/4 214/168/4 213/164/4
f 209/233/5 215/234/5 211/235/5
f 214/236/6 212/235/6 216/234/6
f 219/237/1 218/238/1 217/239/1
f 223/164/2 220/165/2 219/166/2
f 221/239/3 224/240/3 223/237/3
f 217/166/4 222/168/4 221/164/4
f 217/241/5 223/242/5 219/243/5
f 222/244/6 220/243/6 224/242/6
f 227/245/1 226/246/1 225/247/1
f 231/164/2 228/165/2 227/166/2
f 229/247/3 232/248/3 231/245/3
f 225/166/4 230/168/4 229/164/4
f 225/249/5 231/250/5 227/251/5
f 230/252/6 228/251/6 232/250/6
f 235/253/1 234/254/1 233/255/1
f 239/164/2 236/165/2 235/166/2
f 237/255/3 240/256/3 239/253/3
f 233/166/4 238/168/4 237/164/4
f 233/257/5 239/258/5 235/259/5
f 238/260/6 236/259/6 240/258/6
f 243/161/1 242/162/1 241/163/1
f 247/261/2 244/262/2 243/263/2
f 245/163/3 248/167/3 247/161/3
f 241/263/4 246/264/4 245/261/4
f 241/265/5 247/266/5 243/267/5
f 246/268/6 244/267/6 248/266/6
f 251/173/1 250/174/1 249/175/1
f 255/261/2 252/262/2 251/263/2
f 253/175/3 256/176/3 255/173/3
f 249/263/4 254/264/4 253/261/4
f 249/269/5 255/270/5 251/271/5
f 254/272/6 252/271/6 256/270/6
f 259/181/1 258/182/1 257/183/1
f 263/261/2 260/262/2 259/263/2
f 261/183/3 264/184/3 263/181/3
f 257/263/4 262/264/4 261/261/4
f 257/273/5 263/274/5 259/275/5
f 262/276/6 260/275/6 264/274/6
f 267/189/1 266/190/1 265/191/1
f 271/261/2 268/262/2 267/263/2
f 269/191/3 272/192/3 271/189/3
f 265/263/4 270/264/4 269/261/4
f 265/277/5 271/278/5 267/279/5
f 270/280/6 268/279/6 272/278/6
f 275/197/1 274/198/1 273/199/1
f 279/261/2 276/262/2 275/263/2
f 277/199/3 280/200/3 279/197/3
f 273/263/4 278/264/4 277/261/4
f 273/281/5 279/282/5 275/283/5
f 278/284/6 276/283/6 280/282/6
f 283/205/1 282/206/1 281/207/1
f 287/261/2 284/262/2 283/263/2
f 285/207/3 288/208/3 287/205/3
f 281/263/4 286/264/4 285/261/4
f 281/285/5 287/286/5 283/287/5
f 286/288/6 284/287/6 288/286/6
f 291/213/1 290/214/1 289/215/1
f 295/261/2 292/262/2 291/263/2
f 293/215/3 296/216/3 295/213/3
f 289/263/4 294/264/4 293/261/4
f 289/289/5 295/290/5 291/291/5
f 294/292/6 292/291/6 296/290/6
f 299/221/1 298/222/1 297/223/1
f 303/261/2 300/262/2 299/263/2
f 301/223/3 304/224/3 303/221/3
f 297/263/4 302/264/4 301/261/4
f 297/293/5 303/294/5 299/295/5
f 302/296/6 300/295/6 304/294/6
f 307/229/1 306/230/1 305/231/1
f 311/261/2 308/262/2 307/263/2
f 309/231/3 312/232/3 311/229/3
f 305/263/4 310/264/4 309/261/4
f 305/297/5 311/298/5 307/299/5
f 310/300/6 308/299/6 312/298/6
f 315/237/1 314/238/1 313/239/1
f 319/261/2 316/262/2 315/263/2
f 317/239/3 320/240/3 319/237/3
f 313/263/4 318/264/4 317/261/4
f 313/301/5 319/302/5 315/303/5
f 318/304/6 316/303/6 320/302/6
f 323/245/1 322/246/1 321/247/1
f 327/261/2 324/262/2 323/263/2
f 325/247/3 328/248/3 327/245/3
f 321/263/4 326/264/4 325/261/4
f 321/305/5 327/306/5 323/307/5
f 326/308/6 324/307/6 328/306/6
f 331/253/1 330/254/1 329/255/1
f 335/261/2 332/262/2 331/263/2
f 333/255/3 336/256/3 335/253/3
f 329/263/4 334/264/4 333/261/4
f 329/309/5 335/310/5 331/311/5
f 334/312/6 332/311/6 336/310/6
f 339/313/1 338/314/1 337/315/1
f 343/316/2 340/317/2 339/318/2
f 341/315/3 344/319/3 343/313/3
f 337/318/4 342/320/4 341/316/4
f 337/321/5 343/322/5 339/323/5
f 342/324/6 340/323/6 344/322/6
f 347/313/1 346/314/1 345/315/1
f 351/325/2 348/326/2 347/327/2
f 349/315/3 352/319/3 351/313/3
f 345/327/4 350/328/4 349/325/4
f 345/329/5 351/330/5 347/331/5
f 350/332/6 348/331/6 352/330/6
f 355/313/1 354/314/1 353/315/1
f 359/333/2 356/334/2 355/335/2
f 357/315/3 360/319/3 359/313/3
f 353/335/4 358/336/4 357/333/4
f 353/337/5 359/338/5 355/339/5
f 358/340/6 356/339/6 360/338/6
f 363/313/1 362/314/1 361/315/1
f 367/341/2 364/342/2 363/343/2
f 365/315/3 368/319/3 367/313/3
f 361/343/4 366/344/4 365/341/4
f 361/345/5 367/346/5 363/347/5
f 366/348/6 364/347/6 368/346/6
f 371/313/1 370/314/1 369/315/1
f 375/349/2 372/350/2 371/351/2
f 373/315/3 376/319/3 375/313/3
f 369/351/4 374/352/4 373/349/4
f 369/353/5 375/354/5 371/355/5
f 374/356/6 372/355/6 376/354/6
f 379/313/1 378/314/1 377/315/1
f 383/357/2 380/358/2 379/359/2
f 381/315/3 384/319/3 383/313/3
f 377/359/4 382/360/4 381/357/4
f 377/361/5 383/362/5 379/363/5
f 382/364/6 380/363/6 384/362/6
f 387/365/1 386/366/1 385/367/1
f 391/316/2 388/317/2 387/318/2
f 389/367/3 392/368/3 391/365/3
f 385/318/4 390/320/4 389/316/4
f 385/369/5 391/370/5 387/371/5
f 390/372/6 388/371/6 392/370/6
f 395/365/1 394/366/1 393/367/1
f 399/325/2 396/326/2 395/327/2
f 397/367/3 400/368/3 399/365/3
f 393/327/4 398/328/4 397/325/4
f 393/373/5 399/374/5 395/375/5
f 398/376/6 396/375/6 400/374/6
f 403/365/1 402/366/1 401/367/1
f 407/333/2 404/334/2 403/335/2
f 405/367/3 408/368/3 407/365/3
f 401/335/4 406/336/4 405/333/4
f 401/377/5 407/378/5 403/379/5
f 406/380/6 404/379/6 408/378/6
f 411/365/1 410/366/1 409/367/1
f 415/341/2 412/342/2 411/343/2
f 413/367/3 416/368/3 415/365/3
f 409/343/4 414/344/4 413/341/4
f 409/381/5 415/382/5 411/383/5
f 414/384/6 412/383/6 416/382/6
f 419/365/1 418/366/1 417/367/1
f 423/349/2 420/350/2 419/351/2
f 421/367/3 424/368/3 423/365/3
f 417/351/4 422/352/4 421/349/4
f 417/385/5 423/386/5 419/387/5
f 422/388/6 420/387/6 424/386/6
f 427/365/1 426/366/1 425/367/1
f 431/357/2 428/358/2 427/359/2
f 429/367/3 432/368/3 431/365/3
f 425/359/4 430/360/4 429/357/4
f 425/389/5 431/390/5 427/391/5
f 430/392/6 428/391/6 432/390/6
f 435/393/1 434/394/1 433/395/1
f 439/396/2 436/397/2 435/398/2
f 437/395/3 440/399/3 439/393/3
f 433/398/4 438/400/4 437/396/4
f 433/401/5 439/402/5 435/403/5
f 438/404/6 436/403/6 440/402/6
f 443/405/1 442/406/1 441/407/1
f 447/408/2 444/409/2 443/410/2
f 445/407/3 448/411/3 447/405/3
f 441/410/4 446/412/4 445/408/4
f 441/401/5 447/402/5 443/403/5
f 446/404/6 444/403/6 448/402/6
f 451/393/1 450/394/1 449/395/1
f 455/413/2 452/414/2 451/415/2
f 453/395/3 456/399/3 455/393/3
f 449/415/4 454/416/4 453/413/4
f 449/417/5 455/418/5 451/419/5
f 454/420/6 452/419/6 456/418/6
f 459/405/1 458/406/1 457/407/1
f 463/421/2 460/422/2 459/423/2
f 461/407/3 464/411/3 463/405/3
f 457/423/4 462/424/4 461/421/4
f 457/417/5 463/418/5 459/419/5
f 462/420/6 460/419/6 464/418/6
f 467/425/1 466/426/1 465/427/1
f 471/428/2 468/429/2 467/430/2
f 469/427/3 472/431/3 471/425/3
f 465/430/4 470/432/4 469/428/4
f 465/433/5 471/434/5 467/435/5
f 470/436/6 468/435/6 472/434/6
f 475/437/1 474/438/1 473/439/1
f 479/440/2 476/441/2 475/442/2
f 477/439/3 480/443/3 479/437/3
f 473/442/4 478/444/4 477/440/4
f 473/433/5 479/434/5 475/435/5
f 478/436/6 476/435/6 480/434/6
f 483/445/1 482/446/1 481/447/1
f 487/448/2 484/449/2 483/450/2
f 485/447/3 488/451/3 487/445/3
f 481/450/4 486/452/4 485/448/4
f 481/453/5 487/454/5 483/455/5
f 486/456/6 484/455/6 488/454/6
f 491/457/1 490/458/1 489/459/1
f 495/460/2 492/461/2 491/462/2
f 493/459/3 496/463/3 495/457/3
f 489/462/4 494/464/4 493/460/4
f 489/453/5 495/454/5 491/455/5
f 494/456/6 492/455/6 496/454/6
f 499/445/1 498/446/1 497/447/1
f 503/465/2 500/466/2 499/467/2
f 501/447/3 504/451/3 503/445/3
f 497/467/4 502/468/4 501/465/4
f 497/469/5 503/470/5 499/471/5
f 502/472/6 500/471/6 504/470/6
f 507/457/1 506/458/1 505/459/1
f 511/473/2 508/474/2 507/475/2
f 509/459/3 512/463/3 511/457/3
f 505/475/4 510/476/4 509/473/4
f 505/469/5 511/470/5 507/471/5
f 510/472/6 508/471/6 512/470/6
f 515/477/1 514/478/1 513/479/1
f 519/480/2 516/481/2 515/482/2
f 517/479/3 520/483/3 519/477/3
f 513/482/4 518/484/4 517/480/4
f 513/485/5 519/486/5 515/487/5
f 518/488/6 516/487/6 520/486/6
f 523/489/1 522/490/1 521/491/1
f 527/492/2 524/493/2 523/494/2
f 525/491/3 528/495/3 527/489/3
f 521/494/4 526/496/4 525/492/4
f 521/485/5 527/486/5 523/487/5
f 526/488/6 524/487/6 528/486/6
f 531/497/1 530/498/1 529/499/1
f 535/500/2 532/501/2 531/502/2
f 533/499/3 536/503/3 535/497/3
f 529/502/4 534/504/4 533/500/4
f 529/485/5 535/486/5 531/487/5
f 534/488/6 532/487/6 536/486/6
f 539/505/1 538/506/1 537/507/1
f 543/508/2 540/509/2 539/510/2
f 541/507/3 544/511/3 543/505/3
f 537/510/4 542/512/4 541/508/4
f 537/485/5 543/486/5 539/487/5
f 542/488/6 540/487/6 544/486/6
f 547/477/1 546/478/1 545/479/1
f 551/513/2 548/514/2 547/515/2
f 549/479/3 552/483/3 551/477/3
f 545/515/4 550/516/4 549/513/4
f 545/517/5 551/518/5 547/519/5
f 550/520/6 548/519/6 552/518/6
f 555/489/1 554/490/1 553/491/1
f 559/521/2 556/522/2 555/523/2
f 557/491/3 560/495/3 559/489/3
f 553/523/4 558/524/4 557/521/4
f 553/517/5 559/518/5 555/519/5
f 558/520/6 556/519/6 560/518/6
f 563/497/1 562/498/1 561/499/1
f 567/525/2 564/526/2 563/527/2
f 565/499/3 568/503/3 567/497/3
f 561/527/4 566/528/4 565/525/4
f 561/517/5 567/518/5 563/519/5
f 566/520/6 564/519/6 568/518/6
f 571/505/1 570/506/1 569/507/1
f 575/529/2 572/530/2 571/531/2
f 573/507/3 576/511/3 575/505/3
f 569/531/4 574/532/4 573/529/4
f 569/517/5 575/518/5 571/519/5
f 574/520/6 572/519/6 576/518/6
f 579/533/1 578/534/1 577/535/1
f 583/480/2 580/481/2 579/482/2
f 581/535/3 584/536/3 583/533/3
f 577/482/4 582/484/4 581/480/4
f 577/537/5 583/538/5 579/539/5
f 582/540/6 580/539/6 584/538/6
f 587/541/1 586/542/1 585/543/1
f 591/492/2 588/493/2 587/494/2
f 589/543/3 592/544/3 591/541/3
f 585/494/4 590/496/4 589/492/4
f 585/537/5 591/538/5 587/539/5
f 590/540/6 588/539/6 592/538/6
f 595/545/1 594/546/1 593/547/1
f 599/500/2 596/501/2 595/502/2
f 597/547/3 600/548/3 599/545/3
f 593/502/4 598/504/4 597/500/4
f 593/537/5 599/538/5 595/539/5
f 598/540/6 596/539/6 600/538/6
f 603/549/1 602/550/1 601/551/1
f 607/508/2 604/509/2 603/510/2
f 605/551/3 608/552/3 607/549/3
f 601/510/4 606/512/4 605/508/4
f 601/537/5 607/538/5 603/539/5
f 606/540/6 604/539/6 608/538/6
f 611/533/1 610/534/1 609/535/1
f 615/513/2 612/514/2 611/515/2
f 613/535/3 616/536/3 615/533/3
f 609/515/4 614/516/4 613/513/4
f 609/553/5 615/554/5 611/555/5
f 614/556/6 612/555/6 616/554/6
f 619/541/1 618/542/1 617/543/1
f 623/521/2 620/522/2 619/523/2
f 621/543/3 624/544/3 623/541/3
f 617/523/4 622/524/4 621/521/4
f 617/553/5 623/554/5 619/555/5
f 622/556/6 620/555/6 624/554/6
f 627/545/1 626/546/1 625/547/1
f 631/525/2 628/526/2 627/527/2
f 629/547/3 632/548/3 631/545/3
f 625/527/4 630/528/4 629/525/4
f 625/553/5 631/554/5 627/555/5
f 630/556/6 628/555/6 632/554/6
f 635/549/1 634/550/1 633/551/1
f 639/529/2 636/530/2 635/531/2
f 637/551/3 640/552/3 639/549/3
f 633/531/4 638/532/4 637/529/4
f 633/553/5 639/554/5 635/555/5
f 638/556/6 636/555/6 640/554/6
f 643/557/1 642/558/1 641/559/1
f 647/560/2 644/561/2 643/562/2
f 645/559/3 648/563/3 647/557/3
f 641/562/4 646/564/4 645/560/4
f 641/565/5 647/566/5 643/567/5
f 646/568/6 644/567/6 648/566/6
f 651/569/1 650/570/1 649/571/1
f 655/560/2 652/561/2 651/562/2
f 653/571/3 656/572/3 655/569/3
f 649/562/4 654/564/4 653/560/4
f 649/573/5 655/574/5 651/575/5
f 654/576/6 652/575/6 656/574/6
f 659/577/1 658/578/1 657/579/1
f 663/560/2 660/561/2 659/562/2
f 661/579/3 664/580/3 663/577/3
f 657/562/4 662/564/4 661/560/4
f 657/581/5 663/582/5 659/583/5
f 662/584/6 660/583/6 664/582/6
f 667/585/1 666/586/1 665/587/1
f 671/560/2 668/561/2 667/562/2
f 669/587/3 672/588/3 671/585/3
f 665/562/4 670/564/4 669/560/4
f 665/589/5 671/590/5 667/591/5
f 670/592/6 668/591/6 672/590/6
f 675/593/1 674/594/1 673/595/1
f 679/560/2 676/561/2 675/562/2
f 677/595/3 680/596/3 679/593/3
f 673/562/4 678/564/4 677/560/4
f 673/597/5 679/598/5 675/599/5
f 678/600/6 676/599/6 680/598/6
f 683/601/1 682/602/1 681/603/1
f 687/560/2 684/561/2 683/562/2
f 685/603/3 688/604/3 687/601/3
f 681/562/4 686/564/4 685/560/4
f 681/605/5 687/606/5 683/607/5
f 686/608/6 684/607/6 688/606/6
f 691/609/1 690/610/1 689/611/1
f 695/560/2 692/561/2 691/562/2
f 693/611/3 696/612/3 695/609/3
f 689/562/4 694/564/4 693/560/4
f 689/613/5 695/614/5 691/615/5
f 694/616/6 692/615/6 696/614/6
f 699/617/1 698/618/1 697/619/1
f 703/560/2 700/561/2 699/562/2
f 701/619/3 704/620/3 703/617/3
f 697/562/4 702/564/4 701/560/4
f 697/621/5 703/622/5 699/623/5
f 702/624/6 700/623/6 704/622/6
f 707/625/1 706/626/1 705/627/1
f 711/560/2 708/561/2 707/562/2
f 709/627/3 712/628/3 711/625/3
f 705/562/4 710/564/4 709/560/4
f 705/629/5 711/630/5 707/631/5
f 710/632/6 708/631/6 712/630/6
f 715/633/1 714/634/1 713/635/1
f 719/560/2 716/561/2 715/562/2
f 717/635/3 720/636/3 719/633/3
f 713/562/4 718/564/4 717/560/4
f 713/637/5 719/638/5 715/639/5
f 718/640/6 716/639/6 720/638/6
f 723/641/1 722/642/1 721/643/1
f 727/644/2 724/645/2 723/646/2
f 725/643/3 728/647/3 727/641/3
f 721/646/4 726/648/4 725/644/4
f 721/649/5 727/650/5 723/651/5
f 726/652/6 724/651/6 728/650/6
f 731/653/1 730/654/1 729/655/1
f 735/656/2 732/657/2 731/658/2
f 733/655/3 736/659/3 735/653/3
f 729/658/4 734/660/4 733/656/4
f 729/649/5 735/650/5 731/651/5
f 734/652/6 732/651/6 736/650/6
f 739/661/1 738/662/1 737/663/1
f 743/664/2 740/665/2 739/666/2
f 741/663/3 744/667/3 743/661/3
f 737/666/4 742/668/4 741/664/4
f 737/669/5 743/670/5 739/671/5
f 742/672/6 740/671/6 744/670/6
f 747/673/1 746/674/1 745/675/1
f 751/664/2 748/665/2 747/666/2
f 749/675/3 752/676/3 751/673/3
f 745/666/4 750/668/4 749/664/4
f 745/677/5 751/678/5 747/679/5
f 750/680/6 748/679/6 752/678/6
f 755/641/1 754/642/1 753/643/1
f 759/681/2 756/682/2 755/683/2
f 757/643/3 760/647/3 759/641/3
f 753/683/4 758/684/4 757/681/4
f 753/685/5 759/686/5 755/687/5
f 758/688/6 756/687/6 760/686/6
f 763/653/1 762/654/1 761/655/1
f 767/689/2 764/690/2 763/691/2
f 765/655/3 768/659/3 767/653/3
f 761/691/4 766/692/4 765/689/4
f 761/685/5 767/686/5 763/687/5
f 766/688/6 764/687/6 768/686/6
f 771/661/1 770/662/1 769/663/1
f 775/693/2 772/694/2 771/695/2
f 773/663/3 776/667/3 775/661/3
f 769/695/4 774/696/4 773/693/4
f 769/697/5 775/698/5 771/699/5
f 774/700/6 772/699/6 776/698/6
f 779/673/1 778/674/1 777/675/1
f 783/693/2 780/694/2 779/695/2
f 781/675/3 784/676/3 783/673/3
f 777/695/4 782/696/4 781/693/4
f 777/701/5 783/702/5 779/703/5
f 782/704/6 780/703/6 784/702/6
f 787/705/1 786/706/1 785/707/1
f 791/644/2 788/645/2 787/646/2
f 789/707/3 792/708/3 791/705/3
f 785/646/4 790/648/4 789/644/4
f 785/709/5 791/710/5 787/711/5
f 790/712/6 788/711/6 792/710/6
f 795/713/1 794/714/1 793/715/1
f 799/656/2 796/657/2 795/658/2
f 797/715/3 800/716/3 799/713/3
f 793/658/4 798/660/4 797/656/4
f 793/709/5 799/710/5 795/711/5
f 798/712/6 796/711/6 800/710/6
f 803/717/1 802/718/1 801/719/1
f 807/664/2 804/665/2 803/666/2
f 805/719/3 808/720/3 807/717/3
f 801/666/4 806/668/4 805/664/4
f 801/721/5 807/722/5 803/723/5
f 806/724/6 804/723/6 808/722/6
f 811/725/1 810/726/1 809/727/1
f 815/664/2 812/665/2 811/666/2
f 813/727/3 816/728/3 815/725/3
f 809/666/4 814/668/4 813/664/4
f 809/729/5 815/730/5 811/731/5
f 814/732/6 812/731/6 816/730/6
f 819/705/1 818/706/1 817/707/1
f 823/681/2 820/682/2 819/683/2
f 821/707/3 824/708/3 823/705/3
f 817/683/4 822/684/4 821/681/4
f 817/733/5 823/734/5 819/735/5
f 822/736/6 820/735/6 824/734/6
f 827/713/1 826/714/1 825/715/1
f 831/689/2 828/690/2 827/691/2
f 829/715/3 832/716/3 831/713/3
f 825/691/4 830/692/4 829/689/4
f 825/733/5 831/734/5 827/735/5
f 830/736/6 828/735/6 832/734/6
f 835/717/1 834/718/1 833/719/1
f 839/693/2 836/694/2 835/695/2
f 837/719/3 840/720/3 839/717/3
f 833/695/4 838/696/4 837/693/4
f 833/737/5 839/738/5 835/739/5
f 838/740/6 836/739/6 840/738/6
f 843/725/1 842/726/1 841/727/1
f 847/693/2 844/694/2 843/695/2
f 845/727/3 848/728/3 847/725/3
f 841/695/4 846/696/4 845/693/4
f 841/741/5 847/742/5 843/743/5
f 846/744/6 844/743/6 848/742/6
f 851/745/1 850/746/1 849/747/1
f 855/644/2 852/645/2 851/646/2
f 853/747/3 856/748/3 855/745/3
f 849/646/4 854/648/4 853/644/4
f 849/749/5 855/750/5 851/751/5
f 854/752/6 852/751/6 856/750/6
f 859/753/1 858/754/1 857/755/1
f 863/656/2 860/657/2 859/658/2
f 861/755/3 864/756/3 863/753/3
f 857/658/4 862/660/4 861/656/4
f 857/749/5 863/750/5 859/751/5
f 862/752/6 860/751/6 864/750/6
f 867/757/1 866/758/1 865/759/1
f 871/664/2 868/665/2 867/666/2
f 869/759/3 872/760/3 871/757/3
f 865/666/4 870/668/4 869/664/4
f 865/761/5 871/762/5 867/763/5
f 870/764/6 868/763/6 872/762/6
f 875/765/1 874/766/1 873/767/1
f 879/664/2 876/665/2 875/666/2
f 877/767/3 880/768/3 879/765/3
f 873/666/4 878/668/4 877/664/4
f 873/769/5 879/770/5 875/771/5
f 878/772/6 876/771/6 880/770/6
f 883/745/1 882/746/1 881/747/1
f 887/681/2 884/682/2 883/683/2
f 885/747/3 888/748/3 887/745/3
f 881/683/4 886/684/4 885/681/4
f 881/773/5 887/774/5 883/775/5
f 886/776/6 884/775/6 888/774/6
f 891/753/1 890/754/1 889/755/1
f 895/689/2 892/690/2 891/691/2
f 893/755/3 896/756/3 895/753/3
f 889/691/4 894/692/4 893/689/4
f 889/773/5 895/774/5 891/775/5
f 894/776/6 892/775/6 896/774/6
f 899/757/1 898/758/1 897/759/1
f 903/693/2 900/694/2 899/695/2
f 901/759/3 904/760/3 903/757/3
f 897/695/4 902/696/4 901/693/4
f 897/777/5 903/778/5 899/779/5
f 902/780/6 900/779/6 904/778/6
f 907/765/1 906/766/1 905/767/1
f 911/693/2 908/694/2 907/695/2
f 909/767/3 912/768/3 911/765/3
f 905/695/4 910/696/4 909/693/4
f 905/781/5 911/782/5 907/783/5
f 910/784/6 908/783/6 912/782/6
f 915/785/1 914/786/1 913/787/1
f 919/644/2 916/645/2 915/646/2
f 917/787/3 920/788/3 919/785/3
f 913/646/4 918/648/4 917/644/4
f 913/789/5 919/790/5 915/791/5
f 918/792/6 916/791/6 920/790/6
f 923/793/1 922/794/1 921/795/1
f 927/656/2 924/657/2 923/658/2
f 925/795/3 928/796/3 927/793/3
f 921/658/4 926/660/4 925/656/4
f 921/789/5 927/790/5 923/791/5
f 926/792/6 924/791/6 928/790/6
f 931/797/1 930/798/1 929/799/1
f 935/664/2 932/665/2 931/666/2
f 933/799/3 936/800/3 935/797/3
f 929/666/4 934/668/4 933/664/4
f 929/801/5 935/802/5 931/803/5
f 934/804/6 932/803/6 936/802/6
f 939/805/1 938/806/1 937/807/1
f 943/664/2 940/665/2 939/666/2
f 941/807/3 944/808/3 943/805/3
f 937/666/4 942/668/4 941/664/4
f 937/809/5 943/810/5 939/811/5
f 942/812/6 940/811/6 944/810/6
f 947/785/1 946/786/1 945/787/1
f 951/681/2 948/682/2 947/683/2
f 949/787/3 952/788/3 951/785/3
f 945/683/4 950/684/4 949/681/4
f 945/813/5 951/814/5 947/815/5
f 950/816/6 948/815/6 952/814/6
f 955/793/1 954/794/1 953/795/1
f 959/689/2 956/690/2 955/691/2
f 957/795/3 960/796/3 959/793/3
f 953/691/4 958/692/4 957/689/4
f 953/813/5 959/814/5 955/815/5
f 958/816/6 956/815/6 960/814/6
f 963/797/1 962/798/1 961/799/1
f 967/693/2 964/694/2 963/695/2
f 965/799/3 968/800/3 967/797/3
f 961/695/4 966/696/4 965/693/4
f 961/817/5 967/818/5 963/819/5
f 966/820/6 964/819/6 968/818/6
f 971/805/1 970/806/1 969/807/1
f 975/693/2 972/694/2 971/695/2
f 973/807/3 976/808/3 975/805/3
f 969/695/4 974/696/4 973/693/4
f 969/821/5 975/822/5 971/823/5
f 974/824/6 972/823/6 976/822/6
f 1115/825/7 1114/826/7 1113/827/7
f 1089/828/8 1094/829/8 1093/830/8
f 981/831/9 980/832/9 979/833/9
f 1087/834/10 1084/835/10 1083/836/10
f 1125/837/11 1128/829/11 1127/830/11
f 983/838/12 982/839/12 981/831/12
f 1085/840/13 1088/841/13 1087/842/13
f 1041/843/14 1040/844/14 1039/845/14
f 985/846/15 984/847/15 983/838/15
f 1119/848/16 1116/849/16 1115/850/16
f 1089/851/5 1095/852/5 1091/853/5
f 987/854/17 986/855/17 985/856/17
f 1055/857/18 1054/858/18 1053/859/18
f 1121/860/19 1126/861/19 1125/837/19
f 989/862/13 988/863/13 987/854/13
f 1081/864/7 1086/865/7 1085/866/7
f 1039/845/20 1038/867/20 1037/868/20
f 991/869/21 990/870/21 989/862/21
f 1117/871/10 1120/872/10 1119/873/10
f 1094/874/6 1092/853/6 1096/852/6
f 993/875/22 992/876/22 991/869/22
f 1053/859/23 1052/877/23 1051/878/23
f 1121/879/5 1127/880/5 1123/881/5
f 995/882/24 994/883/24 993/875/24
f 1083/884/5 1085/885/5 1087/886/5
f 1037/868/13 1036/887/13 1035/888/13
f 997/889/25 996/890/25 995/882/25
f 1113/891/13 1118/892/13 1117/893/13
f 1099/894/18 1098/895/18 1097/896/18
f 999/838/26 998/897/26 997/846/26
f 1051/878/27 1050/898/27 1049/899/27
f 1126/900/6 1124/881/6 1128/880/6
f 1001/831/28 1000/847/28 999/838/28
f 1086/885/6 1084/884/6 1088/886/6
f 1035/888/29 1034/901/29 1033/902/29
f 1003/833/30 1002/839/30 1001/831/30
f 1113/903/5 1119/904/5 1115/905/5
f 1103/893/31 1100/906/31 1099/891/31
f 1005/907/32 1004/832/32 1003/833/32
f 1049/899/7 1048/908/7 1047/909/7
f 1131/910/33 1130/911/33 1129/912/33
f 1007/913/34 1006/914/34 1005/907/34
f 1091/860/35 1090/915/35 1089/828/35
f 1033/916/15 1032/908/15 1031/909/15
f 1009/917/36 1008/918/36 1007/913/36
f 1120/904/6 1114/903/6 1116/905/6
f 1101/919/37 1104/920/37 1103/921/37
f 1011/882/38 1010/922/38 1009/889/38
f 1047/909/26 1046/923/26 1045/916/26
f 1135/924/18 1132/925/18 1131/926/18
f 1013/875/16 1012/890/16 1011/882/16
f 1095/837/11 1092/927/11 1091/860/11
f 1031/909/37 1030/898/37 1029/899/37
f 1015/869/39 1014/883/39 1013/875/39
f 1123/828/8 1122/927/8 1121/860/8
f 1097/850/33 1102/928/33 1101/848/33
f 1017/862/40 1016/876/40 1015/869/40
f 1045/929/41 1044/930/41 1043/931/41
f 1129/932/5 1135/933/5 1131/934/5
f 1019/854/42 1018/870/42 1017/862/42
f 1093/830/19 1096/861/19 1095/837/19
f 1029/899/43 1028/877/43 1027/878/43
f 1021/856/44 1020/863/44 1019/854/44
f 1127/830/35 1124/915/35 1123/828/35
f 1099/935/5 1101/936/5 1103/937/5
f 1023/913/45 1022/938/45 1021/917/45
f 996/939/6 1012/940/6 980/941/6
f 1129/942/37 1134/943/37 1133/944/37
f 1025/907/46 1024/918/46 1023/913/46
f 1057/945/47 1056/946/47 1055/857/47
f 1043/931/33 1042/947/33 1041/843/33
f 979/833/48 1026/914/48 1025/907/48
f 1013/948/5 997/949/5 981/950/5
f 1059/931/49 1058/951/49 1057/929/49
f 1110/952/6 1108/953/6 1112/954/6
f 1083/912/16 1082/955/16 1081/910/16
f 1061/843/16 1060/930/16 1059/931/16
f 1105/956/5 1111/954/5 1107/953/5
f 1078/957/6 1076/958/6 1080/959/6
f 1063/845/50 1062/947/50 1061/843/50
f 1105/960/3 1110/961/3 1109/962/3
f 977/963/5 1079/959/5 1075/958/5
f 1065/868/51 1064/844/51 1063/845/51
f 1109/964/2 1112/965/2 1111/966/2
f 977/967/4 1078/968/4 1077/969/4
f 1067/888/31 1066/867/31 1065/868/31
f 1111/962/1 1108/970/1 1107/960/1
f 1077/971/3 1080/972/3 1079/973/3
f 1069/902/52 1068/887/52 1067/888/52
f 1107/966/4 1106/974/4 1105/964/4
f 1079/969/2 1076/975/2 1075/967/2
f 1071/857/45 1070/976/45 1069/945/45
f 1058/977/6 1074/978/6 1042/979/6
f 1075/973/1 978/980/1 977/971/1
f 1073/859/10 1072/946/10 1071/857/10
f 1133/842/31 1136/981/31 1135/840/31
f 1102/936/6 1100/935/6 1104/937/6
f 1027/878/53 1074/858/53 1073/859/53
f 1043/982/5 1027/983/5 1059/984/5
f 1136/933/6 1130/932/6 1132/934/6
f 1139/971/3 1138/972/3 1137/973/3
f 1143/985/4 1140/986/4 1139/987/4
f 1141/973/1 1144/980/1 1143/971/1
f 1137/987/2 1142/988/2 1141/985/2
f 1137/989/5 1143/990/5 1139/991/5
f 1142/992/6 1140/991/6 1144/990/6
f 1147/993/13 1146/994/13 1145/995/13
f 1151/944/7 1148/996/7 1147/942/7
f 1149/997/16 1152/998/16 1151/999/16
f 1145/926/10 1150/1000/10 1149/924/10
f 1147/1001/5 1149/1002/5 1151/1003/5
f 1150/1002/6 1148/1001/6 1152/1003/6
f 1155/1004/19 1154/1005/19 1153/1006/19
f 1159/1007/8 1156/1008/8 1155/1004/8
f 1157/1009/35 1160/1010/35 1159/1007/35
f 1153/1006/11 1158/1011/11 1157/1009/11
f 1153/1012/5 1159/1013/5 1155/1014/5
f 1158/1015/6 1156/1014/6 1160/1013/6
f 1163/827/37 1162/1016/37 1161/825/37
f 1167/1017/33 1164/1018/33 1163/1019/33
f 1165/873/18 1168/1020/18 1167/871/18
f 1161/1021/31 1166/1022/31 1165/1023/31
f 1163/1024/5 1165/1025/5 1167/1026/5
f 1166/1025/6 1164/1024/6 1168/1026/6
f 1171/964/2 1170/965/2 1169/966/2
f 1175/1027/3 1172/1028/3 1171/1029/3
f 1173/966/4 1176/974/4 1175/964/4
f 1169/1029/1 1174/1030/1 1173/1027/1
f 1169/1031/5 1175/1032/5 1171/1033/5
f 1174/1034/6 1172/1033/6 1176/1032/6
f 1179/896/10 1178/1035/10 1177/894/10
f 1183/1023/13 1180/1036/13 1179/1021/13
f 1181/921/7 1184/1037/7 1183/919/7
f 1177/1019/16 1182/1038/16 1181/1017/16
f 1177/1039/5 1183/1040/5 1179/1041/5
f 1184/1040/6 1178/1039/6 1180/1041/6
f 1187/1006/11 1186/1008/11 1185/1004/11
f 1191/1009/19 1188/1005/19 1187/1006/19
f 1189/1007/8 1192/1011/8 1191/1009/8
f 1185/1004/35 1190/1010/35 1189/1007/35
f 1185/1042/5 1191/1043/5 1187/1044/5
f 1190/1045/6 1188/1044/6 1192/1043/6
f 1195/995/31 1194/1046/31 1193/1047/31
f 1199/866/37 1196/1048/37 1195/864/37
f 1197/999/33 1200/1049/33 1199/1050/33
f 1193/836/18 1198/1051/18 1197/834/18
f 1193/1052/5 1199/1053/5 1195/1054/5
f 1200/1053/6 1194/1052/6 1196/1054/6
f 3/1/1 4/7/1 2/2/1
f 7/4/2 8/8/2 4/5/2
f 5/3/3 6/2/3 8/7/3
f 1/6/4 2/5/4 6/8/4
f 1/9/5 5/12/5 7/10/5
f 6/12/6 2/9/6 4/11/6
f 11/1/1 12/7/1 10/2/1
f 15/13/2 16/16/2 12/14/2
f 13/3/3 14/2/3 16/7/3
f 9/15/4 10/14/4 14/16/4
f 9/17/5 13/20/5 15/18/5
f 14/20/6 10/17/6 12/19/6
f 19/21/1 20/27/1 18/22/1
f 23/24/2 24/28/2 20/25/2
f 21/23/3 22/22/3 24/27/3
f 17/26/4 18/25/4 22/28/4
f 17/29/5 21/32/5 23/30/5
f 22/32/6 18/29/6 20/31/6
f 27/33/1 28/39/1 26/34/1
f 31/36/2 32/40/2 28/37/2
f 29/35/3 30/34/3 32/39/3
f 25/38/4 26/37/4 30/40/4
f 25/29/5 29/32/5 31/30/5
f 30/32/6 26/29/6 28/31/6
f 35/41/1 36/47/1 34/42/1
f 39/44/2 40/48/2 36/45/2
f 37/43/3 38/42/3 40/47/3
f 33/46/4 34/45/4 38/48/4
f 33/29/5 37/32/5 39/30/5
f 38/32/6 34/29/6 36/31/6
f 43/49/1 44/55/1 42/50/1
f 47/52/2 48/56/2 44/53/2
f 45/51/3 46/50/3 48/55/3
f 41/54/4 42/53/4 46/56/4
f 41/29/5 45/32/5 47/30/5
f 46/32/6 42/29/6 44/31/6
f 51/57/1 52/63/1 50/58/1
f 55/60/2 56/64/2 52/61/2
f 53/59/3 54/58/3 56/63/3
f 49/62/4 50/61/4 54/64/4
f 49/29/5 53/32/5 55/30/5
f 54/32/6 50/29/6 52/31/6
f 59/65/1 60/71/1 58/66/1
f 63/68/2 64/72/2 60/69/2
f 61/67/3 62/66/3 64/71/3
f 57/70/4 58/69/4 62/72/4
f 57/29/5 61/32/5 63/30/5
f 62/32/6 58/29/6 60/31/6
f 67/73/1 68/79/1 66/74/1
f 71/76/2 72/80/2 68/77/2
f 69/75/3 70/74/3 72/79/3
f 65/78/4 66/77/4 70/80/4
f 65/29/5 69/32/5 71/30/5
f 70/32/6 66/29/6 68/31/6
f 75/81/1 76/87/1 74/82/1
f 79/84/2 80/88/2 76/85/2
f 77/83/3 78/82/3 80/87/3
f 73/86/4 74/85/4 78/88/4
f 73/29/5 77/32/5 79/30/5
f 78/32/6 74/29/6 76/31/6
f 83/89/1 84/95/1 82/90/1
f 87/92/2 88/96/2 84/93/2
f 85/91/3 86/90/3 88/95/3
f 81/94/4 82/93/4 86/96/4
f 81/29/5 85/32/5 87/30/5
f 86/32/6 82/29/6 84/31/6
f 91/97/1 92/103/1 90/98/1
f 95/100/2 96/104/2 92/101/2
f 93/99/3 94/98/3 96/103/3
f 89/102/4 90/101/4 94/104/4
f 89/29/5 93/32/5 95/30/5
f 94/32/6 90/29/6 92/31/6
f 99/105/1 100/111/1 98/106/1
f 103/108/2 104/112/2 100/109/2
f 101/107/3 102/106/3 104/111/3
f 97/110/4 98/109/4 102/112/4
f 97/29/5 101/32/5 103/30/5
f 102/32/6 98/29/6 100/31/6
f 107/113/1 108/119/1 106/114/1
f 111/116/2 112/120/2 108/117/2
f 109/115/3 110/114/3 112/119/3
f 105/118/4 106/117/4 110/120/4
f 105/29/5 109/32/5 111/30/5
f 110/32/6 106/29/6 108/31/6
f 115/121/1 116/127/1 114/122/1
f 119/124/2 120/128/2 116/125/2
f 117/123/3 118/122/3 120/127/3
f 113/126/4 114/125/4 118/128/4
f 113/129/5 117/132/5 119/130/5
f 118/132/6 114/129/6 116/131/6
f 123/121/1 124/127/1 122/122/1
f 127/133/2 128/136/2 124/134/2
f 125/123/3 126/122/3 128/127/3
f 121/135/4 122/134/4 126/136/4
f 121/137/5 125/140/5 127/138/5
f 126/140/6 122/137/6 124/139/6
f 131/141/1 132/147/1 130/142/1
f 135/144/2 136/148/2 132/145/2
f 133/143/3 134/142/3 136/147/3
f 129/146/4 130/145/4 134/148/4
f 129/149/5 133/152/5 135/150/5
f 134/152/6 130/149/6 132/151/6
f 139/141/1 140/147/1 138/142/1
f 143/153/2 144/156/2 140/154/2
f 141/143/3 142/142/3 144/147/3
f 137/155/4 138/154/4 142/156/4
f 137/157/5 141/160/5 143/158/5
f 142/160/6 138/157/6 140/159/6
f 147/161/1 148/167/1 146/162/1
f 151/164/2 152/168/2 148/165/2
f 149/163/3 150/162/3 152/167/3
f 145/166/4 146/165/4 150/168/4
f 145/169/5 149/172/5 151/170/5
f 150/172/6 146/169/6 148/171/6
f 155/173/1 156/176/1 154/174/1
f 159/164/2 160/168/2 156/165/2
f 157/175/3 158/174/3 160/176/3
f 153/166/4 154/165/4 158/168/4
f 153/177/5 157/180/5 159/178/5
f 158/180/6 154/177/6 156/179/6
f 163/181/1 164/184/1 162/182/1
f 167/164/2 168/168/2 164/165/2
f 165/183/3 166/182/3 168/184/3
f 161/166/4 162/165/4 166/168/4
f 161/185/5 165/188/5 167/186/5
f 166/188/6 162/185/6 164/187/6
f 171/189/1 172/192/1 170/190/1
f 175/164/2 176/168/2 172/165/2
f 173/191/3 174/190/3 176/192/3
f 169/166/4 170/165/4 174/168/4
f 169/193/5 173/196/5 175/194/5
f 174/196/6 170/193/6 172/195/6
f 179/197/1 180/200/1 178/198/1
f 183/164/2 184/168/2 180/165/2
f 181/199/3 182/198/3 184/200/3
f 177/166/4 178/165/4 182/168/4
f 177/201/5 181/204/5 183/202/5
f 182/204/6 178/201/6 180/203/6
f 187/205/1 188/208/1 186/206/1
f 191/164/2 192/168/2 188/165/2
f 189/207/3 190/206/3 192/208/3
f 185/166/4 186/165/4 190/168/4
f 185/209/5 189/212/5 191/210/5
f 190/212/6 186/209/6 188/211/6
f 195/213/1 196/216/1 194/214/1
f 199/164/2 200/168/2 196/165/2
f 197/215/3 198/214/3 200/216/3
f 193/166/4 194/165/4 198/168/4
f 193/217/5 197/220/5 199/218/5
f 198/220/6 194/217/6 196/219/6
f 203/221/1 204/224/1 202/222/1
f 207/164/2 208/168/2 204/165/2
f 205/223/3 206/222/3 208/224/3
f 201/166/4 202/165/4 206/168/4
f 201/225/5 205/228/5 207/226/5
f 206/228/6 202/225/6 204/227/6
f 211/229/1 212/232/1 210/230/1
f 215/164/2 216/168/2 212/165/2
f 213/231/3 214/230/3 216/232/3
f 209/166/4 210/165/4 214/168/4
f 209/233/5 213/236/5 215/234/5
f 214/236/6 210/233/6 212/235/6
f 219/237/1 220/240/1 218/238/1
f 223/164/2 224/168/2 220/165/2
f 221/239/3 222/238/3 224/240/3
f 217/166/4 218/165/4 222/168/4
f 217/241/5 221/244/5 223/242/5
f 222/244/6 218/241/6 220/243/6
f 227/245/1 228/248/1 226/246/1
f 231/164/2 232/168/2 228/165/2
f 229/247/3 230/246/3 232/248/3
f 225/166/4 226/165/4 230/168/4
f 225/249/5 229/252/5 231/250/5
f 230/252/6 226/249/6 228/251/6
f 235/253/1 236/256/1 234/254/1
f 239/164/2 240/168/2 236/165/2
f 237/255/3 238/254/3 240/256/3
f 233/166/4 234/165/4 238/168/4
f 233/257/5 237/260/5 239/258/5
f 238/260/6 234/257/6 236/259/6
f 243/161/1 244/167/1 242/162/1
f 247/261/2 248/264/2 244/262/2
f 245/163/3 246/162/3 248/167/3
f 241/263/4 242/262/4 246/264/4
f 241/265/5 245/268/5 247/266/5
f 246/268/6 242/265/6 244/267/6
f 251/173/1 252/176/1 250/174/1
f 255/261/2 256/264/2 252/262/2
f 253/175/3 254/174/3 256/176/3
f 249/263/4 250/262/4 254/264/4
f 249/269/5 253/272/5 255/270/5
f 254/272/6 250/269/6 252/271/6
f 259/181/1 260/184/1 258/182/1
f 263/261/2 264/264/2 260/262/2
f 261/183/3 262/182/3 264/184/3
f 257/263/4 258/262/4 262/264/4
f 257/273/5 261/276/5 263/274/5
f 262/276/6 258/273/6 260/275/6
f 267/189/1 268/192/1 266/190/1
f 271/261/2 272/264/2 268/262/2
f 269/191/3 270/190/3 272/192/3
f 265/263/4 266/262/4 270/264/4
f 265/277/5 269/280/5 271/278/5
f 270/280/6 266/277/6 268/279/6
f 275/197/1 276/200/1 274/198/1
f 279/261/2 280/264/2 276/262/2
f 277/199/3 278/198/3 280/200/3
f 273/263/4 274/262/4 278/264/4
f 273/281/5 277/284/5 279/282/5
f 278/284/6 274/281/6 276/283/6
f 283/205/1 284/208/1 282/206/1
f 287/261/2 288/264/2 284/262/2
f 285/207/3 286/206/3 288/208/3
f 281/263/4 282/262/4 286/264/4
f 281/285/5 285/288/5 287/286/5
f 286/288/6 282/285/6 284/287/6
f 291/213/1 292/216/1 290/214/1
f 295/261/2 296/264/2 292/262/2
f 293/215/3 294/214/3 296/216/3
f 289/263/4 290/262/4 294/264/4
f 289/289/5 293/292/5 295/290/5
f 294/292/6 290/289/6 292/291/6
f 299/221/1 300/224/1 298/222/1
f 303/261/2 304/264/2 300/262/2
f 301/223/3 302/222/3 304/224/3
f 297/263/4 298/262/4 302/264/4
f 297/293/5 301/296/5 303/294/5
f 302/296/6 298/293/6 300/295/6
f 307/229/1 308/232/1 306/230/1
f 311/261/2 312/264/2 308/262/2
f 309/231/3 310/230/3 312/232/3
f 305/263/4 306/262/4 310/264/4
f 305/297/5 309/300/5 311/298/5
f 310/300/6 306/297/6 308/299/6
f 315/237/1 316/240/1 314/238/1
f 319/261/2 320/264/2 316/262/2
f 317/239/3 318/238/3 320/240/3
f 313/263/4 314/262/4 318/264/4
f 313/301/5 317/304/5 319/302/5
f 318/304/6 314/301/6 316/303/6
f 323/245/1 324/248/1 322/246/1
f 327/261/2 328/264/2 324/262/2
f 325/247/3 326/246/3 328/248/3
f 321/263/4 322/262/4 326/264/4
f 321/305/5 325/308/5 327/306/5
f 326/308/6 322/305/6 324/307/6
f 331/253/1 332/256/1 330/254/1
f 335/261/2 336/264/2 332/262/2
f 333/255/3 334/254/3 336/256/3
f 329/263/4 330/262/4 334/264/4
f 329/309/5 333/312/5 335/310/5
f 334/312/6 330/309/6 332/311/6
f 339/313/1 340/319/1 338/314/1
f 343/316/2 344/320/2 340/317/2
f 341/315/3 342/314/3 344/319/3
f 337/318/4 338/317/4 342/320/4
f 337/321/5 341/324/5 343/322/5
f 342/324/6 338/321/6 340/323/6
f 347/313/1 348/319/1 346/314/1
f 351/325/2 352/328/2 348/326/2
f 349/315/3 350/314/3 352/319/3
f 345/327/4 346/326/4 350/328/4
f 345/329/5 349/332/5 351/330/5
f 350/332/6 346/329/6 348/331/6
f 355/313/1 356/319/1 354/314/1
f 359/333/2 360/336/2 356/334/2
f 357/315/3 358/314/3 360/319/3
f 353/335/4 354/334/4 358/336/4
f 353/337/5 357/340/5 359/338/5
f 358/340/6 354/337/6 356/339/6
f 363/313/1 364/319/1 362/314/1
f 367/341/2 368/344/2 364/342/2
f 365/315/3 366/314/3 368/319/3
f 361/343/4 362/342/4 366/344/4
f 361/345/5 365/348/5 367/346/5
f 366/348/6 362/345/6 364/347/6
f 371/313/1 372/319/1 370/314/1
f 375/349/2 376/352/2 372/350/2
f 373/315/3 374/314/3 376/319/3
f 369/351/4 370/350/4 374/352/4
f 369/353/5 373/356/5 375/354/5
f 374/356/6 370/353/6 372/355/6
f 379/313/1 380/319/1 378/314/1
f 383/357/2 384/360/2 380/358/2
f 381/315/3 382/314/3 384/319/3
f 377/359/4 378/358/4 382/360/4
f 377/361/5 381/364/5 383/362/5
f 382/364/6 378/361/6 380/363/6
f 387/365/1 388/368/1 386/366/1
f 391/316/2 392/320/2 388/317/2
f 389/367/3 390/366/3 392/368/3
f 385/318/4 386/317/4 390/320/4
f 385/369/5 389/372/5 391/370/5
f 390/372/6 386/369/6 388/371/6
f 395/365/1 396/368/1 394/366/1
f 399/325/2 400/328/2 396/326/2
f 397/367/3 398/366/3 400/368/3
f 393/327/4 394/326/4 398/328/4
f 393/373/5 397/376/5 399/374/5
f 398/376/6 394/373/6 396/375/6
f 403/365/1 404/368/1 402/366/1
f 407/333/2 408/336/2 404/334/2
f 405/367/3 406/366/3 408/368/3
f 401/335/4 402/334/4 406/336/4
f 401/377/5 405/380/5 407/378/5
f 406/380/6 402/377/6 404/379/6
f 411/365/1 412/368/1 410/366/1
f 415/341/2 416/344/2 412/342/2
f 413/367/3 414/366/3 416/368/3
f 409/343/4 410/342/4 414/344/4
f 409/381/5 413/384/5 415/382/5
f 414/384/6 410/381/6 412/383/6
f 419/365/1 420/368/1 418/366/1
f 423/349/2 424/352/2 420/350/2
f 421/367/3 422/366/3 424/368/3
f 417/351/4 418/350/4 422/352/4
f 417/385/5 421/388/5 423/386/5
f 422/388/6 418/385/6 420/387/6
f 427/365/1 428/368/1 426/366/1
f 431/357/2 432/360/2 428/358/2
f 429/367/3 430/366/3 432/368/3
f 425/359/4 426/358/4 430/360/4
f 425/389/5 429/392/5 431/390/5
f 430/392/6 426/389/6 428/391/6
f 435/393/1 436/399/1 434/394/1
f 439/396/2 440/400/2 436/397/2
f 437/395/3 438/394/3 440/399/3
f 433/398/4 434/397/4 438/400/4
f 433/401/5 437/404/5 439/402/5
f 438/404/6 434/401/6 436/403/6
f 443/405/1 444/411/1 442/406/1
f 447/408/2 448/412/2 444/409/2
f 445/407/3 446/406/3 448/411/3
f 441/410/4 442/409/4 446/412/4
f 441/401/5 445/404/5 447/402/5
f 446/404/6 442/401/6 444/403/6
f 451/393/1 452/399/1 450/394/1
f 455/413/2 456/416/2 452/414/2
f 453/395/3 454/394/3 456/399/3
f 449/415/4 450/414/4 454/416/4
f 449/417/5 453/420/5 455/418/5
f 454/420/6 450/417/6 452/419/6
f 459/405/1 460/411/1 458/406/1
f 463/421/2 464/424/2 460/422/2
f 461/407/3 462/406/3 464/411/3
f 457/423/4 458/422/4 462/424/4
f 457/417/5 461/420/5 463/418/5
f 462/420/6 458/417/6 460/419/6
f 467/425/1 468/431/1 466/426/1
f 471/428/2 472/432/2 468/429/2
f 469/427/3 470/426/3 472/431/3
f 465/430/4 466/429/4 470/432/4
f 465/433/5 469/436/5 471/434/5
f 470/436/6 466/433/6 468/435/6
f 475/437/1 476/443/1 474/438/1
f 479/440/2 480/444/2 476/441/2
f 477/439/3 478/438/3 480/443/3
f 473/442/4 474/441/4 478/444/4
f 473/433/5 477/436/5 479/434/5
f 478/436/6 474/433/6 476/435/6
f 483/445/1 484/451/1 482/446/1
f 487/448/2 488/452/2 484/449/2
f 485/447/3 486/446/3 488/451/3
f 481/450/4 482/449/4 486/452/4
f 481/453/5 485/456/5 487/454/5
f 486/456/6 482/453/6 484/455/6
f 491/457/1 492/463/1 490/458/1
f 495/460/2 496/464/2 492/461/2
f 493/459/3 494/458/3 496/463/3
f 489/462/4 490/461/4 494/464/4
f 489/453/5 493/456/5 495/454/5
f 494/456/6 490/453/6 492/455/6
f 499/445/1 500/451/1 498/446/1
f 503/465/2 504/468/2 500/466/2
f 501/447/3 502/446/3 504/451/3
f 497/467/4 498/466/4 502/468/4
f 497/469/5 501/472/5 503/470/5
f 502/472/6 498/469/6 500/471/6
f 507/457/1 508/463/1 506/458/1
f 511/473/2 512/476/2 508/474/2
f 509/459/3 510/458/3 512/463/3
f 505/475/4 506/474/4 510/476/4
f 505/469/5 509/472/5 511/470/5
f 510/472/6 506/469/6 508/471/6
f 515/477/1 516/483/1 514/478/1
f 519/480/2 520/484/2 516/481/2
f 517/479/3 518/478/3 520/483/3
f 513/482/4 514/481/4 518/484/4
f 513/485/5 517/488/5 519/486/5
f 518/488/6 514/485/6 516/487/6
f 523/489/1 524/495/1 522/490/1
f 527/492/2 528/496/2 524/493/2
f 525/491/3 526/490/3 528/495/3
f 521/494/4 522/493/4 526/496/4
f 521/485/5 525/488/5 527/486/5
f 526/488/6 522/485/6 524/487/6
f 531/497/1 532/503/1 530/498/1
f 535/500/2 536/504/2 532/501/2
f 533/499/3 534/498/3 536/503/3
f 529/502/4 530/501/4 534/504/4
f 529/485/5 533/488/5 535/486/5
f 534/488/6 530/485/6 532/487/6
f 539/505/1 540/511/1 538/506/1
f 543/508/2 544/512/2 540/509/2
f 541/507/3 542/506/3 544/511/3
f 537/510/4 538/509/4 542/512/4
f 537/485/5 541/488/5 543/486/5
f 542/488/6 538/485/6 540/487/6
f 547/477/1 548/483/1 546/478/1
f 551/513/2 552/516/2 548/514/2
f 549/479/3 550/478/3 552/483/3
f 545/515/4 546/514/4 550/516/4
f 545/517/5 549/520/5 551/518/5
f 550/520/6 546/517/6 548/519/6
f 555/489/1 556/495/1 554/490/1
f 559/521/2 560/524/2 556/522/2
f 557/491/3 558/490/3 560/495/3
f 553/523/4 554/522/4 558/524/4
f 553/517/5 557/520/5 559/518/5
f 558/520/6 554/517/6 556/519/6
f 563/497/1 564/503/1 562/498/1
f 567/525/2 568/528/2 564/526/2
f 565/499/3 566/498/3 568/503/3
f 561/527/4 562/526/4 566/528/4
f 561/517/5 565/520/5 567/518/5
f 566/520/6 562/517/6 564/519/6
f 571/505/1 572/511/1 570/506/1
f 575/529/2 576/532/2 572/530/2
f 573/507/3 574/506/3 576/511/3
f 569/531/4 570/530/4 574/532/4
f 569/517/5 573/520/5 575/518/5
f 574/520/6 570/517/6 572/519/6
f 579/533/1 580/536/1 578/534/1
f 583/480/2 584/484/2 580/481/2
f 581/535/3 582/534/3 584/536/3
f 577/482/4 578/481/4 582/484/4
f 577/537/5 581/540/5 583/538/5
f 582/540/6 578/537/6 580/539/6
f 587/541/1 588/544/1 586/542/1
f 591/492/2 592/496/2 588/493/2
f 589/543/3 590/542/3 592/544/3
f 585/494/4 586/493/4 590/496/4
f 585/537/5 589/540/5 591/538/5
f 590/540/6 586/537/6 588/539/6
f 595/545/1 596/548/1 594/546/1
f 599/500/2 600/504/2 596/501/2
f 597/547/3 598/546/3 600/548/3
f 593/502/4 594/501/4 598/504/4
f 593/537/5 597/540/5 599/538/5
f 598/540/6 594/537/6 596/539/6
f 603/549/1 604/552/1 602/550/1
f 607/508/2 608/512/2 604/509/2
f 605/551/3 606/550/3 608/552/3
f 601/510/4 602/509/4 606/512/4
f 601/537/5 605/540/5 607/538/5
f 606/540/6 602/537/6 604/539/6
f 611/533/1 612/536/1 610/534/1
f 615/513/2 616/516/2 612/514/2
f 613/535/3 614/534/3 616/536/3
f 609/515/4 610/514/4 614/516/4
f 609/553/5 613/556/5 615/554/5
f 614/556/6 610/553/6 612/555/6
f 619/541/1 620/544/1 618/542/1
f 623/521/2 624/524/2 620/522/2
f 621/543/3 622/542/3 624/544/3
f 617/523/4 618/522/4 622/524/4
f 617/553/5 621/556/5 623/554/5
f 622/556/6 618/553/6 620/555/6
f 627/545/1 628/548/1 626/546/1
f 631/525/2 632/528/2 628/526/2
f 629/547/3 630/546/3 632/548/3
f 625/527/4 626/526/4 630/528/4
f 625/553/5 629/556/5 631/554/5
f 630/556/6 626/553/6 628/555/6
f 635/549/1 636/552/1 634/550/1
f 639/529/2 640/532/2 636/530/2
f 637/551/3 638/550/3 640/552/3
f 633/531/4 634/530/4 638/532/4
f 633/553/5 637/556/5 639/554/5
f 638/556/6 634/553/6 636/555/6
f 643/557/1 644/563/1 642/558/1
f 647/560/2 648/564/2 644/561/2
f 645/559/3 646/558/3 648/563/3
f 641/562/4 642/561/4 646/564/4
f 641/565/5 645/568/5 647/566/5
f 646/568/6 642/565/6 644/567/6
f 651/569/1 652/572/1 650/570/1
f 655/560/2 656/564/2 652/561/2
f 653/571/3 654/570/3 656/572/3
f 649/562/4 650/561/4 654/564/4
f 649/573/5 653/576/5 655/574/5
f 654/576/6 650/573/6 652/575/6
f 659/577/1 660/580/1 658/578/1
f 663/560/2 664/564/2 660/561/2
f 661/579/3 662/578/3 664/580/3
f 657/562/4 658/561/4 662/564/4
f 657/581/5 661/584/5 663/582/5
f 662/584/6 658/581/6 660/583/6
f 667/585/1 668/588/1 666/586/1
f 671/560/2 672/564/2 668/561/2
f 669/587/3 670/586/3 672/588/3
f 665/562/4 666/561/4 670/564/4
f 665/589/5 669/592/5 671/590/5
f 670/592/6 666/589/6 668/591/6
f 675/593/1 676/596/1 674/594/1
f 679/560/2 680/564/2 676/561/2
f 677/595/3 678/594/3 680/596/3
f 673/562/4 674/561/4 678/564/4
f 673/597/5 677/600/5 679/598/5
f 678/600/6 674/597/6 676/599/6
f 683/601/1 684/604/1 682/602/1
f 687/560/2 688/564/2 684/561/2
f 685/603/3 686/602/3 688/604/3
f 681/562/4 682/561/4 686/564/4
f 681/605/5 685/608/5 687/606/5
f 686/608/6 682/605/6 684/607/6
f 691/609/1 692/612/1 690/610/1
f 695/560/2 696/564/2 692/561/2
f 693/611/3 694/610/3 696/612/3
f 689/562/4 690/561/4 694/564/4
f 689/613/5 693/616/5 695/614/5
f 694/616/6 690/613/6 692/615/6
f 699/617/1 700/620/1 698/618/1
f 703/560/2 704/564/2 700/561/2
f 701/619/3 702/618/3 704/620/3
f 697/562/4 698/561/4 702/564/4
f 697/621/5 701/624/5 703/622/5
f 702/624/6 698/621/6 700/623/6
f 707/625/1 708/628/1 706/626/1
f 711/560/2 712/564/2 708/561/2
f 709/627/3 710/626/3 712/628/3
f 705/562/4 706/561/4 710/564/4
f 705/629/5 709/632/5 711/630/5
f 710/632/6 706/629/6 708/631/6
f 715/633/1 716/636/1 714/634/1
f 719/560/2 720/564/2 716/561/2
f 717/635/3 718/634/3 720/636/3
f 713/562/4 714/561/4 718/564/4
f 713/637/5 717/640/5 719/638/5
f 718/640/6 714/637/6 716/639/6
f 723/641/1 724/647/1 722/642/1
f 727/644/2 728/648/2 724/645/2
f 725/643/3 726/642/3 728/647/3
f 721/646/4 722/645/4 726/648/4
f 721/649/5 725/652/5 727/650/5
f 726/652/6 722/649/6 724/651/6
f 731/653/1 732/659/1 730/654/1
f 735/656/2 736/660/2 732/657/2
f 733/655/3 734/654/3 736/659/3
f 729/658/4 730/657/4 734/660/4
f 729/649/5 733/652/5 735/650/5
f 734/652/6 730/649/6 732/651/6
f 739/661/1 740/667/1 738/662/1
f 743/664/2 744/668/2 740/665/2
f 741/663/3 742/662/3 744/667/3
f 737/666/4 738/665/4 742/668/4
f 737/669/5 741/672/5 743/670/5
f 742/672/6 738/669/6 740/671/6
f 747/673/1 748/676/1 746/674/1
f 751/664/2 752/668/2 748/665/2
f 749/675/3 750/674/3 752/676/3
f 745/666/4 746/665/4 750/668/4
f 745/677/5 749/680/5 751/678/5
f 750/680/6 746/677/6 748/679/6
f 755/641/1 756/647/1 754/642/1
f 759/681/2 760/684/2 756/682/2
f 757/643/3 758/642/3 760/647/3
f 753/683/4 754/682/4 758/684/4
f 753/685/5 757/688/5 759/686/5
f 758/688/6 754/685/6 756/687/6
f 763/653/1 764/659/1 762/654/1
f 767/689/2 768/692/2 764/690/2
f 765/655/3 766/654/3 768/659/3
f 761/691/4 762/690/4 766/692/4
f 761/685/5 765/688/5 767/686/5
f 766/688/6 762/685/6 764/687/6
f 771/661/1 772/667/1 770/662/1
f 775/693/2 776/696/2 772/694/2
f 773/663/3 774/662/3 776/667/3
f 769/695/4 770/694/4 774/696/4
f 769/697/5 773/700/5 775/698/5
f 774/700/6 770/697/6 772/699/6
f 779/673/1 780/676/1 778/674/1
f 783/693/2 784/696/2 780/694/2
f 781/675/3 782/674/3 784/676/3
f 777/695/4 778/694/4 782/696/4
f 777/701/5 781/704/5 783/702/5
f 782/704/6 778/701/6 780/703/6
f 787/705/1 788/708/1 786/706/1
f 791/644/2 792/648/2 788/645/2
f 789/707/3 790/706/3 792/708/3
f 785/646/4 786/645/4 790/648/4
f 785/709/5 789/712/5 791/710/5
f 790/712/6 786/709/6 788/711/6
f 795/713/1 796/716/1 794/714/1
f 799/656/2 800/660/2 796/657/2
f 797/715/3 798/714/3 800/716/3
f 793/658/4 794/657/4 798/660/4
f 793/709/5 797/712/5 799/710/5
f 798/712/6 794/709/6 796/711/6
f 803/717/1 804/720/1 802/718/1
f 807/664/2 808/668/2 804/665/2
f 805/719/3 806/718/3 808/720/3
f 801/666/4 802/665/4 806/668/4
f 801/721/5 805/724/5 807/722/5
f 806/724/6 802/721/6 804/723/6
f 811/725/1 812/728/1 810/726/1
f 815/664/2 816/668/2 812/665/2
f 813/727/3 814/726/3 816/728/3
f 809/666/4 810/665/4 814/668/4
f 809/729/5 813/732/5 815/730/5
f 814/732/6 810/729/6 812/731/6
f 819/705/1 820/708/1 818/706/1
f 823/681/2 824/684/2 820/682/2
f 821/707/3 822/706/3 824/708/3
f 817/683/4 818/682/4 822/684/4
f 817/733/5 821/736/5 823/734/5
f 822/736/6 818/733/6 820/735/6
f 827/713/1 828/716/1 826/714/1
f 831/689/2 832/692/2 828/690/2
f 829/715/3 830/714/3 832/716/3
f 825/691/4 826/690/4 830/692/4
f 825/733/5 829/736/5 831/734/5
f 830/736/6 826/733/6 828/735/6
f 835/717/1 836/720/1 834/718/1
f 839/693/2 840/696/2 836/694/2
f 837/719/3 838/718/3 840/720/3
f 833/695/4 834/694/4 838/696/4
f 833/737/5 837/740/5 839/738/5
f 838/740/6 834/737/6 836/739/6
f 843/725/1 844/728/1 842/726/1
f 847/693/2 848/696/2 844/694/2
f 845/727/3 846/726/3 848/728/3
f 841/695/4 842/694/4 846/696/4
f 841/741/5 845/744/5 847/742/5
f 846/744/6 842/741/6 844/743/6
f 851/745/1 852/748/1 850/746/1
f 855/644/2 856/648/2 852/645/2
f 853/747/3 854/746/3 856/748/3
f 849/646/4 850/645/4 854/648/4
f 849/749/5 853/752/5 855/750/5
f 854/752/6 850/749/6 852/751/6
f 859/753/1 860/756/1 858/754/1
f 863/656/2 864/660/2 860/657/2
f 861/755/3 862/754/3 864/756/3
f 857/658/4 858/657/4 862/660/4
f 857/749/5 861/752/5 863/750/5
f 862/752/6 858/749/6 860/751/6
f 867/757/1 868/760/1 866/758/1
f 871/664/2 872/668/2 868/665/2
f 869/759/3 870/758/3 872/760/3
f 865/666/4 866/665/4 870/668/4
f 865/761/5 869/764/5 871/762/5
f 870/764/6 866/761/6 868/763/6
f 875/765/1 876/768/1 874/766/1
f 879/664/2 880/668/2 876/665/2
f 877/767/3 878/766/3 880/768/3
f 873/666/4 874/665/4 878/668/4
f 873/769/5 877/772/5 879/770/5
f 878/772/6 874/769/6 876/771/6
f 883/745/1 884/748/1 882/746/1
f 887/681/2 888/684/2 884/682/2
f 885/747/3 886/746/3 888/748/3
f 881/683/4 882/682/4 886/684/4
f 881/773/5 885/776/5 887/774/5
f 886/776/6 882/773/6 884/775/6
f 891/753/1 892/756/1 890/754/1
f 895/689/2 896/692/2 892/690/2
f 893/755/3 894/754/3 896/756/3
f 889/691/4 890/690/4 894/692/4
f 889/773/5 893/776/5 895/774/5
f 894/776/6 890/773/6 892/775/6
f 899/757/1 900/760/1 898/758/1
f 903/693/2 904/696/2 900/694/2
f 901/759/3 902/758/3 904/760/3
f 897/695/4 898/694/4 902/696/4
f 897/777/5 901/780/5 903/778/5
f 902/780/6 898/777/6 900/779/6
f 907/765/1 908/768/1 906/766/1
f 911/693/2 912/696/2 908/694/2
f 909/767/3 910/766/3 912/768/3
f 905/695/4 906/694/4 910/696/4
f 905/781/5 909/784/5 911/782/5
f 910/784/6 906/781/6 908/783/6
f 915/785/1 916/788/1 914/786/1
f 919/644/2 920/648/2 916/645/2
f 917/787/3 918/786/3 920/788/3
f 913/646/4 914/645/4 918/648/4
f 913/789/5 917/792/5 919/790/5
f 918/792/6 914/789/6 916/791/6
f 923/793/1 924/796/1 922/794/1
f 927/656/2 928/660/2 924/657/2
f 925/795/3 926/794/3 928/796/3
f 921/658/4 922/657/4 926/660/4
f 921/789/5 925/792/5 927/790/5
f 926/792/6 922/789/6 924/791/6
f 931/797/1 932/800/1 930/798/1
f 935/664/2 936/668/2 932/665/2
f 933/799/3 934/798/3 936/800/3
f 929/666/4 930/665/4 934/668/4
f 929/801/5 933/804/5 935/802/5
f 934/804/6 930/801/6 932/803/6
f 939/805/1 940/808/1 938/806/1
f 943/664/2 944/668/2 940/665/2
f 941/807/3 942/806/3 944/808/3
f 937/666/4 938/665/4 942/668/4
f 937/809/5 941/812/5 943/810/5
f 942/812/6 938/809/6 940/811/6
f 947/785/1 948/788/1 946/786/1
f 951/681/2 952/684/2 948/682/2
f 949/787/3 950/786/3 952/788/3
f 945/683/4 946/682/4 950/684/4
f 945/813/5 949/816/5 951/814/5
f 950/816/6 946/813/6 948/815/6
f 955/793/1 956/796/1 954/794/1
f 959/689/2 960/692/2 956/690/2
f 957/795/3 958/794/3 960/796/3
f 953/691/4 954/690/4 958/692/4
f 953/813/5 957/816/5 959/814/5
f 958/816/6 954/813/6 956/815/6
f 963/797/1 964/800/1 962/798/1
f 967/693/2 968/696/2 964/694/2
f 965/799/3 966/798/3 968/800/3
f 961/695/4 962/694/4 966/696/4
f 961/817/5 965/820/5 967/818/5
f 966/820/6 962/817/6 964/819/6
f 971/805/1 972/808/1 970/806/1
f 975/693/2 976/696/2 972/694/2
f 973/807/3 974/806/3 976/808/3
f 969/695/4 970/694/4 974/696/4
f 969/821/5 973/824/5 975/822/5
f 974/824/6 970/821/6 972/823/6
f 1115/825/7 1116/1016/7 1114/826/7
f 1089/828/8 1090/915/8 1094/829/8
f 981/831/9 982/839/9 980/832/9
f 1087/834/10 1088/1051/10 1084/835/10
f 1125/837/11 1126/861/11 1128/829/11
f 983/838/12 984/847/12 982/839/12
f 1085/840/13 1086/981/13 1088/841/13
f 1041/843/14 1042/947/14 1040/844/14
f 985/846/54 986/897/54 984/847/54
f 1119/848/16 1120/928/16 1116/849/16
f 1089/851/5 1093/874/5 1095/852/5
f 987/854/55 988/863/55 986/855/55
f 1055/857/18 1056/946/18 1054/858/18
f 1121/860/19 1122/927/19 1126/861/19
f 989/862/56 990/870/56 988/863/56
f 1081/864/7 1082/1048/7 1086/865/7
f 1039/845/20 1040/844/20 1038/867/20
f 991/869/57 992/876/57 990/870/57
f 1117/871/10 1118/1020/10 1120/872/10
f 1094/874/6 1090/851/6 1092/853/6
f 993/875/58 994/883/58 992/876/58
f 1053/859/23 1054/858/23 1052/877/23
f 1121/879/5 1125/900/5 1127/880/5
f 995/882/33 996/890/33 994/883/33
f 1083/884/5 1081/1055/5 1085/885/5
f 1037/868/13 1038/867/13 1036/887/13
f 997/889/59 998/922/59 996/890/59
f 1113/891/13 1114/906/13 1118/892/13
f 1099/894/18 1100/1035/18 1098/895/18
f 999/838/60 1000/847/60 998/897/60
f 1051/878/27 1052/877/27 1050/898/27
f 1126/900/6 1122/879/6 1124/881/6
f 1001/831/28 1002/839/28 1000/847/28
f 1086/885/6 1082/1055/6 1084/884/6
f 1035/888/29 1036/887/29 1034/901/29
f 1003/833/30 1004/832/30 1002/839/30
f 1113/903/5 1117/1056/5 1119/904/5
f 1103/893/31 1104/892/31 1100/906/31
f 1005/907/32 1006/914/32 1004/832/32
f 1049/899/7 1050/898/7 1048/908/7
f 1131/910/33 1132/955/33 1130/911/33
f 1007/913/34 1008/918/34 1006/914/34
f 1091/860/35 1092/927/35 1090/915/35
f 1033/916/54 1034/923/54 1032/908/54
f 1009/917/47 1010/938/47 1008/918/47
f 1120/904/6 1118/1056/6 1114/903/6
f 1101/919/37 1102/1037/37 1104/920/37
f 1011/882/38 1012/890/38 1010/922/38
f 1047/909/60 1048/908/60 1046/923/60
f 1135/924/18 1136/1000/18 1132/925/18
f 1013/875/61 1014/883/61 1012/890/61
f 1095/837/11 1096/861/11 1092/927/11
f 1031/909/37 1032/908/37 1030/898/37
f 1015/869/62 1016/876/62 1014/883/62
f 1123/828/8 1124/915/8 1122/927/8
f 1097/850/33 1098/849/33 1102/928/33
f 1017/862/63 1018/870/63 1016/876/63
f 1045/929/41 1046/951/41 1044/930/41
f 1129/932/5 1133/1057/5 1135/933/5
f 1019/854/31 1020/863/31 1018/870/31
f 1093/830/19 1094/829/19 1096/861/19
f 1029/899/43 1030/898/43 1028/877/43
f 1021/856/44 1022/855/44 1020/863/44
f 1127/830/35 1128/829/35 1124/915/35
f 1099/935/5 1097/1058/5 1101/936/5
f 1023/913/64 1024/918/64 1022/938/64
f 980/941/6 982/950/6 984/1059/6
f 984/1059/6 986/1060/6 988/1061/6
f 988/1061/6 990/1062/6 992/1063/6
f 992/1063/6 994/1064/6 996/939/6
f 996/939/6 998/949/6 1000/1065/6
f 1000/1065/6 1002/1066/6 1004/1067/6
f 1004/1067/6 1006/1068/6 1008/1069/6
f 1008/1069/6 1010/1070/6 1012/940/6
f 1012/940/6 1014/948/6 1016/1071/6
f 1016/1071/6 1018/1072/6 1020/1073/6
f 1020/1073/6 1022/1074/6 1024/1075/6
f 1024/1075/6 1026/1076/6 980/941/6
f 980/941/6 984/1059/6 988/1061/6
f 988/1061/6 992/1063/6 996/939/6
f 996/939/6 1000/1065/6 1004/1067/6
f 1004/1067/6 1008/1069/6 1012/940/6
f 1012/940/6 1016/1071/6 1020/1073/6
f 1020/1073/6 1024/1075/6 980/941/6
f 980/941/6 988/1061/6 996/939/6
f 996/939/6 1004/1067/6 1012/940/6
f 1012/940/6 1020/1073/6 980/941/6
f 1129/942/37 1130/996/37 1134/943/37
f 1025/907/46 1026/914/46 1024/918/46
f 1057/945/47 1058/976/47 1056/946/47
f 1043/931/33 1044/930/33 1042/947/33
f 979/833/48 980/832/48 1026/914/48
f 981/950/5 979/941/5 1025/1076/5
f 1025/1076/5 1023/1075/5 1021/1074/5
f 1021/1074/5 1019/1073/5 1017/1072/5
f 1017/1072/5 1015/1071/5 1013/948/5
f 1013/948/5 1011/940/5 1009/1070/5
f 1009/1070/5 1007/1069/5 1005/1068/5
f 1005/1068/5 1003/1067/5 1001/1066/5
f 1001/1066/5 999/1065/5 997/949/5
f 997/949/5 995/939/5 993/1064/5
f 993/1064/5 991/1063/5 989/1062/5
f 989/1062/5 987/1061/5 985/1060/5
f 985/1060/5 983/1059/5 981/950/5
f 981/950/5 1025/1076/5 1021/1074/5
f 1021/1074/5 1017/1072/5 1013/948/5
f 1013/948/5 1009/1070/5 1005/1068/5
f 1005/1068/5 1001/1066/5 997/949/5
f 997/949/5 993/1064/5 989/1062/5
f 989/1062/5 985/1060/5 981/950/5
f 981/950/5 1021/1074/5 1013/948/5
f 1013/948/5 1005/1068/5 997/949/5
f 997/949/5 989/1062/5 981/950/5
f 1059/931/49 1060/930/49 1058/951/49
f 1110/952/6 1106/956/6 1108/953/6
f 1083/912/16 1084/911/16 1082/955/16
f 1061/843/16 1062/947/16 1060/930/16
f 1105/956/5 1109/952/5 1111/954/5
f 1078/957/6 978/963/6 1076/958/6
f 1063/845/50 1064/844/50 1062/947/50
f 1105/960/3 1106/970/3 1110/961/3
f 977/963/5 1077/957/5 1079/959/5
f 1065/868/51 1066/867/51 1064/844/51
f 1109/964/2 1110/974/2 1112/965/2
f 977/967/4 978/975/4 1078/968/4
f 1067/888/31 1068/887/31 1066/867/31
f 1111/962/1 1112/961/1 1108/970/1
f 1077/971/3 1078/980/3 1080/972/3
f 1069/902/52 1070/901/52 1068/887/52
f 1107/966/4 1108/965/4 1106/974/4
f 1079/969/2 1080/968/2 1076/975/2
f 1071/857/45 1072/946/45 1070/976/45
f 1042/979/6 1044/982/6 1046/1077/6
f 1046/1077/6 1048/1078/6 1050/1079/6
f 1050/1079/6 1052/1080/6 1054/1081/6
f 1054/1081/6 1056/1082/6 1058/977/6
f 1058/977/6 1060/984/6 1062/1083/6
f 1062/1083/6 1064/1084/6 1066/1085/6
f 1066/1085/6 1068/1086/6 1070/1087/6
f 1070/1087/6 1072/1088/6 1074/978/6
f 1074/978/6 1028/983/6 1030/1089/6
f 1030/1089/6 1032/1090/6 1034/1091/6
f 1034/1091/6 1036/1092/6 1038/1093/6
f 1038/1093/6 1040/1094/6 1042/979/6
f 1042/979/6 1046/1077/6 1050/1079/6
f 1050/1079/6 1054/1081/6 1058/977/6
f 1058/977/6 1062/1083/6 1066/1085/6
f 1066/1085/6 1070/1087/6 1074/978/6
f 1074/978/6 1030/1089/6 1034/1091/6
f 1034/1091/6 1038/1093/6 1042/979/6
f 1042/979/6 1050/1079/6 1058/977/6
f 1058/977/6 1066/1085/6 1074/978/6
f 1074/978/6 1034/1091/6 1042/979/6
f 1075/973/1 1076/972/1 978/980/1
f 1073/859/10 1074/858/10 1072/946/10
f 1133/842/31 1134/841/31 1136/981/31
f 1102/936/6 1098/1058/6 1100/935/6
f 1027/878/53 1028/877/53 1074/858/53
f 1059/984/5 1057/977/5 1055/1082/5
f 1055/1082/5 1053/1081/5 1051/1080/5
f 1051/1080/5 1049/1079/5 1047/1078/5
f 1047/1078/5 1045/1077/5 1043/982/5
f 1043/982/5 1041/979/5 1039/1094/5
f 1039/1094/5 1037/1093/5 1035/1092/5
f 1035/1092/5 1033/1091/5 1031/1090/5
f 1031/1090/5 1029/1089/5 1027/983/5
f 1027/983/5 1073/978/5 1071/1088/5
f 1071/1088/5 1069/1087/5 1067/1086/5
f 1067/1086/5 1065/1085/5 1063/1084/5
f 1063/1084/5 1061/1083/5 1059/984/5
f 1059/984/5 1055/1082/5 1051/1080/5
f 1051/1080/5 1047/1078/5 1043/982/5
f 1043/982/5 1039/1094/5 1035/1092/5
f 1035/1092/5 1031/1090/5 1027/983/5
f 1027/983/5 1071/1088/5 1067/1086/5
f 1067/1086/5 1063/1084/5 1059/984/5
f 1059/984/5 1051/1080/5 1043/982/5
f 1043/982/5 1035/1092/5 1027/983/5
f 1027/983/5 1067/1086/5 1059/984/5
f 1136/933/6 1134/1057/6 1130/932/6
f 1139/971/3 1140/980/3 1138/972/3
f 1143/985/4 1144/988/4 1140/986/4
f 1141/973/1 1142/972/1 1144/980/1
f 1137/987/2 1138/986/2 1142/988/2
f 1137/989/5 1141/992/5 1143/990/5
f 1142/992/6 1138/989/6 1140/991/6
f 1147/993/13 1148/1095/13 1146/994/13
f 1151/944/7 1152/943/7 1148/996/7
f 1149/997/16 1150/1096/16 1152/998/16
f 1145/926/10 1146/925/10 1150/1000/10
f 1147/1001/5 1145/1097/5 1149/1002/5
f 1150/1002/6 1146/1097/6 1148/1001/6
f 1155/1004/19 1156/1008/19 1154/1005/19
f 1159/1007/8 1160/1010/8 1156/1008/8
f 1157/1009/35 1158/1011/35 1160/1010/35
f 1153/1006/11 1154/1005/11 1158/1011/11
f 1153/1012/5 1157/1015/5 1159/1013/5
f 1158/1015/6 1154/1012/6 1156/1014/6
f 1163/827/37 1164/826/37 1162/1016/37
f 1167/1017/33 1168/1038/33 1164/1018/33
f 1165/873/18 1166/872/18 1168/1020/18
f 1161/1021/31 1162/1036/31 1166/1022/31
f 1163/1024/5 1161/1098/5 1165/1025/5
f 1166/1025/6 1162/1098/6 1164/1024/6
f 1171/964/2 1172/974/2 1170/965/2
f 1175/1027/3 1176/1030/3 1172/1028/3
f 1173/966/4 1174/965/4 1176/974/4
f 1169/1029/1 1170/1028/1 1174/1030/1
f 1169/1031/5 1173/1034/5 1175/1032/5
f 1174/1034/6 1170/1031/6 1172/1033/6
f 1179/896/10 1180/895/10 1178/1035/10
f 1183/1023/13 1184/1022/13 1180/1036/13
f 1181/921/7 1182/920/7 1184/1037/7
f 1177/1019/16 1178/1018/16 1182/1038/16
f 1177/1039/5 1181/1099/5 1183/1040/5
f 1184/1040/6 1182/1099/6 1178/1039/6
f 1187/1006/11 1188/1005/11 1186/1008/11
f 1191/1009/19 1192/1011/19 1188/1005/19
f 1189/1007/8 1190/1010/8 1192/1011/8
f 1185/1004/35 1186/1008/35 1190/1010/35
f 1185/1042/5 1189/1045/5 1191/1043/5
f 1190/1045/6 1186/1042/6 1188/1044/6
f 1195/995/31 1196/994/31 1194/1046/31
f 1199/866/37 1200/865/37 1196/1048/37
f 1197/999/33 1198/998/33 1200/1049/33
f 1193/836/18 1194/835/18 1198/1051/18
f 1193/1052/5 1197/1100/5 1199/1053/5
f 1200/1053/6 1198/1100/6 1194/1052/6
